# OpenTelemetry Metrics report: .csv, 4 fields: 
# <metric name>, <period start, nanoseconds>, <period end, nanoseconds>, <metric value>
# See CsvMetricsExporter for details.
# 
# NAME, PERIOD_START_NANOS, PERIOD_END_NANOS, VALUE
FilePageCacheLockFree.housekeeperTurnsSkipped,1769794906310000000,1769794966326000000,0
DirectByteBufferAllocator.reclaimed,1769794906310000000,1769794966326000000,3
StorageLockContext.competingThreads.avg,1769794906310000000,1769794966326000000,0.0
FilePageCacheLockFree.housekeeperTurnsDone,1769794906310000000,1769794966326000000,0
FilePageCache.totalPageLoadsUs,1769794906310000000,1769794966326000000,157487
StreamlinedBlobStorage.recordsRelocated,1769794906310000000,1769794966326000000,0
StorageLockContext.competingThreads.90P,1769794906310000000,1769794966326000000,0
FilePageCache.disposedBuffers,1769794906310000000,1769794966326000000,3
MappedFileStorage.totalBytesMapped,1769794906310000000,1769794966326000000,261357568
FilePageCacheLockFree.totalHeapBytesAllocated,1769794906310000000,1769794966326000000,0
FilePageCacheLockFree.totalPagesReadMs,1769794906310000000,1769794966326000000,0
FilePageCacheLockFree.totalPageAllocationsWaited,1769794906310000000,1769794966326000000,0
FilePageCacheLockFree.totalBytesRead,1769794906310000000,1769794966326000000,0
FilePageCache.totalPageDisposalsUs,1769794906310000000,1769794966326000000,842
FilePageCache.pageHits,1769794906310000000,1769794966326000000,249
MappedFileStorage.storages,1769794906310000000,1769794966326000000,16
StreamlinedBlobStorage.recordsAllocated,1769794906310000000,1769794966326000000,769398
DirectByteBufferAllocator.misses,1769794906310000000,1769794966326000000,155
DirectByteBufferAllocator.hits,1769794906310000000,1769794966326000000,3
DirectByteBufferAllocator.totalSizeOfBuffersCachedInBytes,1769794906310000000,1769794966326000000,0
StreamlinedBlobStorage.totalLiveRecordsCapacityBytes,1769794906310000000,1769794966326000000,71268684
FilePageCache.uncachedFileAccess,1769794906310000000,1769794966326000000,119
FilePageCacheLockFree.totalPagesHandedOver,1769794906310000000,1769794966326000000,0
FilePageCacheLockFree.totalBytesRequested,1769794906310000000,1769794966326000000,0
FilePageCacheLockFree.totalPagesWritten,1769794906310000000,1769794966326000000,0
DirectByteBufferAllocator.totalSizeOfBuffersAllocatedInBytes,1769794906310000000,1769794966326000000,160448512
FilePageCache.capacityInBytes,1769794906310000000,1769794966326000000,503316478
StorageLockContext.competingThreads.max,1769794906310000000,1769794966326000000,0
FilePageCacheLockFree.housekeeperTimeSpentMs,1769794906310000000,1769794966326000000,0
FilePageCache.pageLoadsAboveSizeThreshold,1769794906310000000,1769794966326000000,0
FilePageCache.pageFastCacheHits,1769794906310000000,1769794966326000000,16329
FilePageCacheLockFree.totalNativeBytesReclaimed,1769794906310000000,1769794966326000000,0
MappedFileStorage.totalTimeSpentOnMappingUs,1769794906310000000,1769794966326000000,12186
FilePageCacheLockFree.heapBytesInUse,1769794906310000000,1769794966326000000,0
FileChannelInterruptsRetryer.totalRetriedAttempts,1769794906310000000,1769794966326000000,0
MappedFileStorage.totalPagesMapped,1769794906310000000,1769794966326000000,21
FilePageCacheLockFree.totalPagesWriteMs,1769794906310000000,1769794966326000000,0
StreamlinedBlobStorage.totalLiveRecordsPayloadBytes,1769794906310000000,1769794966326000000,36511513
FilePageCacheLockFree.nativeBytesInUse,1769794906310000000,1769794966326000000,0
FilePageCache.maxCacheSizeInBytes,1769794906310000000,1769794966326000000,160448512
FilePageCacheLockFree.totalPagesReclaimed,1769794906310000000,1769794966326000000,0
FilePageCacheLockFree.totalNativeBytesAllocated,1769794906310000000,1769794966326000000,0
FilePageCache.pageLoads,1769794906310000000,1769794966326000000,158
FilePageCacheLockFree.totalPagesRequested,1769794906310000000,1769794966326000000,0
FilePageCache.maxRegisteredFiles,1769794906310000000,1769794966326000000,252
FilePageCacheLockFree.totalHeapBytesReclaimed,1769794906310000000,1769794966326000000,0
FilePageCacheLockFree.totalPagesAllocated,1769794906310000000,1769794966326000000,0
FilePageCacheLockFree.totalPagesRequestsMs,1769794906310000000,1769794966326000000,0
StreamlinedBlobStorage.recordsDeleted,1769794906310000000,1769794966326000000,59
FilePageCacheLockFree.totalClosedStoragesReclaimed,1769794906310000000,1769794966326000000,0
DirectByteBufferAllocator.disposed,1769794906310000000,1769794966326000000,0
FilePageCacheLockFree.totalBytesWritten,1769794906310000000,1769794966326000000,0
IndexesFlusher.totalFlushingTimeUs,1769794906310000000,1769794966326000000,123291
Indexes.stubs.lookups,1769794906310000000,1769794966326000000,6
Indexes.entries.lookups,1769794906310000000,1769794966326000000,898
Indexing.writer_3.totalTimeSpentWritingMs,1769794906310000000,1769794966326000000,0
Indexes.entries.lookupDuration90PMs,1769794906310000000,1769794966326000000,0.0
Indexing.cache.totalCacheAccesses,1769794906310000000,1769794966326000000,11986
Indexes.allKeys.lookups,1769794906310000000,1769794966326000000,0
Indexing.cache.totalCacheEvicted,1769794906310000000,1769794966326000000,10215
Indexes.entries.lookupDurationAvgMs,1769794906310000000,1769794966326000000,0.0
Indexing.writer_1.totalTimeSpentWritingMs,1769794906310000000,1769794966326000000,2
Indexes.allKeys.lookupDuration90PMs,1769794906310000000,1769794966326000000,0.0
IndexesFlusher.totalFlushes,1769794906310000000,1769794966326000000,59
Indexes.stubs.lookupDurationAvgMs,1769794906310000000,1769794966326000000,0.0
Indexing.writer_0.totalTimeSpentWritingMs,1769794906310000000,1769794966326000000,4
Indexing.cache.totalCacheMisses,1769794906310000000,1769794966326000000,10255
Indexing.totalTimeIndexersSleptMs,1769794906310000000,1769794966326000000,0
Indexing.writer_2.totalTimeSpentWritingMs,1769794906310000000,1769794966326000000,6
Indexes.stubs.lookupDurationMaxMs,1769794906310000000,1769794966326000000,0.0
Indexes.stubs.lookupDuration90PMs,1769794906310000000,1769794966326000000,0.0
Indexes.allKeys.lookupDurationAvgMs,1769794906310000000,1769794966326000000,0.0
Indexing.writesQueuedMax,1769794906310000000,1769794966326000000,0
IndexesFlusher.totalFlushesRetried,1769794906310000000,1769794966326000000,0
Indexing.writesQueuedMin,1769794906310000000,1769794966326000000,9223372036854775807
Indexes.entries.lookupDurationMaxMs,1769794906310000000,1769794966326000000,0.0
Indexes.allKeys.lookupDurationMaxMs,1769794906310000000,1769794966326000000,0.0
IndexesFlusher.totalContentionQuotaSpent,1769794906310000000,1769794966326000000,0
WriteAction.executionsCount,1769794906310000000,1769794966326000000,122
AWTEventQueue.dispatchTimeMaxNs,1769794906310000000,1769794966326000000,0
FlushQueue.queueSizeMax,1769794906310000000,1769794966326000000,0
AWTEventQueue.dispatchTimeTotalNS,1769794906310000000,1769794966326000000,7191005262
FlushQueue.queueSize90P,1769794906310000000,1769794966326000000,0
FlushQueue.tasksExecuted,1769794906310000000,1769794966326000000,0
NonBlockingReadAction.failedExecutionTimeUs,1769794906310000000,1769794966326000000,81620
NonBlockingReadAction.finalizedExecutionsCount,1769794906310000000,1769794966326000000,301
ReadAction.executionsCount,1769794906310000000,1769794966326000000,367418
FlushQueue.queueSizeAvg,1769794906310000000,1769794966326000000,0.0
NonBlockingReadAction.finalizedExecutionTimeUs,1769794906310000000,1769794966326000000,764391
FlushQueue.waitingTimeAvgNs,1769794906310000000,1769794966326000000,0.0
FlushQueue.waitingTimeMaxNs,1769794906310000000,1769794966326000000,0
FlushQueue.waitingTime90PNs,1769794906310000000,1769794966326000000,0
NonBlockingReadAction.failedExecutionsCount,1769794906310000000,1769794966326000000,2
FlushQueue.executionTime90PNs,1769794906310000000,1769794966326000000,0
AWTEventQueue.dispatchTime90PNs,1769794906310000000,1769794966326000000,0
FlushQueue.executionTimeMaxNs,1769794906310000000,1769794966326000000,0
FlushQueue.executionTimeAvgNs,1769794906310000000,1769794966326000000,0.0
AWTEventQueue.dispatchTimeAvgNs,1769794906310000000,1769794966326000000,0.0
AWTEventQueue.eventsDispatched,1769794906310000000,1769794966326000000,0
JVM.totalBytesAllocated,1769794906310000000,1769794966326000000,8694740232
JVM.threadCount,1769794906310000000,1769794966326000000,142
JVM.totalTimeAtSafepointsMs,1769794906310000000,1769794966326000000,750
JVM.GC.collections,1769794906310000000,1769794966326000000,66
OS.loadAverage,1769794906310000000,1769794966326000000,2.5341796875
JVM.totalTimeToSafepointsMs,1769794906310000000,1769794966326000000,41
JVM.maxHeapBytes,1769794906310000000,1769794966326000000,4196401152
JVM.newThreadsCount,1769794906310000000,1769794966326000000,155
JVM.totalDirectByteBuffersBytes,1769794906310000000,1769794966326000000,164066750
JVM.totalSafepointCount,1769794906310000000,1769794966326000000,307
JVM.totalCpuTimeMs,1769794906310000000,1769794966326000000,94090
JVM.usedHeapBytes,1769794906310000000,1769794966326000000,775584632
JVM.GC.collectionTimesMs,1769794906310000000,1769794966326000000,695
JVM.maxThreadCount,1769794906310000000,1769794966326000000,145
JVM.usedNativeBytes,1769794906310000000,1769794966326000000,375004864
cacheStateStorage.get.counter,1769794906310000000,1769794966326000000,153
cacheStateStorage.get.duration,1769794906310000000,1769794966326000000,124
cacheStateStorage.set.duration,1769794906310000000,1769794966326000000,19
cacheStateStorage.set.counter,1769794906310000000,1769794966326000000,4
workspaceModel.workspaceFileIndexData.getDirectoriesByPackageName.ms,1769794906310000000,1769794966326000000,0
workspaceModel.entityStorageSnapshotImpl.instances.count,1769794906310000000,1769794966326000000,19
workspaceModel.cachedValueWithParameters.total.get.count,1769794906310000000,1769794966326000000,0
workspaceModel.update.unloaded.entities.ms,1769794906310000000,1769794966326000000,0
workspaceModel.to.snapshot.ms,1769794906310000000,1769794966326000000,0
workspaceModel.workspaceFileIndexData.instances.count,1769794906310000000,1769794966326000000,1
workspaceModel.workspaceFileIndexData.init.ms,1769794906310000000,1769794966326000000,102
workspaceModel.pre.handlers.ms,1769794906310000000,1769794966326000000,0
workspaceModel.collect.changes.ms,1769794906310000000,1769794966326000000,0
workspaceModel.cachedValueWithParameters.calculated.count,1769794906310000000,1769794966326000000,0
workspaceModel.workspaceFileIndexData.visitFileSets.ms,1769794906310000000,1769794966326000000,0
workspaceModel.updates.count,1769794906310000000,1769794966326000000,3
workspaceModel.workspaceFileIndexData.updateDirtyEntities.ms,1769794906310000000,1769794966326000000,0
workspaceModel.workspaceFileIndexData.getPackageName.ms,1769794906310000000,1769794966326000000,0
workspaceModel.initializing.ms,1769794906310000000,1769794966326000000,1
workspaceModel.workspaceFileIndexData.markDirty.ms,1769794906310000000,1769794966326000000,0
workspaceModel.full.replace.project.model.ms,1769794906310000000,1769794966326000000,2
workspaceModel.on.before.changed.ms,1769794906310000000,1769794966326000000,15
workspaceModel.replace.project.model.ms,1769794906310000000,1769794966326000000,0
workspaceModel.workspaceFileIndexData.onEntitiesChanged.ms,1769794906310000000,1769794966326000000,0
workspaceModel.updates.ms,1769794906310000000,1769794966326000000,29
workspaceModel.on.changed.ms,1769794906310000000,1769794966326000000,5
workspaceModel.workspaceFileIndexData.getFileInfo.ms,1769794906310000000,1769794966326000000,2551
workspaceModel.workspaceFileIndexContributor.registerFileSets.ms,1769794906310000000,1769794966326000000,180
workspaceModel.loading.total.ms,1769794906310000000,1769794966326000000,110
workspaceModel.init.bridges.ms,1769794906310000000,1769794966326000000,1
workspaceModel.updates.precise.ms,1769794906310000000,1769794966326000000,6
workspaceModel.cachedValueWithParameters.from.cache.count,1769794906310000000,1769794966326000000,0
workspaceModel.cachedValue.from.cache.count,1769794906310000000,1769794966326000000,114895
workspaceModel.cachedValue.calculated.count,1769794906310000000,1769794966326000000,9
workspaceModel.check.recursive.update.ms,1769794906310000000,1769794966326000000,0
workspaceModel.cachedValueWithParameters.clear.count,1769794906310000000,1769794966326000000,0
workspaceModel.cachedValue.total.get.count,1769794906310000000,1769794966326000000,114904
workspaceModel.workspaceFileIndexData.processFileSets.ms,1769794906310000000,1769794966326000000,0
workspaceModel.cachedValue.clear.count,1769794906310000000,1769794966326000000,0
workspaceModel.loading.from.cache.ms,1769794906310000000,1769794966326000000,105
lexer.RELAX-NG.size.bytes,1769794906310000000,1769794966326000000,117
lexer.RELAX-NG.time.ns,1769794906310000000,1769794966326000000,954743
lexer.HTML.size.bytes,1769794906310000000,1769794966326000000,27400
DiskQueryRelay.tasksExecuted,1769794906310000000,1769794966326000000,16894
parser.PythonStub.size.bytes,1769794906310000000,1769794966326000000,201548
writeAction.max.wait.ms,1769794906310000000,1769794966326000000,345
lexer.PythonStub.time.ns,1769794906310000000,1769794966326000000,18829665
lexer.PythonStub.size.bytes,1769794906310000000,1769794966326000000,201548
parser.Requirements.size.bytes,1769794906310000000,1769794966326000000,13
writeAction.wait.ms,1769794906310000000,1769794966326000000,400
lexer.HTML.time.ns,1769794906310000000,1769794966326000000,16604914
parser.Requirements.time.ns,1769794906310000000,1769794966326000000,5252435
DiskQueryRelay.taskWaitingTotalTimeUs,1769794906310000000,1769794966326000000,1488002
lexer.Requirements.size.bytes,1769794906310000000,1769794966326000000,13
parser.RELAX-NG.size.bytes,1769794906310000000,1769794966326000000,117
parser.RELAX-NG.time.ns,1769794906310000000,1769794966326000000,1430420
DiskQueryRelay.taskExecutionTotalTimeUs,1769794906310000000,1769794966326000000,529224
lexer.Requirements.time.ns,1769794906310000000,1769794966326000000,1230443
parser.HTML.time.ns,1769794906310000000,1769794966326000000,18311786
DiskQueryRelay.tasksRequested,1769794906310000000,1769794966326000000,16894
parser.PythonStub.time.ns,1769794906310000000,1769794966326000000,37281096
lexer.Python.time.ns,1769794906310000000,1769794966326000000,253638882
writeAction.count,1769794906310000000,1769794966326000000,122
lexer.Python.size.bytes,1769794906310000000,1769794966326000000,924615
parser.Python.time.ns,1769794906310000000,1769794966326000000,909072368
writeAction.median.wait.ms,1769794906310000000,1769794966326000000,300
parser.Python.size.bytes,1769794906310000000,1769794966326000000,924615
parser.HTML.size.bytes,1769794906310000000,1769794966326000000,27400
workspaceModel.mutableEntityStorage.apply.changes.from.ms,1769794906310000000,1769794966326000000,3
workspaceModel.mutableEntityStorage.remove.entity.ms,1769794906310000000,1769794966326000000,0
jps.global.initialize.library.bridges.ms,1769794906310000000,1769794966326000000,0
jps.artifact.entities.serializer.save.entities.ms,1769794906310000000,1769794966326000000,0
jps.project.serializers.load.ms,1769794906310000000,1769794966326000000,28
jps.save.global.entities.ms,1769794906310000000,1769794966326000000,0
workspaceModel.mutableEntityStorage.replace.by.source.ms,1769794906310000000,1769794966326000000,10
workspaceModel.global.apply.state.to.project.builder.ms,1769794906310000000,1769794966326000000,2
jps.facet.change.listener.before.change.events.ms,1769794906310000000,1769794966326000000,0
workspaceModel.mutableEntityStorage.changeLog.addReplaceEventForNewParent.ms,1769794906310000000,1769794966326000000,0
workspaceModel.save.cache.to.file.ms,1769794906310000000,1769794966326000000,43
jps.project.serializers.save.ms,1769794906310000000,1769794966326000000,0
jps.global.get.library.ms,1769794906310000000,1769794966326000000,0
workspaceModel.mutableEntityStorage.referrers.ms,1769794906310000000,1769794966326000000,0
jps.global.get.libraries.ms,1769794906310000000,1769794966326000000,0
jps.global.handle.changed.events.ms,1769794906310000000,1769794966326000000,0
workspaceModel.mutableEntityStorage.put.entity.ms,1769794906310000000,1769794966326000000,2
workspaceModel.mutableEntityStorage.entities.ms,1769794906310000000,1769794966326000000,1
workspaceModel.moduleBridge.before.changed.ms,1769794906310000000,1769794966326000000,0
workspaceModel.moduleManagerBridge.get.modules.ms,1769794906310000000,1769794966326000000,1
jps.load.initial.state.ms,1769794906310000000,1769794966326000000,37
workspaceModel.delayed.project.synchronizer.sync.ms,1769794906310000000,1769794966326000000,49
jps.facet.change.listener.init.bridge.ms,1769794906310000000,1769794966326000000,0
jps.library.entities.serializer.load.entities.ms,1769794906310000000,1769794966326000000,0
jps.storage.jps.conf.reader.load.component.ms,1769794906310000000,1769794966326000000,4
jps.facet.change.listener.process.change.events.ms,1769794906310000000,1769794966326000000,0
jps.artifact.entities.serializer.load.entities.ms,1769794906310000000,1769794966326000000,0
jps.apply.loaded.storage.ms,1769794906310000000,1769794966326000000,15
jps.reload.project.entities.ms,1769794906310000000,1769794966326000000,0
workspaceModel.moduleManagerBridge.new.nonPersistent.module.ms,1769794906310000000,1769794966326000000,0
workspaceModel.mutableEntityStorage.changeLog.addReplaceEventForRemovedChild.ms,1769794906310000000,1769794966326000000,0
workspaceModel.mutableEntityStorage.entities.by.source.ms,1769794906310000000,1769794966326000000,1
workspaceModel.mutableEntityStorage.instances.count,1769794906310000000,1769794966326000000,27
jps.global.get.library.by.name.ms,1769794906310000000,1769794966326000000,0
workspaceModel.mutableEntityStorage.resolve.ms,1769794906310000000,1769794966326000000,0
workspaceModel.mutableEntityStorage.mutable.ext.mapping.ms,1769794906310000000,1769794966326000000,1
workspaceModel.moduleManagerBridge.create.module.instance.ms,1769794906310000000,1769794966326000000,0
workspaceModel.moduleBridgeLoader.loading.modules.ms,1769794906310000000,1769794966326000000,379
workspaceModel.moduleManagerBridge.set.unloadedModules.ms,1769794906310000000,1769794966326000000,0
workspaceModel.moduleBridge.update.option.ms,1769794906310000000,1769794966326000000,0
workspaceModel.mutableEntityStorage.add.entity.ms,1769794906310000000,1769794966326000000,23
workspaceModel.moduleManagerBridge.newModule.ms,1769794906310000000,1769794966326000000,0
jps.global.initialize.library.bridges.after.loading.ms,1769794906310000000,1769794966326000000,0
workspaceModel.global.apply.state.to.project.ms,1769794906310000000,1769794966326000000,38
workspaceModel.global.updates.ms,1769794906310000000,1769794966326000000,8
jps.app.storage.content.reader.load.component.ms,1769794906310000000,1769794966326000000,5
jps.save.changed.project.entities.ms,1769794906310000000,1769794966326000000,0
jps.module.iml.entities.serializer.save.entities.ms,1769794906310000000,1769794966326000000,0
jps.global.handle.before.change.events.ms,1769794906310000000,1769794966326000000,0
workspaceModel.global.updates.count,1769794906310000000,1769794966326000000,1
jps.module.iml.entities.serializer.load.entities.ms,1769794906310000000,1769794966326000000,17
jps.load.project.to.empty.storage.ms,1769794906310000000,1769794966326000000,32
workspaceModel.mutableEntityStorage.collect.changes.ms,1769794906310000000,1769794966326000000,0
workspaceModel.do.save.caches.ms,1769794906310000000,1769794966326000000,40
workspaceModel.moduleBridge.facet.initialization.ms,1769794906310000000,1769794966326000000,1
jps.library.entities.serializer.save.entities.ms,1769794906310000000,1769794966326000000,0
workspaceModel.mutableEntityStorage.has.same.entities.ms,1769794906310000000,1769794966326000000,0
workspaceModel.mutableEntityStorage.modify.entity.ms,1769794906310000000,1769794966326000000,3
workspaceModel.load.cache.metadata.from.file.ms,1769794906310000000,1769794966326000000,14
workspaceModel.load.cache.from.file.ms,1769794906310000000,1769794966326000000,112
workspaceModel.sync.entities.ms,1769794906310000000,1769794966326000000,0
workspaceModel.mutableEntityStorage.changeLog.addReplaceEventForRemovedParent.ms,1769794906310000000,1769794966326000000,0
workspaceModel.mutableEntityStorage.changeLog.addReplaceEventForNewChild.ms,1769794906310000000,1769794966326000000,1
workspaceModel.mutableEntityStorage.to.snapshot.ms,1769794906310000000,1769794966326000000,1
jps.module.dependency.index.workspace.model.listener.on.changed.ms,1769794906310000000,1769794966326000000,0
workspaceModel.moduleManagerBridge.load.all.modules.ms,1769794906310000000,1769794966326000000,27
workspaceModel.moduleManagerBridge.load.module.ms,1769794906310000000,1769794966326000000,0
workspaceModel.moduleManagerBridge.build.module.graph.ms,1769794906310000000,1769794966326000000,0
workspaceModel.mutableEntityStorage.mutable.vfurl.index.ms,1769794906310000000,1769794966326000000,0
workspaceModel.orphan.listener.update.ms,1769794906310000000,1769794966326000000,2
VFS.contentStorage.recordsRead,1769794906310000000,1769794966326000000,498
FileNameCache.queries,1769794906310000000,1769794966326000000,7779648
VFS.contentStorage.recordsStored,1769794906310000000,1769794966326000000,0
VFS.fileByIdCache.hits,1769794906310000000,1769794966326000000,0
VFS.contentStorage.recordsReadDecompressed,1769794906310000000,1769794966326000000,33
VFS.fileByIdCache.misses,1769794906310000000,1769794966326000000,51678
VFS.contentStorage.recordsStoredSize,1769794906310000000,1769794966326000000,0
VFS.contentStorage.recordsStoredCompressed,1769794906310000000,1769794966326000000,0
VFS.contentStorage.recordsDeduplicated,1769794906310000000,1769794966326000000,0
VFS.invertedFileNameIndex.requests,1769794906310000000,1769794966326000000,0
VFS.contentStorage.recordsDecompressionTimeUs,1769794906310000000,1769794966326000000,11403
VFS.contentStorage.recordsReadSize,1769794906310000000,1769794966326000000,3016345
FileNameCache.totalMisses,1769794906310000000,1769794966326000000,3328
VFS.fileChildByName,1769794906310000000,1769794966326000000,205709
VFS.contentStorage.recordsUncompressedSize,1769794906310000000,1769794966326000000,0
sorting.items.12,1769794906310000000,1769794966326000000,1
sorting.items.5,1769794906310000000,1769794966326000000,2
sorting.items.6,1769794906310000000,1769794966326000000,3
model.items.8,1769794906310000000,1769794966326000000,1
sorting.time.12,1769794906310000000,1769794966326000000,1
model.items.5,1769794906310000000,1769794966326000000,2
model.items.10,1769794906310000000,1769794966326000000,1
sorting.time.10,1769794906310000000,1769794966326000000,1
sorting.time.5,1769794906310000000,1769794966326000000,1
sorting.items.8,1769794906310000000,1769794966326000000,1
model.time.3,1769794906310000000,1769794966326000000,4
sorting.items.7,1769794906310000000,1769794966326000000,2
sorting.time.7,1769794906310000000,1769794966326000000,1
model.items.3,1769794906310000000,1769794966326000000,17
sorting.items.0,1769794906310000000,1769794966326000000,5
model.items.7,1769794906310000000,1769794966326000000,2
sorting.time.6,1769794906310000000,1769794966326000000,2
sorting.time.8,1769794906310000000,1769794966326000000,1
model.items.12,1769794906310000000,1769794966326000000,1
sorting.items.10,1769794906310000000,1769794966326000000,1
sorting.time.11,1769794906310000000,1769794966326000000,1
sorting.time.3,1769794906310000000,1769794966326000000,8
sorting.time.0,1769794906310000000,1769794966326000000,11
sorting.items.3,1769794906310000000,1769794966326000000,17
model.items.6,1769794906310000000,1769794966326000000,3
reordered.by.ml,1769794906310000000,1769794966326000000,28
model.items.0,1769794906310000000,1769794966326000000,5
FilePageCacheLockFree.housekeeperTurnsSkipped,1769794966326000000,1769795026321000000,0
DirectByteBufferAllocator.reclaimed,1769794966326000000,1769795026321000000,0
StorageLockContext.competingThreads.avg,1769794966326000000,1769795026321000000,0.0
FilePageCacheLockFree.housekeeperTurnsDone,1769794966326000000,1769795026321000000,0
FilePageCache.totalPageLoadsUs,1769794966326000000,1769795026321000000,167
StreamlinedBlobStorage.recordsRelocated,1769794966326000000,1769795026321000000,0
StorageLockContext.competingThreads.90P,1769794966326000000,1769795026321000000,0
FilePageCache.disposedBuffers,1769794966326000000,1769795026321000000,0
MappedFileStorage.totalBytesMapped,1769794966326000000,1769795026321000000,261357568
FilePageCacheLockFree.totalHeapBytesAllocated,1769794966326000000,1769795026321000000,0
FilePageCacheLockFree.totalPagesReadMs,1769794966326000000,1769795026321000000,0
FilePageCacheLockFree.totalPageAllocationsWaited,1769794966326000000,1769795026321000000,0
FilePageCacheLockFree.totalBytesRead,1769794966326000000,1769795026321000000,0
FilePageCache.totalPageDisposalsUs,1769794966326000000,1769795026321000000,9
FilePageCache.pageHits,1769794966326000000,1769795026321000000,94
MappedFileStorage.storages,1769794966326000000,1769795026321000000,16
StreamlinedBlobStorage.recordsAllocated,1769794966326000000,1769795026321000000,0
DirectByteBufferAllocator.misses,1769794966326000000,1769795026321000000,1
DirectByteBufferAllocator.hits,1769794966326000000,1769795026321000000,0
DirectByteBufferAllocator.totalSizeOfBuffersCachedInBytes,1769794966326000000,1769795026321000000,0
StreamlinedBlobStorage.totalLiveRecordsCapacityBytes,1769794966326000000,1769795026321000000,0
FilePageCache.uncachedFileAccess,1769794966326000000,1769795026321000000,12
FilePageCacheLockFree.totalPagesHandedOver,1769794966326000000,1769795026321000000,0
FilePageCacheLockFree.totalBytesRequested,1769794966326000000,1769795026321000000,0
FilePageCacheLockFree.totalPagesWritten,1769794966326000000,1769795026321000000,0
DirectByteBufferAllocator.totalSizeOfBuffersAllocatedInBytes,1769794966326000000,1769795026321000000,160456704
FilePageCache.capacityInBytes,1769794966326000000,1769795026321000000,503316478
StorageLockContext.competingThreads.max,1769794966326000000,1769795026321000000,0
FilePageCacheLockFree.housekeeperTimeSpentMs,1769794966326000000,1769795026321000000,0
FilePageCache.pageLoadsAboveSizeThreshold,1769794966326000000,1769795026321000000,0
FilePageCache.pageFastCacheHits,1769794966326000000,1769795026321000000,508
FilePageCacheLockFree.totalNativeBytesReclaimed,1769794966326000000,1769795026321000000,0
MappedFileStorage.totalTimeSpentOnMappingUs,1769794966326000000,1769795026321000000,12186
FilePageCacheLockFree.heapBytesInUse,1769794966326000000,1769795026321000000,0
FileChannelInterruptsRetryer.totalRetriedAttempts,1769794966326000000,1769795026321000000,0
MappedFileStorage.totalPagesMapped,1769794966326000000,1769795026321000000,21
FilePageCacheLockFree.totalPagesWriteMs,1769794966326000000,1769795026321000000,0
StreamlinedBlobStorage.totalLiveRecordsPayloadBytes,1769794966326000000,1769795026321000000,-1
FilePageCacheLockFree.nativeBytesInUse,1769794966326000000,1769795026321000000,0
FilePageCache.maxCacheSizeInBytes,1769794966326000000,1769795026321000000,160456704
FilePageCacheLockFree.totalPagesReclaimed,1769794966326000000,1769795026321000000,0
FilePageCacheLockFree.totalNativeBytesAllocated,1769794966326000000,1769795026321000000,0
FilePageCache.pageLoads,1769794966326000000,1769795026321000000,1
FilePageCacheLockFree.totalPagesRequested,1769794966326000000,1769795026321000000,0
FilePageCache.maxRegisteredFiles,1769794966326000000,1769795026321000000,252
FilePageCacheLockFree.totalHeapBytesReclaimed,1769794966326000000,1769795026321000000,0
FilePageCacheLockFree.totalPagesAllocated,1769794966326000000,1769795026321000000,0
FilePageCacheLockFree.totalPagesRequestsMs,1769794966326000000,1769795026321000000,0
StreamlinedBlobStorage.recordsDeleted,1769794966326000000,1769795026321000000,0
FilePageCacheLockFree.totalClosedStoragesReclaimed,1769794966326000000,1769795026321000000,0
DirectByteBufferAllocator.disposed,1769794966326000000,1769795026321000000,0
FilePageCacheLockFree.totalBytesWritten,1769794966326000000,1769795026321000000,0
IndexesFlusher.totalFlushingTimeUs,1769794966326000000,1769795026321000000,51738
Indexes.stubs.lookups,1769794966326000000,1769795026321000000,6
Indexes.entries.lookups,1769794966326000000,1769795026321000000,762
Indexing.writer_3.totalTimeSpentWritingMs,1769794966326000000,1769795026321000000,0
Indexes.entries.lookupDuration90PMs,1769794966326000000,1769795026321000000,0.0
Indexing.cache.totalCacheAccesses,1769794966326000000,1769795026321000000,1626
Indexes.allKeys.lookups,1769794966326000000,1769795026321000000,0
Indexing.cache.totalCacheEvicted,1769794966326000000,1769795026321000000,270
Indexes.entries.lookupDurationAvgMs,1769794966326000000,1769795026321000000,0.0
Indexing.writer_1.totalTimeSpentWritingMs,1769794966326000000,1769795026321000000,0
Indexes.allKeys.lookupDuration90PMs,1769794966326000000,1769795026321000000,0.0
IndexesFlusher.totalFlushes,1769794966326000000,1769795026321000000,60
Indexes.stubs.lookupDurationAvgMs,1769794966326000000,1769795026321000000,0.0
Indexing.writer_0.totalTimeSpentWritingMs,1769794966326000000,1769795026321000000,0
Indexing.cache.totalCacheMisses,1769794966326000000,1769795026321000000,276
Indexing.totalTimeIndexersSleptMs,1769794966326000000,1769795026321000000,0
Indexing.writer_2.totalTimeSpentWritingMs,1769794966326000000,1769795026321000000,0
Indexes.stubs.lookupDurationMaxMs,1769794966326000000,1769795026321000000,0.0
Indexes.stubs.lookupDuration90PMs,1769794966326000000,1769795026321000000,0.0
Indexes.allKeys.lookupDurationAvgMs,1769794966326000000,1769795026321000000,0.0
Indexing.writesQueuedMax,1769794966326000000,1769795026321000000,0
IndexesFlusher.totalFlushesRetried,1769794966326000000,1769795026321000000,0
Indexing.writesQueuedMin,1769794966326000000,1769795026321000000,9223372036854775807
Indexes.entries.lookupDurationMaxMs,1769794966326000000,1769795026321000000,0.0
Indexes.allKeys.lookupDurationMaxMs,1769794966326000000,1769795026321000000,0.0
IndexesFlusher.totalContentionQuotaSpent,1769794966326000000,1769795026321000000,0
WriteAction.executionsCount,1769794966326000000,1769795026321000000,189
AWTEventQueue.dispatchTimeMaxNs,1769794966326000000,1769795026321000000,0
FlushQueue.queueSizeMax,1769794966326000000,1769795026321000000,0
AWTEventQueue.dispatchTimeTotalNS,1769794966326000000,1769795026321000000,3649449040
FlushQueue.queueSize90P,1769794966326000000,1769795026321000000,0
FlushQueue.tasksExecuted,1769794966326000000,1769795026321000000,0
NonBlockingReadAction.failedExecutionTimeUs,1769794966326000000,1769795026321000000,0
NonBlockingReadAction.finalizedExecutionsCount,1769794966326000000,1769795026321000000,515
ReadAction.executionsCount,1769794966326000000,1769795026321000000,369402
FlushQueue.queueSizeAvg,1769794966326000000,1769795026321000000,0.0
NonBlockingReadAction.finalizedExecutionTimeUs,1769794966326000000,1769795026321000000,399463
FlushQueue.waitingTimeAvgNs,1769794966326000000,1769795026321000000,0.0
FlushQueue.waitingTimeMaxNs,1769794966326000000,1769795026321000000,0
FlushQueue.waitingTime90PNs,1769794966326000000,1769795026321000000,0
NonBlockingReadAction.failedExecutionsCount,1769794966326000000,1769795026321000000,0
FlushQueue.executionTime90PNs,1769794966326000000,1769795026321000000,0
AWTEventQueue.dispatchTime90PNs,1769794966326000000,1769795026321000000,0
FlushQueue.executionTimeMaxNs,1769794966326000000,1769795026321000000,0
FlushQueue.executionTimeAvgNs,1769794966326000000,1769795026321000000,0.0
AWTEventQueue.dispatchTimeAvgNs,1769794966326000000,1769795026321000000,0.0
AWTEventQueue.eventsDispatched,1769794966326000000,1769795026321000000,0
JVM.totalBytesAllocated,1769794966326000000,1769795026321000000,5128728064
JVM.threadCount,1769794966326000000,1769795026321000000,133
JVM.totalTimeAtSafepointsMs,1769794966326000000,1769795026321000000,319
JVM.GC.collections,1769794966326000000,1769795026321000000,19
OS.loadAverage,1769794966326000000,1769795026321000000,2.751953125
JVM.totalTimeToSafepointsMs,1769794966326000000,1769795026321000000,3
JVM.maxHeapBytes,1769794966326000000,1769795026321000000,4196401152
JVM.newThreadsCount,1769794966326000000,1769795026321000000,12
JVM.totalDirectByteBuffersBytes,1769794966326000000,1769795026321000000,163491879
JVM.totalSafepointCount,1769794966326000000,1769795026321000000,79
JVM.totalCpuTimeMs,1769794966326000000,1769795026321000000,45840
JVM.usedHeapBytes,1769794966326000000,1769795026321000000,1205862400
JVM.GC.collectionTimesMs,1769794966326000000,1769795026321000000,312
JVM.maxThreadCount,1769794966326000000,1769795026321000000,145
JVM.usedNativeBytes,1769794966326000000,1769795026321000000,395064976
cacheStateStorage.get.counter,1769794966326000000,1769795026321000000,1
cacheStateStorage.get.duration,1769794966326000000,1769795026321000000,0
cacheStateStorage.set.duration,1769794966326000000,1769795026321000000,0
cacheStateStorage.set.counter,1769794966326000000,1769795026321000000,0
workspaceModel.workspaceFileIndexData.getDirectoriesByPackageName.ms,1769794966326000000,1769795026321000000,0
workspaceModel.entityStorageSnapshotImpl.instances.count,1769794966326000000,1769795026321000000,0
workspaceModel.cachedValueWithParameters.total.get.count,1769794966326000000,1769795026321000000,0
workspaceModel.update.unloaded.entities.ms,1769794966326000000,1769795026321000000,0
workspaceModel.to.snapshot.ms,1769794966326000000,1769795026321000000,0
workspaceModel.workspaceFileIndexData.instances.count,1769794966326000000,1769795026321000000,0
workspaceModel.workspaceFileIndexData.init.ms,1769794966326000000,1769795026321000000,0
workspaceModel.pre.handlers.ms,1769794966326000000,1769795026321000000,0
workspaceModel.collect.changes.ms,1769794966326000000,1769795026321000000,0
workspaceModel.cachedValueWithParameters.calculated.count,1769794966326000000,1769795026321000000,0
workspaceModel.workspaceFileIndexData.visitFileSets.ms,1769794966326000000,1769795026321000000,0
workspaceModel.updates.count,1769794966326000000,1769795026321000000,0
workspaceModel.workspaceFileIndexData.updateDirtyEntities.ms,1769794966326000000,1769795026321000000,0
workspaceModel.workspaceFileIndexData.getPackageName.ms,1769794966326000000,1769795026321000000,0
workspaceModel.initializing.ms,1769794966326000000,1769795026321000000,0
workspaceModel.workspaceFileIndexData.markDirty.ms,1769794966326000000,1769795026321000000,0
workspaceModel.full.replace.project.model.ms,1769794966326000000,1769795026321000000,0
workspaceModel.on.before.changed.ms,1769794966326000000,1769795026321000000,0
workspaceModel.replace.project.model.ms,1769794966326000000,1769795026321000000,0
workspaceModel.workspaceFileIndexData.onEntitiesChanged.ms,1769794966326000000,1769795026321000000,0
workspaceModel.updates.ms,1769794966326000000,1769795026321000000,0
workspaceModel.on.changed.ms,1769794966326000000,1769795026321000000,0
workspaceModel.workspaceFileIndexData.getFileInfo.ms,1769794966326000000,1769795026321000000,203
workspaceModel.workspaceFileIndexContributor.registerFileSets.ms,1769794966326000000,1769795026321000000,0
workspaceModel.loading.total.ms,1769794966326000000,1769795026321000000,0
workspaceModel.init.bridges.ms,1769794966326000000,1769795026321000000,0
workspaceModel.updates.precise.ms,1769794966326000000,1769795026321000000,0
workspaceModel.cachedValueWithParameters.from.cache.count,1769794966326000000,1769795026321000000,0
workspaceModel.cachedValue.from.cache.count,1769794966326000000,1769795026321000000,114122
workspaceModel.cachedValue.calculated.count,1769794966326000000,1769795026321000000,0
workspaceModel.check.recursive.update.ms,1769794966326000000,1769795026321000000,0
workspaceModel.cachedValueWithParameters.clear.count,1769794966326000000,1769795026321000000,0
workspaceModel.cachedValue.total.get.count,1769794966326000000,1769795026321000000,114122
workspaceModel.workspaceFileIndexData.processFileSets.ms,1769794966326000000,1769795026321000000,0
workspaceModel.cachedValue.clear.count,1769794966326000000,1769795026321000000,0
workspaceModel.loading.from.cache.ms,1769794966326000000,1769795026321000000,0
lexer.HTML.size.bytes,1769794966326000000,1769795026321000000,22300
DiskQueryRelay.tasksExecuted,1769794966326000000,1769795026321000000,6814
writeAction.max.wait.ms,1769794966326000000,1769795026321000000,345
writeAction.wait.ms,1769794966326000000,1769795026321000000,7
lexer.HTML.time.ns,1769794966326000000,1769795026321000000,4994180
DiskQueryRelay.taskWaitingTotalTimeUs,1769794966326000000,1769795026321000000,83654
DiskQueryRelay.taskExecutionTotalTimeUs,1769794966326000000,1769795026321000000,81654
parser.HTML.time.ns,1769794966326000000,1769795026321000000,4995544
DiskQueryRelay.tasksRequested,1769794966326000000,1769795026321000000,6814
lexer.Python.time.ns,1769794966326000000,1769795026321000000,139529647
writeAction.count,1769794966326000000,1769795026321000000,189
lexer.Python.size.bytes,1769794966326000000,1769795026321000000,694353
parser.Python.time.ns,1769794966326000000,1769795026321000000,527971303
writeAction.median.wait.ms,1769794966326000000,1769795026321000000,400
parser.Python.size.bytes,1769794966326000000,1769795026321000000,694353
parser.HTML.size.bytes,1769794966326000000,1769795026321000000,22300
workspaceModel.mutableEntityStorage.apply.changes.from.ms,1769794966326000000,1769795026321000000,0
workspaceModel.mutableEntityStorage.remove.entity.ms,1769794966326000000,1769795026321000000,0
jps.global.initialize.library.bridges.ms,1769794966326000000,1769795026321000000,0
jps.artifact.entities.serializer.save.entities.ms,1769794966326000000,1769795026321000000,0
jps.project.serializers.load.ms,1769794966326000000,1769795026321000000,0
jps.app.storage.content.writer.save.component.ms,1769794966326000000,1769795026321000000,4
jps.save.global.entities.ms,1769794966326000000,1769795026321000000,18
workspaceModel.mutableEntityStorage.replace.by.source.ms,1769794966326000000,1769795026321000000,0
workspaceModel.global.apply.state.to.project.builder.ms,1769794966326000000,1769795026321000000,0
jps.facet.change.listener.before.change.events.ms,1769794966326000000,1769795026321000000,0
workspaceModel.mutableEntityStorage.changeLog.addReplaceEventForNewParent.ms,1769794966326000000,1769795026321000000,0
workspaceModel.save.cache.to.file.ms,1769794966326000000,1769795026321000000,0
jps.project.serializers.save.ms,1769794966326000000,1769795026321000000,1
jps.global.get.library.ms,1769794966326000000,1769795026321000000,0
workspaceModel.mutableEntityStorage.referrers.ms,1769794966326000000,1769795026321000000,0
jps.global.get.libraries.ms,1769794966326000000,1769795026321000000,0
jps.global.handle.changed.events.ms,1769794966326000000,1769795026321000000,0
workspaceModel.mutableEntityStorage.put.entity.ms,1769794966326000000,1769795026321000000,0
workspaceModel.mutableEntityStorage.entities.ms,1769794966326000000,1769795026321000000,0
workspaceModel.moduleBridge.before.changed.ms,1769794966326000000,1769795026321000000,0
workspaceModel.moduleManagerBridge.get.modules.ms,1769794966326000000,1769795026321000000,0
jps.load.initial.state.ms,1769794966326000000,1769795026321000000,0
workspaceModel.delayed.project.synchronizer.sync.ms,1769794966326000000,1769795026321000000,0
jps.facet.change.listener.init.bridge.ms,1769794966326000000,1769795026321000000,0
jps.library.entities.serializer.load.entities.ms,1769794966326000000,1769795026321000000,0
jps.storage.jps.conf.reader.load.component.ms,1769794966326000000,1769795026321000000,0
jps.facet.change.listener.process.change.events.ms,1769794966326000000,1769795026321000000,0
jps.artifact.entities.serializer.load.entities.ms,1769794966326000000,1769795026321000000,0
jps.apply.loaded.storage.ms,1769794966326000000,1769795026321000000,0
jps.reload.project.entities.ms,1769794966326000000,1769795026321000000,0
workspaceModel.moduleManagerBridge.new.nonPersistent.module.ms,1769794966326000000,1769795026321000000,0
workspaceModel.mutableEntityStorage.changeLog.addReplaceEventForRemovedChild.ms,1769794966326000000,1769795026321000000,0
workspaceModel.mutableEntityStorage.entities.by.source.ms,1769794966326000000,1769795026321000000,0
workspaceModel.mutableEntityStorage.instances.count,1769794966326000000,1769795026321000000,0
jps.global.get.library.by.name.ms,1769794966326000000,1769795026321000000,0
workspaceModel.mutableEntityStorage.resolve.ms,1769794966326000000,1769795026321000000,0
workspaceModel.mutableEntityStorage.mutable.ext.mapping.ms,1769794966326000000,1769795026321000000,0
workspaceModel.moduleManagerBridge.create.module.instance.ms,1769794966326000000,1769795026321000000,0
workspaceModel.moduleBridgeLoader.loading.modules.ms,1769794966326000000,1769795026321000000,0
workspaceModel.moduleManagerBridge.set.unloadedModules.ms,1769794966326000000,1769795026321000000,0
workspaceModel.moduleBridge.update.option.ms,1769794966326000000,1769795026321000000,0
workspaceModel.mutableEntityStorage.add.entity.ms,1769794966326000000,1769795026321000000,0
workspaceModel.moduleManagerBridge.newModule.ms,1769794966326000000,1769795026321000000,0
jps.global.initialize.library.bridges.after.loading.ms,1769794966326000000,1769795026321000000,0
workspaceModel.global.apply.state.to.project.ms,1769794966326000000,1769795026321000000,0
workspaceModel.global.updates.ms,1769794966326000000,1769795026321000000,0
jps.app.storage.content.reader.load.component.ms,1769794966326000000,1769795026321000000,0
jps.save.changed.project.entities.ms,1769794966326000000,1769795026321000000,1
jps.module.iml.entities.serializer.save.entities.ms,1769794966326000000,1769795026321000000,0
jps.global.handle.before.change.events.ms,1769794966326000000,1769795026321000000,0
workspaceModel.global.updates.count,1769794966326000000,1769795026321000000,0
jps.module.iml.entities.serializer.load.entities.ms,1769794966326000000,1769795026321000000,0
jps.load.project.to.empty.storage.ms,1769794966326000000,1769795026321000000,0
workspaceModel.mutableEntityStorage.collect.changes.ms,1769794966326000000,1769795026321000000,0
workspaceModel.do.save.caches.ms,1769794966326000000,1769795026321000000,0
workspaceModel.moduleBridge.facet.initialization.ms,1769794966326000000,1769795026321000000,0
jps.library.entities.serializer.save.entities.ms,1769794966326000000,1769795026321000000,0
workspaceModel.mutableEntityStorage.has.same.entities.ms,1769794966326000000,1769795026321000000,0
workspaceModel.mutableEntityStorage.modify.entity.ms,1769794966326000000,1769795026321000000,0
workspaceModel.load.cache.metadata.from.file.ms,1769794966326000000,1769795026321000000,0
workspaceModel.load.cache.from.file.ms,1769794966326000000,1769795026321000000,0
workspaceModel.sync.entities.ms,1769794966326000000,1769795026321000000,0
workspaceModel.mutableEntityStorage.changeLog.addReplaceEventForRemovedParent.ms,1769794966326000000,1769795026321000000,0
workspaceModel.mutableEntityStorage.changeLog.addReplaceEventForNewChild.ms,1769794966326000000,1769795026321000000,0
workspaceModel.mutableEntityStorage.to.snapshot.ms,1769794966326000000,1769795026321000000,0
jps.module.dependency.index.workspace.model.listener.on.changed.ms,1769794966326000000,1769795026321000000,0
workspaceModel.moduleManagerBridge.load.all.modules.ms,1769794966326000000,1769795026321000000,0
workspaceModel.moduleManagerBridge.load.module.ms,1769794966326000000,1769795026321000000,0
workspaceModel.moduleManagerBridge.build.module.graph.ms,1769794966326000000,1769795026321000000,0
workspaceModel.mutableEntityStorage.mutable.vfurl.index.ms,1769794966326000000,1769795026321000000,0
workspaceModel.orphan.listener.update.ms,1769794966326000000,1769795026321000000,0
VFS.contentStorage.recordsRead,1769794966326000000,1769795026321000000,352
FileNameCache.queries,1769794966326000000,1769795026321000000,5699712
VFS.contentStorage.recordsStored,1769794966326000000,1769795026321000000,1
VFS.fileByIdCache.hits,1769794966326000000,1769795026321000000,0
VFS.contentStorage.recordsReadDecompressed,1769794966326000000,1769795026321000000,5
VFS.fileByIdCache.misses,1769794966326000000,1769795026321000000,43377
VFS.contentStorage.recordsStoredSize,1769794966326000000,1769795026321000000,5667
VFS.contentStorage.recordsStoredCompressed,1769794966326000000,1769795026321000000,0
VFS.contentStorage.recordsDeduplicated,1769794966326000000,1769795026321000000,0
VFS.invertedFileNameIndex.requests,1769794966326000000,1769795026321000000,0
VFS.contentStorage.recordsDecompressionTimeUs,1769794966326000000,1769795026321000000,736
VFS.contentStorage.recordsReadSize,1769794966326000000,1769795026321000000,1749838
FileNameCache.totalMisses,1769794966326000000,1769795026321000000,0
VFS.fileChildByName,1769794966326000000,1769795026321000000,123383
VFS.contentStorage.recordsUncompressedSize,1769794966326000000,1769795026321000000,5667
sorting.items.5,1769794966326000000,1769795026321000000,17
model.items.15,1769794966326000000,1769795026321000000,4
sorting.items.9,1769794966326000000,1769795026321000000,7
sorting.items.13,1769794966326000000,1769795026321000000,5
model.items.9,1769794966326000000,1769795026321000000,7
sorting.time.15,1769794966326000000,1769795026321000000,2
sorting.time.18,1769794966326000000,1769795026321000000,1
sorting.time.2,1769794966326000000,1769795026321000000,1
sorting.items.4,1769794966326000000,1769795026321000000,21
model.time.4,1769794966326000000,1769795026321000000,1
model.items.5,1769794966326000000,1769795026321000000,17
model.items.13,1769794966326000000,1769795026321000000,5
model.items.11,1769794966326000000,1769795026321000000,6
model.items.4,1769794966326000000,1769795026321000000,21
sorting.time.5,1769794966326000000,1769795026321000000,6
sorting.items.11,1769794966326000000,1769795026321000000,6
sorting.items.7,1769794966326000000,1769795026321000000,11
sorting.time.7,1769794966326000000,1769795026321000000,7
sorting.items.0,1769794966326000000,1769795026321000000,191
model.items.7,1769794966326000000,1769795026321000000,11
sorting.time.9,1769794966326000000,1769795026321000000,3
sorting.time.11,1769794966326000000,1769795026321000000,2
sorting.time.3,1769794966326000000,1769795026321000000,2
sorting.time.4,1769794966326000000,1769795026321000000,4
sorting.time.0,1769794966326000000,1769795026321000000,32
model.items.17,1769794966326000000,1769795026321000000,1
sorting.time.17,1769794966326000000,1769795026321000000,1
sorting.time.13,1769794966326000000,1769795026321000000,3
sorting.items.15,1769794966326000000,1769795026321000000,4
sorting.items.17,1769794966326000000,1769795026321000000,1
reordered.by.ml,1769794966326000000,1769795026321000000,103
model.items.0,1769794966326000000,1769795026321000000,191
model.time.0,1769794966326000000,1769795026321000000,12
FilePageCacheLockFree.housekeeperTurnsSkipped,1769795026321000000,1769795086317000000,0
DirectByteBufferAllocator.reclaimed,1769795026321000000,1769795086317000000,0
StorageLockContext.competingThreads.avg,1769795026321000000,1769795086317000000,0.0
FilePageCacheLockFree.housekeeperTurnsDone,1769795026321000000,1769795086317000000,0
FilePageCache.totalPageLoadsUs,1769795026321000000,1769795086317000000,0
StreamlinedBlobStorage.recordsRelocated,1769795026321000000,1769795086317000000,0
StorageLockContext.competingThreads.90P,1769795026321000000,1769795086317000000,0
FilePageCache.disposedBuffers,1769795026321000000,1769795086317000000,0
MappedFileStorage.totalBytesMapped,1769795026321000000,1769795086317000000,261357568
FilePageCacheLockFree.totalHeapBytesAllocated,1769795026321000000,1769795086317000000,0
FilePageCacheLockFree.totalPagesReadMs,1769795026321000000,1769795086317000000,0
FilePageCacheLockFree.totalPageAllocationsWaited,1769795026321000000,1769795086317000000,0
FilePageCacheLockFree.totalBytesRead,1769795026321000000,1769795086317000000,0
FilePageCache.totalPageDisposalsUs,1769795026321000000,1769795086317000000,0
FilePageCache.pageHits,1769795026321000000,1769795086317000000,55
MappedFileStorage.storages,1769795026321000000,1769795086317000000,16
StreamlinedBlobStorage.recordsAllocated,1769795026321000000,1769795086317000000,0
DirectByteBufferAllocator.misses,1769795026321000000,1769795086317000000,0
DirectByteBufferAllocator.hits,1769795026321000000,1769795086317000000,0
DirectByteBufferAllocator.totalSizeOfBuffersCachedInBytes,1769795026321000000,1769795086317000000,0
StreamlinedBlobStorage.totalLiveRecordsCapacityBytes,1769795026321000000,1769795086317000000,0
FilePageCache.uncachedFileAccess,1769795026321000000,1769795086317000000,0
FilePageCacheLockFree.totalPagesHandedOver,1769795026321000000,1769795086317000000,0
FilePageCacheLockFree.totalBytesRequested,1769795026321000000,1769795086317000000,0
FilePageCacheLockFree.totalPagesWritten,1769795026321000000,1769795086317000000,0
DirectByteBufferAllocator.totalSizeOfBuffersAllocatedInBytes,1769795026321000000,1769795086317000000,160456704
FilePageCache.capacityInBytes,1769795026321000000,1769795086317000000,503316478
StorageLockContext.competingThreads.max,1769795026321000000,1769795086317000000,0
FilePageCacheLockFree.housekeeperTimeSpentMs,1769795026321000000,1769795086317000000,0
FilePageCache.pageLoadsAboveSizeThreshold,1769795026321000000,1769795086317000000,0
FilePageCache.pageFastCacheHits,1769795026321000000,1769795086317000000,113
FilePageCacheLockFree.totalNativeBytesReclaimed,1769795026321000000,1769795086317000000,0
MappedFileStorage.totalTimeSpentOnMappingUs,1769795026321000000,1769795086317000000,12186
FilePageCacheLockFree.heapBytesInUse,1769795026321000000,1769795086317000000,0
FileChannelInterruptsRetryer.totalRetriedAttempts,1769795026321000000,1769795086317000000,0
MappedFileStorage.totalPagesMapped,1769795026321000000,1769795086317000000,21
FilePageCacheLockFree.totalPagesWriteMs,1769795026321000000,1769795086317000000,0
StreamlinedBlobStorage.totalLiveRecordsPayloadBytes,1769795026321000000,1769795086317000000,0
FilePageCacheLockFree.nativeBytesInUse,1769795026321000000,1769795086317000000,0
FilePageCache.maxCacheSizeInBytes,1769795026321000000,1769795086317000000,160456704
FilePageCacheLockFree.totalPagesReclaimed,1769795026321000000,1769795086317000000,0
FilePageCacheLockFree.totalNativeBytesAllocated,1769795026321000000,1769795086317000000,0
FilePageCache.pageLoads,1769795026321000000,1769795086317000000,0
FilePageCacheLockFree.totalPagesRequested,1769795026321000000,1769795086317000000,0
FilePageCache.maxRegisteredFiles,1769795026321000000,1769795086317000000,252
FilePageCacheLockFree.totalHeapBytesReclaimed,1769795026321000000,1769795086317000000,0
FilePageCacheLockFree.totalPagesAllocated,1769795026321000000,1769795086317000000,0
FilePageCacheLockFree.totalPagesRequestsMs,1769795026321000000,1769795086317000000,0
StreamlinedBlobStorage.recordsDeleted,1769795026321000000,1769795086317000000,0
FilePageCacheLockFree.totalClosedStoragesReclaimed,1769795026321000000,1769795086317000000,0
DirectByteBufferAllocator.disposed,1769795026321000000,1769795086317000000,0
FilePageCacheLockFree.totalBytesWritten,1769795026321000000,1769795086317000000,0
IndexesFlusher.totalFlushingTimeUs,1769795026321000000,1769795086317000000,41019
Indexes.stubs.lookups,1769795026321000000,1769795086317000000,0
Indexes.entries.lookups,1769795026321000000,1769795086317000000,480
Indexing.writer_3.totalTimeSpentWritingMs,1769795026321000000,1769795086317000000,0
Indexes.entries.lookupDuration90PMs,1769795026321000000,1769795086317000000,0.0
Indexing.cache.totalCacheAccesses,1769795026321000000,1769795086317000000,1017
Indexes.allKeys.lookups,1769795026321000000,1769795086317000000,0
Indexing.cache.totalCacheEvicted,1769795026321000000,1769795086317000000,147
Indexes.entries.lookupDurationAvgMs,1769795026321000000,1769795086317000000,0.0
Indexing.writer_1.totalTimeSpentWritingMs,1769795026321000000,1769795086317000000,0
Indexes.allKeys.lookupDuration90PMs,1769795026321000000,1769795086317000000,0.0
IndexesFlusher.totalFlushes,1769795026321000000,1769795086317000000,60
Indexes.stubs.lookupDurationAvgMs,1769795026321000000,1769795086317000000,0.0
Indexing.writer_0.totalTimeSpentWritingMs,1769795026321000000,1769795086317000000,0
Indexing.cache.totalCacheMisses,1769795026321000000,1769795086317000000,162
Indexing.totalTimeIndexersSleptMs,1769795026321000000,1769795086317000000,0
Indexing.writer_2.totalTimeSpentWritingMs,1769795026321000000,1769795086317000000,0
Indexes.stubs.lookupDurationMaxMs,1769795026321000000,1769795086317000000,0.0
Indexes.stubs.lookupDuration90PMs,1769795026321000000,1769795086317000000,0.0
Indexes.allKeys.lookupDurationAvgMs,1769795026321000000,1769795086317000000,0.0
Indexing.writesQueuedMax,1769795026321000000,1769795086317000000,0
IndexesFlusher.totalFlushesRetried,1769795026321000000,1769795086317000000,0
Indexing.writesQueuedMin,1769795026321000000,1769795086317000000,9223372036854775807
Indexes.entries.lookupDurationMaxMs,1769795026321000000,1769795086317000000,0.0
Indexes.allKeys.lookupDurationMaxMs,1769795026321000000,1769795086317000000,0.0
IndexesFlusher.totalContentionQuotaSpent,1769795026321000000,1769795086317000000,0
WriteAction.executionsCount,1769795026321000000,1769795086317000000,104
AWTEventQueue.dispatchTimeMaxNs,1769795026321000000,1769795086317000000,145407
FlushQueue.queueSizeMax,1769795026321000000,1769795086317000000,0
AWTEventQueue.dispatchTimeTotalNS,1769795026321000000,1769795086317000000,2260083446
FlushQueue.queueSize90P,1769795026321000000,1769795086317000000,0
FlushQueue.tasksExecuted,1769795026321000000,1769795086317000000,0
NonBlockingReadAction.failedExecutionTimeUs,1769795026321000000,1769795086317000000,0
NonBlockingReadAction.finalizedExecutionsCount,1769795026321000000,1769795086317000000,260
ReadAction.executionsCount,1769795026321000000,1769795086317000000,199103
FlushQueue.queueSizeAvg,1769795026321000000,1769795086317000000,0.0
NonBlockingReadAction.finalizedExecutionTimeUs,1769795026321000000,1769795086317000000,396590
FlushQueue.waitingTimeAvgNs,1769795026321000000,1769795086317000000,0.0
FlushQueue.waitingTimeMaxNs,1769795026321000000,1769795086317000000,0
FlushQueue.waitingTime90PNs,1769795026321000000,1769795086317000000,0
NonBlockingReadAction.failedExecutionsCount,1769795026321000000,1769795086317000000,0
FlushQueue.executionTime90PNs,1769795026321000000,1769795086317000000,0
AWTEventQueue.dispatchTime90PNs,1769795026321000000,1769795086317000000,145407
FlushQueue.executionTimeMaxNs,1769795026321000000,1769795086317000000,0
FlushQueue.executionTimeAvgNs,1769795026321000000,1769795086317000000,0.0
AWTEventQueue.dispatchTimeAvgNs,1769795026321000000,1769795086317000000,139093.33333333334
AWTEventQueue.eventsDispatched,1769795026321000000,1769795086317000000,3
JVM.totalBytesAllocated,1769795026321000000,1769795086317000000,2922151936
JVM.threadCount,1769795026321000000,1769795086317000000,124
JVM.totalTimeAtSafepointsMs,1769795026321000000,1769795086317000000,176
JVM.GC.collections,1769795026321000000,1769795086317000000,10
OS.loadAverage,1769795026321000000,1769795086317000000,2.33056640625
JVM.totalTimeToSafepointsMs,1769795026321000000,1769795086317000000,1
JVM.maxHeapBytes,1769795026321000000,1769795086317000000,4196401152
JVM.newThreadsCount,1769795026321000000,1769795086317000000,0
JVM.totalDirectByteBuffersBytes,1769795026321000000,1769795086317000000,163502566
JVM.totalSafepointCount,1769795026321000000,1769795086317000000,46
JVM.totalCpuTimeMs,1769795026321000000,1769795086317000000,23460
JVM.usedHeapBytes,1769795026321000000,1769795086317000000,1286974864
JVM.GC.collectionTimesMs,1769795026321000000,1769795086317000000,172
JVM.maxThreadCount,1769795026321000000,1769795086317000000,145
JVM.usedNativeBytes,1769795026321000000,1769795086317000000,406404584
cacheStateStorage.get.counter,1769795026321000000,1769795086317000000,0
cacheStateStorage.get.duration,1769795026321000000,1769795086317000000,0
cacheStateStorage.set.duration,1769795026321000000,1769795086317000000,0
cacheStateStorage.set.counter,1769795026321000000,1769795086317000000,0
workspaceModel.workspaceFileIndexData.getDirectoriesByPackageName.ms,1769795026321000000,1769795086317000000,0
workspaceModel.entityStorageSnapshotImpl.instances.count,1769795026321000000,1769795086317000000,0
workspaceModel.cachedValueWithParameters.total.get.count,1769795026321000000,1769795086317000000,0
workspaceModel.update.unloaded.entities.ms,1769795026321000000,1769795086317000000,0
workspaceModel.to.snapshot.ms,1769795026321000000,1769795086317000000,0
workspaceModel.workspaceFileIndexData.instances.count,1769795026321000000,1769795086317000000,0
workspaceModel.workspaceFileIndexData.init.ms,1769795026321000000,1769795086317000000,0
workspaceModel.pre.handlers.ms,1769795026321000000,1769795086317000000,0
workspaceModel.collect.changes.ms,1769795026321000000,1769795086317000000,0
workspaceModel.cachedValueWithParameters.calculated.count,1769795026321000000,1769795086317000000,0
workspaceModel.workspaceFileIndexData.visitFileSets.ms,1769795026321000000,1769795086317000000,0
workspaceModel.updates.count,1769795026321000000,1769795086317000000,0
workspaceModel.workspaceFileIndexData.updateDirtyEntities.ms,1769795026321000000,1769795086317000000,0
workspaceModel.workspaceFileIndexData.getPackageName.ms,1769795026321000000,1769795086317000000,0
workspaceModel.initializing.ms,1769795026321000000,1769795086317000000,0
workspaceModel.workspaceFileIndexData.markDirty.ms,1769795026321000000,1769795086317000000,0
workspaceModel.full.replace.project.model.ms,1769795026321000000,1769795086317000000,0
workspaceModel.on.before.changed.ms,1769795026321000000,1769795086317000000,0
workspaceModel.replace.project.model.ms,1769795026321000000,1769795086317000000,0
workspaceModel.workspaceFileIndexData.onEntitiesChanged.ms,1769795026321000000,1769795086317000000,0
workspaceModel.updates.ms,1769795026321000000,1769795086317000000,0
workspaceModel.on.changed.ms,1769795026321000000,1769795086317000000,0
workspaceModel.workspaceFileIndexData.getFileInfo.ms,1769795026321000000,1769795086317000000,123
workspaceModel.workspaceFileIndexContributor.registerFileSets.ms,1769795026321000000,1769795086317000000,0
workspaceModel.loading.total.ms,1769795026321000000,1769795086317000000,0
workspaceModel.init.bridges.ms,1769795026321000000,1769795086317000000,0
workspaceModel.updates.precise.ms,1769795026321000000,1769795086317000000,0
workspaceModel.cachedValueWithParameters.from.cache.count,1769795026321000000,1769795086317000000,0
workspaceModel.cachedValue.from.cache.count,1769795026321000000,1769795086317000000,61506
workspaceModel.cachedValue.calculated.count,1769795026321000000,1769795086317000000,0
workspaceModel.check.recursive.update.ms,1769795026321000000,1769795086317000000,0
workspaceModel.cachedValueWithParameters.clear.count,1769795026321000000,1769795086317000000,0
workspaceModel.cachedValue.total.get.count,1769795026321000000,1769795086317000000,61506
workspaceModel.workspaceFileIndexData.processFileSets.ms,1769795026321000000,1769795086317000000,0
workspaceModel.cachedValue.clear.count,1769795026321000000,1769795086317000000,0
workspaceModel.loading.from.cache.ms,1769795026321000000,1769795086317000000,0
lexer.HTML.size.bytes,1769795026321000000,1769795086317000000,13380
DiskQueryRelay.tasksExecuted,1769795026321000000,1769795086317000000,3
parser.PythonStub.size.bytes,1769795026321000000,1769795086317000000,7707
writeAction.max.wait.ms,1769795026321000000,1769795086317000000,345
lexer.PythonStub.time.ns,1769795026321000000,1769795086317000000,376131
lexer.PythonStub.size.bytes,1769795026321000000,1769795086317000000,7707
writeAction.wait.ms,1769795026321000000,1769795086317000000,7
lexer.HTML.time.ns,1769795026321000000,1769795086317000000,2892603
DiskQueryRelay.taskWaitingTotalTimeUs,1769795026321000000,1769795086317000000,244
DiskQueryRelay.taskExecutionTotalTimeUs,1769795026321000000,1769795086317000000,113
parser.HTML.time.ns,1769795026321000000,1769795086317000000,2979789
DiskQueryRelay.tasksRequested,1769795026321000000,1769795086317000000,3
parser.PythonStub.time.ns,1769795026321000000,1769795086317000000,1207430
lexer.Python.time.ns,1769795026321000000,1769795086317000000,61917069
writeAction.count,1769795026321000000,1769795086317000000,104
lexer.Python.size.bytes,1769795026321000000,1769795086317000000,367692
parser.Python.time.ns,1769795026321000000,1769795086317000000,223878220
writeAction.median.wait.ms,1769795026321000000,1769795086317000000,400
parser.Python.size.bytes,1769795026321000000,1769795086317000000,367692
parser.HTML.size.bytes,1769795026321000000,1769795086317000000,13380
workspaceModel.mutableEntityStorage.apply.changes.from.ms,1769795026321000000,1769795086317000000,0
workspaceModel.mutableEntityStorage.remove.entity.ms,1769795026321000000,1769795086317000000,0
jps.global.initialize.library.bridges.ms,1769795026321000000,1769795086317000000,0
jps.artifact.entities.serializer.save.entities.ms,1769795026321000000,1769795086317000000,0
jps.project.serializers.load.ms,1769795026321000000,1769795086317000000,0
jps.app.storage.content.writer.save.component.ms,1769795026321000000,1769795086317000000,0
jps.save.global.entities.ms,1769795026321000000,1769795086317000000,0
workspaceModel.mutableEntityStorage.replace.by.source.ms,1769795026321000000,1769795086317000000,0
workspaceModel.global.apply.state.to.project.builder.ms,1769795026321000000,1769795086317000000,0
jps.facet.change.listener.before.change.events.ms,1769795026321000000,1769795086317000000,0
workspaceModel.mutableEntityStorage.changeLog.addReplaceEventForNewParent.ms,1769795026321000000,1769795086317000000,0
workspaceModel.save.cache.to.file.ms,1769795026321000000,1769795086317000000,0
jps.project.serializers.save.ms,1769795026321000000,1769795086317000000,0
jps.global.get.library.ms,1769795026321000000,1769795086317000000,0
workspaceModel.mutableEntityStorage.referrers.ms,1769795026321000000,1769795086317000000,0
jps.global.get.libraries.ms,1769795026321000000,1769795086317000000,0
jps.global.handle.changed.events.ms,1769795026321000000,1769795086317000000,0
workspaceModel.mutableEntityStorage.put.entity.ms,1769795026321000000,1769795086317000000,0
workspaceModel.mutableEntityStorage.entities.ms,1769795026321000000,1769795086317000000,0
workspaceModel.moduleBridge.before.changed.ms,1769795026321000000,1769795086317000000,0
workspaceModel.moduleManagerBridge.get.modules.ms,1769795026321000000,1769795086317000000,0
jps.load.initial.state.ms,1769795026321000000,1769795086317000000,0
workspaceModel.delayed.project.synchronizer.sync.ms,1769795026321000000,1769795086317000000,0
jps.facet.change.listener.init.bridge.ms,1769795026321000000,1769795086317000000,0
jps.library.entities.serializer.load.entities.ms,1769795026321000000,1769795086317000000,0
jps.storage.jps.conf.reader.load.component.ms,1769795026321000000,1769795086317000000,0
jps.facet.change.listener.process.change.events.ms,1769795026321000000,1769795086317000000,0
jps.artifact.entities.serializer.load.entities.ms,1769795026321000000,1769795086317000000,0
jps.apply.loaded.storage.ms,1769795026321000000,1769795086317000000,0
jps.reload.project.entities.ms,1769795026321000000,1769795086317000000,0
workspaceModel.moduleManagerBridge.new.nonPersistent.module.ms,1769795026321000000,1769795086317000000,0
workspaceModel.mutableEntityStorage.changeLog.addReplaceEventForRemovedChild.ms,1769795026321000000,1769795086317000000,0
workspaceModel.mutableEntityStorage.entities.by.source.ms,1769795026321000000,1769795086317000000,0
workspaceModel.mutableEntityStorage.instances.count,1769795026321000000,1769795086317000000,0
jps.global.get.library.by.name.ms,1769795026321000000,1769795086317000000,0
workspaceModel.mutableEntityStorage.resolve.ms,1769795026321000000,1769795086317000000,0
workspaceModel.mutableEntityStorage.mutable.ext.mapping.ms,1769795026321000000,1769795086317000000,0
workspaceModel.moduleManagerBridge.create.module.instance.ms,1769795026321000000,1769795086317000000,0
workspaceModel.moduleBridgeLoader.loading.modules.ms,1769795026321000000,1769795086317000000,0
workspaceModel.moduleManagerBridge.set.unloadedModules.ms,1769795026321000000,1769795086317000000,0
workspaceModel.moduleBridge.update.option.ms,1769795026321000000,1769795086317000000,0
workspaceModel.mutableEntityStorage.add.entity.ms,1769795026321000000,1769795086317000000,0
workspaceModel.moduleManagerBridge.newModule.ms,1769795026321000000,1769795086317000000,0
jps.global.initialize.library.bridges.after.loading.ms,1769795026321000000,1769795086317000000,0
workspaceModel.global.apply.state.to.project.ms,1769795026321000000,1769795086317000000,0
workspaceModel.global.updates.ms,1769795026321000000,1769795086317000000,0
jps.app.storage.content.reader.load.component.ms,1769795026321000000,1769795086317000000,0
jps.save.changed.project.entities.ms,1769795026321000000,1769795086317000000,0
jps.module.iml.entities.serializer.save.entities.ms,1769795026321000000,1769795086317000000,0
jps.global.handle.before.change.events.ms,1769795026321000000,1769795086317000000,0
workspaceModel.global.updates.count,1769795026321000000,1769795086317000000,0
jps.module.iml.entities.serializer.load.entities.ms,1769795026321000000,1769795086317000000,0
jps.load.project.to.empty.storage.ms,1769795026321000000,1769795086317000000,0
workspaceModel.mutableEntityStorage.collect.changes.ms,1769795026321000000,1769795086317000000,0
workspaceModel.do.save.caches.ms,1769795026321000000,1769795086317000000,0
workspaceModel.moduleBridge.facet.initialization.ms,1769795026321000000,1769795086317000000,0
jps.library.entities.serializer.save.entities.ms,1769795026321000000,1769795086317000000,0
workspaceModel.mutableEntityStorage.has.same.entities.ms,1769795026321000000,1769795086317000000,0
workspaceModel.mutableEntityStorage.modify.entity.ms,1769795026321000000,1769795086317000000,0
workspaceModel.load.cache.metadata.from.file.ms,1769795026321000000,1769795086317000000,0
workspaceModel.load.cache.from.file.ms,1769795026321000000,1769795086317000000,0
workspaceModel.sync.entities.ms,1769795026321000000,1769795086317000000,0
workspaceModel.mutableEntityStorage.changeLog.addReplaceEventForRemovedParent.ms,1769795026321000000,1769795086317000000,0
workspaceModel.mutableEntityStorage.changeLog.addReplaceEventForNewChild.ms,1769795026321000000,1769795086317000000,0
workspaceModel.mutableEntityStorage.to.snapshot.ms,1769795026321000000,1769795086317000000,0
jps.module.dependency.index.workspace.model.listener.on.changed.ms,1769795026321000000,1769795086317000000,0
workspaceModel.moduleManagerBridge.load.all.modules.ms,1769795026321000000,1769795086317000000,0
workspaceModel.moduleManagerBridge.load.module.ms,1769795026321000000,1769795086317000000,0
workspaceModel.moduleManagerBridge.build.module.graph.ms,1769795026321000000,1769795086317000000,0
workspaceModel.mutableEntityStorage.mutable.vfurl.index.ms,1769795026321000000,1769795086317000000,0
workspaceModel.orphan.listener.update.ms,1769795026321000000,1769795086317000000,0
VFS.contentStorage.recordsRead,1769795026321000000,1769795086317000000,212
FileNameCache.queries,1769795026321000000,1769795086317000000,129472
VFS.contentStorage.recordsStored,1769795026321000000,1769795086317000000,0
VFS.fileByIdCache.hits,1769795026321000000,1769795086317000000,0
VFS.contentStorage.recordsReadDecompressed,1769795026321000000,1769795086317000000,0
VFS.fileByIdCache.misses,1769795026321000000,1769795086317000000,27396
VFS.contentStorage.recordsStoredSize,1769795026321000000,1769795086317000000,0
VFS.contentStorage.recordsStoredCompressed,1769795026321000000,1769795086317000000,0
VFS.contentStorage.recordsDeduplicated,1769795026321000000,1769795086317000000,0
VFS.invertedFileNameIndex.requests,1769795026321000000,1769795086317000000,0
VFS.contentStorage.recordsDecompressionTimeUs,1769795026321000000,1769795086317000000,0
VFS.contentStorage.recordsReadSize,1769795026321000000,1769795086317000000,995301
FileNameCache.totalMisses,1769795026321000000,1769795086317000000,0
VFS.fileChildByName,1769795026321000000,1769795086317000000,46488
VFS.contentStorage.recordsUncompressedSize,1769795026321000000,1769795086317000000,0
sorting.items.1,1769795026321000000,1769795086317000000,145
sorting.items.13,1769795026321000000,1769795086317000000,3
sorting.items.14,1769795026321000000,1769795086317000000,9
sorting.time.12,1769795026321000000,1769795086317000000,1
model.items.2,1769795026321000000,1769795086317000000,79
model.items.13,1769795026321000000,1769795086317000000,3
model.time.5,1769795026321000000,1769795086317000000,3
sorting.items.2,1769795026321000000,1769795086317000000,79
model.items.11,1769795026321000000,1769795086317000000,3
sorting.items.7,1769795026321000000,1769795086317000000,85
model.items.1,1769795026321000000,1769795086317000000,145
model.items.7,1769795026321000000,1769795086317000000,85
model.time.2,1769795026321000000,1769795086317000000,3
sorting.time.9,1769795026321000000,1769795086317000000,3
sorting.time.13,1769795026321000000,1769795086317000000,2
model.items.0,1769795026321000000,1769795086317000000,438
model.time.0,1769795026321000000,1769795086317000000,21
sorting.items.12,1769795026321000000,1769795086317000000,9
sorting.items.5,1769795026321000000,1769795086317000000,89
model.time.9,1769795026321000000,1769795086317000000,1
sorting.time.1,1769795026321000000,1769795086317000000,14
sorting.items.9,1769795026321000000,1769795086317000000,27
model.items.9,1769795026321000000,1769795086317000000,27
model.time.7,1769795026321000000,1769795086317000000,3
sorting.time.2,1769795026321000000,1769795086317000000,9
model.items.5,1769795026321000000,1769795086317000000,89
sorting.time.5,1769795026321000000,1769795086317000000,8
sorting.items.11,1769795026321000000,1769795086317000000,3
model.time.3,1769795026321000000,1769795086317000000,18
sorting.time.7,1769795026321000000,1769795086317000000,9
model.items.3,1769795026321000000,1769795086317000000,421
sorting.items.0,1769795026321000000,1769795086317000000,438
model.items.12,1769795026321000000,1769795086317000000,9
sorting.time.11,1769795026321000000,1769795086317000000,1
sorting.time.3,1769795026321000000,1769795086317000000,27
sorting.time.4,1769795026321000000,1769795086317000000,1
sorting.time.0,1769795026321000000,1769795086317000000,38
sorting.items.3,1769795026321000000,1769795086317000000,421
sorting.time.14,1769795026321000000,1769795086317000000,2
reordered.by.ml,1769795026321000000,1769795086317000000,71
model.time.1,1769795026321000000,1769795086317000000,8
model.items.14,1769795026321000000,1769795086317000000,9
FilePageCacheLockFree.housekeeperTurnsSkipped,1769795086317000000,1769795146316000000,0
DirectByteBufferAllocator.reclaimed,1769795086317000000,1769795146316000000,0
StorageLockContext.competingThreads.avg,1769795086317000000,1769795146316000000,0.0
FilePageCacheLockFree.housekeeperTurnsDone,1769795086317000000,1769795146316000000,0
FilePageCache.totalPageLoadsUs,1769795086317000000,1769795146316000000,1933
StreamlinedBlobStorage.recordsRelocated,1769795086317000000,1769795146316000000,0
StorageLockContext.competingThreads.90P,1769795086317000000,1769795146316000000,0
FilePageCache.disposedBuffers,1769795086317000000,1769795146316000000,0
MappedFileStorage.totalBytesMapped,1769795086317000000,1769795146316000000,261357568
FilePageCacheLockFree.totalHeapBytesAllocated,1769795086317000000,1769795146316000000,0
FilePageCacheLockFree.totalPagesReadMs,1769795086317000000,1769795146316000000,0
FilePageCacheLockFree.totalPageAllocationsWaited,1769795086317000000,1769795146316000000,0
FilePageCacheLockFree.totalBytesRead,1769795086317000000,1769795146316000000,0
FilePageCache.totalPageDisposalsUs,1769795086317000000,1769795146316000000,8
FilePageCache.pageHits,1769795086317000000,1769795146316000000,61
MappedFileStorage.storages,1769795086317000000,1769795146316000000,16
StreamlinedBlobStorage.recordsAllocated,1769795086317000000,1769795146316000000,0
DirectByteBufferAllocator.misses,1769795086317000000,1769795146316000000,3
DirectByteBufferAllocator.hits,1769795086317000000,1769795146316000000,0
DirectByteBufferAllocator.totalSizeOfBuffersCachedInBytes,1769795086317000000,1769795146316000000,0
StreamlinedBlobStorage.totalLiveRecordsCapacityBytes,1769795086317000000,1769795146316000000,0
FilePageCache.uncachedFileAccess,1769795086317000000,1769795146316000000,12
FilePageCacheLockFree.totalPagesHandedOver,1769795086317000000,1769795146316000000,0
FilePageCacheLockFree.totalBytesRequested,1769795086317000000,1769795146316000000,0
FilePageCacheLockFree.totalPagesWritten,1769795086317000000,1769795146316000000,0
DirectByteBufferAllocator.totalSizeOfBuffersAllocatedInBytes,1769795086317000000,1769795146316000000,163602432
FilePageCache.capacityInBytes,1769795086317000000,1769795146316000000,503316478
StorageLockContext.competingThreads.max,1769795086317000000,1769795146316000000,0
FilePageCacheLockFree.housekeeperTimeSpentMs,1769795086317000000,1769795146316000000,0
FilePageCache.pageLoadsAboveSizeThreshold,1769795086317000000,1769795146316000000,0
FilePageCache.pageFastCacheHits,1769795086317000000,1769795146316000000,4860
FilePageCacheLockFree.totalNativeBytesReclaimed,1769795086317000000,1769795146316000000,0
MappedFileStorage.totalTimeSpentOnMappingUs,1769795086317000000,1769795146316000000,12186
FilePageCacheLockFree.heapBytesInUse,1769795086317000000,1769795146316000000,0
FileChannelInterruptsRetryer.totalRetriedAttempts,1769795086317000000,1769795146316000000,0
MappedFileStorage.totalPagesMapped,1769795086317000000,1769795146316000000,21
FilePageCacheLockFree.totalPagesWriteMs,1769795086317000000,1769795146316000000,0
StreamlinedBlobStorage.totalLiveRecordsPayloadBytes,1769795086317000000,1769795146316000000,0
FilePageCacheLockFree.nativeBytesInUse,1769795086317000000,1769795146316000000,0
FilePageCache.maxCacheSizeInBytes,1769795086317000000,1769795146316000000,163602432
FilePageCacheLockFree.totalPagesReclaimed,1769795086317000000,1769795146316000000,0
FilePageCacheLockFree.totalNativeBytesAllocated,1769795086317000000,1769795146316000000,0
FilePageCache.pageLoads,1769795086317000000,1769795146316000000,3
FilePageCacheLockFree.totalPagesRequested,1769795086317000000,1769795146316000000,0
FilePageCache.maxRegisteredFiles,1769795086317000000,1769795146316000000,252
FilePageCacheLockFree.totalHeapBytesReclaimed,1769795086317000000,1769795146316000000,0
FilePageCacheLockFree.totalPagesAllocated,1769795086317000000,1769795146316000000,0
FilePageCacheLockFree.totalPagesRequestsMs,1769795086317000000,1769795146316000000,0
StreamlinedBlobStorage.recordsDeleted,1769795086317000000,1769795146316000000,0
FilePageCacheLockFree.totalClosedStoragesReclaimed,1769795086317000000,1769795146316000000,0
DirectByteBufferAllocator.disposed,1769795086317000000,1769795146316000000,0
FilePageCacheLockFree.totalBytesWritten,1769795086317000000,1769795146316000000,0
IndexesFlusher.totalFlushingTimeUs,1769795086317000000,1769795146316000000,41530
Indexes.stubs.lookups,1769795086317000000,1769795146316000000,527
Indexes.entries.lookups,1769795086317000000,1769795146316000000,528
Indexing.writer_3.totalTimeSpentWritingMs,1769795086317000000,1769795146316000000,0
Indexes.entries.lookupDuration90PMs,1769795086317000000,1769795146316000000,0.0
Indexing.cache.totalCacheAccesses,1769795086317000000,1769795146316000000,3627
Indexes.allKeys.lookups,1769795086317000000,1769795146316000000,0
Indexing.cache.totalCacheEvicted,1769795086317000000,1769795146316000000,1756
Indexes.entries.lookupDurationAvgMs,1769795086317000000,1769795146316000000,0.0
Indexing.writer_1.totalTimeSpentWritingMs,1769795086317000000,1769795146316000000,0
Indexes.allKeys.lookupDuration90PMs,1769795086317000000,1769795146316000000,0.0
IndexesFlusher.totalFlushes,1769795086317000000,1769795146316000000,60
Indexes.stubs.lookupDurationAvgMs,1769795086317000000,1769795146316000000,0.0
Indexing.writer_0.totalTimeSpentWritingMs,1769795086317000000,1769795146316000000,0
Indexing.cache.totalCacheMisses,1769795086317000000,1769795146316000000,2032
Indexing.totalTimeIndexersSleptMs,1769795086317000000,1769795146316000000,0
Indexing.writer_2.totalTimeSpentWritingMs,1769795086317000000,1769795146316000000,0
Indexes.stubs.lookupDurationMaxMs,1769795086317000000,1769795146316000000,0.0
Indexes.stubs.lookupDuration90PMs,1769795086317000000,1769795146316000000,0.0
Indexes.allKeys.lookupDurationAvgMs,1769795086317000000,1769795146316000000,0.0
Indexing.writesQueuedMax,1769795086317000000,1769795146316000000,0
IndexesFlusher.totalFlushesRetried,1769795086317000000,1769795146316000000,0
Indexing.writesQueuedMin,1769795086317000000,1769795146316000000,9223372036854775807
Indexes.entries.lookupDurationMaxMs,1769795086317000000,1769795146316000000,0.0
Indexes.allKeys.lookupDurationMaxMs,1769795086317000000,1769795146316000000,0.0
IndexesFlusher.totalContentionQuotaSpent,1769795086317000000,1769795146316000000,0
WriteAction.executionsCount,1769795086317000000,1769795146316000000,103
AWTEventQueue.dispatchTimeMaxNs,1769795086317000000,1769795146316000000,0
FlushQueue.queueSizeMax,1769795086317000000,1769795146316000000,0
AWTEventQueue.dispatchTimeTotalNS,1769795086317000000,1769795146316000000,2168028031
FlushQueue.queueSize90P,1769795086317000000,1769795146316000000,0
FlushQueue.tasksExecuted,1769795086317000000,1769795146316000000,0
NonBlockingReadAction.failedExecutionTimeUs,1769795086317000000,1769795146316000000,110
NonBlockingReadAction.finalizedExecutionsCount,1769795086317000000,1769795146316000000,424
ReadAction.executionsCount,1769795086317000000,1769795146316000000,249674
FlushQueue.queueSizeAvg,1769795086317000000,1769795146316000000,0.0
NonBlockingReadAction.finalizedExecutionTimeUs,1769795086317000000,1769795146316000000,170211
FlushQueue.waitingTimeAvgNs,1769795086317000000,1769795146316000000,0.0
FlushQueue.waitingTimeMaxNs,1769795086317000000,1769795146316000000,0
FlushQueue.waitingTime90PNs,1769795086317000000,1769795146316000000,0
NonBlockingReadAction.failedExecutionsCount,1769795086317000000,1769795146316000000,1
FlushQueue.executionTime90PNs,1769795086317000000,1769795146316000000,0
AWTEventQueue.dispatchTime90PNs,1769795086317000000,1769795146316000000,0
FlushQueue.executionTimeMaxNs,1769795086317000000,1769795146316000000,0
FlushQueue.executionTimeAvgNs,1769795086317000000,1769795146316000000,0.0
AWTEventQueue.dispatchTimeAvgNs,1769795086317000000,1769795146316000000,0.0
AWTEventQueue.eventsDispatched,1769795086317000000,1769795146316000000,0
JVM.totalBytesAllocated,1769795086317000000,1769795146316000000,3658432312
JVM.threadCount,1769795086317000000,1769795146316000000,127
JVM.totalTimeAtSafepointsMs,1769795086317000000,1769795146316000000,301
JVM.GC.collections,1769795086317000000,1769795146316000000,15
OS.loadAverage,1769795086317000000,1769795146316000000,2.26611328125
JVM.totalTimeToSafepointsMs,1769795086317000000,1769795146316000000,2
JVM.maxHeapBytes,1769795086317000000,1769795146316000000,4196401152
JVM.newThreadsCount,1769795086317000000,1769795146316000000,3
JVM.totalDirectByteBuffersBytes,1769795086317000000,1769795146316000000,167172828
JVM.totalSafepointCount,1769795086317000000,1769795146316000000,57
JVM.totalCpuTimeMs,1769795086317000000,1769795146316000000,29440
JVM.usedHeapBytes,1769795086317000000,1769795146316000000,875224472
JVM.GC.collectionTimesMs,1769795086317000000,1769795146316000000,293
JVM.maxThreadCount,1769795086317000000,1769795146316000000,145
JVM.usedNativeBytes,1769795086317000000,1769795146316000000,414688584
cacheStateStorage.get.counter,1769795086317000000,1769795146316000000,0
cacheStateStorage.get.duration,1769795086317000000,1769795146316000000,0
cacheStateStorage.set.duration,1769795086317000000,1769795146316000000,0
cacheStateStorage.set.counter,1769795086317000000,1769795146316000000,0
workspaceModel.workspaceFileIndexData.getDirectoriesByPackageName.ms,1769795086317000000,1769795146316000000,0
workspaceModel.entityStorageSnapshotImpl.instances.count,1769795086317000000,1769795146316000000,0
workspaceModel.cachedValueWithParameters.total.get.count,1769795086317000000,1769795146316000000,0
workspaceModel.update.unloaded.entities.ms,1769795086317000000,1769795146316000000,0
workspaceModel.to.snapshot.ms,1769795086317000000,1769795146316000000,0
workspaceModel.workspaceFileIndexData.instances.count,1769795086317000000,1769795146316000000,0
workspaceModel.workspaceFileIndexData.init.ms,1769795086317000000,1769795146316000000,0
workspaceModel.pre.handlers.ms,1769795086317000000,1769795146316000000,0
workspaceModel.collect.changes.ms,1769795086317000000,1769795146316000000,0
workspaceModel.cachedValueWithParameters.calculated.count,1769795086317000000,1769795146316000000,0
workspaceModel.workspaceFileIndexData.visitFileSets.ms,1769795086317000000,1769795146316000000,0
workspaceModel.updates.count,1769795086317000000,1769795146316000000,0
workspaceModel.workspaceFileIndexData.updateDirtyEntities.ms,1769795086317000000,1769795146316000000,0
workspaceModel.workspaceFileIndexData.getPackageName.ms,1769795086317000000,1769795146316000000,0
workspaceModel.initializing.ms,1769795086317000000,1769795146316000000,0
workspaceModel.workspaceFileIndexData.markDirty.ms,1769795086317000000,1769795146316000000,0
workspaceModel.full.replace.project.model.ms,1769795086317000000,1769795146316000000,0
workspaceModel.on.before.changed.ms,1769795086317000000,1769795146316000000,0
workspaceModel.replace.project.model.ms,1769795086317000000,1769795146316000000,0
workspaceModel.workspaceFileIndexData.onEntitiesChanged.ms,1769795086317000000,1769795146316000000,0
workspaceModel.updates.ms,1769795086317000000,1769795146316000000,0
workspaceModel.on.changed.ms,1769795086317000000,1769795146316000000,0
workspaceModel.workspaceFileIndexData.getFileInfo.ms,1769795086317000000,1769795146316000000,141
workspaceModel.workspaceFileIndexContributor.registerFileSets.ms,1769795086317000000,1769795146316000000,0
workspaceModel.loading.total.ms,1769795086317000000,1769795146316000000,0
workspaceModel.init.bridges.ms,1769795086317000000,1769795146316000000,0
workspaceModel.updates.precise.ms,1769795086317000000,1769795146316000000,0
workspaceModel.cachedValueWithParameters.from.cache.count,1769795086317000000,1769795146316000000,0
workspaceModel.cachedValue.from.cache.count,1769795086317000000,1769795146316000000,80865
workspaceModel.cachedValue.calculated.count,1769795086317000000,1769795146316000000,0
workspaceModel.check.recursive.update.ms,1769795086317000000,1769795146316000000,0
workspaceModel.cachedValueWithParameters.clear.count,1769795086317000000,1769795146316000000,0
workspaceModel.cachedValue.total.get.count,1769795086317000000,1769795146316000000,80865
workspaceModel.workspaceFileIndexData.processFileSets.ms,1769795086317000000,1769795146316000000,0
workspaceModel.cachedValue.clear.count,1769795086317000000,1769795146316000000,0
workspaceModel.loading.from.cache.ms,1769795086317000000,1769795146316000000,0
lexer.HTML.size.bytes,1769795086317000000,1769795146316000000,15610
DiskQueryRelay.tasksExecuted,1769795086317000000,1769795146316000000,2671
writeAction.max.wait.ms,1769795086317000000,1769795146316000000,345
writeAction.wait.ms,1769795086317000000,1769795146316000000,1
lexer.HTML.time.ns,1769795086317000000,1769795146316000000,2407106
DiskQueryRelay.taskWaitingTotalTimeUs,1769795086317000000,1769795146316000000,72018
DiskQueryRelay.taskExecutionTotalTimeUs,1769795086317000000,1769795146316000000,34842
parser.HTML.time.ns,1769795086317000000,1769795146316000000,2159600
DiskQueryRelay.tasksRequested,1769795086317000000,1769795146316000000,2671
lexer.Python.time.ns,1769795086317000000,1769795146316000000,115261513
writeAction.count,1769795086317000000,1769795146316000000,103
lexer.Python.size.bytes,1769795086317000000,1769795146316000000,456220
parser.Python.time.ns,1769795086317000000,1769795146316000000,320900362
writeAction.median.wait.ms,1769795086317000000,1769795146316000000,400
parser.Python.size.bytes,1769795086317000000,1769795146316000000,456220
parser.HTML.size.bytes,1769795086317000000,1769795146316000000,15610
workspaceModel.mutableEntityStorage.apply.changes.from.ms,1769795086317000000,1769795146316000000,0
workspaceModel.mutableEntityStorage.remove.entity.ms,1769795086317000000,1769795146316000000,0
jps.global.initialize.library.bridges.ms,1769795086317000000,1769795146316000000,0
jps.artifact.entities.serializer.save.entities.ms,1769795086317000000,1769795146316000000,0
jps.project.serializers.load.ms,1769795086317000000,1769795146316000000,0
jps.app.storage.content.writer.save.component.ms,1769795086317000000,1769795146316000000,3
jps.save.global.entities.ms,1769795086317000000,1769795146316000000,7
workspaceModel.mutableEntityStorage.replace.by.source.ms,1769795086317000000,1769795146316000000,0
workspaceModel.global.apply.state.to.project.builder.ms,1769795086317000000,1769795146316000000,0
jps.facet.change.listener.before.change.events.ms,1769795086317000000,1769795146316000000,0
workspaceModel.mutableEntityStorage.changeLog.addReplaceEventForNewParent.ms,1769795086317000000,1769795146316000000,0
workspaceModel.save.cache.to.file.ms,1769795086317000000,1769795146316000000,0
jps.project.serializers.save.ms,1769795086317000000,1769795146316000000,0
jps.global.get.library.ms,1769795086317000000,1769795146316000000,0
workspaceModel.mutableEntityStorage.referrers.ms,1769795086317000000,1769795146316000000,0
jps.global.get.libraries.ms,1769795086317000000,1769795146316000000,0
jps.global.handle.changed.events.ms,1769795086317000000,1769795146316000000,0
workspaceModel.mutableEntityStorage.put.entity.ms,1769795086317000000,1769795146316000000,0
workspaceModel.mutableEntityStorage.entities.ms,1769795086317000000,1769795146316000000,0
workspaceModel.moduleBridge.before.changed.ms,1769795086317000000,1769795146316000000,0
workspaceModel.moduleManagerBridge.get.modules.ms,1769795086317000000,1769795146316000000,0
jps.load.initial.state.ms,1769795086317000000,1769795146316000000,0
workspaceModel.delayed.project.synchronizer.sync.ms,1769795086317000000,1769795146316000000,0
jps.facet.change.listener.init.bridge.ms,1769795086317000000,1769795146316000000,0
jps.library.entities.serializer.load.entities.ms,1769795086317000000,1769795146316000000,0
jps.storage.jps.conf.reader.load.component.ms,1769795086317000000,1769795146316000000,0
jps.facet.change.listener.process.change.events.ms,1769795086317000000,1769795146316000000,0
jps.artifact.entities.serializer.load.entities.ms,1769795086317000000,1769795146316000000,0
jps.apply.loaded.storage.ms,1769795086317000000,1769795146316000000,0
jps.reload.project.entities.ms,1769795086317000000,1769795146316000000,0
workspaceModel.moduleManagerBridge.new.nonPersistent.module.ms,1769795086317000000,1769795146316000000,0
workspaceModel.mutableEntityStorage.changeLog.addReplaceEventForRemovedChild.ms,1769795086317000000,1769795146316000000,0
workspaceModel.mutableEntityStorage.entities.by.source.ms,1769795086317000000,1769795146316000000,0
workspaceModel.mutableEntityStorage.instances.count,1769795086317000000,1769795146316000000,0
jps.global.get.library.by.name.ms,1769795086317000000,1769795146316000000,0
workspaceModel.mutableEntityStorage.resolve.ms,1769795086317000000,1769795146316000000,0
workspaceModel.mutableEntityStorage.mutable.ext.mapping.ms,1769795086317000000,1769795146316000000,0
workspaceModel.moduleManagerBridge.create.module.instance.ms,1769795086317000000,1769795146316000000,0
workspaceModel.moduleBridgeLoader.loading.modules.ms,1769795086317000000,1769795146316000000,0
workspaceModel.moduleManagerBridge.set.unloadedModules.ms,1769795086317000000,1769795146316000000,0
workspaceModel.moduleBridge.update.option.ms,1769795086317000000,1769795146316000000,0
workspaceModel.mutableEntityStorage.add.entity.ms,1769795086317000000,1769795146316000000,0
workspaceModel.moduleManagerBridge.newModule.ms,1769795086317000000,1769795146316000000,0
jps.global.initialize.library.bridges.after.loading.ms,1769795086317000000,1769795146316000000,0
workspaceModel.global.apply.state.to.project.ms,1769795086317000000,1769795146316000000,0
workspaceModel.global.updates.ms,1769795086317000000,1769795146316000000,0
jps.app.storage.content.reader.load.component.ms,1769795086317000000,1769795146316000000,0
jps.save.changed.project.entities.ms,1769795086317000000,1769795146316000000,0
jps.module.iml.entities.serializer.save.entities.ms,1769795086317000000,1769795146316000000,0
jps.global.handle.before.change.events.ms,1769795086317000000,1769795146316000000,0
workspaceModel.global.updates.count,1769795086317000000,1769795146316000000,0
jps.module.iml.entities.serializer.load.entities.ms,1769795086317000000,1769795146316000000,0
jps.load.project.to.empty.storage.ms,1769795086317000000,1769795146316000000,0
workspaceModel.mutableEntityStorage.collect.changes.ms,1769795086317000000,1769795146316000000,0
workspaceModel.do.save.caches.ms,1769795086317000000,1769795146316000000,0
workspaceModel.moduleBridge.facet.initialization.ms,1769795086317000000,1769795146316000000,0
jps.library.entities.serializer.save.entities.ms,1769795086317000000,1769795146316000000,0
workspaceModel.mutableEntityStorage.has.same.entities.ms,1769795086317000000,1769795146316000000,0
workspaceModel.mutableEntityStorage.modify.entity.ms,1769795086317000000,1769795146316000000,0
workspaceModel.load.cache.metadata.from.file.ms,1769795086317000000,1769795146316000000,0
workspaceModel.load.cache.from.file.ms,1769795086317000000,1769795146316000000,0
workspaceModel.sync.entities.ms,1769795086317000000,1769795146316000000,0
workspaceModel.mutableEntityStorage.changeLog.addReplaceEventForRemovedParent.ms,1769795086317000000,1769795146316000000,0
workspaceModel.mutableEntityStorage.changeLog.addReplaceEventForNewChild.ms,1769795086317000000,1769795146316000000,0
workspaceModel.mutableEntityStorage.to.snapshot.ms,1769795086317000000,1769795146316000000,0
jps.module.dependency.index.workspace.model.listener.on.changed.ms,1769795086317000000,1769795146316000000,0
workspaceModel.moduleManagerBridge.load.all.modules.ms,1769795086317000000,1769795146316000000,0
workspaceModel.moduleManagerBridge.load.module.ms,1769795086317000000,1769795146316000000,0
workspaceModel.moduleManagerBridge.build.module.graph.ms,1769795086317000000,1769795146316000000,0
workspaceModel.mutableEntityStorage.mutable.vfurl.index.ms,1769795086317000000,1769795146316000000,0
workspaceModel.orphan.listener.update.ms,1769795086317000000,1769795146316000000,0
VFS.contentStorage.recordsRead,1769795086317000000,1769795146316000000,233
FileNameCache.queries,1769795086317000000,1769795146316000000,2984000
VFS.contentStorage.recordsStored,1769795086317000000,1769795146316000000,9
VFS.fileByIdCache.hits,1769795086317000000,1769795146316000000,0
VFS.contentStorage.recordsReadDecompressed,1769795086317000000,1769795146316000000,1
VFS.fileByIdCache.misses,1769795086317000000,1769795146316000000,30478
VFS.contentStorage.recordsStoredSize,1769795086317000000,1769795146316000000,16548
VFS.contentStorage.recordsStoredCompressed,1769795086317000000,1769795146316000000,0
VFS.contentStorage.recordsDeduplicated,1769795086317000000,1769795146316000000,1
VFS.invertedFileNameIndex.requests,1769795086317000000,1769795146316000000,0
VFS.contentStorage.recordsDecompressionTimeUs,1769795086317000000,1769795146316000000,20
VFS.contentStorage.recordsReadSize,1769795086317000000,1769795146316000000,1116193
FileNameCache.totalMisses,1769795086317000000,1769795146316000000,64
VFS.fileChildByName,1769795086317000000,1769795146316000000,141751
VFS.contentStorage.recordsUncompressedSize,1769795086317000000,1769795146316000000,16548
sorting.items.4,1769795086317000000,1769795146316000000,8
model.time.5,1769795086317000000,1769795146316000000,2
model.items.11,1769795086317000000,1769795146316000000,1
sorting.items.7,1769795086317000000,1769795146316000000,3
model.items.7,1769795086317000000,1769795146316000000,3
sorting.time.8,1769795086317000000,1769795146316000000,2
model.items.0,1769795086317000000,1769795146316000000,481
model.time.0,1769795086317000000,1769795146316000000,21
sorting.items.5,1769795086317000000,1769795146316000000,53
sorting.items.9,1769795086317000000,1769795146316000000,1
model.items.9,1769795086317000000,1769795146316000000,1
model.items.5,1769795086317000000,1769795146316000000,53
model.items.4,1769795086317000000,1769795146316000000,8
sorting.time.5,1769795086317000000,1769795146316000000,7
sorting.items.11,1769795086317000000,1769795146316000000,1
sorting.time.7,1769795086317000000,1769795146316000000,2
sorting.items.0,1769795086317000000,1769795146316000000,481
sorting.time.11,1769795086317000000,1769795146316000000,1
sorting.time.0,1769795086317000000,1769795146316000000,37
reordered.by.ml,1769795086317000000,1769795146316000000,59
FilePageCacheLockFree.housekeeperTurnsSkipped,1769795146316000000,1769795206316000000,0
DirectByteBufferAllocator.reclaimed,1769795146316000000,1769795206316000000,0
StorageLockContext.competingThreads.avg,1769795146316000000,1769795206316000000,0.0
FilePageCacheLockFree.housekeeperTurnsDone,1769795146316000000,1769795206316000000,0
FilePageCache.totalPageLoadsUs,1769795146316000000,1769795206316000000,854
StreamlinedBlobStorage.recordsRelocated,1769795146316000000,1769795206316000000,0
StorageLockContext.competingThreads.90P,1769795146316000000,1769795206316000000,0
FilePageCache.disposedBuffers,1769795146316000000,1769795206316000000,0
MappedFileStorage.totalBytesMapped,1769795146316000000,1769795206316000000,261357568
FilePageCacheLockFree.totalHeapBytesAllocated,1769795146316000000,1769795206316000000,0
FilePageCacheLockFree.totalPagesReadMs,1769795146316000000,1769795206316000000,0
FilePageCacheLockFree.totalPageAllocationsWaited,1769795146316000000,1769795206316000000,0
FilePageCacheLockFree.totalBytesRead,1769795146316000000,1769795206316000000,0
FilePageCache.totalPageDisposalsUs,1769795146316000000,1769795206316000000,4
FilePageCache.pageHits,1769795146316000000,1769795206316000000,87
MappedFileStorage.storages,1769795146316000000,1769795206316000000,16
StreamlinedBlobStorage.recordsAllocated,1769795146316000000,1769795206316000000,0
DirectByteBufferAllocator.misses,1769795146316000000,1769795206316000000,1
DirectByteBufferAllocator.hits,1769795146316000000,1769795206316000000,0
DirectByteBufferAllocator.totalSizeOfBuffersCachedInBytes,1769795146316000000,1769795206316000000,0
StreamlinedBlobStorage.totalLiveRecordsCapacityBytes,1769795146316000000,1769795206316000000,0
FilePageCache.uncachedFileAccess,1769795146316000000,1769795206316000000,9
FilePageCacheLockFree.totalPagesHandedOver,1769795146316000000,1769795206316000000,0
FilePageCacheLockFree.totalBytesRequested,1769795146316000000,1769795206316000000,0
FilePageCacheLockFree.totalPagesWritten,1769795146316000000,1769795206316000000,0
DirectByteBufferAllocator.totalSizeOfBuffersAllocatedInBytes,1769795146316000000,1769795206316000000,164651008
FilePageCache.capacityInBytes,1769795146316000000,1769795206316000000,503316478
StorageLockContext.competingThreads.max,1769795146316000000,1769795206316000000,0
FilePageCacheLockFree.housekeeperTimeSpentMs,1769795146316000000,1769795206316000000,0
FilePageCache.pageLoadsAboveSizeThreshold,1769795146316000000,1769795206316000000,0
FilePageCache.pageFastCacheHits,1769795146316000000,1769795206316000000,2059
FilePageCacheLockFree.totalNativeBytesReclaimed,1769795146316000000,1769795206316000000,0
MappedFileStorage.totalTimeSpentOnMappingUs,1769795146316000000,1769795206316000000,12186
FilePageCacheLockFree.heapBytesInUse,1769795146316000000,1769795206316000000,0
FileChannelInterruptsRetryer.totalRetriedAttempts,1769795146316000000,1769795206316000000,0
MappedFileStorage.totalPagesMapped,1769795146316000000,1769795206316000000,21
FilePageCacheLockFree.totalPagesWriteMs,1769795146316000000,1769795206316000000,0
StreamlinedBlobStorage.totalLiveRecordsPayloadBytes,1769795146316000000,1769795206316000000,0
FilePageCacheLockFree.nativeBytesInUse,1769795146316000000,1769795206316000000,0
FilePageCache.maxCacheSizeInBytes,1769795146316000000,1769795206316000000,164651008
FilePageCacheLockFree.totalPagesReclaimed,1769795146316000000,1769795206316000000,0
FilePageCacheLockFree.totalNativeBytesAllocated,1769795146316000000,1769795206316000000,0
FilePageCache.pageLoads,1769795146316000000,1769795206316000000,1
FilePageCacheLockFree.totalPagesRequested,1769795146316000000,1769795206316000000,0
FilePageCache.maxRegisteredFiles,1769795146316000000,1769795206316000000,252
FilePageCacheLockFree.totalHeapBytesReclaimed,1769795146316000000,1769795206316000000,0
FilePageCacheLockFree.totalPagesAllocated,1769795146316000000,1769795206316000000,0
FilePageCacheLockFree.totalPagesRequestsMs,1769795146316000000,1769795206316000000,0
StreamlinedBlobStorage.recordsDeleted,1769795146316000000,1769795206316000000,0
FilePageCacheLockFree.totalClosedStoragesReclaimed,1769795146316000000,1769795206316000000,0
DirectByteBufferAllocator.disposed,1769795146316000000,1769795206316000000,0
FilePageCacheLockFree.totalBytesWritten,1769795146316000000,1769795206316000000,0
IndexesFlusher.totalFlushingTimeUs,1769795146316000000,1769795206316000000,38121
Indexes.stubs.lookups,1769795146316000000,1769795206316000000,183
Indexes.entries.lookups,1769795146316000000,1769795206316000000,686
Indexing.writer_3.totalTimeSpentWritingMs,1769795146316000000,1769795206316000000,0
Indexes.entries.lookupDuration90PMs,1769795146316000000,1769795206316000000,0.0
Indexing.cache.totalCacheAccesses,1769795146316000000,1769795206316000000,2438
Indexes.allKeys.lookups,1769795146316000000,1769795206316000000,0
Indexing.cache.totalCacheEvicted,1769795146316000000,1769795206316000000,951
Indexes.entries.lookupDurationAvgMs,1769795146316000000,1769795206316000000,0.0
Indexing.writer_1.totalTimeSpentWritingMs,1769795146316000000,1769795206316000000,0
Indexes.allKeys.lookupDuration90PMs,1769795146316000000,1769795206316000000,0.0
IndexesFlusher.totalFlushes,1769795146316000000,1769795206316000000,60
Indexes.stubs.lookupDurationAvgMs,1769795146316000000,1769795206316000000,0.0
Indexing.writer_0.totalTimeSpentWritingMs,1769795146316000000,1769795206316000000,0
Indexing.cache.totalCacheMisses,1769795146316000000,1769795206316000000,986
Indexing.totalTimeIndexersSleptMs,1769795146316000000,1769795206316000000,0
Indexing.writer_2.totalTimeSpentWritingMs,1769795146316000000,1769795206316000000,0
Indexes.stubs.lookupDurationMaxMs,1769795146316000000,1769795206316000000,0.0
Indexes.stubs.lookupDuration90PMs,1769795146316000000,1769795206316000000,0.0
Indexes.allKeys.lookupDurationAvgMs,1769795146316000000,1769795206316000000,0.0
Indexing.writesQueuedMax,1769795146316000000,1769795206316000000,0
IndexesFlusher.totalFlushesRetried,1769795146316000000,1769795206316000000,0
Indexing.writesQueuedMin,1769795146316000000,1769795206316000000,9223372036854775807
Indexes.entries.lookupDurationMaxMs,1769795146316000000,1769795206316000000,0.0
Indexes.allKeys.lookupDurationMaxMs,1769795146316000000,1769795206316000000,0.0
IndexesFlusher.totalContentionQuotaSpent,1769795146316000000,1769795206316000000,0
WriteAction.executionsCount,1769795146316000000,1769795206316000000,102
AWTEventQueue.dispatchTimeMaxNs,1769795146316000000,1769795206316000000,0
FlushQueue.queueSizeMax,1769795146316000000,1769795206316000000,0
AWTEventQueue.dispatchTimeTotalNS,1769795146316000000,1769795206316000000,1854319297
FlushQueue.queueSize90P,1769795146316000000,1769795206316000000,0
FlushQueue.tasksExecuted,1769795146316000000,1769795206316000000,0
NonBlockingReadAction.failedExecutionTimeUs,1769795146316000000,1769795206316000000,0
NonBlockingReadAction.finalizedExecutionsCount,1769795146316000000,1769795206316000000,245
ReadAction.executionsCount,1769795146316000000,1769795206316000000,272465
FlushQueue.queueSizeAvg,1769795146316000000,1769795206316000000,0.0
NonBlockingReadAction.finalizedExecutionTimeUs,1769795146316000000,1769795206316000000,329197
FlushQueue.waitingTimeAvgNs,1769795146316000000,1769795206316000000,0.0
FlushQueue.waitingTimeMaxNs,1769795146316000000,1769795206316000000,0
FlushQueue.waitingTime90PNs,1769795146316000000,1769795206316000000,0
NonBlockingReadAction.failedExecutionsCount,1769795146316000000,1769795206316000000,0
FlushQueue.executionTime90PNs,1769795146316000000,1769795206316000000,0
AWTEventQueue.dispatchTime90PNs,1769795146316000000,1769795206316000000,0
FlushQueue.executionTimeMaxNs,1769795146316000000,1769795206316000000,0
FlushQueue.executionTimeAvgNs,1769795146316000000,1769795206316000000,0.0
AWTEventQueue.dispatchTimeAvgNs,1769795146316000000,1769795206316000000,0.0
AWTEventQueue.eventsDispatched,1769795146316000000,1769795206316000000,0
JVM.totalBytesAllocated,1769795146316000000,1769795206316000000,4646722528
JVM.threadCount,1769795146316000000,1769795206316000000,128
JVM.totalTimeAtSafepointsMs,1769795146316000000,1769795206316000000,295
JVM.GC.collections,1769795146316000000,1769795206316000000,15
OS.loadAverage,1769795146316000000,1769795206316000000,2.20263671875
JVM.totalTimeToSafepointsMs,1769795146316000000,1769795206316000000,2
JVM.maxHeapBytes,1769795146316000000,1769795206316000000,4196401152
JVM.newThreadsCount,1769795146316000000,1769795206316000000,1
JVM.totalDirectByteBuffersBytes,1769795146316000000,1769795206316000000,168308527
JVM.totalSafepointCount,1769795146316000000,1769795206316000000,53
JVM.totalCpuTimeMs,1769795146316000000,1769795206316000000,31240
JVM.usedHeapBytes,1769795146316000000,1769795206316000000,1320700512
JVM.GC.collectionTimesMs,1769795146316000000,1769795206316000000,292
JVM.maxThreadCount,1769795146316000000,1769795206316000000,145
JVM.usedNativeBytes,1769795146316000000,1769795206316000000,421942440
cacheStateStorage.get.counter,1769795146316000000,1769795206316000000,0
cacheStateStorage.get.duration,1769795146316000000,1769795206316000000,0
cacheStateStorage.set.duration,1769795146316000000,1769795206316000000,0
cacheStateStorage.set.counter,1769795146316000000,1769795206316000000,0
workspaceModel.workspaceFileIndexData.getDirectoriesByPackageName.ms,1769795146316000000,1769795206316000000,0
workspaceModel.entityStorageSnapshotImpl.instances.count,1769795146316000000,1769795206316000000,0
workspaceModel.cachedValueWithParameters.total.get.count,1769795146316000000,1769795206316000000,0
workspaceModel.update.unloaded.entities.ms,1769795146316000000,1769795206316000000,0
workspaceModel.to.snapshot.ms,1769795146316000000,1769795206316000000,0
workspaceModel.workspaceFileIndexData.instances.count,1769795146316000000,1769795206316000000,0
workspaceModel.workspaceFileIndexData.init.ms,1769795146316000000,1769795206316000000,0
workspaceModel.pre.handlers.ms,1769795146316000000,1769795206316000000,0
workspaceModel.collect.changes.ms,1769795146316000000,1769795206316000000,0
workspaceModel.cachedValueWithParameters.calculated.count,1769795146316000000,1769795206316000000,0
workspaceModel.workspaceFileIndexData.visitFileSets.ms,1769795146316000000,1769795206316000000,0
workspaceModel.updates.count,1769795146316000000,1769795206316000000,0
workspaceModel.workspaceFileIndexData.updateDirtyEntities.ms,1769795146316000000,1769795206316000000,0
workspaceModel.workspaceFileIndexData.getPackageName.ms,1769795146316000000,1769795206316000000,0
workspaceModel.initializing.ms,1769795146316000000,1769795206316000000,0
workspaceModel.workspaceFileIndexData.markDirty.ms,1769795146316000000,1769795206316000000,0
workspaceModel.full.replace.project.model.ms,1769795146316000000,1769795206316000000,0
workspaceModel.on.before.changed.ms,1769795146316000000,1769795206316000000,0
workspaceModel.replace.project.model.ms,1769795146316000000,1769795206316000000,0
workspaceModel.workspaceFileIndexData.onEntitiesChanged.ms,1769795146316000000,1769795206316000000,0
workspaceModel.updates.ms,1769795146316000000,1769795206316000000,0
workspaceModel.on.changed.ms,1769795146316000000,1769795206316000000,0
workspaceModel.workspaceFileIndexData.getFileInfo.ms,1769795146316000000,1769795206316000000,160
workspaceModel.workspaceFileIndexContributor.registerFileSets.ms,1769795146316000000,1769795206316000000,0
workspaceModel.loading.total.ms,1769795146316000000,1769795206316000000,0
workspaceModel.init.bridges.ms,1769795146316000000,1769795206316000000,0
workspaceModel.updates.precise.ms,1769795146316000000,1769795206316000000,0
workspaceModel.cachedValueWithParameters.from.cache.count,1769795146316000000,1769795206316000000,0
workspaceModel.cachedValue.from.cache.count,1769795146316000000,1769795206316000000,103846
workspaceModel.cachedValue.calculated.count,1769795146316000000,1769795206316000000,0
workspaceModel.check.recursive.update.ms,1769795146316000000,1769795206316000000,0
workspaceModel.cachedValueWithParameters.clear.count,1769795146316000000,1769795206316000000,0
workspaceModel.cachedValue.total.get.count,1769795146316000000,1769795206316000000,103846
workspaceModel.workspaceFileIndexData.processFileSets.ms,1769795146316000000,1769795206316000000,0
workspaceModel.cachedValue.clear.count,1769795146316000000,1769795206316000000,0
workspaceModel.loading.from.cache.ms,1769795146316000000,1769795206316000000,0
lexer.HTML.size.bytes,1769795146316000000,1769795206316000000,15610
DiskQueryRelay.tasksExecuted,1769795146316000000,1769795206316000000,6111
parser.PythonStub.size.bytes,1769795146316000000,1769795206316000000,1260
writeAction.max.wait.ms,1769795146316000000,1769795206316000000,345
lexer.PythonStub.time.ns,1769795146316000000,1769795206316000000,111821
lexer.PythonStub.size.bytes,1769795146316000000,1769795206316000000,1260
writeAction.wait.ms,1769795146316000000,1769795206316000000,3
lexer.HTML.time.ns,1769795146316000000,1769795206316000000,2817485
DiskQueryRelay.taskWaitingTotalTimeUs,1769795146316000000,1769795206316000000,70354
DiskQueryRelay.taskExecutionTotalTimeUs,1769795146316000000,1769795206316000000,69470
parser.HTML.time.ns,1769795146316000000,1769795206316000000,2203795
DiskQueryRelay.tasksRequested,1769795146316000000,1769795206316000000,6111
parser.PythonStub.time.ns,1769795146316000000,1769795206316000000,407009
lexer.Python.time.ns,1769795146316000000,1769795206316000000,111577985
writeAction.count,1769795146316000000,1769795206316000000,102
lexer.Python.size.bytes,1769795146316000000,1769795206316000000,614145
parser.Python.time.ns,1769795146316000000,1769795206316000000,358540305
writeAction.median.wait.ms,1769795146316000000,1769795206316000000,400
parser.Python.size.bytes,1769795146316000000,1769795206316000000,614145
parser.HTML.size.bytes,1769795146316000000,1769795206316000000,15610
workspaceModel.mutableEntityStorage.apply.changes.from.ms,1769795146316000000,1769795206316000000,0
workspaceModel.mutableEntityStorage.remove.entity.ms,1769795146316000000,1769795206316000000,0
jps.global.initialize.library.bridges.ms,1769795146316000000,1769795206316000000,0
jps.artifact.entities.serializer.save.entities.ms,1769795146316000000,1769795206316000000,0
jps.project.serializers.load.ms,1769795146316000000,1769795206316000000,0
jps.app.storage.content.writer.save.component.ms,1769795146316000000,1769795206316000000,1
jps.save.global.entities.ms,1769795146316000000,1769795206316000000,2
workspaceModel.mutableEntityStorage.replace.by.source.ms,1769795146316000000,1769795206316000000,0
workspaceModel.global.apply.state.to.project.builder.ms,1769795146316000000,1769795206316000000,0
jps.facet.change.listener.before.change.events.ms,1769795146316000000,1769795206316000000,0
workspaceModel.mutableEntityStorage.changeLog.addReplaceEventForNewParent.ms,1769795146316000000,1769795206316000000,0
workspaceModel.save.cache.to.file.ms,1769795146316000000,1769795206316000000,0
jps.project.serializers.save.ms,1769795146316000000,1769795206316000000,0
jps.global.get.library.ms,1769795146316000000,1769795206316000000,0
workspaceModel.mutableEntityStorage.referrers.ms,1769795146316000000,1769795206316000000,0
jps.global.get.libraries.ms,1769795146316000000,1769795206316000000,0
jps.global.handle.changed.events.ms,1769795146316000000,1769795206316000000,0
workspaceModel.mutableEntityStorage.put.entity.ms,1769795146316000000,1769795206316000000,0
workspaceModel.mutableEntityStorage.entities.ms,1769795146316000000,1769795206316000000,0
workspaceModel.moduleBridge.before.changed.ms,1769795146316000000,1769795206316000000,0
workspaceModel.moduleManagerBridge.get.modules.ms,1769795146316000000,1769795206316000000,0
jps.load.initial.state.ms,1769795146316000000,1769795206316000000,0
workspaceModel.delayed.project.synchronizer.sync.ms,1769795146316000000,1769795206316000000,0
jps.facet.change.listener.init.bridge.ms,1769795146316000000,1769795206316000000,0
jps.library.entities.serializer.load.entities.ms,1769795146316000000,1769795206316000000,0
jps.storage.jps.conf.reader.load.component.ms,1769795146316000000,1769795206316000000,0
jps.facet.change.listener.process.change.events.ms,1769795146316000000,1769795206316000000,0
jps.artifact.entities.serializer.load.entities.ms,1769795146316000000,1769795206316000000,0
jps.apply.loaded.storage.ms,1769795146316000000,1769795206316000000,0
jps.reload.project.entities.ms,1769795146316000000,1769795206316000000,0
workspaceModel.moduleManagerBridge.new.nonPersistent.module.ms,1769795146316000000,1769795206316000000,0
workspaceModel.mutableEntityStorage.changeLog.addReplaceEventForRemovedChild.ms,1769795146316000000,1769795206316000000,0
workspaceModel.mutableEntityStorage.entities.by.source.ms,1769795146316000000,1769795206316000000,0
workspaceModel.mutableEntityStorage.instances.count,1769795146316000000,1769795206316000000,0
jps.global.get.library.by.name.ms,1769795146316000000,1769795206316000000,0
workspaceModel.mutableEntityStorage.resolve.ms,1769795146316000000,1769795206316000000,0
workspaceModel.mutableEntityStorage.mutable.ext.mapping.ms,1769795146316000000,1769795206316000000,0
workspaceModel.moduleManagerBridge.create.module.instance.ms,1769795146316000000,1769795206316000000,0
workspaceModel.moduleBridgeLoader.loading.modules.ms,1769795146316000000,1769795206316000000,0
workspaceModel.moduleManagerBridge.set.unloadedModules.ms,1769795146316000000,1769795206316000000,0
workspaceModel.moduleBridge.update.option.ms,1769795146316000000,1769795206316000000,0
workspaceModel.mutableEntityStorage.add.entity.ms,1769795146316000000,1769795206316000000,0
workspaceModel.moduleManagerBridge.newModule.ms,1769795146316000000,1769795206316000000,0
jps.global.initialize.library.bridges.after.loading.ms,1769795146316000000,1769795206316000000,0
workspaceModel.global.apply.state.to.project.ms,1769795146316000000,1769795206316000000,0
workspaceModel.global.updates.ms,1769795146316000000,1769795206316000000,0
jps.app.storage.content.reader.load.component.ms,1769795146316000000,1769795206316000000,0
jps.save.changed.project.entities.ms,1769795146316000000,1769795206316000000,0
jps.module.iml.entities.serializer.save.entities.ms,1769795146316000000,1769795206316000000,0
jps.global.handle.before.change.events.ms,1769795146316000000,1769795206316000000,0
workspaceModel.global.updates.count,1769795146316000000,1769795206316000000,0
jps.module.iml.entities.serializer.load.entities.ms,1769795146316000000,1769795206316000000,0
jps.load.project.to.empty.storage.ms,1769795146316000000,1769795206316000000,0
workspaceModel.mutableEntityStorage.collect.changes.ms,1769795146316000000,1769795206316000000,0
workspaceModel.do.save.caches.ms,1769795146316000000,1769795206316000000,0
workspaceModel.moduleBridge.facet.initialization.ms,1769795146316000000,1769795206316000000,0
jps.library.entities.serializer.save.entities.ms,1769795146316000000,1769795206316000000,0
workspaceModel.mutableEntityStorage.has.same.entities.ms,1769795146316000000,1769795206316000000,0
workspaceModel.mutableEntityStorage.modify.entity.ms,1769795146316000000,1769795206316000000,0
workspaceModel.load.cache.metadata.from.file.ms,1769795146316000000,1769795206316000000,0
workspaceModel.load.cache.from.file.ms,1769795146316000000,1769795206316000000,0
workspaceModel.sync.entities.ms,1769795146316000000,1769795206316000000,0
workspaceModel.mutableEntityStorage.changeLog.addReplaceEventForRemovedParent.ms,1769795146316000000,1769795206316000000,0
workspaceModel.mutableEntityStorage.changeLog.addReplaceEventForNewChild.ms,1769795146316000000,1769795206316000000,0
workspaceModel.mutableEntityStorage.to.snapshot.ms,1769795146316000000,1769795206316000000,0
jps.module.dependency.index.workspace.model.listener.on.changed.ms,1769795146316000000,1769795206316000000,0
workspaceModel.moduleManagerBridge.load.all.modules.ms,1769795146316000000,1769795206316000000,0
workspaceModel.moduleManagerBridge.load.module.ms,1769795146316000000,1769795206316000000,0
workspaceModel.moduleManagerBridge.build.module.graph.ms,1769795146316000000,1769795206316000000,0
workspaceModel.mutableEntityStorage.mutable.vfurl.index.ms,1769795146316000000,1769795206316000000,0
workspaceModel.orphan.listener.update.ms,1769795146316000000,1769795206316000000,0
VFS.contentStorage.recordsRead,1769795146316000000,1769795206316000000,299
FileNameCache.queries,1769795146316000000,1769795206316000000,1028288
VFS.contentStorage.recordsStored,1769795146316000000,1769795206316000000,3
VFS.fileByIdCache.hits,1769795146316000000,1769795206316000000,0
VFS.contentStorage.recordsReadDecompressed,1769795146316000000,1769795206316000000,0
VFS.fileByIdCache.misses,1769795146316000000,1769795206316000000,39031
VFS.contentStorage.recordsStoredSize,1769795146316000000,1769795206316000000,7102
VFS.contentStorage.recordsStoredCompressed,1769795146316000000,1769795206316000000,0
VFS.contentStorage.recordsDeduplicated,1769795146316000000,1769795206316000000,1
VFS.invertedFileNameIndex.requests,1769795146316000000,1769795206316000000,0
VFS.contentStorage.recordsDecompressionTimeUs,1769795146316000000,1769795206316000000,0
VFS.contentStorage.recordsReadSize,1769795146316000000,1769795206316000000,1432476
FileNameCache.totalMisses,1769795146316000000,1769795206316000000,0
VFS.fileChildByName,1769795146316000000,1769795206316000000,101699
VFS.contentStorage.recordsUncompressedSize,1769795146316000000,1769795206316000000,7102
sorting.items.1,1769795146316000000,1769795206316000000,74
model.items.8,1769795146316000000,1769795206316000000,53
sorting.time.12,1769795146316000000,1769795206316000000,1
model.items.2,1769795146316000000,1769795206316000000,188
model.items.10,1769795146316000000,1769795206316000000,13
model.time.5,1769795146316000000,1769795206316000000,2
sorting.items.2,1769795146316000000,1769795206316000000,188
sorting.items.8,1769795146316000000,1769795206316000000,53
sorting.items.7,1769795146316000000,1769795206316000000,8
model.time.8,1769795146316000000,1769795206316000000,2
model.items.1,1769795146316000000,1769795206316000000,74
model.items.7,1769795146316000000,1769795206316000000,8
sorting.time.8,1769795146316000000,1769795206316000000,4
model.time.2,1769795146316000000,1769795206316000000,8
model.items.0,1769795146316000000,1769795206316000000,222
model.time.0,1769795146316000000,1769795206316000000,8
sorting.items.12,1769795146316000000,1769795206316000000,9
sorting.items.5,1769795146316000000,1769795206316000000,74
sorting.time.1,1769795146316000000,1769795206316000000,6
sorting.time.2,1769795146316000000,1769795206316000000,13
model.items.5,1769795146316000000,1769795206316000000,74
sorting.time.10,1769795146316000000,1769795206316000000,2
sorting.time.5,1769795146316000000,1769795206316000000,5
model.time.3,1769795146316000000,1769795206316000000,1
sorting.time.7,1769795146316000000,1769795206316000000,2
model.items.3,1769795146316000000,1769795206316000000,71
sorting.items.0,1769795146316000000,1769795206316000000,222
model.items.12,1769795146316000000,1769795206316000000,9
sorting.items.10,1769795146316000000,1769795206316000000,13
sorting.time.3,1769795146316000000,1769795206316000000,6
sorting.time.0,1769795146316000000,1769795206316000000,18
sorting.items.3,1769795146316000000,1769795206316000000,71
reordered.by.ml,1769795146316000000,1769795206316000000,52
model.time.1,1769795146316000000,1769795206316000000,2
FilePageCacheLockFree.housekeeperTurnsSkipped,1769795206316000000,1769795266316000000,0
DirectByteBufferAllocator.reclaimed,1769795206316000000,1769795266316000000,0
StorageLockContext.competingThreads.avg,1769795206316000000,1769795266316000000,0.0
FilePageCacheLockFree.housekeeperTurnsDone,1769795206316000000,1769795266316000000,0
FilePageCache.totalPageLoadsUs,1769795206316000000,1769795266316000000,1017
StreamlinedBlobStorage.recordsRelocated,1769795206316000000,1769795266316000000,0
StorageLockContext.competingThreads.90P,1769795206316000000,1769795266316000000,0
FilePageCache.disposedBuffers,1769795206316000000,1769795266316000000,0
MappedFileStorage.totalBytesMapped,1769795206316000000,1769795266316000000,261357568
FilePageCacheLockFree.totalHeapBytesAllocated,1769795206316000000,1769795266316000000,0
FilePageCacheLockFree.totalPagesReadMs,1769795206316000000,1769795266316000000,0
FilePageCacheLockFree.totalPageAllocationsWaited,1769795206316000000,1769795266316000000,0
FilePageCacheLockFree.totalBytesRead,1769795206316000000,1769795266316000000,0
FilePageCache.totalPageDisposalsUs,1769795206316000000,1769795266316000000,5
FilePageCache.pageHits,1769795206316000000,1769795266316000000,134
MappedFileStorage.storages,1769795206316000000,1769795266316000000,16
StreamlinedBlobStorage.recordsAllocated,1769795206316000000,1769795266316000000,0
DirectByteBufferAllocator.misses,1769795206316000000,1769795266316000000,1
DirectByteBufferAllocator.hits,1769795206316000000,1769795266316000000,0
DirectByteBufferAllocator.totalSizeOfBuffersCachedInBytes,1769795206316000000,1769795266316000000,0
StreamlinedBlobStorage.totalLiveRecordsCapacityBytes,1769795206316000000,1769795266316000000,0
FilePageCache.uncachedFileAccess,1769795206316000000,1769795266316000000,24
FilePageCacheLockFree.totalPagesHandedOver,1769795206316000000,1769795266316000000,0
FilePageCacheLockFree.totalBytesRequested,1769795206316000000,1769795266316000000,0
FilePageCacheLockFree.totalPagesWritten,1769795206316000000,1769795266316000000,0
DirectByteBufferAllocator.totalSizeOfBuffersAllocatedInBytes,1769795206316000000,1769795266316000000,165699584
FilePageCache.capacityInBytes,1769795206316000000,1769795266316000000,503316478
StorageLockContext.competingThreads.max,1769795206316000000,1769795266316000000,0
FilePageCacheLockFree.housekeeperTimeSpentMs,1769795206316000000,1769795266316000000,0
FilePageCache.pageLoadsAboveSizeThreshold,1769795206316000000,1769795266316000000,0
FilePageCache.pageFastCacheHits,1769795206316000000,1769795266316000000,13472
FilePageCacheLockFree.totalNativeBytesReclaimed,1769795206316000000,1769795266316000000,0
MappedFileStorage.totalTimeSpentOnMappingUs,1769795206316000000,1769795266316000000,12186
FilePageCacheLockFree.heapBytesInUse,1769795206316000000,1769795266316000000,0
FileChannelInterruptsRetryer.totalRetriedAttempts,1769795206316000000,1769795266316000000,0
MappedFileStorage.totalPagesMapped,1769795206316000000,1769795266316000000,21
FilePageCacheLockFree.totalPagesWriteMs,1769795206316000000,1769795266316000000,0
StreamlinedBlobStorage.totalLiveRecordsPayloadBytes,1769795206316000000,1769795266316000000,0
FilePageCacheLockFree.nativeBytesInUse,1769795206316000000,1769795266316000000,0
FilePageCache.maxCacheSizeInBytes,1769795206316000000,1769795266316000000,165699584
FilePageCacheLockFree.totalPagesReclaimed,1769795206316000000,1769795266316000000,0
FilePageCacheLockFree.totalNativeBytesAllocated,1769795206316000000,1769795266316000000,0
FilePageCache.pageLoads,1769795206316000000,1769795266316000000,1
FilePageCacheLockFree.totalPagesRequested,1769795206316000000,1769795266316000000,0
FilePageCache.maxRegisteredFiles,1769795206316000000,1769795266316000000,252
FilePageCacheLockFree.totalHeapBytesReclaimed,1769795206316000000,1769795266316000000,0
FilePageCacheLockFree.totalPagesAllocated,1769795206316000000,1769795266316000000,0
FilePageCacheLockFree.totalPagesRequestsMs,1769795206316000000,1769795266316000000,0
StreamlinedBlobStorage.recordsDeleted,1769795206316000000,1769795266316000000,0
FilePageCacheLockFree.totalClosedStoragesReclaimed,1769795206316000000,1769795266316000000,0
DirectByteBufferAllocator.disposed,1769795206316000000,1769795266316000000,0
FilePageCacheLockFree.totalBytesWritten,1769795206316000000,1769795266316000000,0
IndexesFlusher.totalFlushingTimeUs,1769795206316000000,1769795266316000000,45591
Indexes.stubs.lookups,1769795206316000000,1769795266316000000,0
Indexes.entries.lookups,1769795206316000000,1769795266316000000,1059
Indexing.writer_3.totalTimeSpentWritingMs,1769795206316000000,1769795266316000000,0
Indexes.entries.lookupDuration90PMs,1769795206316000000,1769795266316000000,0.0
Indexing.cache.totalCacheAccesses,1769795206316000000,1769795266316000000,11505
Indexes.allKeys.lookups,1769795206316000000,1769795266316000000,0
Indexing.cache.totalCacheEvicted,1769795206316000000,1769795266316000000,9663
Indexes.entries.lookupDurationAvgMs,1769795206316000000,1769795266316000000,0.0
Indexing.writer_1.totalTimeSpentWritingMs,1769795206316000000,1769795266316000000,0
Indexes.allKeys.lookupDuration90PMs,1769795206316000000,1769795266316000000,0.0
IndexesFlusher.totalFlushes,1769795206316000000,1769795266316000000,60
Indexes.stubs.lookupDurationAvgMs,1769795206316000000,1769795266316000000,0.0
Indexing.writer_0.totalTimeSpentWritingMs,1769795206316000000,1769795266316000000,0
Indexing.cache.totalCacheMisses,1769795206316000000,1769795266316000000,9672
Indexing.totalTimeIndexersSleptMs,1769795206316000000,1769795266316000000,0
Indexing.writer_2.totalTimeSpentWritingMs,1769795206316000000,1769795266316000000,0
Indexes.stubs.lookupDurationMaxMs,1769795206316000000,1769795266316000000,0.0
Indexes.stubs.lookupDuration90PMs,1769795206316000000,1769795266316000000,0.0
Indexes.allKeys.lookupDurationAvgMs,1769795206316000000,1769795266316000000,0.0
Indexing.writesQueuedMax,1769795206316000000,1769795266316000000,0
IndexesFlusher.totalFlushesRetried,1769795206316000000,1769795266316000000,0
Indexing.writesQueuedMin,1769795206316000000,1769795266316000000,9223372036854775807
Indexes.entries.lookupDurationMaxMs,1769795206316000000,1769795266316000000,0.0
Indexes.allKeys.lookupDurationMaxMs,1769795206316000000,1769795266316000000,0.0
IndexesFlusher.totalContentionQuotaSpent,1769795206316000000,1769795266316000000,0
WriteAction.executionsCount,1769795206316000000,1769795266316000000,120
AWTEventQueue.dispatchTimeMaxNs,1769795206316000000,1769795266316000000,0
FlushQueue.queueSizeMax,1769795206316000000,1769795266316000000,0
AWTEventQueue.dispatchTimeTotalNS,1769795206316000000,1769795266316000000,2488649365
FlushQueue.queueSize90P,1769795206316000000,1769795266316000000,0
FlushQueue.tasksExecuted,1769795206316000000,1769795266316000000,0
NonBlockingReadAction.failedExecutionTimeUs,1769795206316000000,1769795266316000000,0
NonBlockingReadAction.finalizedExecutionsCount,1769795206316000000,1769795266316000000,501
ReadAction.executionsCount,1769795206316000000,1769795266316000000,491024
FlushQueue.queueSizeAvg,1769795206316000000,1769795266316000000,0.0
NonBlockingReadAction.finalizedExecutionTimeUs,1769795206316000000,1769795266316000000,258501
FlushQueue.waitingTimeAvgNs,1769795206316000000,1769795266316000000,0.0
FlushQueue.waitingTimeMaxNs,1769795206316000000,1769795266316000000,0
FlushQueue.waitingTime90PNs,1769795206316000000,1769795266316000000,0
NonBlockingReadAction.failedExecutionsCount,1769795206316000000,1769795266316000000,0
FlushQueue.executionTime90PNs,1769795206316000000,1769795266316000000,0
AWTEventQueue.dispatchTime90PNs,1769795206316000000,1769795266316000000,0
FlushQueue.executionTimeMaxNs,1769795206316000000,1769795266316000000,0
FlushQueue.executionTimeAvgNs,1769795206316000000,1769795266316000000,0.0
AWTEventQueue.dispatchTimeAvgNs,1769795206316000000,1769795266316000000,0.0
AWTEventQueue.eventsDispatched,1769795206316000000,1769795266316000000,0
JVM.totalBytesAllocated,1769795206316000000,1769795266316000000,6517165864
JVM.threadCount,1769795206316000000,1769795266316000000,128
JVM.totalTimeAtSafepointsMs,1769795206316000000,1769795266316000000,492
JVM.GC.collections,1769795206316000000,1769795266316000000,25
OS.loadAverage,1769795206316000000,1769795266316000000,1.8974609375
JVM.totalTimeToSafepointsMs,1769795206316000000,1769795266316000000,2
JVM.maxHeapBytes,1769795206316000000,1769795266316000000,4196401152
JVM.newThreadsCount,1769795206316000000,1769795266316000000,1
JVM.totalDirectByteBuffersBytes,1769795206316000000,1769795266316000000,169419906
JVM.totalSafepointCount,1769795206316000000,1769795266316000000,67
JVM.totalCpuTimeMs,1769795206316000000,1769795266316000000,43400
JVM.usedHeapBytes,1769795206316000000,1769795266316000000,919014848
JVM.GC.collectionTimesMs,1769795206316000000,1769795266316000000,484
JVM.maxThreadCount,1769795206316000000,1769795266316000000,145
JVM.usedNativeBytes,1769795206316000000,1769795266316000000,438688120
cacheStateStorage.get.counter,1769795206316000000,1769795266316000000,0
cacheStateStorage.get.duration,1769795206316000000,1769795266316000000,0
cacheStateStorage.set.duration,1769795206316000000,1769795266316000000,3
cacheStateStorage.set.counter,1769795206316000000,1769795266316000000,4
workspaceModel.workspaceFileIndexData.getDirectoriesByPackageName.ms,1769795206316000000,1769795266316000000,0
workspaceModel.entityStorageSnapshotImpl.instances.count,1769795206316000000,1769795266316000000,0
workspaceModel.cachedValueWithParameters.total.get.count,1769795206316000000,1769795266316000000,0
workspaceModel.update.unloaded.entities.ms,1769795206316000000,1769795266316000000,0
workspaceModel.to.snapshot.ms,1769795206316000000,1769795266316000000,0
workspaceModel.workspaceFileIndexData.instances.count,1769795206316000000,1769795266316000000,0
workspaceModel.workspaceFileIndexData.init.ms,1769795206316000000,1769795266316000000,0
workspaceModel.pre.handlers.ms,1769795206316000000,1769795266316000000,0
workspaceModel.collect.changes.ms,1769795206316000000,1769795266316000000,0
workspaceModel.cachedValueWithParameters.calculated.count,1769795206316000000,1769795266316000000,0
workspaceModel.workspaceFileIndexData.visitFileSets.ms,1769795206316000000,1769795266316000000,0
workspaceModel.updates.count,1769795206316000000,1769795266316000000,0
workspaceModel.workspaceFileIndexData.updateDirtyEntities.ms,1769795206316000000,1769795266316000000,0
workspaceModel.workspaceFileIndexData.getPackageName.ms,1769795206316000000,1769795266316000000,0
workspaceModel.initializing.ms,1769795206316000000,1769795266316000000,0
workspaceModel.workspaceFileIndexData.markDirty.ms,1769795206316000000,1769795266316000000,0
workspaceModel.full.replace.project.model.ms,1769795206316000000,1769795266316000000,0
workspaceModel.on.before.changed.ms,1769795206316000000,1769795266316000000,0
workspaceModel.replace.project.model.ms,1769795206316000000,1769795266316000000,0
workspaceModel.workspaceFileIndexData.onEntitiesChanged.ms,1769795206316000000,1769795266316000000,0
workspaceModel.updates.ms,1769795206316000000,1769795266316000000,0
workspaceModel.on.changed.ms,1769795206316000000,1769795266316000000,0
workspaceModel.workspaceFileIndexData.getFileInfo.ms,1769795206316000000,1769795266316000000,246
workspaceModel.workspaceFileIndexContributor.registerFileSets.ms,1769795206316000000,1769795266316000000,0
workspaceModel.loading.total.ms,1769795206316000000,1769795266316000000,0
workspaceModel.init.bridges.ms,1769795206316000000,1769795266316000000,0
workspaceModel.updates.precise.ms,1769795206316000000,1769795266316000000,0
workspaceModel.cachedValueWithParameters.from.cache.count,1769795206316000000,1769795266316000000,0
workspaceModel.cachedValue.from.cache.count,1769795206316000000,1769795266316000000,135938
workspaceModel.cachedValue.calculated.count,1769795206316000000,1769795266316000000,2
workspaceModel.check.recursive.update.ms,1769795206316000000,1769795266316000000,0
workspaceModel.cachedValueWithParameters.clear.count,1769795206316000000,1769795266316000000,0
workspaceModel.cachedValue.total.get.count,1769795206316000000,1769795266316000000,135940
workspaceModel.workspaceFileIndexData.processFileSets.ms,1769795206316000000,1769795266316000000,0
workspaceModel.cachedValue.clear.count,1769795206316000000,1769795266316000000,0
workspaceModel.loading.from.cache.ms,1769795206316000000,1769795266316000000,0
lexer.HTML.size.bytes,1769795206316000000,1769795266316000000,20070
DiskQueryRelay.tasksExecuted,1769795206316000000,1769795266316000000,943
writeAction.max.wait.ms,1769795206316000000,1769795266316000000,345
writeAction.wait.ms,1769795206316000000,1769795266316000000,35
lexer.HTML.time.ns,1769795206316000000,1769795266316000000,5016585
DiskQueryRelay.taskWaitingTotalTimeUs,1769795206316000000,1769795266316000000,58817
DiskQueryRelay.taskExecutionTotalTimeUs,1769795206316000000,1769795266316000000,58230
parser.HTML.time.ns,1769795206316000000,1769795266316000000,3168721
DiskQueryRelay.tasksRequested,1769795206316000000,1769795266316000000,943
lexer.Python.time.ns,1769795206316000000,1769795266316000000,170068521
writeAction.count,1769795206316000000,1769795266316000000,120
lexer.Python.size.bytes,1769795206316000000,1769795266316000000,848883
parser.Python.time.ns,1769795206316000000,1769795266316000000,554368496
writeAction.median.wait.ms,1769795206316000000,1769795266316000000,400
parser.Python.size.bytes,1769795206316000000,1769795266316000000,848883
parser.HTML.size.bytes,1769795206316000000,1769795266316000000,20070
workspaceModel.mutableEntityStorage.apply.changes.from.ms,1769795206316000000,1769795266316000000,0
workspaceModel.mutableEntityStorage.remove.entity.ms,1769795206316000000,1769795266316000000,0
jps.global.initialize.library.bridges.ms,1769795206316000000,1769795266316000000,0
jps.artifact.entities.serializer.save.entities.ms,1769795206316000000,1769795266316000000,0
jps.project.serializers.load.ms,1769795206316000000,1769795266316000000,0
jps.app.storage.content.writer.save.component.ms,1769795206316000000,1769795266316000000,2
jps.save.global.entities.ms,1769795206316000000,1769795266316000000,6
workspaceModel.mutableEntityStorage.replace.by.source.ms,1769795206316000000,1769795266316000000,0
workspaceModel.global.apply.state.to.project.builder.ms,1769795206316000000,1769795266316000000,0
jps.facet.change.listener.before.change.events.ms,1769795206316000000,1769795266316000000,0
workspaceModel.mutableEntityStorage.changeLog.addReplaceEventForNewParent.ms,1769795206316000000,1769795266316000000,0
workspaceModel.save.cache.to.file.ms,1769795206316000000,1769795266316000000,0
jps.project.serializers.save.ms,1769795206316000000,1769795266316000000,0
jps.global.get.library.ms,1769795206316000000,1769795266316000000,0
workspaceModel.mutableEntityStorage.referrers.ms,1769795206316000000,1769795266316000000,0
jps.global.get.libraries.ms,1769795206316000000,1769795266316000000,0
jps.global.handle.changed.events.ms,1769795206316000000,1769795266316000000,0
workspaceModel.mutableEntityStorage.put.entity.ms,1769795206316000000,1769795266316000000,0
workspaceModel.mutableEntityStorage.entities.ms,1769795206316000000,1769795266316000000,0
workspaceModel.moduleBridge.before.changed.ms,1769795206316000000,1769795266316000000,0
workspaceModel.moduleManagerBridge.get.modules.ms,1769795206316000000,1769795266316000000,0
jps.load.initial.state.ms,1769795206316000000,1769795266316000000,0
workspaceModel.delayed.project.synchronizer.sync.ms,1769795206316000000,1769795266316000000,0
jps.facet.change.listener.init.bridge.ms,1769795206316000000,1769795266316000000,0
jps.library.entities.serializer.load.entities.ms,1769795206316000000,1769795266316000000,0
jps.storage.jps.conf.reader.load.component.ms,1769795206316000000,1769795266316000000,0
jps.facet.change.listener.process.change.events.ms,1769795206316000000,1769795266316000000,0
jps.artifact.entities.serializer.load.entities.ms,1769795206316000000,1769795266316000000,0
jps.apply.loaded.storage.ms,1769795206316000000,1769795266316000000,0
jps.reload.project.entities.ms,1769795206316000000,1769795266316000000,0
workspaceModel.moduleManagerBridge.new.nonPersistent.module.ms,1769795206316000000,1769795266316000000,0
workspaceModel.mutableEntityStorage.changeLog.addReplaceEventForRemovedChild.ms,1769795206316000000,1769795266316000000,0
workspaceModel.mutableEntityStorage.entities.by.source.ms,1769795206316000000,1769795266316000000,0
workspaceModel.mutableEntityStorage.instances.count,1769795206316000000,1769795266316000000,0
jps.global.get.library.by.name.ms,1769795206316000000,1769795266316000000,0
workspaceModel.mutableEntityStorage.resolve.ms,1769795206316000000,1769795266316000000,0
workspaceModel.mutableEntityStorage.mutable.ext.mapping.ms,1769795206316000000,1769795266316000000,0
workspaceModel.moduleManagerBridge.create.module.instance.ms,1769795206316000000,1769795266316000000,0
workspaceModel.moduleBridgeLoader.loading.modules.ms,1769795206316000000,1769795266316000000,0
workspaceModel.moduleManagerBridge.set.unloadedModules.ms,1769795206316000000,1769795266316000000,0
workspaceModel.moduleBridge.update.option.ms,1769795206316000000,1769795266316000000,0
workspaceModel.mutableEntityStorage.add.entity.ms,1769795206316000000,1769795266316000000,0
workspaceModel.moduleManagerBridge.newModule.ms,1769795206316000000,1769795266316000000,0
jps.global.initialize.library.bridges.after.loading.ms,1769795206316000000,1769795266316000000,0
workspaceModel.global.apply.state.to.project.ms,1769795206316000000,1769795266316000000,0
workspaceModel.global.updates.ms,1769795206316000000,1769795266316000000,0
jps.app.storage.content.reader.load.component.ms,1769795206316000000,1769795266316000000,0
jps.save.changed.project.entities.ms,1769795206316000000,1769795266316000000,0
jps.module.iml.entities.serializer.save.entities.ms,1769795206316000000,1769795266316000000,0
jps.global.handle.before.change.events.ms,1769795206316000000,1769795266316000000,0
workspaceModel.global.updates.count,1769795206316000000,1769795266316000000,0
jps.module.iml.entities.serializer.load.entities.ms,1769795206316000000,1769795266316000000,0
jps.load.project.to.empty.storage.ms,1769795206316000000,1769795266316000000,0
workspaceModel.mutableEntityStorage.collect.changes.ms,1769795206316000000,1769795266316000000,0
workspaceModel.do.save.caches.ms,1769795206316000000,1769795266316000000,0
workspaceModel.moduleBridge.facet.initialization.ms,1769795206316000000,1769795266316000000,0
jps.library.entities.serializer.save.entities.ms,1769795206316000000,1769795266316000000,0
workspaceModel.mutableEntityStorage.has.same.entities.ms,1769795206316000000,1769795266316000000,0
workspaceModel.mutableEntityStorage.modify.entity.ms,1769795206316000000,1769795266316000000,0
workspaceModel.load.cache.metadata.from.file.ms,1769795206316000000,1769795266316000000,0
workspaceModel.load.cache.from.file.ms,1769795206316000000,1769795266316000000,0
workspaceModel.sync.entities.ms,1769795206316000000,1769795266316000000,0
workspaceModel.mutableEntityStorage.changeLog.addReplaceEventForRemovedParent.ms,1769795206316000000,1769795266316000000,0
workspaceModel.mutableEntityStorage.changeLog.addReplaceEventForNewChild.ms,1769795206316000000,1769795266316000000,0
workspaceModel.mutableEntityStorage.to.snapshot.ms,1769795206316000000,1769795266316000000,0
jps.module.dependency.index.workspace.model.listener.on.changed.ms,1769795206316000000,1769795266316000000,0
workspaceModel.moduleManagerBridge.load.all.modules.ms,1769795206316000000,1769795266316000000,0
workspaceModel.moduleManagerBridge.load.module.ms,1769795206316000000,1769795266316000000,0
workspaceModel.moduleManagerBridge.build.module.graph.ms,1769795206316000000,1769795266316000000,0
workspaceModel.mutableEntityStorage.mutable.vfurl.index.ms,1769795206316000000,1769795266316000000,0
workspaceModel.orphan.listener.update.ms,1769795206316000000,1769795266316000000,0
VFS.contentStorage.recordsRead,1769795206316000000,1769795266316000000,458
FileNameCache.queries,1769795206316000000,1769795266316000000,174464
VFS.contentStorage.recordsStored,1769795206316000000,1769795266316000000,3
VFS.fileByIdCache.hits,1769795206316000000,1769795266316000000,0
VFS.contentStorage.recordsReadDecompressed,1769795206316000000,1769795266316000000,0
VFS.fileByIdCache.misses,1769795206316000000,1769795266316000000,62344
VFS.contentStorage.recordsStoredSize,1769795206316000000,1769795266316000000,17515
VFS.contentStorage.recordsStoredCompressed,1769795206316000000,1769795266316000000,0
VFS.contentStorage.recordsDeduplicated,1769795206316000000,1769795266316000000,0
VFS.invertedFileNameIndex.requests,1769795206316000000,1769795266316000000,0
VFS.contentStorage.recordsDecompressionTimeUs,1769795206316000000,1769795266316000000,0
VFS.contentStorage.recordsReadSize,1769795206316000000,1769795266316000000,2235404
FileNameCache.totalMisses,1769795206316000000,1769795266316000000,3648
VFS.fileChildByName,1769795206316000000,1769795266316000000,87856
VFS.contentStorage.recordsUncompressedSize,1769795206316000000,1769795266316000000,17515
model.items.8,1769795206316000000,1769795266316000000,1
model.items.11,1769795206316000000,1769795266316000000,1
sorting.items.8,1769795206316000000,1769795266316000000,1
sorting.items.7,1769795206316000000,1769795266316000000,2
model.items.7,1769795206316000000,1769795266316000000,2
sorting.time.8,1769795206316000000,1769795266316000000,1
sorting.time.9,1769795206316000000,1769795266316000000,2
model.items.0,1769795206316000000,1769795266316000000,157
model.time.0,1769795206316000000,1769795266316000000,6
sorting.items.5,1769795206316000000,1769795266316000000,22
sorting.items.9,1769795206316000000,1769795266316000000,2
model.items.9,1769795206316000000,1769795266316000000,2
sorting.time.2,1769795206316000000,1769795266316000000,1
model.items.5,1769795206316000000,1769795266316000000,22
sorting.time.5,1769795206316000000,1769795266316000000,3
sorting.items.11,1769795206316000000,1769795266316000000,1
sorting.items.0,1769795206316000000,1769795266316000000,157
sorting.time.0,1769795206316000000,1769795266316000000,16
reordered.by.ml,1769795206316000000,1769795266316000000,52
FilePageCacheLockFree.housekeeperTurnsSkipped,1769795266316000000,1769795326315000000,0
DirectByteBufferAllocator.reclaimed,1769795266316000000,1769795326315000000,0
StorageLockContext.competingThreads.avg,1769795266316000000,1769795326315000000,0.0
FilePageCacheLockFree.housekeeperTurnsDone,1769795266316000000,1769795326315000000,0
FilePageCache.totalPageLoadsUs,1769795266316000000,1769795326315000000,0
StreamlinedBlobStorage.recordsRelocated,1769795266316000000,1769795326315000000,0
StorageLockContext.competingThreads.90P,1769795266316000000,1769795326315000000,0
FilePageCache.disposedBuffers,1769795266316000000,1769795326315000000,0
MappedFileStorage.totalBytesMapped,1769795266316000000,1769795326315000000,261357568
FilePageCacheLockFree.totalHeapBytesAllocated,1769795266316000000,1769795326315000000,0
FilePageCacheLockFree.totalPagesReadMs,1769795266316000000,1769795326315000000,0
FilePageCacheLockFree.totalPageAllocationsWaited,1769795266316000000,1769795326315000000,0
FilePageCacheLockFree.totalBytesRead,1769795266316000000,1769795326315000000,0
FilePageCache.totalPageDisposalsUs,1769795266316000000,1769795326315000000,0
FilePageCache.pageHits,1769795266316000000,1769795326315000000,6
MappedFileStorage.storages,1769795266316000000,1769795326315000000,16
StreamlinedBlobStorage.recordsAllocated,1769795266316000000,1769795326315000000,0
DirectByteBufferAllocator.misses,1769795266316000000,1769795326315000000,0
DirectByteBufferAllocator.hits,1769795266316000000,1769795326315000000,0
DirectByteBufferAllocator.totalSizeOfBuffersCachedInBytes,1769795266316000000,1769795326315000000,0
StreamlinedBlobStorage.totalLiveRecordsCapacityBytes,1769795266316000000,1769795326315000000,0
FilePageCache.uncachedFileAccess,1769795266316000000,1769795326315000000,3
FilePageCacheLockFree.totalPagesHandedOver,1769795266316000000,1769795326315000000,0
FilePageCacheLockFree.totalBytesRequested,1769795266316000000,1769795326315000000,0
FilePageCacheLockFree.totalPagesWritten,1769795266316000000,1769795326315000000,0
DirectByteBufferAllocator.totalSizeOfBuffersAllocatedInBytes,1769795266316000000,1769795326315000000,165699584
FilePageCache.capacityInBytes,1769795266316000000,1769795326315000000,503316478
StorageLockContext.competingThreads.max,1769795266316000000,1769795326315000000,0
FilePageCacheLockFree.housekeeperTimeSpentMs,1769795266316000000,1769795326315000000,0
FilePageCache.pageLoadsAboveSizeThreshold,1769795266316000000,1769795326315000000,0
FilePageCache.pageFastCacheHits,1769795266316000000,1769795326315000000,137
FilePageCacheLockFree.totalNativeBytesReclaimed,1769795266316000000,1769795326315000000,0
MappedFileStorage.totalTimeSpentOnMappingUs,1769795266316000000,1769795326315000000,12186
FilePageCacheLockFree.heapBytesInUse,1769795266316000000,1769795326315000000,0
FileChannelInterruptsRetryer.totalRetriedAttempts,1769795266316000000,1769795326315000000,0
MappedFileStorage.totalPagesMapped,1769795266316000000,1769795326315000000,21
FilePageCacheLockFree.totalPagesWriteMs,1769795266316000000,1769795326315000000,0
StreamlinedBlobStorage.totalLiveRecordsPayloadBytes,1769795266316000000,1769795326315000000,0
FilePageCacheLockFree.nativeBytesInUse,1769795266316000000,1769795326315000000,0
FilePageCache.maxCacheSizeInBytes,1769795266316000000,1769795326315000000,165699584
FilePageCacheLockFree.totalPagesReclaimed,1769795266316000000,1769795326315000000,0
FilePageCacheLockFree.totalNativeBytesAllocated,1769795266316000000,1769795326315000000,0
FilePageCache.pageLoads,1769795266316000000,1769795326315000000,0
FilePageCacheLockFree.totalPagesRequested,1769795266316000000,1769795326315000000,0
FilePageCache.maxRegisteredFiles,1769795266316000000,1769795326315000000,252
FilePageCacheLockFree.totalHeapBytesReclaimed,1769795266316000000,1769795326315000000,0
FilePageCacheLockFree.totalPagesAllocated,1769795266316000000,1769795326315000000,0
FilePageCacheLockFree.totalPagesRequestsMs,1769795266316000000,1769795326315000000,0
StreamlinedBlobStorage.recordsDeleted,1769795266316000000,1769795326315000000,0
FilePageCacheLockFree.totalClosedStoragesReclaimed,1769795266316000000,1769795326315000000,0
DirectByteBufferAllocator.disposed,1769795266316000000,1769795326315000000,0
FilePageCacheLockFree.totalBytesWritten,1769795266316000000,1769795326315000000,0
IndexesFlusher.totalFlushingTimeUs,1769795266316000000,1769795326315000000,31941
Indexes.stubs.lookups,1769795266316000000,1769795326315000000,0
Indexes.entries.lookups,1769795266316000000,1769795326315000000,43
Indexing.writer_3.totalTimeSpentWritingMs,1769795266316000000,1769795326315000000,0
Indexes.entries.lookupDuration90PMs,1769795266316000000,1769795326315000000,0.0
Indexing.cache.totalCacheAccesses,1769795266316000000,1769795326315000000,92
Indexes.allKeys.lookups,1769795266316000000,1769795326315000000,0
Indexing.cache.totalCacheEvicted,1769795266316000000,1769795326315000000,18
Indexes.entries.lookupDurationAvgMs,1769795266316000000,1769795326315000000,0.0
Indexing.writer_1.totalTimeSpentWritingMs,1769795266316000000,1769795326315000000,0
Indexes.allKeys.lookupDuration90PMs,1769795266316000000,1769795326315000000,0.0
IndexesFlusher.totalFlushes,1769795266316000000,1769795326315000000,60
Indexes.stubs.lookupDurationAvgMs,1769795266316000000,1769795326315000000,0.0
Indexing.writer_0.totalTimeSpentWritingMs,1769795266316000000,1769795326315000000,0
Indexing.cache.totalCacheMisses,1769795266316000000,1769795326315000000,18
Indexing.totalTimeIndexersSleptMs,1769795266316000000,1769795326315000000,0
Indexing.writer_2.totalTimeSpentWritingMs,1769795266316000000,1769795326315000000,0
Indexes.stubs.lookupDurationMaxMs,1769795266316000000,1769795326315000000,0.0
Indexes.stubs.lookupDuration90PMs,1769795266316000000,1769795326315000000,0.0
Indexes.allKeys.lookupDurationAvgMs,1769795266316000000,1769795326315000000,0.0
Indexing.writesQueuedMax,1769795266316000000,1769795326315000000,0
IndexesFlusher.totalFlushesRetried,1769795266316000000,1769795326315000000,0
Indexing.writesQueuedMin,1769795266316000000,1769795326315000000,9223372036854775807
Indexes.entries.lookupDurationMaxMs,1769795266316000000,1769795326315000000,0.0
Indexes.allKeys.lookupDurationMaxMs,1769795266316000000,1769795326315000000,0.0
IndexesFlusher.totalContentionQuotaSpent,1769795266316000000,1769795326315000000,0
WriteAction.executionsCount,1769795266316000000,1769795326315000000,8
AWTEventQueue.dispatchTimeMaxNs,1769795266316000000,1769795326315000000,0
FlushQueue.queueSizeMax,1769795266316000000,1769795326315000000,0
AWTEventQueue.dispatchTimeTotalNS,1769795266316000000,1769795326315000000,496710299
FlushQueue.queueSize90P,1769795266316000000,1769795326315000000,0
FlushQueue.tasksExecuted,1769795266316000000,1769795326315000000,0
NonBlockingReadAction.failedExecutionTimeUs,1769795266316000000,1769795326315000000,153
NonBlockingReadAction.finalizedExecutionsCount,1769795266316000000,1769795326315000000,161
ReadAction.executionsCount,1769795266316000000,1769795326315000000,54930
FlushQueue.queueSizeAvg,1769795266316000000,1769795326315000000,0.0
NonBlockingReadAction.finalizedExecutionTimeUs,1769795266316000000,1769795326315000000,17851
FlushQueue.waitingTimeAvgNs,1769795266316000000,1769795326315000000,0.0
FlushQueue.waitingTimeMaxNs,1769795266316000000,1769795326315000000,0
FlushQueue.waitingTime90PNs,1769795266316000000,1769795326315000000,0
NonBlockingReadAction.failedExecutionsCount,1769795266316000000,1769795326315000000,1
FlushQueue.executionTime90PNs,1769795266316000000,1769795326315000000,0
AWTEventQueue.dispatchTime90PNs,1769795266316000000,1769795326315000000,0
FlushQueue.executionTimeMaxNs,1769795266316000000,1769795326315000000,0
FlushQueue.executionTimeAvgNs,1769795266316000000,1769795326315000000,0.0
AWTEventQueue.dispatchTimeAvgNs,1769795266316000000,1769795326315000000,0.0
AWTEventQueue.eventsDispatched,1769795266316000000,1769795326315000000,0
JVM.totalBytesAllocated,1769795266316000000,1769795326315000000,184801584
JVM.threadCount,1769795266316000000,1769795326315000000,124
JVM.totalTimeAtSafepointsMs,1769795266316000000,1769795326315000000,0
JVM.GC.collections,1769795266316000000,1769795326315000000,0
OS.loadAverage,1769795266316000000,1769795326315000000,1.7685546875
JVM.totalTimeToSafepointsMs,1769795266316000000,1769795326315000000,1
JVM.maxHeapBytes,1769795266316000000,1769795326315000000,4196401152
JVM.newThreadsCount,1769795266316000000,1769795326315000000,0
JVM.totalDirectByteBuffersBytes,1769795266316000000,1769795326315000000,169378040
JVM.totalSafepointCount,1769795266316000000,1769795326315000000,14
JVM.totalCpuTimeMs,1769795266316000000,1769795326315000000,2840
JVM.usedHeapBytes,1769795266316000000,1769795326315000000,1118244288
JVM.GC.collectionTimesMs,1769795266316000000,1769795326315000000,0
JVM.maxThreadCount,1769795266316000000,1769795326315000000,145
JVM.usedNativeBytes,1769795266316000000,1769795326315000000,440683976
cacheStateStorage.get.counter,1769795266316000000,1769795326315000000,0
cacheStateStorage.get.duration,1769795266316000000,1769795326315000000,0
cacheStateStorage.set.duration,1769795266316000000,1769795326315000000,0
cacheStateStorage.set.counter,1769795266316000000,1769795326315000000,0
workspaceModel.workspaceFileIndexData.getDirectoriesByPackageName.ms,1769795266316000000,1769795326315000000,0
workspaceModel.entityStorageSnapshotImpl.instances.count,1769795266316000000,1769795326315000000,0
workspaceModel.cachedValueWithParameters.total.get.count,1769795266316000000,1769795326315000000,0
workspaceModel.update.unloaded.entities.ms,1769795266316000000,1769795326315000000,0
workspaceModel.to.snapshot.ms,1769795266316000000,1769795326315000000,0
workspaceModel.workspaceFileIndexData.instances.count,1769795266316000000,1769795326315000000,0
workspaceModel.workspaceFileIndexData.init.ms,1769795266316000000,1769795326315000000,0
workspaceModel.pre.handlers.ms,1769795266316000000,1769795326315000000,0
workspaceModel.collect.changes.ms,1769795266316000000,1769795326315000000,0
workspaceModel.cachedValueWithParameters.calculated.count,1769795266316000000,1769795326315000000,0
workspaceModel.workspaceFileIndexData.visitFileSets.ms,1769795266316000000,1769795326315000000,0
workspaceModel.updates.count,1769795266316000000,1769795326315000000,0
workspaceModel.workspaceFileIndexData.updateDirtyEntities.ms,1769795266316000000,1769795326315000000,0
workspaceModel.workspaceFileIndexData.getPackageName.ms,1769795266316000000,1769795326315000000,0
workspaceModel.initializing.ms,1769795266316000000,1769795326315000000,0
workspaceModel.workspaceFileIndexData.markDirty.ms,1769795266316000000,1769795326315000000,0
workspaceModel.full.replace.project.model.ms,1769795266316000000,1769795326315000000,0
workspaceModel.on.before.changed.ms,1769795266316000000,1769795326315000000,0
workspaceModel.replace.project.model.ms,1769795266316000000,1769795326315000000,0
workspaceModel.workspaceFileIndexData.onEntitiesChanged.ms,1769795266316000000,1769795326315000000,0
workspaceModel.updates.ms,1769795266316000000,1769795326315000000,0
workspaceModel.on.changed.ms,1769795266316000000,1769795326315000000,0
workspaceModel.workspaceFileIndexData.getFileInfo.ms,1769795266316000000,1769795326315000000,3
workspaceModel.workspaceFileIndexContributor.registerFileSets.ms,1769795266316000000,1769795326315000000,0
workspaceModel.loading.total.ms,1769795266316000000,1769795326315000000,0
workspaceModel.init.bridges.ms,1769795266316000000,1769795326315000000,0
workspaceModel.updates.precise.ms,1769795266316000000,1769795326315000000,0
workspaceModel.cachedValueWithParameters.from.cache.count,1769795266316000000,1769795326315000000,0
workspaceModel.cachedValue.from.cache.count,1769795266316000000,1769795326315000000,2060
workspaceModel.cachedValue.calculated.count,1769795266316000000,1769795326315000000,0
workspaceModel.check.recursive.update.ms,1769795266316000000,1769795326315000000,0
workspaceModel.cachedValueWithParameters.clear.count,1769795266316000000,1769795326315000000,0
workspaceModel.cachedValue.total.get.count,1769795266316000000,1769795326315000000,2060
workspaceModel.workspaceFileIndexData.processFileSets.ms,1769795266316000000,1769795326315000000,0
workspaceModel.cachedValue.clear.count,1769795266316000000,1769795326315000000,0
workspaceModel.loading.from.cache.ms,1769795266316000000,1769795326315000000,0
lexer.HTML.size.bytes,1769795266316000000,1769795326315000000,2230
DiskQueryRelay.tasksExecuted,1769795266316000000,1769795326315000000,21
writeAction.max.wait.ms,1769795266316000000,1769795326315000000,345
writeAction.wait.ms,1769795266316000000,1769795326315000000,0
lexer.HTML.time.ns,1769795266316000000,1769795326315000000,178788
DiskQueryRelay.taskWaitingTotalTimeUs,1769795266316000000,1769795326315000000,321
DiskQueryRelay.taskExecutionTotalTimeUs,1769795266316000000,1769795326315000000,317
parser.HTML.time.ns,1769795266316000000,1769795326315000000,205619
DiskQueryRelay.tasksRequested,1769795266316000000,1769795326315000000,21
lexer.Python.time.ns,1769795266316000000,1769795326315000000,1369606
writeAction.count,1769795266316000000,1769795326315000000,8
lexer.Python.size.bytes,1769795266316000000,1769795326315000000,15037
parser.Python.time.ns,1769795266316000000,1769795326315000000,3677982
writeAction.median.wait.ms,1769795266316000000,1769795326315000000,400
parser.Python.size.bytes,1769795266316000000,1769795326315000000,15037
parser.HTML.size.bytes,1769795266316000000,1769795326315000000,2230
workspaceModel.mutableEntityStorage.apply.changes.from.ms,1769795266316000000,1769795326315000000,0
workspaceModel.mutableEntityStorage.remove.entity.ms,1769795266316000000,1769795326315000000,0
jps.global.initialize.library.bridges.ms,1769795266316000000,1769795326315000000,0
jps.artifact.entities.serializer.save.entities.ms,1769795266316000000,1769795326315000000,0
jps.project.serializers.load.ms,1769795266316000000,1769795326315000000,0
jps.app.storage.content.writer.save.component.ms,1769795266316000000,1769795326315000000,1
jps.save.global.entities.ms,1769795266316000000,1769795326315000000,3
workspaceModel.mutableEntityStorage.replace.by.source.ms,1769795266316000000,1769795326315000000,0
workspaceModel.global.apply.state.to.project.builder.ms,1769795266316000000,1769795326315000000,0
jps.facet.change.listener.before.change.events.ms,1769795266316000000,1769795326315000000,0
workspaceModel.mutableEntityStorage.changeLog.addReplaceEventForNewParent.ms,1769795266316000000,1769795326315000000,0
workspaceModel.save.cache.to.file.ms,1769795266316000000,1769795326315000000,0
jps.project.serializers.save.ms,1769795266316000000,1769795326315000000,0
jps.global.get.library.ms,1769795266316000000,1769795326315000000,0
workspaceModel.mutableEntityStorage.referrers.ms,1769795266316000000,1769795326315000000,0
jps.global.get.libraries.ms,1769795266316000000,1769795326315000000,0
jps.global.handle.changed.events.ms,1769795266316000000,1769795326315000000,0
workspaceModel.mutableEntityStorage.put.entity.ms,1769795266316000000,1769795326315000000,0
workspaceModel.mutableEntityStorage.entities.ms,1769795266316000000,1769795326315000000,0
workspaceModel.moduleBridge.before.changed.ms,1769795266316000000,1769795326315000000,0
workspaceModel.moduleManagerBridge.get.modules.ms,1769795266316000000,1769795326315000000,0
jps.load.initial.state.ms,1769795266316000000,1769795326315000000,0
workspaceModel.delayed.project.synchronizer.sync.ms,1769795266316000000,1769795326315000000,0
jps.facet.change.listener.init.bridge.ms,1769795266316000000,1769795326315000000,0
jps.library.entities.serializer.load.entities.ms,1769795266316000000,1769795326315000000,0
jps.storage.jps.conf.reader.load.component.ms,1769795266316000000,1769795326315000000,0
jps.facet.change.listener.process.change.events.ms,1769795266316000000,1769795326315000000,0
jps.artifact.entities.serializer.load.entities.ms,1769795266316000000,1769795326315000000,0
jps.apply.loaded.storage.ms,1769795266316000000,1769795326315000000,0
jps.reload.project.entities.ms,1769795266316000000,1769795326315000000,0
workspaceModel.moduleManagerBridge.new.nonPersistent.module.ms,1769795266316000000,1769795326315000000,0
workspaceModel.mutableEntityStorage.changeLog.addReplaceEventForRemovedChild.ms,1769795266316000000,1769795326315000000,0
workspaceModel.mutableEntityStorage.entities.by.source.ms,1769795266316000000,1769795326315000000,0
workspaceModel.mutableEntityStorage.instances.count,1769795266316000000,1769795326315000000,0
jps.global.get.library.by.name.ms,1769795266316000000,1769795326315000000,0
workspaceModel.mutableEntityStorage.resolve.ms,1769795266316000000,1769795326315000000,0
workspaceModel.mutableEntityStorage.mutable.ext.mapping.ms,1769795266316000000,1769795326315000000,0
workspaceModel.moduleManagerBridge.create.module.instance.ms,1769795266316000000,1769795326315000000,0
workspaceModel.moduleBridgeLoader.loading.modules.ms,1769795266316000000,1769795326315000000,0
workspaceModel.moduleManagerBridge.set.unloadedModules.ms,1769795266316000000,1769795326315000000,0
workspaceModel.moduleBridge.update.option.ms,1769795266316000000,1769795326315000000,0
workspaceModel.mutableEntityStorage.add.entity.ms,1769795266316000000,1769795326315000000,0
workspaceModel.moduleManagerBridge.newModule.ms,1769795266316000000,1769795326315000000,0
jps.global.initialize.library.bridges.after.loading.ms,1769795266316000000,1769795326315000000,0
workspaceModel.global.apply.state.to.project.ms,1769795266316000000,1769795326315000000,0
workspaceModel.global.updates.ms,1769795266316000000,1769795326315000000,0
jps.app.storage.content.reader.load.component.ms,1769795266316000000,1769795326315000000,0
jps.save.changed.project.entities.ms,1769795266316000000,1769795326315000000,0
jps.module.iml.entities.serializer.save.entities.ms,1769795266316000000,1769795326315000000,0
jps.global.handle.before.change.events.ms,1769795266316000000,1769795326315000000,0
workspaceModel.global.updates.count,1769795266316000000,1769795326315000000,0
jps.module.iml.entities.serializer.load.entities.ms,1769795266316000000,1769795326315000000,0
jps.load.project.to.empty.storage.ms,1769795266316000000,1769795326315000000,0
workspaceModel.mutableEntityStorage.collect.changes.ms,1769795266316000000,1769795326315000000,0
workspaceModel.do.save.caches.ms,1769795266316000000,1769795326315000000,0
workspaceModel.moduleBridge.facet.initialization.ms,1769795266316000000,1769795326315000000,0
jps.library.entities.serializer.save.entities.ms,1769795266316000000,1769795326315000000,0
workspaceModel.mutableEntityStorage.has.same.entities.ms,1769795266316000000,1769795326315000000,0
workspaceModel.mutableEntityStorage.modify.entity.ms,1769795266316000000,1769795326315000000,0
workspaceModel.load.cache.metadata.from.file.ms,1769795266316000000,1769795326315000000,0
workspaceModel.load.cache.from.file.ms,1769795266316000000,1769795326315000000,0
workspaceModel.sync.entities.ms,1769795266316000000,1769795326315000000,0
workspaceModel.mutableEntityStorage.changeLog.addReplaceEventForRemovedParent.ms,1769795266316000000,1769795326315000000,0
workspaceModel.mutableEntityStorage.changeLog.addReplaceEventForNewChild.ms,1769795266316000000,1769795326315000000,0
workspaceModel.mutableEntityStorage.to.snapshot.ms,1769795266316000000,1769795326315000000,0
jps.module.dependency.index.workspace.model.listener.on.changed.ms,1769795266316000000,1769795326315000000,0
workspaceModel.moduleManagerBridge.load.all.modules.ms,1769795266316000000,1769795326315000000,0
workspaceModel.moduleManagerBridge.load.module.ms,1769795266316000000,1769795326315000000,0
workspaceModel.moduleManagerBridge.build.module.graph.ms,1769795266316000000,1769795326315000000,0
workspaceModel.mutableEntityStorage.mutable.vfurl.index.ms,1769795266316000000,1769795326315000000,0
workspaceModel.orphan.listener.update.ms,1769795266316000000,1769795326315000000,0
VFS.contentStorage.recordsRead,1769795266316000000,1769795326315000000,21
FileNameCache.queries,1769795266316000000,1769795326315000000,2432
VFS.contentStorage.recordsStored,1769795266316000000,1769795326315000000,1
VFS.fileByIdCache.hits,1769795266316000000,1769795326315000000,0
VFS.contentStorage.recordsReadDecompressed,1769795266316000000,1769795326315000000,0
VFS.fileByIdCache.misses,1769795266316000000,1769795326315000000,2285
VFS.contentStorage.recordsStoredSize,1769795266316000000,1769795326315000000,5871
VFS.contentStorage.recordsStoredCompressed,1769795266316000000,1769795326315000000,0
VFS.contentStorage.recordsDeduplicated,1769795266316000000,1769795326315000000,0
VFS.invertedFileNameIndex.requests,1769795266316000000,1769795326315000000,0
VFS.contentStorage.recordsDecompressionTimeUs,1769795266316000000,1769795326315000000,0
VFS.contentStorage.recordsReadSize,1769795266316000000,1769795326315000000,103517
FileNameCache.totalMisses,1769795266316000000,1769795326315000000,0
VFS.fileChildByName,1769795266316000000,1769795326315000000,4128
VFS.contentStorage.recordsUncompressedSize,1769795266316000000,1769795326315000000,5871
FilePageCacheLockFree.housekeeperTurnsSkipped,1769795326315000000,1769795386315000000,0
DirectByteBufferAllocator.reclaimed,1769795326315000000,1769795386315000000,0
StorageLockContext.competingThreads.avg,1769795326315000000,1769795386315000000,0.0
FilePageCacheLockFree.housekeeperTurnsDone,1769795326315000000,1769795386315000000,0
FilePageCache.totalPageLoadsUs,1769795326315000000,1769795386315000000,0
StreamlinedBlobStorage.recordsRelocated,1769795326315000000,1769795386315000000,0
StorageLockContext.competingThreads.90P,1769795326315000000,1769795386315000000,0
FilePageCache.disposedBuffers,1769795326315000000,1769795386315000000,0
MappedFileStorage.totalBytesMapped,1769795326315000000,1769795386315000000,261357568
FilePageCacheLockFree.totalHeapBytesAllocated,1769795326315000000,1769795386315000000,0
FilePageCacheLockFree.totalPagesReadMs,1769795326315000000,1769795386315000000,0
FilePageCacheLockFree.totalPageAllocationsWaited,1769795326315000000,1769795386315000000,0
FilePageCacheLockFree.totalBytesRead,1769795326315000000,1769795386315000000,0
FilePageCache.totalPageDisposalsUs,1769795326315000000,1769795386315000000,0
FilePageCache.pageHits,1769795326315000000,1769795386315000000,21
MappedFileStorage.storages,1769795326315000000,1769795386315000000,16
StreamlinedBlobStorage.recordsAllocated,1769795326315000000,1769795386315000000,1
DirectByteBufferAllocator.misses,1769795326315000000,1769795386315000000,0
DirectByteBufferAllocator.hits,1769795326315000000,1769795386315000000,0
DirectByteBufferAllocator.totalSizeOfBuffersCachedInBytes,1769795326315000000,1769795386315000000,0
StreamlinedBlobStorage.totalLiveRecordsCapacityBytes,1769795326315000000,1769795386315000000,70
FilePageCache.uncachedFileAccess,1769795326315000000,1769795386315000000,3
FilePageCacheLockFree.totalPagesHandedOver,1769795326315000000,1769795386315000000,0
FilePageCacheLockFree.totalBytesRequested,1769795326315000000,1769795386315000000,0
FilePageCacheLockFree.totalPagesWritten,1769795326315000000,1769795386315000000,0
DirectByteBufferAllocator.totalSizeOfBuffersAllocatedInBytes,1769795326315000000,1769795386315000000,165699584
FilePageCache.capacityInBytes,1769795326315000000,1769795386315000000,503316478
StorageLockContext.competingThreads.max,1769795326315000000,1769795386315000000,0
FilePageCacheLockFree.housekeeperTimeSpentMs,1769795326315000000,1769795386315000000,0
FilePageCache.pageLoadsAboveSizeThreshold,1769795326315000000,1769795386315000000,0
FilePageCache.pageFastCacheHits,1769795326315000000,1769795386315000000,506
FilePageCacheLockFree.totalNativeBytesReclaimed,1769795326315000000,1769795386315000000,0
MappedFileStorage.totalTimeSpentOnMappingUs,1769795326315000000,1769795386315000000,12186
FilePageCacheLockFree.heapBytesInUse,1769795326315000000,1769795386315000000,0
FileChannelInterruptsRetryer.totalRetriedAttempts,1769795326315000000,1769795386315000000,0
MappedFileStorage.totalPagesMapped,1769795326315000000,1769795386315000000,21
FilePageCacheLockFree.totalPagesWriteMs,1769795326315000000,1769795386315000000,0
StreamlinedBlobStorage.totalLiveRecordsPayloadBytes,1769795326315000000,1769795386315000000,15
FilePageCacheLockFree.nativeBytesInUse,1769795326315000000,1769795386315000000,0
FilePageCache.maxCacheSizeInBytes,1769795326315000000,1769795386315000000,165699584
FilePageCacheLockFree.totalPagesReclaimed,1769795326315000000,1769795386315000000,0
FilePageCacheLockFree.totalNativeBytesAllocated,1769795326315000000,1769795386315000000,0
FilePageCache.pageLoads,1769795326315000000,1769795386315000000,0
FilePageCacheLockFree.totalPagesRequested,1769795326315000000,1769795386315000000,0
FilePageCache.maxRegisteredFiles,1769795326315000000,1769795386315000000,252
FilePageCacheLockFree.totalHeapBytesReclaimed,1769795326315000000,1769795386315000000,0
FilePageCacheLockFree.totalPagesAllocated,1769795326315000000,1769795386315000000,0
FilePageCacheLockFree.totalPagesRequestsMs,1769795326315000000,1769795386315000000,0
StreamlinedBlobStorage.recordsDeleted,1769795326315000000,1769795386315000000,0
FilePageCacheLockFree.totalClosedStoragesReclaimed,1769795326315000000,1769795386315000000,0
DirectByteBufferAllocator.disposed,1769795326315000000,1769795386315000000,0
FilePageCacheLockFree.totalBytesWritten,1769795326315000000,1769795386315000000,0
IndexesFlusher.totalFlushingTimeUs,1769795326315000000,1769795386315000000,33928
Indexes.stubs.lookups,1769795326315000000,1769795386315000000,0
Indexes.entries.lookups,1769795326315000000,1769795386315000000,44
Indexing.writer_3.totalTimeSpentWritingMs,1769795326315000000,1769795386315000000,0
Indexes.entries.lookupDuration90PMs,1769795326315000000,1769795386315000000,0.0
Indexing.cache.totalCacheAccesses,1769795326315000000,1769795386315000000,270
Indexes.allKeys.lookups,1769795326315000000,1769795386315000000,0
Indexing.cache.totalCacheEvicted,1769795326315000000,1769795386315000000,191
Indexes.entries.lookupDurationAvgMs,1769795326315000000,1769795386315000000,0.0
Indexing.writer_1.totalTimeSpentWritingMs,1769795326315000000,1769795386315000000,0
Indexes.allKeys.lookupDuration90PMs,1769795326315000000,1769795386315000000,0.0
IndexesFlusher.totalFlushes,1769795326315000000,1769795386315000000,60
Indexes.stubs.lookupDurationAvgMs,1769795326315000000,1769795386315000000,0.0
Indexing.writer_0.totalTimeSpentWritingMs,1769795326315000000,1769795386315000000,0
Indexing.cache.totalCacheMisses,1769795326315000000,1769795386315000000,191
Indexing.totalTimeIndexersSleptMs,1769795326315000000,1769795386315000000,0
Indexing.writer_2.totalTimeSpentWritingMs,1769795326315000000,1769795386315000000,0
Indexes.stubs.lookupDurationMaxMs,1769795326315000000,1769795386315000000,0.0
Indexes.stubs.lookupDuration90PMs,1769795326315000000,1769795386315000000,0.0
Indexes.allKeys.lookupDurationAvgMs,1769795326315000000,1769795386315000000,0.0
Indexing.writesQueuedMax,1769795326315000000,1769795386315000000,0
IndexesFlusher.totalFlushesRetried,1769795326315000000,1769795386315000000,0
Indexing.writesQueuedMin,1769795326315000000,1769795386315000000,9223372036854775807
Indexes.entries.lookupDurationMaxMs,1769795326315000000,1769795386315000000,0.0
Indexes.allKeys.lookupDurationMaxMs,1769795326315000000,1769795386315000000,0.0
IndexesFlusher.totalContentionQuotaSpent,1769795326315000000,1769795386315000000,0
WriteAction.executionsCount,1769795326315000000,1769795386315000000,4
AWTEventQueue.dispatchTimeMaxNs,1769795326315000000,1769795386315000000,0
FlushQueue.queueSizeMax,1769795326315000000,1769795386315000000,0
AWTEventQueue.dispatchTimeTotalNS,1769795326315000000,1769795386315000000,202278315
FlushQueue.queueSize90P,1769795326315000000,1769795386315000000,0
FlushQueue.tasksExecuted,1769795326315000000,1769795386315000000,0
NonBlockingReadAction.failedExecutionTimeUs,1769795326315000000,1769795386315000000,0
NonBlockingReadAction.finalizedExecutionsCount,1769795326315000000,1769795386315000000,20
ReadAction.executionsCount,1769795326315000000,1769795386315000000,18255
FlushQueue.queueSizeAvg,1769795326315000000,1769795386315000000,0.0
NonBlockingReadAction.finalizedExecutionTimeUs,1769795326315000000,1769795386315000000,16866
FlushQueue.waitingTimeAvgNs,1769795326315000000,1769795386315000000,0.0
FlushQueue.waitingTimeMaxNs,1769795326315000000,1769795386315000000,0
FlushQueue.waitingTime90PNs,1769795326315000000,1769795386315000000,0
NonBlockingReadAction.failedExecutionsCount,1769795326315000000,1769795386315000000,0
FlushQueue.executionTime90PNs,1769795326315000000,1769795386315000000,0
AWTEventQueue.dispatchTime90PNs,1769795326315000000,1769795386315000000,0
FlushQueue.executionTimeMaxNs,1769795326315000000,1769795386315000000,0
FlushQueue.executionTimeAvgNs,1769795326315000000,1769795386315000000,0.0
AWTEventQueue.dispatchTimeAvgNs,1769795326315000000,1769795386315000000,0.0
AWTEventQueue.eventsDispatched,1769795326315000000,1769795386315000000,0
JVM.totalBytesAllocated,1769795326315000000,1769795386315000000,381207472
JVM.threadCount,1769795326315000000,1769795386315000000,124
JVM.totalTimeAtSafepointsMs,1769795326315000000,1769795386315000000,76
JVM.GC.collections,1769795326315000000,1769795386315000000,4
OS.loadAverage,1769795326315000000,1769795386315000000,1.7587890625
JVM.totalTimeToSafepointsMs,1769795326315000000,1769795386315000000,1
JVM.maxHeapBytes,1769795326315000000,1769795386315000000,4196401152
JVM.newThreadsCount,1769795326315000000,1769795386315000000,4
JVM.totalDirectByteBuffersBytes,1769795326315000000,1769795386315000000,169376632
JVM.totalSafepointCount,1769795326315000000,1769795386315000000,13
JVM.totalCpuTimeMs,1769795326315000000,1769795386315000000,4070
JVM.usedHeapBytes,1769795326315000000,1769795386315000000,698024040
JVM.GC.collectionTimesMs,1769795326315000000,1769795386315000000,72
JVM.maxThreadCount,1769795326315000000,1769795386315000000,145
JVM.usedNativeBytes,1769795326315000000,1769795386315000000,440528768
cacheStateStorage.get.counter,1769795326315000000,1769795386315000000,3
cacheStateStorage.get.duration,1769795326315000000,1769795386315000000,58
cacheStateStorage.set.duration,1769795326315000000,1769795386315000000,0
cacheStateStorage.set.counter,1769795326315000000,1769795386315000000,0
workspaceModel.workspaceFileIndexData.getDirectoriesByPackageName.ms,1769795326315000000,1769795386315000000,0
workspaceModel.entityStorageSnapshotImpl.instances.count,1769795326315000000,1769795386315000000,0
workspaceModel.cachedValueWithParameters.total.get.count,1769795326315000000,1769795386315000000,0
workspaceModel.update.unloaded.entities.ms,1769795326315000000,1769795386315000000,0
workspaceModel.to.snapshot.ms,1769795326315000000,1769795386315000000,0
workspaceModel.workspaceFileIndexData.instances.count,1769795326315000000,1769795386315000000,0
workspaceModel.workspaceFileIndexData.init.ms,1769795326315000000,1769795386315000000,0
workspaceModel.pre.handlers.ms,1769795326315000000,1769795386315000000,0
workspaceModel.collect.changes.ms,1769795326315000000,1769795386315000000,0
workspaceModel.cachedValueWithParameters.calculated.count,1769795326315000000,1769795386315000000,0
workspaceModel.workspaceFileIndexData.visitFileSets.ms,1769795326315000000,1769795386315000000,0
workspaceModel.updates.count,1769795326315000000,1769795386315000000,0
workspaceModel.workspaceFileIndexData.updateDirtyEntities.ms,1769795326315000000,1769795386315000000,0
workspaceModel.workspaceFileIndexData.getPackageName.ms,1769795326315000000,1769795386315000000,0
workspaceModel.initializing.ms,1769795326315000000,1769795386315000000,0
workspaceModel.workspaceFileIndexData.markDirty.ms,1769795326315000000,1769795386315000000,0
workspaceModel.full.replace.project.model.ms,1769795326315000000,1769795386315000000,0
workspaceModel.on.before.changed.ms,1769795326315000000,1769795386315000000,0
workspaceModel.replace.project.model.ms,1769795326315000000,1769795386315000000,0
workspaceModel.workspaceFileIndexData.onEntitiesChanged.ms,1769795326315000000,1769795386315000000,0
workspaceModel.updates.ms,1769795326315000000,1769795386315000000,0
workspaceModel.on.changed.ms,1769795326315000000,1769795386315000000,0
workspaceModel.workspaceFileIndexData.getFileInfo.ms,1769795326315000000,1769795386315000000,50
workspaceModel.workspaceFileIndexContributor.registerFileSets.ms,1769795326315000000,1769795386315000000,0
workspaceModel.loading.total.ms,1769795326315000000,1769795386315000000,0
workspaceModel.init.bridges.ms,1769795326315000000,1769795386315000000,0
workspaceModel.updates.precise.ms,1769795326315000000,1769795386315000000,0
workspaceModel.cachedValueWithParameters.from.cache.count,1769795326315000000,1769795386315000000,0
workspaceModel.cachedValue.from.cache.count,1769795326315000000,1769795386315000000,5569
workspaceModel.cachedValue.calculated.count,1769795326315000000,1769795386315000000,0
workspaceModel.check.recursive.update.ms,1769795326315000000,1769795386315000000,0
workspaceModel.cachedValueWithParameters.clear.count,1769795326315000000,1769795386315000000,0
workspaceModel.cachedValue.total.get.count,1769795326315000000,1769795386315000000,5569
workspaceModel.workspaceFileIndexData.processFileSets.ms,1769795326315000000,1769795386315000000,0
workspaceModel.cachedValue.clear.count,1769795326315000000,1769795386315000000,0
workspaceModel.loading.from.cache.ms,1769795326315000000,1769795386315000000,0
lexer.HTML.size.bytes,1769795326315000000,1769795386315000000,1124
DiskQueryRelay.tasksExecuted,1769795326315000000,1769795386315000000,58
writeAction.max.wait.ms,1769795326315000000,1769795386315000000,345
writeAction.wait.ms,1769795326315000000,1769795386315000000,0
lexer.HTML.time.ns,1769795326315000000,1769795386315000000,324013
DiskQueryRelay.taskWaitingTotalTimeUs,1769795326315000000,1769795386315000000,1428
DiskQueryRelay.taskExecutionTotalTimeUs,1769795326315000000,1769795386315000000,1151
parser.HTML.time.ns,1769795326315000000,1769795386315000000,451975
DiskQueryRelay.tasksRequested,1769795326315000000,1769795386315000000,58
lexer.Python.time.ns,1769795326315000000,1769795386315000000,11024015
writeAction.count,1769795326315000000,1769795386315000000,4
lexer.Python.size.bytes,1769795326315000000,1769795386315000000,36770
parser.Python.time.ns,1769795326315000000,1769795386315000000,59351206
writeAction.median.wait.ms,1769795326315000000,1769795386315000000,400
parser.Python.size.bytes,1769795326315000000,1769795386315000000,36770
parser.HTML.size.bytes,1769795326315000000,1769795386315000000,1124
workspaceModel.mutableEntityStorage.apply.changes.from.ms,1769795326315000000,1769795386315000000,0
workspaceModel.mutableEntityStorage.remove.entity.ms,1769795326315000000,1769795386315000000,0
jps.global.initialize.library.bridges.ms,1769795326315000000,1769795386315000000,0
jps.artifact.entities.serializer.save.entities.ms,1769795326315000000,1769795386315000000,0
jps.project.serializers.load.ms,1769795326315000000,1769795386315000000,0
jps.app.storage.content.writer.save.component.ms,1769795326315000000,1769795386315000000,1
jps.save.global.entities.ms,1769795326315000000,1769795386315000000,2
workspaceModel.mutableEntityStorage.replace.by.source.ms,1769795326315000000,1769795386315000000,0
workspaceModel.global.apply.state.to.project.builder.ms,1769795326315000000,1769795386315000000,0
jps.facet.change.listener.before.change.events.ms,1769795326315000000,1769795386315000000,0
workspaceModel.mutableEntityStorage.changeLog.addReplaceEventForNewParent.ms,1769795326315000000,1769795386315000000,0
workspaceModel.save.cache.to.file.ms,1769795326315000000,1769795386315000000,0
jps.project.serializers.save.ms,1769795326315000000,1769795386315000000,0
jps.global.get.library.ms,1769795326315000000,1769795386315000000,0
workspaceModel.mutableEntityStorage.referrers.ms,1769795326315000000,1769795386315000000,0
jps.global.get.libraries.ms,1769795326315000000,1769795386315000000,0
jps.global.handle.changed.events.ms,1769795326315000000,1769795386315000000,0
workspaceModel.mutableEntityStorage.put.entity.ms,1769795326315000000,1769795386315000000,0
workspaceModel.mutableEntityStorage.entities.ms,1769795326315000000,1769795386315000000,0
workspaceModel.moduleBridge.before.changed.ms,1769795326315000000,1769795386315000000,0
workspaceModel.moduleManagerBridge.get.modules.ms,1769795326315000000,1769795386315000000,0
jps.load.initial.state.ms,1769795326315000000,1769795386315000000,0
workspaceModel.delayed.project.synchronizer.sync.ms,1769795326315000000,1769795386315000000,0
jps.facet.change.listener.init.bridge.ms,1769795326315000000,1769795386315000000,0
jps.library.entities.serializer.load.entities.ms,1769795326315000000,1769795386315000000,0
jps.storage.jps.conf.reader.load.component.ms,1769795326315000000,1769795386315000000,0
jps.facet.change.listener.process.change.events.ms,1769795326315000000,1769795386315000000,0
jps.artifact.entities.serializer.load.entities.ms,1769795326315000000,1769795386315000000,0
jps.apply.loaded.storage.ms,1769795326315000000,1769795386315000000,0
jps.reload.project.entities.ms,1769795326315000000,1769795386315000000,0
workspaceModel.moduleManagerBridge.new.nonPersistent.module.ms,1769795326315000000,1769795386315000000,0
workspaceModel.mutableEntityStorage.changeLog.addReplaceEventForRemovedChild.ms,1769795326315000000,1769795386315000000,0
workspaceModel.mutableEntityStorage.entities.by.source.ms,1769795326315000000,1769795386315000000,0
workspaceModel.mutableEntityStorage.instances.count,1769795326315000000,1769795386315000000,0
jps.global.get.library.by.name.ms,1769795326315000000,1769795386315000000,0
workspaceModel.mutableEntityStorage.resolve.ms,1769795326315000000,1769795386315000000,0
workspaceModel.mutableEntityStorage.mutable.ext.mapping.ms,1769795326315000000,1769795386315000000,0
workspaceModel.moduleManagerBridge.create.module.instance.ms,1769795326315000000,1769795386315000000,0
workspaceModel.moduleBridgeLoader.loading.modules.ms,1769795326315000000,1769795386315000000,0
workspaceModel.moduleManagerBridge.set.unloadedModules.ms,1769795326315000000,1769795386315000000,0
workspaceModel.moduleBridge.update.option.ms,1769795326315000000,1769795386315000000,0
workspaceModel.mutableEntityStorage.add.entity.ms,1769795326315000000,1769795386315000000,0
workspaceModel.moduleManagerBridge.newModule.ms,1769795326315000000,1769795386315000000,0
jps.global.initialize.library.bridges.after.loading.ms,1769795326315000000,1769795386315000000,0
workspaceModel.global.apply.state.to.project.ms,1769795326315000000,1769795386315000000,0
workspaceModel.global.updates.ms,1769795326315000000,1769795386315000000,0
jps.app.storage.content.reader.load.component.ms,1769795326315000000,1769795386315000000,0
jps.save.changed.project.entities.ms,1769795326315000000,1769795386315000000,0
jps.module.iml.entities.serializer.save.entities.ms,1769795326315000000,1769795386315000000,0
jps.global.handle.before.change.events.ms,1769795326315000000,1769795386315000000,0
workspaceModel.global.updates.count,1769795326315000000,1769795386315000000,0
jps.module.iml.entities.serializer.load.entities.ms,1769795326315000000,1769795386315000000,0
jps.load.project.to.empty.storage.ms,1769795326315000000,1769795386315000000,0
workspaceModel.mutableEntityStorage.collect.changes.ms,1769795326315000000,1769795386315000000,0
workspaceModel.do.save.caches.ms,1769795326315000000,1769795386315000000,0
workspaceModel.moduleBridge.facet.initialization.ms,1769795326315000000,1769795386315000000,0
jps.library.entities.serializer.save.entities.ms,1769795326315000000,1769795386315000000,0
workspaceModel.mutableEntityStorage.has.same.entities.ms,1769795326315000000,1769795386315000000,0
workspaceModel.mutableEntityStorage.modify.entity.ms,1769795326315000000,1769795386315000000,0
workspaceModel.load.cache.metadata.from.file.ms,1769795326315000000,1769795386315000000,0
workspaceModel.load.cache.from.file.ms,1769795326315000000,1769795386315000000,0
workspaceModel.sync.entities.ms,1769795326315000000,1769795386315000000,0
workspaceModel.mutableEntityStorage.changeLog.addReplaceEventForRemovedParent.ms,1769795326315000000,1769795386315000000,0
workspaceModel.mutableEntityStorage.changeLog.addReplaceEventForNewChild.ms,1769795326315000000,1769795386315000000,0
workspaceModel.mutableEntityStorage.to.snapshot.ms,1769795326315000000,1769795386315000000,0
jps.module.dependency.index.workspace.model.listener.on.changed.ms,1769795326315000000,1769795386315000000,0
workspaceModel.moduleManagerBridge.load.all.modules.ms,1769795326315000000,1769795386315000000,0
workspaceModel.moduleManagerBridge.load.module.ms,1769795326315000000,1769795386315000000,0
workspaceModel.moduleManagerBridge.build.module.graph.ms,1769795326315000000,1769795386315000000,0
workspaceModel.mutableEntityStorage.mutable.vfurl.index.ms,1769795326315000000,1769795386315000000,0
workspaceModel.orphan.listener.update.ms,1769795326315000000,1769795386315000000,0
VFS.contentStorage.recordsRead,1769795326315000000,1769795386315000000,41
FileNameCache.queries,1769795326315000000,1769795386315000000,1353408
VFS.contentStorage.recordsStored,1769795326315000000,1769795386315000000,1
VFS.fileByIdCache.hits,1769795326315000000,1769795386315000000,1
VFS.contentStorage.recordsReadDecompressed,1769795326315000000,1769795386315000000,10
VFS.fileByIdCache.misses,1769795326315000000,1769795386315000000,2287
VFS.contentStorage.recordsStoredSize,1769795326315000000,1769795386315000000,610
VFS.contentStorage.recordsStoredCompressed,1769795326315000000,1769795386315000000,0
VFS.contentStorage.recordsDeduplicated,1769795326315000000,1769795386315000000,0
VFS.invertedFileNameIndex.requests,1769795326315000000,1769795386315000000,0
VFS.contentStorage.recordsDecompressionTimeUs,1769795326315000000,1769795386315000000,610
VFS.contentStorage.recordsReadSize,1769795326315000000,1769795386315000000,520751
FileNameCache.totalMisses,1769795326315000000,1769795386315000000,0
VFS.fileChildByName,1769795326315000000,1769795386315000000,32224
VFS.contentStorage.recordsUncompressedSize,1769795326315000000,1769795386315000000,610
FilePageCacheLockFree.housekeeperTurnsSkipped,1769795386315000000,1769795446315000000,0
DirectByteBufferAllocator.reclaimed,1769795386315000000,1769795446315000000,0
StorageLockContext.competingThreads.avg,1769795386315000000,1769795446315000000,0.0
FilePageCacheLockFree.housekeeperTurnsDone,1769795386315000000,1769795446315000000,0
FilePageCache.totalPageLoadsUs,1769795386315000000,1769795446315000000,0
StreamlinedBlobStorage.recordsRelocated,1769795386315000000,1769795446315000000,0
StorageLockContext.competingThreads.90P,1769795386315000000,1769795446315000000,0
FilePageCache.disposedBuffers,1769795386315000000,1769795446315000000,0
MappedFileStorage.totalBytesMapped,1769795386315000000,1769795446315000000,261357568
FilePageCacheLockFree.totalHeapBytesAllocated,1769795386315000000,1769795446315000000,0
FilePageCacheLockFree.totalPagesReadMs,1769795386315000000,1769795446315000000,0
FilePageCacheLockFree.totalPageAllocationsWaited,1769795386315000000,1769795446315000000,0
FilePageCacheLockFree.totalBytesRead,1769795386315000000,1769795446315000000,0
FilePageCache.totalPageDisposalsUs,1769795386315000000,1769795446315000000,0
FilePageCache.pageHits,1769795386315000000,1769795446315000000,39
MappedFileStorage.storages,1769795386315000000,1769795446315000000,16
StreamlinedBlobStorage.recordsAllocated,1769795386315000000,1769795446315000000,1
DirectByteBufferAllocator.misses,1769795386315000000,1769795446315000000,0
DirectByteBufferAllocator.hits,1769795386315000000,1769795446315000000,0
DirectByteBufferAllocator.totalSizeOfBuffersCachedInBytes,1769795386315000000,1769795446315000000,0
StreamlinedBlobStorage.totalLiveRecordsCapacityBytes,1769795386315000000,1769795446315000000,70
FilePageCache.uncachedFileAccess,1769795386315000000,1769795446315000000,3
FilePageCacheLockFree.totalPagesHandedOver,1769795386315000000,1769795446315000000,0
FilePageCacheLockFree.totalBytesRequested,1769795386315000000,1769795446315000000,0
FilePageCacheLockFree.totalPagesWritten,1769795386315000000,1769795446315000000,0
DirectByteBufferAllocator.totalSizeOfBuffersAllocatedInBytes,1769795386315000000,1769795446315000000,165699584
FilePageCache.capacityInBytes,1769795386315000000,1769795446315000000,503316478
StorageLockContext.competingThreads.max,1769795386315000000,1769795446315000000,0
FilePageCacheLockFree.housekeeperTimeSpentMs,1769795386315000000,1769795446315000000,0
FilePageCache.pageLoadsAboveSizeThreshold,1769795386315000000,1769795446315000000,0
FilePageCache.pageFastCacheHits,1769795386315000000,1769795446315000000,756
FilePageCacheLockFree.totalNativeBytesReclaimed,1769795386315000000,1769795446315000000,0
MappedFileStorage.totalTimeSpentOnMappingUs,1769795386315000000,1769795446315000000,12186
FilePageCacheLockFree.heapBytesInUse,1769795386315000000,1769795446315000000,0
FileChannelInterruptsRetryer.totalRetriedAttempts,1769795386315000000,1769795446315000000,0
MappedFileStorage.totalPagesMapped,1769795386315000000,1769795446315000000,21
FilePageCacheLockFree.totalPagesWriteMs,1769795386315000000,1769795446315000000,0
StreamlinedBlobStorage.totalLiveRecordsPayloadBytes,1769795386315000000,1769795446315000000,14
FilePageCacheLockFree.nativeBytesInUse,1769795386315000000,1769795446315000000,0
FilePageCache.maxCacheSizeInBytes,1769795386315000000,1769795446315000000,165699584
FilePageCacheLockFree.totalPagesReclaimed,1769795386315000000,1769795446315000000,0
FilePageCacheLockFree.totalNativeBytesAllocated,1769795386315000000,1769795446315000000,0
FilePageCache.pageLoads,1769795386315000000,1769795446315000000,0
FilePageCacheLockFree.totalPagesRequested,1769795386315000000,1769795446315000000,0
FilePageCache.maxRegisteredFiles,1769795386315000000,1769795446315000000,252
FilePageCacheLockFree.totalHeapBytesReclaimed,1769795386315000000,1769795446315000000,0
FilePageCacheLockFree.totalPagesAllocated,1769795386315000000,1769795446315000000,0
FilePageCacheLockFree.totalPagesRequestsMs,1769795386315000000,1769795446315000000,0
StreamlinedBlobStorage.recordsDeleted,1769795386315000000,1769795446315000000,0
FilePageCacheLockFree.totalClosedStoragesReclaimed,1769795386315000000,1769795446315000000,0
DirectByteBufferAllocator.disposed,1769795386315000000,1769795446315000000,0
FilePageCacheLockFree.totalBytesWritten,1769795386315000000,1769795446315000000,0
IndexesFlusher.totalFlushingTimeUs,1769795386315000000,1769795446315000000,33376
Indexes.stubs.lookups,1769795386315000000,1769795446315000000,0
Indexes.entries.lookups,1769795386315000000,1769795446315000000,48
Indexing.writer_3.totalTimeSpentWritingMs,1769795386315000000,1769795446315000000,0
Indexes.entries.lookupDuration90PMs,1769795386315000000,1769795446315000000,0.0
Indexing.cache.totalCacheAccesses,1769795386315000000,1769795446315000000,415
Indexes.allKeys.lookups,1769795386315000000,1769795446315000000,0
Indexing.cache.totalCacheEvicted,1769795386315000000,1769795446315000000,326
Indexes.entries.lookupDurationAvgMs,1769795386315000000,1769795446315000000,0.0
Indexing.writer_1.totalTimeSpentWritingMs,1769795386315000000,1769795446315000000,0
Indexes.allKeys.lookupDuration90PMs,1769795386315000000,1769795446315000000,0.0
IndexesFlusher.totalFlushes,1769795386315000000,1769795446315000000,59
Indexes.stubs.lookupDurationAvgMs,1769795386315000000,1769795446315000000,0.0
Indexing.writer_0.totalTimeSpentWritingMs,1769795386315000000,1769795446315000000,0
Indexing.cache.totalCacheMisses,1769795386315000000,1769795446315000000,326
Indexing.totalTimeIndexersSleptMs,1769795386315000000,1769795446315000000,0
Indexing.writer_2.totalTimeSpentWritingMs,1769795386315000000,1769795446315000000,0
Indexes.stubs.lookupDurationMaxMs,1769795386315000000,1769795446315000000,0.0
Indexes.stubs.lookupDuration90PMs,1769795386315000000,1769795446315000000,0.0
Indexes.allKeys.lookupDurationAvgMs,1769795386315000000,1769795446315000000,0.0
Indexing.writesQueuedMax,1769795386315000000,1769795446315000000,0
IndexesFlusher.totalFlushesRetried,1769795386315000000,1769795446315000000,0
Indexing.writesQueuedMin,1769795386315000000,1769795446315000000,9223372036854775807
Indexes.entries.lookupDurationMaxMs,1769795386315000000,1769795446315000000,0.0
Indexes.allKeys.lookupDurationMaxMs,1769795386315000000,1769795446315000000,0.0
IndexesFlusher.totalContentionQuotaSpent,1769795386315000000,1769795446315000000,0
WriteAction.executionsCount,1769795386315000000,1769795446315000000,4
AWTEventQueue.dispatchTimeMaxNs,1769795386315000000,1769795446315000000,0
FlushQueue.queueSizeMax,1769795386315000000,1769795446315000000,0
AWTEventQueue.dispatchTimeTotalNS,1769795386315000000,1769795446315000000,136178693
FlushQueue.queueSize90P,1769795386315000000,1769795446315000000,0
FlushQueue.tasksExecuted,1769795386315000000,1769795446315000000,0
NonBlockingReadAction.failedExecutionTimeUs,1769795386315000000,1769795446315000000,0
NonBlockingReadAction.finalizedExecutionsCount,1769795386315000000,1769795446315000000,9
ReadAction.executionsCount,1769795386315000000,1769795446315000000,17274
FlushQueue.queueSizeAvg,1769795386315000000,1769795446315000000,0.0
NonBlockingReadAction.finalizedExecutionTimeUs,1769795386315000000,1769795446315000000,9022
FlushQueue.waitingTimeAvgNs,1769795386315000000,1769795446315000000,0.0
FlushQueue.waitingTimeMaxNs,1769795386315000000,1769795446315000000,0
FlushQueue.waitingTime90PNs,1769795386315000000,1769795446315000000,0
NonBlockingReadAction.failedExecutionsCount,1769795386315000000,1769795446315000000,0
FlushQueue.executionTime90PNs,1769795386315000000,1769795446315000000,0
AWTEventQueue.dispatchTime90PNs,1769795386315000000,1769795446315000000,0
FlushQueue.executionTimeMaxNs,1769795386315000000,1769795446315000000,0
FlushQueue.executionTimeAvgNs,1769795386315000000,1769795446315000000,0.0
AWTEventQueue.dispatchTimeAvgNs,1769795386315000000,1769795446315000000,0.0
AWTEventQueue.eventsDispatched,1769795386315000000,1769795446315000000,0
JVM.totalBytesAllocated,1769795386315000000,1769795446315000000,429696192
JVM.threadCount,1769795386315000000,1769795446315000000,100
JVM.totalTimeAtSafepointsMs,1769795386315000000,1769795446315000000,1
JVM.GC.collections,1769795386315000000,1769795446315000000,0
OS.loadAverage,1769795386315000000,1769795446315000000,1.85791015625
JVM.totalTimeToSafepointsMs,1769795386315000000,1769795446315000000,0
JVM.maxHeapBytes,1769795386315000000,1769795446315000000,4196401152
JVM.newThreadsCount,1769795386315000000,1769795446315000000,0
JVM.totalDirectByteBuffersBytes,1769795386315000000,1769795446315000000,169075270
JVM.totalSafepointCount,1769795386315000000,1769795446315000000,5
JVM.totalCpuTimeMs,1769795386315000000,1769795446315000000,2570
JVM.usedHeapBytes,1769795386315000000,1769795446315000000,1138425960
JVM.GC.collectionTimesMs,1769795386315000000,1769795446315000000,0
JVM.maxThreadCount,1769795386315000000,1769795446315000000,145
JVM.usedNativeBytes,1769795386315000000,1769795446315000000,441595712
cacheStateStorage.get.counter,1769795386315000000,1769795446315000000,3
cacheStateStorage.get.duration,1769795386315000000,1769795446315000000,9
cacheStateStorage.set.duration,1769795386315000000,1769795446315000000,0
cacheStateStorage.set.counter,1769795386315000000,1769795446315000000,0
workspaceModel.workspaceFileIndexData.getDirectoriesByPackageName.ms,1769795386315000000,1769795446315000000,0
workspaceModel.entityStorageSnapshotImpl.instances.count,1769795386315000000,1769795446315000000,0
workspaceModel.cachedValueWithParameters.total.get.count,1769795386315000000,1769795446315000000,0
workspaceModel.update.unloaded.entities.ms,1769795386315000000,1769795446315000000,0
workspaceModel.to.snapshot.ms,1769795386315000000,1769795446315000000,0
workspaceModel.workspaceFileIndexData.instances.count,1769795386315000000,1769795446315000000,0
workspaceModel.workspaceFileIndexData.init.ms,1769795386315000000,1769795446315000000,0
workspaceModel.pre.handlers.ms,1769795386315000000,1769795446315000000,0
workspaceModel.collect.changes.ms,1769795386315000000,1769795446315000000,0
workspaceModel.cachedValueWithParameters.calculated.count,1769795386315000000,1769795446315000000,0
workspaceModel.workspaceFileIndexData.visitFileSets.ms,1769795386315000000,1769795446315000000,0
workspaceModel.updates.count,1769795386315000000,1769795446315000000,0
workspaceModel.workspaceFileIndexData.updateDirtyEntities.ms,1769795386315000000,1769795446315000000,0
workspaceModel.workspaceFileIndexData.getPackageName.ms,1769795386315000000,1769795446315000000,0
workspaceModel.initializing.ms,1769795386315000000,1769795446315000000,0
workspaceModel.workspaceFileIndexData.markDirty.ms,1769795386315000000,1769795446315000000,0
workspaceModel.full.replace.project.model.ms,1769795386315000000,1769795446315000000,0
workspaceModel.on.before.changed.ms,1769795386315000000,1769795446315000000,0
workspaceModel.replace.project.model.ms,1769795386315000000,1769795446315000000,0
workspaceModel.workspaceFileIndexData.onEntitiesChanged.ms,1769795386315000000,1769795446315000000,0
workspaceModel.updates.ms,1769795386315000000,1769795446315000000,0
workspaceModel.on.changed.ms,1769795386315000000,1769795446315000000,0
workspaceModel.workspaceFileIndexData.getFileInfo.ms,1769795386315000000,1769795446315000000,13
workspaceModel.workspaceFileIndexContributor.registerFileSets.ms,1769795386315000000,1769795446315000000,0
workspaceModel.loading.total.ms,1769795386315000000,1769795446315000000,0
workspaceModel.init.bridges.ms,1769795386315000000,1769795446315000000,0
workspaceModel.updates.precise.ms,1769795386315000000,1769795446315000000,0
workspaceModel.cachedValueWithParameters.from.cache.count,1769795386315000000,1769795446315000000,0
workspaceModel.cachedValue.from.cache.count,1769795386315000000,1769795446315000000,6702
workspaceModel.cachedValue.calculated.count,1769795386315000000,1769795446315000000,0
workspaceModel.check.recursive.update.ms,1769795386315000000,1769795446315000000,0
workspaceModel.cachedValueWithParameters.clear.count,1769795386315000000,1769795446315000000,0
workspaceModel.cachedValue.total.get.count,1769795386315000000,1769795446315000000,6702
workspaceModel.workspaceFileIndexData.processFileSets.ms,1769795386315000000,1769795446315000000,0
workspaceModel.cachedValue.clear.count,1769795386315000000,1769795446315000000,0
workspaceModel.loading.from.cache.ms,1769795386315000000,1769795446315000000,0
lexer.HTML.size.bytes,1769795386315000000,1769795446315000000,3656
DiskQueryRelay.tasksExecuted,1769795386315000000,1769795446315000000,39
writeAction.max.wait.ms,1769795386315000000,1769795446315000000,345
writeAction.wait.ms,1769795386315000000,1769795446315000000,0
lexer.HTML.time.ns,1769795386315000000,1769795446315000000,766660
DiskQueryRelay.taskWaitingTotalTimeUs,1769795386315000000,1769795446315000000,814
DiskQueryRelay.taskExecutionTotalTimeUs,1769795386315000000,1769795446315000000,741
parser.HTML.time.ns,1769795386315000000,1769795446315000000,895894
DiskQueryRelay.tasksRequested,1769795386315000000,1769795446315000000,39
lexer.Python.time.ns,1769795386315000000,1769795446315000000,5763676
writeAction.count,1769795386315000000,1769795446315000000,4
lexer.Python.size.bytes,1769795386315000000,1769795446315000000,29989
parser.Python.time.ns,1769795386315000000,1769795446315000000,24724924
writeAction.median.wait.ms,1769795386315000000,1769795446315000000,400
parser.Python.size.bytes,1769795386315000000,1769795446315000000,29989
parser.HTML.size.bytes,1769795386315000000,1769795446315000000,3656
workspaceModel.mutableEntityStorage.apply.changes.from.ms,1769795386315000000,1769795446315000000,0
workspaceModel.mutableEntityStorage.remove.entity.ms,1769795386315000000,1769795446315000000,0
jps.global.initialize.library.bridges.ms,1769795386315000000,1769795446315000000,0
jps.artifact.entities.serializer.save.entities.ms,1769795386315000000,1769795446315000000,0
jps.project.serializers.load.ms,1769795386315000000,1769795446315000000,0
jps.app.storage.content.writer.save.component.ms,1769795386315000000,1769795446315000000,0
jps.save.global.entities.ms,1769795386315000000,1769795446315000000,0
workspaceModel.mutableEntityStorage.replace.by.source.ms,1769795386315000000,1769795446315000000,0
workspaceModel.global.apply.state.to.project.builder.ms,1769795386315000000,1769795446315000000,0
jps.facet.change.listener.before.change.events.ms,1769795386315000000,1769795446315000000,0
workspaceModel.mutableEntityStorage.changeLog.addReplaceEventForNewParent.ms,1769795386315000000,1769795446315000000,0
workspaceModel.save.cache.to.file.ms,1769795386315000000,1769795446315000000,0
jps.project.serializers.save.ms,1769795386315000000,1769795446315000000,0
jps.global.get.library.ms,1769795386315000000,1769795446315000000,0
workspaceModel.mutableEntityStorage.referrers.ms,1769795386315000000,1769795446315000000,0
jps.global.get.libraries.ms,1769795386315000000,1769795446315000000,0
jps.global.handle.changed.events.ms,1769795386315000000,1769795446315000000,0
workspaceModel.mutableEntityStorage.put.entity.ms,1769795386315000000,1769795446315000000,0
workspaceModel.mutableEntityStorage.entities.ms,1769795386315000000,1769795446315000000,0
workspaceModel.moduleBridge.before.changed.ms,1769795386315000000,1769795446315000000,0
workspaceModel.moduleManagerBridge.get.modules.ms,1769795386315000000,1769795446315000000,0
jps.load.initial.state.ms,1769795386315000000,1769795446315000000,0
workspaceModel.delayed.project.synchronizer.sync.ms,1769795386315000000,1769795446315000000,0
jps.facet.change.listener.init.bridge.ms,1769795386315000000,1769795446315000000,0
jps.library.entities.serializer.load.entities.ms,1769795386315000000,1769795446315000000,0
jps.storage.jps.conf.reader.load.component.ms,1769795386315000000,1769795446315000000,0
jps.facet.change.listener.process.change.events.ms,1769795386315000000,1769795446315000000,0
jps.artifact.entities.serializer.load.entities.ms,1769795386315000000,1769795446315000000,0
jps.apply.loaded.storage.ms,1769795386315000000,1769795446315000000,0
jps.reload.project.entities.ms,1769795386315000000,1769795446315000000,0
workspaceModel.moduleManagerBridge.new.nonPersistent.module.ms,1769795386315000000,1769795446315000000,0
workspaceModel.mutableEntityStorage.changeLog.addReplaceEventForRemovedChild.ms,1769795386315000000,1769795446315000000,0
workspaceModel.mutableEntityStorage.entities.by.source.ms,1769795386315000000,1769795446315000000,0
workspaceModel.mutableEntityStorage.instances.count,1769795386315000000,1769795446315000000,0
jps.global.get.library.by.name.ms,1769795386315000000,1769795446315000000,0
workspaceModel.mutableEntityStorage.resolve.ms,1769795386315000000,1769795446315000000,0
workspaceModel.mutableEntityStorage.mutable.ext.mapping.ms,1769795386315000000,1769795446315000000,0
workspaceModel.moduleManagerBridge.create.module.instance.ms,1769795386315000000,1769795446315000000,0
workspaceModel.moduleBridgeLoader.loading.modules.ms,1769795386315000000,1769795446315000000,0
workspaceModel.moduleManagerBridge.set.unloadedModules.ms,1769795386315000000,1769795446315000000,0
workspaceModel.moduleBridge.update.option.ms,1769795386315000000,1769795446315000000,0
workspaceModel.mutableEntityStorage.add.entity.ms,1769795386315000000,1769795446315000000,0
workspaceModel.moduleManagerBridge.newModule.ms,1769795386315000000,1769795446315000000,0
jps.global.initialize.library.bridges.after.loading.ms,1769795386315000000,1769795446315000000,0
workspaceModel.global.apply.state.to.project.ms,1769795386315000000,1769795446315000000,0
workspaceModel.global.updates.ms,1769795386315000000,1769795446315000000,0
jps.app.storage.content.reader.load.component.ms,1769795386315000000,1769795446315000000,0
jps.save.changed.project.entities.ms,1769795386315000000,1769795446315000000,0
jps.module.iml.entities.serializer.save.entities.ms,1769795386315000000,1769795446315000000,0
jps.global.handle.before.change.events.ms,1769795386315000000,1769795446315000000,0
workspaceModel.global.updates.count,1769795386315000000,1769795446315000000,0
jps.module.iml.entities.serializer.load.entities.ms,1769795386315000000,1769795446315000000,0
jps.load.project.to.empty.storage.ms,1769795386315000000,1769795446315000000,0
workspaceModel.mutableEntityStorage.collect.changes.ms,1769795386315000000,1769795446315000000,0
workspaceModel.do.save.caches.ms,1769795386315000000,1769795446315000000,0
workspaceModel.moduleBridge.facet.initialization.ms,1769795386315000000,1769795446315000000,0
jps.library.entities.serializer.save.entities.ms,1769795386315000000,1769795446315000000,0
workspaceModel.mutableEntityStorage.has.same.entities.ms,1769795386315000000,1769795446315000000,0
workspaceModel.mutableEntityStorage.modify.entity.ms,1769795386315000000,1769795446315000000,0
workspaceModel.load.cache.metadata.from.file.ms,1769795386315000000,1769795446315000000,0
workspaceModel.load.cache.from.file.ms,1769795386315000000,1769795446315000000,0
workspaceModel.sync.entities.ms,1769795386315000000,1769795446315000000,0
workspaceModel.mutableEntityStorage.changeLog.addReplaceEventForRemovedParent.ms,1769795386315000000,1769795446315000000,0
workspaceModel.mutableEntityStorage.changeLog.addReplaceEventForNewChild.ms,1769795386315000000,1769795446315000000,0
workspaceModel.mutableEntityStorage.to.snapshot.ms,1769795386315000000,1769795446315000000,0
jps.module.dependency.index.workspace.model.listener.on.changed.ms,1769795386315000000,1769795446315000000,0
workspaceModel.moduleManagerBridge.load.all.modules.ms,1769795386315000000,1769795446315000000,0
workspaceModel.moduleManagerBridge.load.module.ms,1769795386315000000,1769795446315000000,0
workspaceModel.moduleManagerBridge.build.module.graph.ms,1769795386315000000,1769795446315000000,0
workspaceModel.mutableEntityStorage.mutable.vfurl.index.ms,1769795386315000000,1769795446315000000,0
workspaceModel.orphan.listener.update.ms,1769795386315000000,1769795446315000000,0
VFS.contentStorage.recordsRead,1769795386315000000,1769795446315000000,38
FileNameCache.queries,1769795386315000000,1769795446315000000,1447616
VFS.contentStorage.recordsStored,1769795386315000000,1769795446315000000,1
VFS.fileByIdCache.hits,1769795386315000000,1769795446315000000,1
VFS.contentStorage.recordsReadDecompressed,1769795386315000000,1769795446315000000,10
VFS.fileByIdCache.misses,1769795386315000000,1769795446315000000,2295
VFS.contentStorage.recordsStoredSize,1769795386315000000,1769795446315000000,1646
VFS.contentStorage.recordsStoredCompressed,1769795386315000000,1769795446315000000,0
VFS.contentStorage.recordsDeduplicated,1769795386315000000,1769795446315000000,0
VFS.invertedFileNameIndex.requests,1769795386315000000,1769795446315000000,0
VFS.contentStorage.recordsDecompressionTimeUs,1769795386315000000,1769795446315000000,618
VFS.contentStorage.recordsReadSize,1769795386315000000,1769795446315000000,513244
FileNameCache.totalMisses,1769795386315000000,1769795446315000000,0
VFS.fileChildByName,1769795386315000000,1769795446315000000,38598
VFS.contentStorage.recordsUncompressedSize,1769795386315000000,1769795446315000000,1646
FilePageCacheLockFree.housekeeperTurnsSkipped,1769795446315000000,1769795506315000000,0
DirectByteBufferAllocator.reclaimed,1769795446315000000,1769795506315000000,0
StorageLockContext.competingThreads.avg,1769795446315000000,1769795506315000000,0.0
FilePageCacheLockFree.housekeeperTurnsDone,1769795446315000000,1769795506315000000,0
FilePageCache.totalPageLoadsUs,1769795446315000000,1769795506315000000,0
StreamlinedBlobStorage.recordsRelocated,1769795446315000000,1769795506315000000,0
StorageLockContext.competingThreads.90P,1769795446315000000,1769795506315000000,0
FilePageCache.disposedBuffers,1769795446315000000,1769795506315000000,0
MappedFileStorage.totalBytesMapped,1769795446315000000,1769795506315000000,261357568
FilePageCacheLockFree.totalHeapBytesAllocated,1769795446315000000,1769795506315000000,0
FilePageCacheLockFree.totalPagesReadMs,1769795446315000000,1769795506315000000,0
FilePageCacheLockFree.totalPageAllocationsWaited,1769795446315000000,1769795506315000000,0
FilePageCacheLockFree.totalBytesRead,1769795446315000000,1769795506315000000,0
FilePageCache.totalPageDisposalsUs,1769795446315000000,1769795506315000000,0
FilePageCache.pageHits,1769795446315000000,1769795506315000000,0
MappedFileStorage.storages,1769795446315000000,1769795506315000000,16
StreamlinedBlobStorage.recordsAllocated,1769795446315000000,1769795506315000000,0
DirectByteBufferAllocator.misses,1769795446315000000,1769795506315000000,0
DirectByteBufferAllocator.hits,1769795446315000000,1769795506315000000,0
DirectByteBufferAllocator.totalSizeOfBuffersCachedInBytes,1769795446315000000,1769795506315000000,0
StreamlinedBlobStorage.totalLiveRecordsCapacityBytes,1769795446315000000,1769795506315000000,0
FilePageCache.uncachedFileAccess,1769795446315000000,1769795506315000000,0
FilePageCacheLockFree.totalPagesHandedOver,1769795446315000000,1769795506315000000,0
FilePageCacheLockFree.totalBytesRequested,1769795446315000000,1769795506315000000,0
FilePageCacheLockFree.totalPagesWritten,1769795446315000000,1769795506315000000,0
DirectByteBufferAllocator.totalSizeOfBuffersAllocatedInBytes,1769795446315000000,1769795506315000000,165699584
FilePageCache.capacityInBytes,1769795446315000000,1769795506315000000,503316478
StorageLockContext.competingThreads.max,1769795446315000000,1769795506315000000,0
FilePageCacheLockFree.housekeeperTimeSpentMs,1769795446315000000,1769795506315000000,0
FilePageCache.pageLoadsAboveSizeThreshold,1769795446315000000,1769795506315000000,0
FilePageCache.pageFastCacheHits,1769795446315000000,1769795506315000000,0
FilePageCacheLockFree.totalNativeBytesReclaimed,1769795446315000000,1769795506315000000,0
MappedFileStorage.totalTimeSpentOnMappingUs,1769795446315000000,1769795506315000000,12186
FilePageCacheLockFree.heapBytesInUse,1769795446315000000,1769795506315000000,0
FileChannelInterruptsRetryer.totalRetriedAttempts,1769795446315000000,1769795506315000000,0
MappedFileStorage.totalPagesMapped,1769795446315000000,1769795506315000000,21
FilePageCacheLockFree.totalPagesWriteMs,1769795446315000000,1769795506315000000,0
StreamlinedBlobStorage.totalLiveRecordsPayloadBytes,1769795446315000000,1769795506315000000,0
FilePageCacheLockFree.nativeBytesInUse,1769795446315000000,1769795506315000000,0
FilePageCache.maxCacheSizeInBytes,1769795446315000000,1769795506315000000,165699584
FilePageCacheLockFree.totalPagesReclaimed,1769795446315000000,1769795506315000000,0
FilePageCacheLockFree.totalNativeBytesAllocated,1769795446315000000,1769795506315000000,0
FilePageCache.pageLoads,1769795446315000000,1769795506315000000,0
FilePageCacheLockFree.totalPagesRequested,1769795446315000000,1769795506315000000,0
FilePageCache.maxRegisteredFiles,1769795446315000000,1769795506315000000,252
FilePageCacheLockFree.totalHeapBytesReclaimed,1769795446315000000,1769795506315000000,0
FilePageCacheLockFree.totalPagesAllocated,1769795446315000000,1769795506315000000,0
FilePageCacheLockFree.totalPagesRequestsMs,1769795446315000000,1769795506315000000,0
StreamlinedBlobStorage.recordsDeleted,1769795446315000000,1769795506315000000,0
FilePageCacheLockFree.totalClosedStoragesReclaimed,1769795446315000000,1769795506315000000,0
DirectByteBufferAllocator.disposed,1769795446315000000,1769795506315000000,0
FilePageCacheLockFree.totalBytesWritten,1769795446315000000,1769795506315000000,0
IndexesFlusher.totalFlushingTimeUs,1769795446315000000,1769795506315000000,30294
Indexes.stubs.lookups,1769795446315000000,1769795506315000000,0
Indexes.entries.lookups,1769795446315000000,1769795506315000000,0
Indexing.writer_3.totalTimeSpentWritingMs,1769795446315000000,1769795506315000000,0
Indexes.entries.lookupDuration90PMs,1769795446315000000,1769795506315000000,0.0
Indexing.cache.totalCacheAccesses,1769795446315000000,1769795506315000000,0
Indexes.allKeys.lookups,1769795446315000000,1769795506315000000,0
Indexing.cache.totalCacheEvicted,1769795446315000000,1769795506315000000,0
Indexes.entries.lookupDurationAvgMs,1769795446315000000,1769795506315000000,0.0
Indexing.writer_1.totalTimeSpentWritingMs,1769795446315000000,1769795506315000000,0
Indexes.allKeys.lookupDuration90PMs,1769795446315000000,1769795506315000000,0.0
IndexesFlusher.totalFlushes,1769795446315000000,1769795506315000000,60
Indexes.stubs.lookupDurationAvgMs,1769795446315000000,1769795506315000000,0.0
Indexing.writer_0.totalTimeSpentWritingMs,1769795446315000000,1769795506315000000,0
Indexing.cache.totalCacheMisses,1769795446315000000,1769795506315000000,0
Indexing.totalTimeIndexersSleptMs,1769795446315000000,1769795506315000000,0
Indexing.writer_2.totalTimeSpentWritingMs,1769795446315000000,1769795506315000000,0
Indexes.stubs.lookupDurationMaxMs,1769795446315000000,1769795506315000000,0.0
Indexes.stubs.lookupDuration90PMs,1769795446315000000,1769795506315000000,0.0
Indexes.allKeys.lookupDurationAvgMs,1769795446315000000,1769795506315000000,0.0
Indexing.writesQueuedMax,1769795446315000000,1769795506315000000,0
IndexesFlusher.totalFlushesRetried,1769795446315000000,1769795506315000000,0
Indexing.writesQueuedMin,1769795446315000000,1769795506315000000,9223372036854775807
Indexes.entries.lookupDurationMaxMs,1769795446315000000,1769795506315000000,0.0
Indexes.allKeys.lookupDurationMaxMs,1769795446315000000,1769795506315000000,0.0
IndexesFlusher.totalContentionQuotaSpent,1769795446315000000,1769795506315000000,0
WriteAction.executionsCount,1769795446315000000,1769795506315000000,0
AWTEventQueue.dispatchTimeMaxNs,1769795446315000000,1769795506315000000,0
FlushQueue.queueSizeMax,1769795446315000000,1769795506315000000,0
AWTEventQueue.dispatchTimeTotalNS,1769795446315000000,1769795506315000000,87536007
FlushQueue.queueSize90P,1769795446315000000,1769795506315000000,0
FlushQueue.tasksExecuted,1769795446315000000,1769795506315000000,0
NonBlockingReadAction.failedExecutionTimeUs,1769795446315000000,1769795506315000000,0
NonBlockingReadAction.finalizedExecutionsCount,1769795446315000000,1769795506315000000,0
ReadAction.executionsCount,1769795446315000000,1769795506315000000,0
FlushQueue.queueSizeAvg,1769795446315000000,1769795506315000000,0.0
NonBlockingReadAction.finalizedExecutionTimeUs,1769795446315000000,1769795506315000000,0
FlushQueue.waitingTimeAvgNs,1769795446315000000,1769795506315000000,0.0
FlushQueue.waitingTimeMaxNs,1769795446315000000,1769795506315000000,0
FlushQueue.waitingTime90PNs,1769795446315000000,1769795506315000000,0
NonBlockingReadAction.failedExecutionsCount,1769795446315000000,1769795506315000000,0
FlushQueue.executionTime90PNs,1769795446315000000,1769795506315000000,0
AWTEventQueue.dispatchTime90PNs,1769795446315000000,1769795506315000000,0
FlushQueue.executionTimeMaxNs,1769795446315000000,1769795506315000000,0
FlushQueue.executionTimeAvgNs,1769795446315000000,1769795506315000000,0.0
AWTEventQueue.dispatchTimeAvgNs,1769795446315000000,1769795506315000000,0.0
AWTEventQueue.eventsDispatched,1769795446315000000,1769795506315000000,0
JVM.totalBytesAllocated,1769795446315000000,1769795506315000000,26063640
JVM.threadCount,1769795446315000000,1769795506315000000,55
JVM.totalTimeAtSafepointsMs,1769795446315000000,1769795506315000000,0
JVM.GC.collections,1769795446315000000,1769795506315000000,0
OS.loadAverage,1769795446315000000,1769795506315000000,2.2333984375
JVM.totalTimeToSafepointsMs,1769795446315000000,1769795506315000000,0
JVM.maxHeapBytes,1769795446315000000,1769795506315000000,4196401152
JVM.newThreadsCount,1769795446315000000,1769795506315000000,0
JVM.totalDirectByteBuffersBytes,1769795446315000000,1769795506315000000,166162130
JVM.totalSafepointCount,1769795446315000000,1769795506315000000,3
JVM.totalCpuTimeMs,1769795446315000000,1769795506315000000,750
JVM.usedHeapBytes,1769795446315000000,1769795506315000000,1167786088
JVM.GC.collectionTimesMs,1769795446315000000,1769795506315000000,0
JVM.maxThreadCount,1769795446315000000,1769795506315000000,145
JVM.usedNativeBytes,1769795446315000000,1769795506315000000,441782744
cacheStateStorage.get.counter,1769795446315000000,1769795506315000000,0
cacheStateStorage.get.duration,1769795446315000000,1769795506315000000,0
cacheStateStorage.set.duration,1769795446315000000,1769795506315000000,0
cacheStateStorage.set.counter,1769795446315000000,1769795506315000000,0
workspaceModel.workspaceFileIndexData.getDirectoriesByPackageName.ms,1769795446315000000,1769795506315000000,0
workspaceModel.entityStorageSnapshotImpl.instances.count,1769795446315000000,1769795506315000000,0
workspaceModel.cachedValueWithParameters.total.get.count,1769795446315000000,1769795506315000000,0
workspaceModel.update.unloaded.entities.ms,1769795446315000000,1769795506315000000,0
workspaceModel.to.snapshot.ms,1769795446315000000,1769795506315000000,0
workspaceModel.workspaceFileIndexData.instances.count,1769795446315000000,1769795506315000000,0
workspaceModel.workspaceFileIndexData.init.ms,1769795446315000000,1769795506315000000,0
workspaceModel.pre.handlers.ms,1769795446315000000,1769795506315000000,0
workspaceModel.collect.changes.ms,1769795446315000000,1769795506315000000,0
workspaceModel.cachedValueWithParameters.calculated.count,1769795446315000000,1769795506315000000,0
workspaceModel.workspaceFileIndexData.visitFileSets.ms,1769795446315000000,1769795506315000000,0
workspaceModel.updates.count,1769795446315000000,1769795506315000000,0
workspaceModel.workspaceFileIndexData.updateDirtyEntities.ms,1769795446315000000,1769795506315000000,0
workspaceModel.workspaceFileIndexData.getPackageName.ms,1769795446315000000,1769795506315000000,0
workspaceModel.initializing.ms,1769795446315000000,1769795506315000000,0
workspaceModel.workspaceFileIndexData.markDirty.ms,1769795446315000000,1769795506315000000,0
workspaceModel.full.replace.project.model.ms,1769795446315000000,1769795506315000000,0
workspaceModel.on.before.changed.ms,1769795446315000000,1769795506315000000,0
workspaceModel.replace.project.model.ms,1769795446315000000,1769795506315000000,0
workspaceModel.workspaceFileIndexData.onEntitiesChanged.ms,1769795446315000000,1769795506315000000,0
workspaceModel.updates.ms,1769795446315000000,1769795506315000000,0
workspaceModel.on.changed.ms,1769795446315000000,1769795506315000000,0
workspaceModel.workspaceFileIndexData.getFileInfo.ms,1769795446315000000,1769795506315000000,0
workspaceModel.workspaceFileIndexContributor.registerFileSets.ms,1769795446315000000,1769795506315000000,0
workspaceModel.loading.total.ms,1769795446315000000,1769795506315000000,0
workspaceModel.init.bridges.ms,1769795446315000000,1769795506315000000,0
workspaceModel.updates.precise.ms,1769795446315000000,1769795506315000000,0
workspaceModel.cachedValueWithParameters.from.cache.count,1769795446315000000,1769795506315000000,0
workspaceModel.cachedValue.from.cache.count,1769795446315000000,1769795506315000000,0
workspaceModel.cachedValue.calculated.count,1769795446315000000,1769795506315000000,0
workspaceModel.check.recursive.update.ms,1769795446315000000,1769795506315000000,0
workspaceModel.cachedValueWithParameters.clear.count,1769795446315000000,1769795506315000000,0
workspaceModel.cachedValue.total.get.count,1769795446315000000,1769795506315000000,0
workspaceModel.workspaceFileIndexData.processFileSets.ms,1769795446315000000,1769795506315000000,0
workspaceModel.cachedValue.clear.count,1769795446315000000,1769795506315000000,0
workspaceModel.loading.from.cache.ms,1769795446315000000,1769795506315000000,0
DiskQueryRelay.tasksExecuted,1769795446315000000,1769795506315000000,0
writeAction.max.wait.ms,1769795446315000000,1769795506315000000,345
writeAction.wait.ms,1769795446315000000,1769795506315000000,0
DiskQueryRelay.taskWaitingTotalTimeUs,1769795446315000000,1769795506315000000,0
DiskQueryRelay.taskExecutionTotalTimeUs,1769795446315000000,1769795506315000000,0
DiskQueryRelay.tasksRequested,1769795446315000000,1769795506315000000,0
writeAction.count,1769795446315000000,1769795506315000000,0
writeAction.median.wait.ms,1769795446315000000,1769795506315000000,400
workspaceModel.mutableEntityStorage.apply.changes.from.ms,1769795446315000000,1769795506315000000,0
workspaceModel.mutableEntityStorage.remove.entity.ms,1769795446315000000,1769795506315000000,0
jps.global.initialize.library.bridges.ms,1769795446315000000,1769795506315000000,0
jps.artifact.entities.serializer.save.entities.ms,1769795446315000000,1769795506315000000,0
jps.project.serializers.load.ms,1769795446315000000,1769795506315000000,0
jps.app.storage.content.writer.save.component.ms,1769795446315000000,1769795506315000000,0
jps.save.global.entities.ms,1769795446315000000,1769795506315000000,0
workspaceModel.mutableEntityStorage.replace.by.source.ms,1769795446315000000,1769795506315000000,0
workspaceModel.global.apply.state.to.project.builder.ms,1769795446315000000,1769795506315000000,0
jps.facet.change.listener.before.change.events.ms,1769795446315000000,1769795506315000000,0
workspaceModel.mutableEntityStorage.changeLog.addReplaceEventForNewParent.ms,1769795446315000000,1769795506315000000,0
workspaceModel.save.cache.to.file.ms,1769795446315000000,1769795506315000000,0
jps.project.serializers.save.ms,1769795446315000000,1769795506315000000,0
jps.global.get.library.ms,1769795446315000000,1769795506315000000,0
workspaceModel.mutableEntityStorage.referrers.ms,1769795446315000000,1769795506315000000,0
jps.global.get.libraries.ms,1769795446315000000,1769795506315000000,0
jps.global.handle.changed.events.ms,1769795446315000000,1769795506315000000,0
workspaceModel.mutableEntityStorage.put.entity.ms,1769795446315000000,1769795506315000000,0
workspaceModel.mutableEntityStorage.entities.ms,1769795446315000000,1769795506315000000,0
workspaceModel.moduleBridge.before.changed.ms,1769795446315000000,1769795506315000000,0
workspaceModel.moduleManagerBridge.get.modules.ms,1769795446315000000,1769795506315000000,0
jps.load.initial.state.ms,1769795446315000000,1769795506315000000,0
workspaceModel.delayed.project.synchronizer.sync.ms,1769795446315000000,1769795506315000000,0
jps.facet.change.listener.init.bridge.ms,1769795446315000000,1769795506315000000,0
jps.library.entities.serializer.load.entities.ms,1769795446315000000,1769795506315000000,0
jps.storage.jps.conf.reader.load.component.ms,1769795446315000000,1769795506315000000,0
jps.facet.change.listener.process.change.events.ms,1769795446315000000,1769795506315000000,0
jps.artifact.entities.serializer.load.entities.ms,1769795446315000000,1769795506315000000,0
jps.apply.loaded.storage.ms,1769795446315000000,1769795506315000000,0
jps.reload.project.entities.ms,1769795446315000000,1769795506315000000,0
workspaceModel.moduleManagerBridge.new.nonPersistent.module.ms,1769795446315000000,1769795506315000000,0
workspaceModel.mutableEntityStorage.changeLog.addReplaceEventForRemovedChild.ms,1769795446315000000,1769795506315000000,0
workspaceModel.mutableEntityStorage.entities.by.source.ms,1769795446315000000,1769795506315000000,0
workspaceModel.mutableEntityStorage.instances.count,1769795446315000000,1769795506315000000,0
jps.global.get.library.by.name.ms,1769795446315000000,1769795506315000000,0
workspaceModel.mutableEntityStorage.resolve.ms,1769795446315000000,1769795506315000000,0
workspaceModel.mutableEntityStorage.mutable.ext.mapping.ms,1769795446315000000,1769795506315000000,0
workspaceModel.moduleManagerBridge.create.module.instance.ms,1769795446315000000,1769795506315000000,0
workspaceModel.moduleBridgeLoader.loading.modules.ms,1769795446315000000,1769795506315000000,0
workspaceModel.moduleManagerBridge.set.unloadedModules.ms,1769795446315000000,1769795506315000000,0
workspaceModel.moduleBridge.update.option.ms,1769795446315000000,1769795506315000000,0
workspaceModel.mutableEntityStorage.add.entity.ms,1769795446315000000,1769795506315000000,0
workspaceModel.moduleManagerBridge.newModule.ms,1769795446315000000,1769795506315000000,0
jps.global.initialize.library.bridges.after.loading.ms,1769795446315000000,1769795506315000000,0
workspaceModel.global.apply.state.to.project.ms,1769795446315000000,1769795506315000000,0
workspaceModel.global.updates.ms,1769795446315000000,1769795506315000000,0
jps.app.storage.content.reader.load.component.ms,1769795446315000000,1769795506315000000,0
jps.save.changed.project.entities.ms,1769795446315000000,1769795506315000000,0
jps.module.iml.entities.serializer.save.entities.ms,1769795446315000000,1769795506315000000,0
jps.global.handle.before.change.events.ms,1769795446315000000,1769795506315000000,0
workspaceModel.global.updates.count,1769795446315000000,1769795506315000000,0
jps.module.iml.entities.serializer.load.entities.ms,1769795446315000000,1769795506315000000,0
jps.load.project.to.empty.storage.ms,1769795446315000000,1769795506315000000,0
workspaceModel.mutableEntityStorage.collect.changes.ms,1769795446315000000,1769795506315000000,0
workspaceModel.do.save.caches.ms,1769795446315000000,1769795506315000000,0
workspaceModel.moduleBridge.facet.initialization.ms,1769795446315000000,1769795506315000000,0
jps.library.entities.serializer.save.entities.ms,1769795446315000000,1769795506315000000,0
workspaceModel.mutableEntityStorage.has.same.entities.ms,1769795446315000000,1769795506315000000,0
workspaceModel.mutableEntityStorage.modify.entity.ms,1769795446315000000,1769795506315000000,0
workspaceModel.load.cache.metadata.from.file.ms,1769795446315000000,1769795506315000000,0
workspaceModel.load.cache.from.file.ms,1769795446315000000,1769795506315000000,0
workspaceModel.sync.entities.ms,1769795446315000000,1769795506315000000,0
workspaceModel.mutableEntityStorage.changeLog.addReplaceEventForRemovedParent.ms,1769795446315000000,1769795506315000000,0
workspaceModel.mutableEntityStorage.changeLog.addReplaceEventForNewChild.ms,1769795446315000000,1769795506315000000,0
workspaceModel.mutableEntityStorage.to.snapshot.ms,1769795446315000000,1769795506315000000,0
jps.module.dependency.index.workspace.model.listener.on.changed.ms,1769795446315000000,1769795506315000000,0
workspaceModel.moduleManagerBridge.load.all.modules.ms,1769795446315000000,1769795506315000000,0
workspaceModel.moduleManagerBridge.load.module.ms,1769795446315000000,1769795506315000000,0
workspaceModel.moduleManagerBridge.build.module.graph.ms,1769795446315000000,1769795506315000000,0
workspaceModel.mutableEntityStorage.mutable.vfurl.index.ms,1769795446315000000,1769795506315000000,0
workspaceModel.orphan.listener.update.ms,1769795446315000000,1769795506315000000,0
VFS.contentStorage.recordsRead,1769795446315000000,1769795506315000000,0
FileNameCache.queries,1769795446315000000,1769795506315000000,0
VFS.contentStorage.recordsStored,1769795446315000000,1769795506315000000,0
VFS.fileByIdCache.hits,1769795446315000000,1769795506315000000,0
VFS.contentStorage.recordsReadDecompressed,1769795446315000000,1769795506315000000,0
VFS.fileByIdCache.misses,1769795446315000000,1769795506315000000,0
VFS.contentStorage.recordsStoredSize,1769795446315000000,1769795506315000000,0
VFS.contentStorage.recordsStoredCompressed,1769795446315000000,1769795506315000000,0
VFS.contentStorage.recordsDeduplicated,1769795446315000000,1769795506315000000,0
VFS.invertedFileNameIndex.requests,1769795446315000000,1769795506315000000,0
VFS.contentStorage.recordsDecompressionTimeUs,1769795446315000000,1769795506315000000,0
VFS.contentStorage.recordsReadSize,1769795446315000000,1769795506315000000,0
FileNameCache.totalMisses,1769795446315000000,1769795506315000000,0
VFS.fileChildByName,1769795446315000000,1769795506315000000,0
VFS.contentStorage.recordsUncompressedSize,1769795446315000000,1769795506315000000,0
FilePageCacheLockFree.housekeeperTurnsSkipped,1769795506315000000,1769795566315000000,0
DirectByteBufferAllocator.reclaimed,1769795506315000000,1769795566315000000,0
StorageLockContext.competingThreads.avg,1769795506315000000,1769795566315000000,0.0
FilePageCacheLockFree.housekeeperTurnsDone,1769795506315000000,1769795566315000000,0
FilePageCache.totalPageLoadsUs,1769795506315000000,1769795566315000000,0
StreamlinedBlobStorage.recordsRelocated,1769795506315000000,1769795566315000000,0
StorageLockContext.competingThreads.90P,1769795506315000000,1769795566315000000,0
FilePageCache.disposedBuffers,1769795506315000000,1769795566315000000,0
MappedFileStorage.totalBytesMapped,1769795506315000000,1769795566315000000,261357568
FilePageCacheLockFree.totalHeapBytesAllocated,1769795506315000000,1769795566315000000,0
FilePageCacheLockFree.totalPagesReadMs,1769795506315000000,1769795566315000000,0
FilePageCacheLockFree.totalPageAllocationsWaited,1769795506315000000,1769795566315000000,0
FilePageCacheLockFree.totalBytesRead,1769795506315000000,1769795566315000000,0
FilePageCache.totalPageDisposalsUs,1769795506315000000,1769795566315000000,0
FilePageCache.pageHits,1769795506315000000,1769795566315000000,30
MappedFileStorage.storages,1769795506315000000,1769795566315000000,16
StreamlinedBlobStorage.recordsAllocated,1769795506315000000,1769795566315000000,0
DirectByteBufferAllocator.misses,1769795506315000000,1769795566315000000,0
DirectByteBufferAllocator.hits,1769795506315000000,1769795566315000000,0
DirectByteBufferAllocator.totalSizeOfBuffersCachedInBytes,1769795506315000000,1769795566315000000,0
StreamlinedBlobStorage.totalLiveRecordsCapacityBytes,1769795506315000000,1769795566315000000,0
FilePageCache.uncachedFileAccess,1769795506315000000,1769795566315000000,6
FilePageCacheLockFree.totalPagesHandedOver,1769795506315000000,1769795566315000000,0
FilePageCacheLockFree.totalBytesRequested,1769795506315000000,1769795566315000000,0
FilePageCacheLockFree.totalPagesWritten,1769795506315000000,1769795566315000000,0
DirectByteBufferAllocator.totalSizeOfBuffersAllocatedInBytes,1769795506315000000,1769795566315000000,165699584
FilePageCache.capacityInBytes,1769795506315000000,1769795566315000000,503316478
StorageLockContext.competingThreads.max,1769795506315000000,1769795566315000000,0
FilePageCacheLockFree.housekeeperTimeSpentMs,1769795506315000000,1769795566315000000,0
FilePageCache.pageLoadsAboveSizeThreshold,1769795506315000000,1769795566315000000,0
FilePageCache.pageFastCacheHits,1769795506315000000,1769795566315000000,524
FilePageCacheLockFree.totalNativeBytesReclaimed,1769795506315000000,1769795566315000000,0
MappedFileStorage.totalTimeSpentOnMappingUs,1769795506315000000,1769795566315000000,12186
FilePageCacheLockFree.heapBytesInUse,1769795506315000000,1769795566315000000,0
FileChannelInterruptsRetryer.totalRetriedAttempts,1769795506315000000,1769795566315000000,0
MappedFileStorage.totalPagesMapped,1769795506315000000,1769795566315000000,21
FilePageCacheLockFree.totalPagesWriteMs,1769795506315000000,1769795566315000000,0
StreamlinedBlobStorage.totalLiveRecordsPayloadBytes,1769795506315000000,1769795566315000000,0
FilePageCacheLockFree.nativeBytesInUse,1769795506315000000,1769795566315000000,0
FilePageCache.maxCacheSizeInBytes,1769795506315000000,1769795566315000000,165699584
FilePageCacheLockFree.totalPagesReclaimed,1769795506315000000,1769795566315000000,0
FilePageCacheLockFree.totalNativeBytesAllocated,1769795506315000000,1769795566315000000,0
FilePageCache.pageLoads,1769795506315000000,1769795566315000000,0
FilePageCacheLockFree.totalPagesRequested,1769795506315000000,1769795566315000000,0
FilePageCache.maxRegisteredFiles,1769795506315000000,1769795566315000000,252
FilePageCacheLockFree.totalHeapBytesReclaimed,1769795506315000000,1769795566315000000,0
FilePageCacheLockFree.totalPagesAllocated,1769795506315000000,1769795566315000000,0
FilePageCacheLockFree.totalPagesRequestsMs,1769795506315000000,1769795566315000000,0
StreamlinedBlobStorage.recordsDeleted,1769795506315000000,1769795566315000000,0
FilePageCacheLockFree.totalClosedStoragesReclaimed,1769795506315000000,1769795566315000000,0
DirectByteBufferAllocator.disposed,1769795506315000000,1769795566315000000,0
FilePageCacheLockFree.totalBytesWritten,1769795506315000000,1769795566315000000,0
IndexesFlusher.totalFlushingTimeUs,1769795506315000000,1769795566315000000,34546
Indexes.stubs.lookups,1769795506315000000,1769795566315000000,0
Indexes.entries.lookups,1769795506315000000,1769795566315000000,98
Indexing.writer_3.totalTimeSpentWritingMs,1769795506315000000,1769795566315000000,0
Indexes.entries.lookupDuration90PMs,1769795506315000000,1769795566315000000,0.0
Indexing.cache.totalCacheAccesses,1769795506315000000,1769795566315000000,329
Indexes.allKeys.lookups,1769795506315000000,1769795566315000000,0
Indexing.cache.totalCacheEvicted,1769795506315000000,1769795566315000000,156
Indexes.entries.lookupDurationAvgMs,1769795506315000000,1769795566315000000,0.0
Indexing.writer_1.totalTimeSpentWritingMs,1769795506315000000,1769795566315000000,0
Indexes.allKeys.lookupDuration90PMs,1769795506315000000,1769795566315000000,0.0
IndexesFlusher.totalFlushes,1769795506315000000,1769795566315000000,60
Indexes.stubs.lookupDurationAvgMs,1769795506315000000,1769795566315000000,0.0
Indexing.writer_0.totalTimeSpentWritingMs,1769795506315000000,1769795566315000000,0
Indexing.cache.totalCacheMisses,1769795506315000000,1769795566315000000,156
Indexing.totalTimeIndexersSleptMs,1769795506315000000,1769795566315000000,0
Indexing.writer_2.totalTimeSpentWritingMs,1769795506315000000,1769795566315000000,0
Indexes.stubs.lookupDurationMaxMs,1769795506315000000,1769795566315000000,0.0
Indexes.stubs.lookupDuration90PMs,1769795506315000000,1769795566315000000,0.0
Indexes.allKeys.lookupDurationAvgMs,1769795506315000000,1769795566315000000,0.0
Indexing.writesQueuedMax,1769795506315000000,1769795566315000000,0
IndexesFlusher.totalFlushesRetried,1769795506315000000,1769795566315000000,0
Indexing.writesQueuedMin,1769795506315000000,1769795566315000000,9223372036854775807
Indexes.entries.lookupDurationMaxMs,1769795506315000000,1769795566315000000,0.0
Indexes.allKeys.lookupDurationMaxMs,1769795506315000000,1769795566315000000,0.0
IndexesFlusher.totalContentionQuotaSpent,1769795506315000000,1769795566315000000,0
WriteAction.executionsCount,1769795506315000000,1769795566315000000,5
AWTEventQueue.dispatchTimeMaxNs,1769795506315000000,1769795566315000000,0
FlushQueue.queueSizeMax,1769795506315000000,1769795566315000000,0
AWTEventQueue.dispatchTimeTotalNS,1769795506315000000,1769795566315000000,139244200
FlushQueue.queueSize90P,1769795506315000000,1769795566315000000,0
FlushQueue.tasksExecuted,1769795506315000000,1769795566315000000,0
NonBlockingReadAction.failedExecutionTimeUs,1769795506315000000,1769795566315000000,0
NonBlockingReadAction.finalizedExecutionsCount,1769795506315000000,1769795566315000000,12
ReadAction.executionsCount,1769795506315000000,1769795566315000000,39029
FlushQueue.queueSizeAvg,1769795506315000000,1769795566315000000,0.0
NonBlockingReadAction.finalizedExecutionTimeUs,1769795506315000000,1769795566315000000,11167
FlushQueue.waitingTimeAvgNs,1769795506315000000,1769795566315000000,0.0
FlushQueue.waitingTimeMaxNs,1769795506315000000,1769795566315000000,0
FlushQueue.waitingTime90PNs,1769795506315000000,1769795566315000000,0
NonBlockingReadAction.failedExecutionsCount,1769795506315000000,1769795566315000000,0
FlushQueue.executionTime90PNs,1769795506315000000,1769795566315000000,0
AWTEventQueue.dispatchTime90PNs,1769795506315000000,1769795566315000000,0
FlushQueue.executionTimeMaxNs,1769795506315000000,1769795566315000000,0
FlushQueue.executionTimeAvgNs,1769795506315000000,1769795566315000000,0.0
AWTEventQueue.dispatchTimeAvgNs,1769795506315000000,1769795566315000000,0.0
AWTEventQueue.eventsDispatched,1769795506315000000,1769795566315000000,0
JVM.totalBytesAllocated,1769795506315000000,1769795566315000000,679150440
JVM.threadCount,1769795506315000000,1769795566315000000,72
JVM.totalTimeAtSafepointsMs,1769795506315000000,1769795566315000000,19
JVM.GC.collections,1769795506315000000,1769795566315000000,1
OS.loadAverage,1769795506315000000,1769795566315000000,1.89453125
JVM.totalTimeToSafepointsMs,1769795506315000000,1769795566315000000,1
JVM.maxHeapBytes,1769795506315000000,1769795566315000000,4196401152
JVM.newThreadsCount,1769795506315000000,1769795566315000000,24
JVM.totalDirectByteBuffersBytes,1769795506315000000,1769795566315000000,166095874
JVM.totalSafepointCount,1769795506315000000,1769795566315000000,16
JVM.totalCpuTimeMs,1769795506315000000,1769795566315000000,3830
JVM.usedHeapBytes,1769795506315000000,1769795566315000000,1279046712
JVM.GC.collectionTimesMs,1769795506315000000,1769795566315000000,18
JVM.maxThreadCount,1769795506315000000,1769795566315000000,145
JVM.usedNativeBytes,1769795506315000000,1769795566315000000,443467744
cacheStateStorage.get.counter,1769795506315000000,1769795566315000000,1
cacheStateStorage.get.duration,1769795506315000000,1769795566315000000,0
cacheStateStorage.set.duration,1769795506315000000,1769795566315000000,0
cacheStateStorage.set.counter,1769795506315000000,1769795566315000000,1
workspaceModel.workspaceFileIndexData.getDirectoriesByPackageName.ms,1769795506315000000,1769795566315000000,0
workspaceModel.entityStorageSnapshotImpl.instances.count,1769795506315000000,1769795566315000000,0
workspaceModel.cachedValueWithParameters.total.get.count,1769795506315000000,1769795566315000000,0
workspaceModel.update.unloaded.entities.ms,1769795506315000000,1769795566315000000,0
workspaceModel.to.snapshot.ms,1769795506315000000,1769795566315000000,0
workspaceModel.workspaceFileIndexData.instances.count,1769795506315000000,1769795566315000000,0
workspaceModel.workspaceFileIndexData.init.ms,1769795506315000000,1769795566315000000,0
workspaceModel.pre.handlers.ms,1769795506315000000,1769795566315000000,0
workspaceModel.collect.changes.ms,1769795506315000000,1769795566315000000,0
workspaceModel.cachedValueWithParameters.calculated.count,1769795506315000000,1769795566315000000,0
workspaceModel.workspaceFileIndexData.visitFileSets.ms,1769795506315000000,1769795566315000000,0
workspaceModel.updates.count,1769795506315000000,1769795566315000000,0
workspaceModel.workspaceFileIndexData.updateDirtyEntities.ms,1769795506315000000,1769795566315000000,0
workspaceModel.workspaceFileIndexData.getPackageName.ms,1769795506315000000,1769795566315000000,0
workspaceModel.initializing.ms,1769795506315000000,1769795566315000000,0
workspaceModel.workspaceFileIndexData.markDirty.ms,1769795506315000000,1769795566315000000,0
workspaceModel.full.replace.project.model.ms,1769795506315000000,1769795566315000000,0
workspaceModel.on.before.changed.ms,1769795506315000000,1769795566315000000,0
workspaceModel.replace.project.model.ms,1769795506315000000,1769795566315000000,0
workspaceModel.workspaceFileIndexData.onEntitiesChanged.ms,1769795506315000000,1769795566315000000,0
workspaceModel.updates.ms,1769795506315000000,1769795566315000000,0
workspaceModel.on.changed.ms,1769795506315000000,1769795566315000000,0
workspaceModel.workspaceFileIndexData.getFileInfo.ms,1769795506315000000,1769795566315000000,22
workspaceModel.workspaceFileIndexContributor.registerFileSets.ms,1769795506315000000,1769795566315000000,0
workspaceModel.loading.total.ms,1769795506315000000,1769795566315000000,0
workspaceModel.init.bridges.ms,1769795506315000000,1769795566315000000,0
workspaceModel.updates.precise.ms,1769795506315000000,1769795566315000000,0
workspaceModel.cachedValueWithParameters.from.cache.count,1769795506315000000,1769795566315000000,0
workspaceModel.cachedValue.from.cache.count,1769795506315000000,1769795566315000000,11340
workspaceModel.cachedValue.calculated.count,1769795506315000000,1769795566315000000,0
workspaceModel.check.recursive.update.ms,1769795506315000000,1769795566315000000,0
workspaceModel.cachedValueWithParameters.clear.count,1769795506315000000,1769795566315000000,0
workspaceModel.cachedValue.total.get.count,1769795506315000000,1769795566315000000,11340
workspaceModel.workspaceFileIndexData.processFileSets.ms,1769795506315000000,1769795566315000000,0
workspaceModel.cachedValue.clear.count,1769795506315000000,1769795566315000000,0
workspaceModel.loading.from.cache.ms,1769795506315000000,1769795566315000000,0
lexer.HTML.size.bytes,1769795506315000000,1769795566315000000,3277
DiskQueryRelay.tasksExecuted,1769795506315000000,1769795566315000000,40
writeAction.max.wait.ms,1769795506315000000,1769795566315000000,345
writeAction.wait.ms,1769795506315000000,1769795566315000000,0
lexer.HTML.time.ns,1769795506315000000,1769795566315000000,1334334
DiskQueryRelay.taskWaitingTotalTimeUs,1769795506315000000,1769795566315000000,1076
DiskQueryRelay.taskExecutionTotalTimeUs,1769795506315000000,1769795566315000000,839
parser.HTML.time.ns,1769795506315000000,1769795566315000000,826403
DiskQueryRelay.tasksRequested,1769795506315000000,1769795566315000000,40
lexer.Python.time.ns,1769795506315000000,1769795566315000000,11161885
writeAction.count,1769795506315000000,1769795566315000000,5
lexer.Python.size.bytes,1769795506315000000,1769795566315000000,62922
parser.Python.time.ns,1769795506315000000,1769795566315000000,41267126
writeAction.median.wait.ms,1769795506315000000,1769795566315000000,400
parser.Python.size.bytes,1769795506315000000,1769795566315000000,62922
parser.HTML.size.bytes,1769795506315000000,1769795566315000000,3277
workspaceModel.mutableEntityStorage.apply.changes.from.ms,1769795506315000000,1769795566315000000,0
workspaceModel.mutableEntityStorage.remove.entity.ms,1769795506315000000,1769795566315000000,0
jps.global.initialize.library.bridges.ms,1769795506315000000,1769795566315000000,0
jps.artifact.entities.serializer.save.entities.ms,1769795506315000000,1769795566315000000,0
jps.project.serializers.load.ms,1769795506315000000,1769795566315000000,0
jps.app.storage.content.writer.save.component.ms,1769795506315000000,1769795566315000000,0
jps.save.global.entities.ms,1769795506315000000,1769795566315000000,0
workspaceModel.mutableEntityStorage.replace.by.source.ms,1769795506315000000,1769795566315000000,0
workspaceModel.global.apply.state.to.project.builder.ms,1769795506315000000,1769795566315000000,0
jps.facet.change.listener.before.change.events.ms,1769795506315000000,1769795566315000000,0
workspaceModel.mutableEntityStorage.changeLog.addReplaceEventForNewParent.ms,1769795506315000000,1769795566315000000,0
workspaceModel.save.cache.to.file.ms,1769795506315000000,1769795566315000000,0
jps.project.serializers.save.ms,1769795506315000000,1769795566315000000,0
jps.global.get.library.ms,1769795506315000000,1769795566315000000,0
workspaceModel.mutableEntityStorage.referrers.ms,1769795506315000000,1769795566315000000,0
jps.global.get.libraries.ms,1769795506315000000,1769795566315000000,0
jps.global.handle.changed.events.ms,1769795506315000000,1769795566315000000,0
workspaceModel.mutableEntityStorage.put.entity.ms,1769795506315000000,1769795566315000000,0
workspaceModel.mutableEntityStorage.entities.ms,1769795506315000000,1769795566315000000,0
workspaceModel.moduleBridge.before.changed.ms,1769795506315000000,1769795566315000000,0
workspaceModel.moduleManagerBridge.get.modules.ms,1769795506315000000,1769795566315000000,0
jps.load.initial.state.ms,1769795506315000000,1769795566315000000,0
workspaceModel.delayed.project.synchronizer.sync.ms,1769795506315000000,1769795566315000000,0
jps.facet.change.listener.init.bridge.ms,1769795506315000000,1769795566315000000,0
jps.library.entities.serializer.load.entities.ms,1769795506315000000,1769795566315000000,0
jps.storage.jps.conf.reader.load.component.ms,1769795506315000000,1769795566315000000,0
jps.facet.change.listener.process.change.events.ms,1769795506315000000,1769795566315000000,0
jps.artifact.entities.serializer.load.entities.ms,1769795506315000000,1769795566315000000,0
jps.apply.loaded.storage.ms,1769795506315000000,1769795566315000000,0
jps.reload.project.entities.ms,1769795506315000000,1769795566315000000,0
workspaceModel.moduleManagerBridge.new.nonPersistent.module.ms,1769795506315000000,1769795566315000000,0
workspaceModel.mutableEntityStorage.changeLog.addReplaceEventForRemovedChild.ms,1769795506315000000,1769795566315000000,0
workspaceModel.mutableEntityStorage.entities.by.source.ms,1769795506315000000,1769795566315000000,0
workspaceModel.mutableEntityStorage.instances.count,1769795506315000000,1769795566315000000,0
jps.global.get.library.by.name.ms,1769795506315000000,1769795566315000000,0
workspaceModel.mutableEntityStorage.resolve.ms,1769795506315000000,1769795566315000000,0
workspaceModel.mutableEntityStorage.mutable.ext.mapping.ms,1769795506315000000,1769795566315000000,0
workspaceModel.moduleManagerBridge.create.module.instance.ms,1769795506315000000,1769795566315000000,0
workspaceModel.moduleBridgeLoader.loading.modules.ms,1769795506315000000,1769795566315000000,0
workspaceModel.moduleManagerBridge.set.unloadedModules.ms,1769795506315000000,1769795566315000000,0
workspaceModel.moduleBridge.update.option.ms,1769795506315000000,1769795566315000000,0
workspaceModel.mutableEntityStorage.add.entity.ms,1769795506315000000,1769795566315000000,0
workspaceModel.moduleManagerBridge.newModule.ms,1769795506315000000,1769795566315000000,0
jps.global.initialize.library.bridges.after.loading.ms,1769795506315000000,1769795566315000000,0
workspaceModel.global.apply.state.to.project.ms,1769795506315000000,1769795566315000000,0
workspaceModel.global.updates.ms,1769795506315000000,1769795566315000000,0
jps.app.storage.content.reader.load.component.ms,1769795506315000000,1769795566315000000,0
jps.save.changed.project.entities.ms,1769795506315000000,1769795566315000000,0
jps.module.iml.entities.serializer.save.entities.ms,1769795506315000000,1769795566315000000,0
jps.global.handle.before.change.events.ms,1769795506315000000,1769795566315000000,0
workspaceModel.global.updates.count,1769795506315000000,1769795566315000000,0
jps.module.iml.entities.serializer.load.entities.ms,1769795506315000000,1769795566315000000,0
jps.load.project.to.empty.storage.ms,1769795506315000000,1769795566315000000,0
workspaceModel.mutableEntityStorage.collect.changes.ms,1769795506315000000,1769795566315000000,0
workspaceModel.do.save.caches.ms,1769795506315000000,1769795566315000000,0
workspaceModel.moduleBridge.facet.initialization.ms,1769795506315000000,1769795566315000000,0
jps.library.entities.serializer.save.entities.ms,1769795506315000000,1769795566315000000,0
workspaceModel.mutableEntityStorage.has.same.entities.ms,1769795506315000000,1769795566315000000,0
workspaceModel.mutableEntityStorage.modify.entity.ms,1769795506315000000,1769795566315000000,0
workspaceModel.load.cache.metadata.from.file.ms,1769795506315000000,1769795566315000000,0
workspaceModel.load.cache.from.file.ms,1769795506315000000,1769795566315000000,0
workspaceModel.sync.entities.ms,1769795506315000000,1769795566315000000,0
workspaceModel.mutableEntityStorage.changeLog.addReplaceEventForRemovedParent.ms,1769795506315000000,1769795566315000000,0
workspaceModel.mutableEntityStorage.changeLog.addReplaceEventForNewChild.ms,1769795506315000000,1769795566315000000,0
workspaceModel.mutableEntityStorage.to.snapshot.ms,1769795506315000000,1769795566315000000,0
jps.module.dependency.index.workspace.model.listener.on.changed.ms,1769795506315000000,1769795566315000000,0
workspaceModel.moduleManagerBridge.load.all.modules.ms,1769795506315000000,1769795566315000000,0
workspaceModel.moduleManagerBridge.load.module.ms,1769795506315000000,1769795566315000000,0
workspaceModel.moduleManagerBridge.build.module.graph.ms,1769795506315000000,1769795566315000000,0
workspaceModel.mutableEntityStorage.mutable.vfurl.index.ms,1769795506315000000,1769795566315000000,0
workspaceModel.orphan.listener.update.ms,1769795506315000000,1769795566315000000,0
VFS.contentStorage.recordsRead,1769795506315000000,1769795566315000000,51
FileNameCache.queries,1769795506315000000,1769795566315000000,4352
VFS.contentStorage.recordsStored,1769795506315000000,1769795566315000000,2
VFS.fileByIdCache.hits,1769795506315000000,1769795566315000000,0
VFS.contentStorage.recordsReadDecompressed,1769795506315000000,1769795566315000000,0
VFS.fileByIdCache.misses,1769795506315000000,1769795566315000000,4594
VFS.contentStorage.recordsStoredSize,1769795506315000000,1769795566315000000,3251
VFS.contentStorage.recordsStoredCompressed,1769795506315000000,1769795566315000000,0
VFS.contentStorage.recordsDeduplicated,1769795506315000000,1769795566315000000,0
VFS.invertedFileNameIndex.requests,1769795506315000000,1769795566315000000,0
VFS.contentStorage.recordsDecompressionTimeUs,1769795506315000000,1769795566315000000,0
VFS.contentStorage.recordsReadSize,1769795506315000000,1769795566315000000,200935
FileNameCache.totalMisses,1769795506315000000,1769795566315000000,0
VFS.fileChildByName,1769795506315000000,1769795566315000000,9762
VFS.contentStorage.recordsUncompressedSize,1769795506315000000,1769795566315000000,3251
FilePageCacheLockFree.housekeeperTurnsSkipped,1769795566315000000,1769795626315000000,0
DirectByteBufferAllocator.reclaimed,1769795566315000000,1769795626315000000,0
StorageLockContext.competingThreads.avg,1769795566315000000,1769795626315000000,0.0
FilePageCacheLockFree.housekeeperTurnsDone,1769795566315000000,1769795626315000000,0
FilePageCache.totalPageLoadsUs,1769795566315000000,1769795626315000000,0
StreamlinedBlobStorage.recordsRelocated,1769795566315000000,1769795626315000000,0
StorageLockContext.competingThreads.90P,1769795566315000000,1769795626315000000,0
FilePageCache.disposedBuffers,1769795566315000000,1769795626315000000,0
MappedFileStorage.totalBytesMapped,1769795566315000000,1769795626315000000,261357568
FilePageCacheLockFree.totalHeapBytesAllocated,1769795566315000000,1769795626315000000,0
FilePageCacheLockFree.totalPagesReadMs,1769795566315000000,1769795626315000000,0
FilePageCacheLockFree.totalPageAllocationsWaited,1769795566315000000,1769795626315000000,0
FilePageCacheLockFree.totalBytesRead,1769795566315000000,1769795626315000000,0
FilePageCache.totalPageDisposalsUs,1769795566315000000,1769795626315000000,0
FilePageCache.pageHits,1769795566315000000,1769795626315000000,0
MappedFileStorage.storages,1769795566315000000,1769795626315000000,16
StreamlinedBlobStorage.recordsAllocated,1769795566315000000,1769795626315000000,0
DirectByteBufferAllocator.misses,1769795566315000000,1769795626315000000,0
DirectByteBufferAllocator.hits,1769795566315000000,1769795626315000000,0
DirectByteBufferAllocator.totalSizeOfBuffersCachedInBytes,1769795566315000000,1769795626315000000,0
StreamlinedBlobStorage.totalLiveRecordsCapacityBytes,1769795566315000000,1769795626315000000,0
FilePageCache.uncachedFileAccess,1769795566315000000,1769795626315000000,0
FilePageCacheLockFree.totalPagesHandedOver,1769795566315000000,1769795626315000000,0
FilePageCacheLockFree.totalBytesRequested,1769795566315000000,1769795626315000000,0
FilePageCacheLockFree.totalPagesWritten,1769795566315000000,1769795626315000000,0
DirectByteBufferAllocator.totalSizeOfBuffersAllocatedInBytes,1769795566315000000,1769795626315000000,165699584
FilePageCache.capacityInBytes,1769795566315000000,1769795626315000000,503316478
StorageLockContext.competingThreads.max,1769795566315000000,1769795626315000000,0
FilePageCacheLockFree.housekeeperTimeSpentMs,1769795566315000000,1769795626315000000,0
FilePageCache.pageLoadsAboveSizeThreshold,1769795566315000000,1769795626315000000,0
FilePageCache.pageFastCacheHits,1769795566315000000,1769795626315000000,1
FilePageCacheLockFree.totalNativeBytesReclaimed,1769795566315000000,1769795626315000000,0
MappedFileStorage.totalTimeSpentOnMappingUs,1769795566315000000,1769795626315000000,12186
FilePageCacheLockFree.heapBytesInUse,1769795566315000000,1769795626315000000,0
FileChannelInterruptsRetryer.totalRetriedAttempts,1769795566315000000,1769795626315000000,0
MappedFileStorage.totalPagesMapped,1769795566315000000,1769795626315000000,21
FilePageCacheLockFree.totalPagesWriteMs,1769795566315000000,1769795626315000000,0
StreamlinedBlobStorage.totalLiveRecordsPayloadBytes,1769795566315000000,1769795626315000000,0
FilePageCacheLockFree.nativeBytesInUse,1769795566315000000,1769795626315000000,0
FilePageCache.maxCacheSizeInBytes,1769795566315000000,1769795626315000000,165699584
FilePageCacheLockFree.totalPagesReclaimed,1769795566315000000,1769795626315000000,0
FilePageCacheLockFree.totalNativeBytesAllocated,1769795566315000000,1769795626315000000,0
FilePageCache.pageLoads,1769795566315000000,1769795626315000000,0
FilePageCacheLockFree.totalPagesRequested,1769795566315000000,1769795626315000000,0
FilePageCache.maxRegisteredFiles,1769795566315000000,1769795626315000000,252
FilePageCacheLockFree.totalHeapBytesReclaimed,1769795566315000000,1769795626315000000,0
FilePageCacheLockFree.totalPagesAllocated,1769795566315000000,1769795626315000000,0
FilePageCacheLockFree.totalPagesRequestsMs,1769795566315000000,1769795626315000000,0
StreamlinedBlobStorage.recordsDeleted,1769795566315000000,1769795626315000000,0
FilePageCacheLockFree.totalClosedStoragesReclaimed,1769795566315000000,1769795626315000000,0
DirectByteBufferAllocator.disposed,1769795566315000000,1769795626315000000,0
FilePageCacheLockFree.totalBytesWritten,1769795566315000000,1769795626315000000,0
IndexesFlusher.totalFlushingTimeUs,1769795566315000000,1769795626315000000,31326
Indexes.stubs.lookups,1769795566315000000,1769795626315000000,0
Indexes.entries.lookups,1769795566315000000,1769795626315000000,0
Indexing.writer_3.totalTimeSpentWritingMs,1769795566315000000,1769795626315000000,0
Indexes.entries.lookupDuration90PMs,1769795566315000000,1769795626315000000,0.0
Indexing.cache.totalCacheAccesses,1769795566315000000,1769795626315000000,1
Indexes.allKeys.lookups,1769795566315000000,1769795626315000000,0
Indexing.cache.totalCacheEvicted,1769795566315000000,1769795626315000000,1
Indexes.entries.lookupDurationAvgMs,1769795566315000000,1769795626315000000,0.0
Indexing.writer_1.totalTimeSpentWritingMs,1769795566315000000,1769795626315000000,0
Indexes.allKeys.lookupDuration90PMs,1769795566315000000,1769795626315000000,0.0
IndexesFlusher.totalFlushes,1769795566315000000,1769795626315000000,60
Indexes.stubs.lookupDurationAvgMs,1769795566315000000,1769795626315000000,0.0
Indexing.writer_0.totalTimeSpentWritingMs,1769795566315000000,1769795626315000000,0
Indexing.cache.totalCacheMisses,1769795566315000000,1769795626315000000,1
Indexing.totalTimeIndexersSleptMs,1769795566315000000,1769795626315000000,0
Indexing.writer_2.totalTimeSpentWritingMs,1769795566315000000,1769795626315000000,0
Indexes.stubs.lookupDurationMaxMs,1769795566315000000,1769795626315000000,0.0
Indexes.stubs.lookupDuration90PMs,1769795566315000000,1769795626315000000,0.0
Indexes.allKeys.lookupDurationAvgMs,1769795566315000000,1769795626315000000,0.0
Indexing.writesQueuedMax,1769795566315000000,1769795626315000000,0
IndexesFlusher.totalFlushesRetried,1769795566315000000,1769795626315000000,0
Indexing.writesQueuedMin,1769795566315000000,1769795626315000000,9223372036854775807
Indexes.entries.lookupDurationMaxMs,1769795566315000000,1769795626315000000,0.0
Indexes.allKeys.lookupDurationMaxMs,1769795566315000000,1769795626315000000,0.0
IndexesFlusher.totalContentionQuotaSpent,1769795566315000000,1769795626315000000,0
WriteAction.executionsCount,1769795566315000000,1769795626315000000,0
AWTEventQueue.dispatchTimeMaxNs,1769795566315000000,1769795626315000000,0
FlushQueue.queueSizeMax,1769795566315000000,1769795626315000000,0
AWTEventQueue.dispatchTimeTotalNS,1769795566315000000,1769795626315000000,2508655048
FlushQueue.queueSize90P,1769795566315000000,1769795626315000000,0
FlushQueue.tasksExecuted,1769795566315000000,1769795626315000000,0
NonBlockingReadAction.failedExecutionTimeUs,1769795566315000000,1769795626315000000,198
NonBlockingReadAction.finalizedExecutionsCount,1769795566315000000,1769795626315000000,282
ReadAction.executionsCount,1769795566315000000,1769795626315000000,540329
FlushQueue.queueSizeAvg,1769795566315000000,1769795626315000000,0.0
NonBlockingReadAction.finalizedExecutionTimeUs,1769795566315000000,1769795626315000000,20268
FlushQueue.waitingTimeAvgNs,1769795566315000000,1769795626315000000,0.0
FlushQueue.waitingTimeMaxNs,1769795566315000000,1769795626315000000,0
FlushQueue.waitingTime90PNs,1769795566315000000,1769795626315000000,0
NonBlockingReadAction.failedExecutionsCount,1769795566315000000,1769795626315000000,1
FlushQueue.executionTime90PNs,1769795566315000000,1769795626315000000,0
AWTEventQueue.dispatchTime90PNs,1769795566315000000,1769795626315000000,0
FlushQueue.executionTimeMaxNs,1769795566315000000,1769795626315000000,0
FlushQueue.executionTimeAvgNs,1769795566315000000,1769795626315000000,0.0
AWTEventQueue.dispatchTimeAvgNs,1769795566315000000,1769795626315000000,0.0
AWTEventQueue.eventsDispatched,1769795566315000000,1769795626315000000,0
JVM.totalBytesAllocated,1769795566315000000,1769795626315000000,513063760
JVM.threadCount,1769795566315000000,1769795626315000000,70
JVM.totalTimeAtSafepointsMs,1769795566315000000,1769795626315000000,31
JVM.GC.collections,1769795566315000000,1769795626315000000,1
OS.loadAverage,1769795566315000000,1769795626315000000,1.93310546875
JVM.totalTimeToSafepointsMs,1769795566315000000,1769795626315000000,0
JVM.maxHeapBytes,1769795566315000000,1769795626315000000,4196401152
JVM.newThreadsCount,1769795566315000000,1769795626315000000,2
JVM.totalDirectByteBuffersBytes,1769795566315000000,1769795626315000000,166104076
JVM.totalSafepointCount,1769795566315000000,1769795626315000000,29
JVM.totalCpuTimeMs,1769795566315000000,1769795626315000000,6410
JVM.usedHeapBytes,1769795566315000000,1769795626315000000,1101004800
JVM.GC.collectionTimesMs,1769795566315000000,1769795626315000000,30
JVM.maxThreadCount,1769795566315000000,1769795626315000000,145
JVM.usedNativeBytes,1769795566315000000,1769795626315000000,453037416
cacheStateStorage.get.counter,1769795566315000000,1769795626315000000,0
cacheStateStorage.get.duration,1769795566315000000,1769795626315000000,0
cacheStateStorage.set.duration,1769795566315000000,1769795626315000000,0
cacheStateStorage.set.counter,1769795566315000000,1769795626315000000,0
workspaceModel.workspaceFileIndexData.getDirectoriesByPackageName.ms,1769795566315000000,1769795626315000000,0
workspaceModel.entityStorageSnapshotImpl.instances.count,1769795566315000000,1769795626315000000,0
workspaceModel.cachedValueWithParameters.total.get.count,1769795566315000000,1769795626315000000,0
workspaceModel.update.unloaded.entities.ms,1769795566315000000,1769795626315000000,0
workspaceModel.to.snapshot.ms,1769795566315000000,1769795626315000000,0
workspaceModel.workspaceFileIndexData.instances.count,1769795566315000000,1769795626315000000,0
workspaceModel.workspaceFileIndexData.init.ms,1769795566315000000,1769795626315000000,0
workspaceModel.pre.handlers.ms,1769795566315000000,1769795626315000000,0
workspaceModel.collect.changes.ms,1769795566315000000,1769795626315000000,0
workspaceModel.cachedValueWithParameters.calculated.count,1769795566315000000,1769795626315000000,0
workspaceModel.workspaceFileIndexData.visitFileSets.ms,1769795566315000000,1769795626315000000,0
workspaceModel.updates.count,1769795566315000000,1769795626315000000,0
workspaceModel.workspaceFileIndexData.updateDirtyEntities.ms,1769795566315000000,1769795626315000000,0
workspaceModel.workspaceFileIndexData.getPackageName.ms,1769795566315000000,1769795626315000000,0
workspaceModel.initializing.ms,1769795566315000000,1769795626315000000,0
workspaceModel.workspaceFileIndexData.markDirty.ms,1769795566315000000,1769795626315000000,0
workspaceModel.full.replace.project.model.ms,1769795566315000000,1769795626315000000,0
workspaceModel.on.before.changed.ms,1769795566315000000,1769795626315000000,0
workspaceModel.replace.project.model.ms,1769795566315000000,1769795626315000000,0
workspaceModel.workspaceFileIndexData.onEntitiesChanged.ms,1769795566315000000,1769795626315000000,0
workspaceModel.updates.ms,1769795566315000000,1769795626315000000,0
workspaceModel.on.changed.ms,1769795566315000000,1769795626315000000,0
workspaceModel.workspaceFileIndexData.getFileInfo.ms,1769795566315000000,1769795626315000000,1
workspaceModel.workspaceFileIndexContributor.registerFileSets.ms,1769795566315000000,1769795626315000000,0
workspaceModel.loading.total.ms,1769795566315000000,1769795626315000000,0
workspaceModel.init.bridges.ms,1769795566315000000,1769795626315000000,0
workspaceModel.updates.precise.ms,1769795566315000000,1769795626315000000,0
workspaceModel.cachedValueWithParameters.from.cache.count,1769795566315000000,1769795626315000000,0
workspaceModel.cachedValue.from.cache.count,1769795566315000000,1769795626315000000,137
workspaceModel.cachedValue.calculated.count,1769795566315000000,1769795626315000000,0
workspaceModel.check.recursive.update.ms,1769795566315000000,1769795626315000000,0
workspaceModel.cachedValueWithParameters.clear.count,1769795566315000000,1769795626315000000,0
workspaceModel.cachedValue.total.get.count,1769795566315000000,1769795626315000000,137
workspaceModel.workspaceFileIndexData.processFileSets.ms,1769795566315000000,1769795626315000000,0
workspaceModel.cachedValue.clear.count,1769795566315000000,1769795626315000000,0
workspaceModel.loading.from.cache.ms,1769795566315000000,1769795626315000000,0
DiskQueryRelay.tasksExecuted,1769795566315000000,1769795626315000000,38
writeAction.max.wait.ms,1769795566315000000,1769795626315000000,345
writeAction.wait.ms,1769795566315000000,1769795626315000000,0
DiskQueryRelay.taskWaitingTotalTimeUs,1769795566315000000,1769795626315000000,518
DiskQueryRelay.taskExecutionTotalTimeUs,1769795566315000000,1769795626315000000,512
DiskQueryRelay.tasksRequested,1769795566315000000,1769795626315000000,38
lexer.Python.time.ns,1769795566315000000,1769795626315000000,3118089
writeAction.count,1769795566315000000,1769795626315000000,0
lexer.Python.size.bytes,1769795566315000000,1769795626315000000,102570
parser.Python.time.ns,1769795566315000000,1769795626315000000,10492612
writeAction.median.wait.ms,1769795566315000000,1769795626315000000,400
parser.Python.size.bytes,1769795566315000000,1769795626315000000,102570
workspaceModel.mutableEntityStorage.apply.changes.from.ms,1769795566315000000,1769795626315000000,0
workspaceModel.mutableEntityStorage.remove.entity.ms,1769795566315000000,1769795626315000000,0
jps.global.initialize.library.bridges.ms,1769795566315000000,1769795626315000000,0
jps.artifact.entities.serializer.save.entities.ms,1769795566315000000,1769795626315000000,0
jps.project.serializers.load.ms,1769795566315000000,1769795626315000000,0
jps.app.storage.content.writer.save.component.ms,1769795566315000000,1769795626315000000,0
jps.save.global.entities.ms,1769795566315000000,1769795626315000000,0
workspaceModel.mutableEntityStorage.replace.by.source.ms,1769795566315000000,1769795626315000000,0
workspaceModel.global.apply.state.to.project.builder.ms,1769795566315000000,1769795626315000000,0
jps.facet.change.listener.before.change.events.ms,1769795566315000000,1769795626315000000,0
workspaceModel.mutableEntityStorage.changeLog.addReplaceEventForNewParent.ms,1769795566315000000,1769795626315000000,0
workspaceModel.save.cache.to.file.ms,1769795566315000000,1769795626315000000,0
jps.project.serializers.save.ms,1769795566315000000,1769795626315000000,0
jps.global.get.library.ms,1769795566315000000,1769795626315000000,0
workspaceModel.mutableEntityStorage.referrers.ms,1769795566315000000,1769795626315000000,0
jps.global.get.libraries.ms,1769795566315000000,1769795626315000000,0
jps.global.handle.changed.events.ms,1769795566315000000,1769795626315000000,0
workspaceModel.mutableEntityStorage.put.entity.ms,1769795566315000000,1769795626315000000,0
workspaceModel.mutableEntityStorage.entities.ms,1769795566315000000,1769795626315000000,0
workspaceModel.moduleBridge.before.changed.ms,1769795566315000000,1769795626315000000,0
workspaceModel.moduleManagerBridge.get.modules.ms,1769795566315000000,1769795626315000000,0
jps.load.initial.state.ms,1769795566315000000,1769795626315000000,0
workspaceModel.delayed.project.synchronizer.sync.ms,1769795566315000000,1769795626315000000,0
jps.facet.change.listener.init.bridge.ms,1769795566315000000,1769795626315000000,0
jps.library.entities.serializer.load.entities.ms,1769795566315000000,1769795626315000000,0
jps.storage.jps.conf.reader.load.component.ms,1769795566315000000,1769795626315000000,0
jps.facet.change.listener.process.change.events.ms,1769795566315000000,1769795626315000000,0
jps.artifact.entities.serializer.load.entities.ms,1769795566315000000,1769795626315000000,0
jps.apply.loaded.storage.ms,1769795566315000000,1769795626315000000,0
jps.reload.project.entities.ms,1769795566315000000,1769795626315000000,0
workspaceModel.moduleManagerBridge.new.nonPersistent.module.ms,1769795566315000000,1769795626315000000,0
workspaceModel.mutableEntityStorage.changeLog.addReplaceEventForRemovedChild.ms,1769795566315000000,1769795626315000000,0
workspaceModel.mutableEntityStorage.entities.by.source.ms,1769795566315000000,1769795626315000000,0
workspaceModel.mutableEntityStorage.instances.count,1769795566315000000,1769795626315000000,0
jps.global.get.library.by.name.ms,1769795566315000000,1769795626315000000,0
workspaceModel.mutableEntityStorage.resolve.ms,1769795566315000000,1769795626315000000,0
workspaceModel.mutableEntityStorage.mutable.ext.mapping.ms,1769795566315000000,1769795626315000000,0
workspaceModel.moduleManagerBridge.create.module.instance.ms,1769795566315000000,1769795626315000000,0
workspaceModel.moduleBridgeLoader.loading.modules.ms,1769795566315000000,1769795626315000000,0
workspaceModel.moduleManagerBridge.set.unloadedModules.ms,1769795566315000000,1769795626315000000,0
workspaceModel.moduleBridge.update.option.ms,1769795566315000000,1769795626315000000,0
workspaceModel.mutableEntityStorage.add.entity.ms,1769795566315000000,1769795626315000000,0
workspaceModel.moduleManagerBridge.newModule.ms,1769795566315000000,1769795626315000000,0
jps.global.initialize.library.bridges.after.loading.ms,1769795566315000000,1769795626315000000,0
workspaceModel.global.apply.state.to.project.ms,1769795566315000000,1769795626315000000,0
workspaceModel.global.updates.ms,1769795566315000000,1769795626315000000,0
jps.app.storage.content.reader.load.component.ms,1769795566315000000,1769795626315000000,0
jps.save.changed.project.entities.ms,1769795566315000000,1769795626315000000,0
jps.module.iml.entities.serializer.save.entities.ms,1769795566315000000,1769795626315000000,0
jps.global.handle.before.change.events.ms,1769795566315000000,1769795626315000000,0
workspaceModel.global.updates.count,1769795566315000000,1769795626315000000,0
jps.module.iml.entities.serializer.load.entities.ms,1769795566315000000,1769795626315000000,0
jps.load.project.to.empty.storage.ms,1769795566315000000,1769795626315000000,0
workspaceModel.mutableEntityStorage.collect.changes.ms,1769795566315000000,1769795626315000000,0
workspaceModel.do.save.caches.ms,1769795566315000000,1769795626315000000,0
workspaceModel.moduleBridge.facet.initialization.ms,1769795566315000000,1769795626315000000,0
jps.library.entities.serializer.save.entities.ms,1769795566315000000,1769795626315000000,0
workspaceModel.mutableEntityStorage.has.same.entities.ms,1769795566315000000,1769795626315000000,0
workspaceModel.mutableEntityStorage.modify.entity.ms,1769795566315000000,1769795626315000000,0
workspaceModel.load.cache.metadata.from.file.ms,1769795566315000000,1769795626315000000,0
workspaceModel.load.cache.from.file.ms,1769795566315000000,1769795626315000000,0
workspaceModel.sync.entities.ms,1769795566315000000,1769795626315000000,0
workspaceModel.mutableEntityStorage.changeLog.addReplaceEventForRemovedParent.ms,1769795566315000000,1769795626315000000,0
workspaceModel.mutableEntityStorage.changeLog.addReplaceEventForNewChild.ms,1769795566315000000,1769795626315000000,0
workspaceModel.mutableEntityStorage.to.snapshot.ms,1769795566315000000,1769795626315000000,0
jps.module.dependency.index.workspace.model.listener.on.changed.ms,1769795566315000000,1769795626315000000,0
workspaceModel.moduleManagerBridge.load.all.modules.ms,1769795566315000000,1769795626315000000,0
workspaceModel.moduleManagerBridge.load.module.ms,1769795566315000000,1769795626315000000,0
workspaceModel.moduleManagerBridge.build.module.graph.ms,1769795566315000000,1769795626315000000,0
workspaceModel.mutableEntityStorage.mutable.vfurl.index.ms,1769795566315000000,1769795626315000000,0
workspaceModel.orphan.listener.update.ms,1769795566315000000,1769795626315000000,0
VFS.contentStorage.recordsRead,1769795566315000000,1769795626315000000,6
FileNameCache.queries,1769795566315000000,1769795626315000000,11136
VFS.contentStorage.recordsStored,1769795566315000000,1769795626315000000,0
VFS.fileByIdCache.hits,1769795566315000000,1769795626315000000,0
VFS.contentStorage.recordsReadDecompressed,1769795566315000000,1769795626315000000,4
VFS.fileByIdCache.misses,1769795566315000000,1769795626315000000,0
VFS.contentStorage.recordsStoredSize,1769795566315000000,1769795626315000000,0
VFS.contentStorage.recordsStoredCompressed,1769795566315000000,1769795626315000000,0
VFS.contentStorage.recordsDeduplicated,1769795566315000000,1769795626315000000,0
VFS.invertedFileNameIndex.requests,1769795566315000000,1769795626315000000,0
VFS.contentStorage.recordsDecompressionTimeUs,1769795566315000000,1769795626315000000,121
VFS.contentStorage.recordsReadSize,1769795566315000000,1769795626315000000,102530
FileNameCache.totalMisses,1769795566315000000,1769795626315000000,0
VFS.fileChildByName,1769795566315000000,1769795626315000000,177
VFS.contentStorage.recordsUncompressedSize,1769795566315000000,1769795626315000000,0
FilePageCacheLockFree.housekeeperTurnsSkipped,1769795626315000000,1769795686315000000,0
DirectByteBufferAllocator.reclaimed,1769795626315000000,1769795686315000000,0
StorageLockContext.competingThreads.avg,1769795626315000000,1769795686315000000,0.0
FilePageCacheLockFree.housekeeperTurnsDone,1769795626315000000,1769795686315000000,0
FilePageCache.totalPageLoadsUs,1769795626315000000,1769795686315000000,0
StreamlinedBlobStorage.recordsRelocated,1769795626315000000,1769795686315000000,0
StorageLockContext.competingThreads.90P,1769795626315000000,1769795686315000000,0
FilePageCache.disposedBuffers,1769795626315000000,1769795686315000000,0
MappedFileStorage.totalBytesMapped,1769795626315000000,1769795686315000000,261357568
FilePageCacheLockFree.totalHeapBytesAllocated,1769795626315000000,1769795686315000000,0
FilePageCacheLockFree.totalPagesReadMs,1769795626315000000,1769795686315000000,0
FilePageCacheLockFree.totalPageAllocationsWaited,1769795626315000000,1769795686315000000,0
FilePageCacheLockFree.totalBytesRead,1769795626315000000,1769795686315000000,0
FilePageCache.totalPageDisposalsUs,1769795626315000000,1769795686315000000,0
FilePageCache.pageHits,1769795626315000000,1769795686315000000,8
MappedFileStorage.storages,1769795626315000000,1769795686315000000,16
StreamlinedBlobStorage.recordsAllocated,1769795626315000000,1769795686315000000,0
DirectByteBufferAllocator.misses,1769795626315000000,1769795686315000000,0
DirectByteBufferAllocator.hits,1769795626315000000,1769795686315000000,0
DirectByteBufferAllocator.totalSizeOfBuffersCachedInBytes,1769795626315000000,1769795686315000000,0
StreamlinedBlobStorage.totalLiveRecordsCapacityBytes,1769795626315000000,1769795686315000000,0
FilePageCache.uncachedFileAccess,1769795626315000000,1769795686315000000,3
FilePageCacheLockFree.totalPagesHandedOver,1769795626315000000,1769795686315000000,0
FilePageCacheLockFree.totalBytesRequested,1769795626315000000,1769795686315000000,0
FilePageCacheLockFree.totalPagesWritten,1769795626315000000,1769795686315000000,0
DirectByteBufferAllocator.totalSizeOfBuffersAllocatedInBytes,1769795626315000000,1769795686315000000,165699584
FilePageCache.capacityInBytes,1769795626315000000,1769795686315000000,503316478
StorageLockContext.competingThreads.max,1769795626315000000,1769795686315000000,0
FilePageCacheLockFree.housekeeperTimeSpentMs,1769795626315000000,1769795686315000000,0
FilePageCache.pageLoadsAboveSizeThreshold,1769795626315000000,1769795686315000000,0
FilePageCache.pageFastCacheHits,1769795626315000000,1769795686315000000,30
FilePageCacheLockFree.totalNativeBytesReclaimed,1769795626315000000,1769795686315000000,0
MappedFileStorage.totalTimeSpentOnMappingUs,1769795626315000000,1769795686315000000,12186
FilePageCacheLockFree.heapBytesInUse,1769795626315000000,1769795686315000000,0
FileChannelInterruptsRetryer.totalRetriedAttempts,1769795626315000000,1769795686315000000,0
MappedFileStorage.totalPagesMapped,1769795626315000000,1769795686315000000,21
FilePageCacheLockFree.totalPagesWriteMs,1769795626315000000,1769795686315000000,0
StreamlinedBlobStorage.totalLiveRecordsPayloadBytes,1769795626315000000,1769795686315000000,0
FilePageCacheLockFree.nativeBytesInUse,1769795626315000000,1769795686315000000,0
FilePageCache.maxCacheSizeInBytes,1769795626315000000,1769795686315000000,165699584
FilePageCacheLockFree.totalPagesReclaimed,1769795626315000000,1769795686315000000,0
FilePageCacheLockFree.totalNativeBytesAllocated,1769795626315000000,1769795686315000000,0
FilePageCache.pageLoads,1769795626315000000,1769795686315000000,0
FilePageCacheLockFree.totalPagesRequested,1769795626315000000,1769795686315000000,0
FilePageCache.maxRegisteredFiles,1769795626315000000,1769795686315000000,252
FilePageCacheLockFree.totalHeapBytesReclaimed,1769795626315000000,1769795686315000000,0
FilePageCacheLockFree.totalPagesAllocated,1769795626315000000,1769795686315000000,0
FilePageCacheLockFree.totalPagesRequestsMs,1769795626315000000,1769795686315000000,0
StreamlinedBlobStorage.recordsDeleted,1769795626315000000,1769795686315000000,0
FilePageCacheLockFree.totalClosedStoragesReclaimed,1769795626315000000,1769795686315000000,0
DirectByteBufferAllocator.disposed,1769795626315000000,1769795686315000000,0
FilePageCacheLockFree.totalBytesWritten,1769795626315000000,1769795686315000000,0
IndexesFlusher.totalFlushingTimeUs,1769795626315000000,1769795686315000000,30034
Indexes.stubs.lookups,1769795626315000000,1769795686315000000,0
Indexes.entries.lookups,1769795626315000000,1769795686315000000,49
Indexing.writer_3.totalTimeSpentWritingMs,1769795626315000000,1769795686315000000,0
Indexes.entries.lookupDuration90PMs,1769795626315000000,1769795686315000000,0.0
Indexing.cache.totalCacheAccesses,1769795626315000000,1769795686315000000,101
Indexes.allKeys.lookups,1769795626315000000,1769795686315000000,0
Indexing.cache.totalCacheEvicted,1769795626315000000,1769795686315000000,15
Indexes.entries.lookupDurationAvgMs,1769795626315000000,1769795686315000000,0.0
Indexing.writer_1.totalTimeSpentWritingMs,1769795626315000000,1769795686315000000,0
Indexes.allKeys.lookupDuration90PMs,1769795626315000000,1769795686315000000,0.0
IndexesFlusher.totalFlushes,1769795626315000000,1769795686315000000,60
Indexes.stubs.lookupDurationAvgMs,1769795626315000000,1769795686315000000,0.0
Indexing.writer_0.totalTimeSpentWritingMs,1769795626315000000,1769795686315000000,0
Indexing.cache.totalCacheMisses,1769795626315000000,1769795686315000000,15
Indexing.totalTimeIndexersSleptMs,1769795626315000000,1769795686315000000,0
Indexing.writer_2.totalTimeSpentWritingMs,1769795626315000000,1769795686315000000,0
Indexes.stubs.lookupDurationMaxMs,1769795626315000000,1769795686315000000,0.0
Indexes.stubs.lookupDuration90PMs,1769795626315000000,1769795686315000000,0.0
Indexes.allKeys.lookupDurationAvgMs,1769795626315000000,1769795686315000000,0.0
Indexing.writesQueuedMax,1769795626315000000,1769795686315000000,0
IndexesFlusher.totalFlushesRetried,1769795626315000000,1769795686315000000,0
Indexing.writesQueuedMin,1769795626315000000,1769795686315000000,9223372036854775807
Indexes.entries.lookupDurationMaxMs,1769795626315000000,1769795686315000000,0.0
Indexes.allKeys.lookupDurationMaxMs,1769795626315000000,1769795686315000000,0.0
IndexesFlusher.totalContentionQuotaSpent,1769795626315000000,1769795686315000000,0
WriteAction.executionsCount,1769795626315000000,1769795686315000000,3
AWTEventQueue.dispatchTimeMaxNs,1769795626315000000,1769795686315000000,0
FlushQueue.queueSizeMax,1769795626315000000,1769795686315000000,0
AWTEventQueue.dispatchTimeTotalNS,1769795626315000000,1769795686315000000,1000720074
FlushQueue.queueSize90P,1769795626315000000,1769795686315000000,0
FlushQueue.tasksExecuted,1769795626315000000,1769795686315000000,0
NonBlockingReadAction.failedExecutionTimeUs,1769795626315000000,1769795686315000000,663
NonBlockingReadAction.finalizedExecutionsCount,1769795626315000000,1769795686315000000,1767
ReadAction.executionsCount,1769795626315000000,1769795686315000000,184073
FlushQueue.queueSizeAvg,1769795626315000000,1769795686315000000,0.0
NonBlockingReadAction.finalizedExecutionTimeUs,1769795626315000000,1769795686315000000,145855
FlushQueue.waitingTimeAvgNs,1769795626315000000,1769795686315000000,0.0
FlushQueue.waitingTimeMaxNs,1769795626315000000,1769795686315000000,0
FlushQueue.waitingTime90PNs,1769795626315000000,1769795686315000000,0
NonBlockingReadAction.failedExecutionsCount,1769795626315000000,1769795686315000000,4
FlushQueue.executionTime90PNs,1769795626315000000,1769795686315000000,0
AWTEventQueue.dispatchTime90PNs,1769795626315000000,1769795686315000000,0
FlushQueue.executionTimeMaxNs,1769795626315000000,1769795686315000000,0
FlushQueue.executionTimeAvgNs,1769795626315000000,1769795686315000000,0.0
AWTEventQueue.dispatchTimeAvgNs,1769795626315000000,1769795686315000000,0.0
AWTEventQueue.eventsDispatched,1769795626315000000,1769795686315000000,0
JVM.totalBytesAllocated,1769795626315000000,1769795686315000000,507250688
JVM.threadCount,1769795626315000000,1769795686315000000,74
JVM.totalTimeAtSafepointsMs,1769795626315000000,1769795686315000000,32
JVM.GC.collections,1769795626315000000,1769795686315000000,3
OS.loadAverage,1769795626315000000,1769795686315000000,1.71484375
JVM.totalTimeToSafepointsMs,1769795626315000000,1769795686315000000,0
JVM.maxHeapBytes,1769795626315000000,1769795686315000000,4196401152
JVM.newThreadsCount,1769795626315000000,1769795686315000000,4
JVM.totalDirectByteBuffersBytes,1769795626315000000,1769795686315000000,166134660
JVM.totalSafepointCount,1769795626315000000,1769795686315000000,25
JVM.totalCpuTimeMs,1769795626315000000,1769795686315000000,6410
JVM.usedHeapBytes,1769795626315000000,1769795686315000000,831358304
JVM.GC.collectionTimesMs,1769795626315000000,1769795686315000000,31
JVM.maxThreadCount,1769795626315000000,1769795686315000000,145
JVM.usedNativeBytes,1769795626315000000,1769795686315000000,452725280
cacheStateStorage.get.counter,1769795626315000000,1769795686315000000,0
cacheStateStorage.get.duration,1769795626315000000,1769795686315000000,0
cacheStateStorage.set.duration,1769795626315000000,1769795686315000000,1
cacheStateStorage.set.counter,1769795626315000000,1769795686315000000,4
workspaceModel.workspaceFileIndexData.getDirectoriesByPackageName.ms,1769795626315000000,1769795686315000000,0
workspaceModel.entityStorageSnapshotImpl.instances.count,1769795626315000000,1769795686315000000,0
workspaceModel.cachedValueWithParameters.total.get.count,1769795626315000000,1769795686315000000,0
workspaceModel.update.unloaded.entities.ms,1769795626315000000,1769795686315000000,0
workspaceModel.to.snapshot.ms,1769795626315000000,1769795686315000000,0
workspaceModel.workspaceFileIndexData.instances.count,1769795626315000000,1769795686315000000,0
workspaceModel.workspaceFileIndexData.init.ms,1769795626315000000,1769795686315000000,0
workspaceModel.pre.handlers.ms,1769795626315000000,1769795686315000000,0
workspaceModel.collect.changes.ms,1769795626315000000,1769795686315000000,0
workspaceModel.cachedValueWithParameters.calculated.count,1769795626315000000,1769795686315000000,0
workspaceModel.workspaceFileIndexData.visitFileSets.ms,1769795626315000000,1769795686315000000,0
workspaceModel.updates.count,1769795626315000000,1769795686315000000,0
workspaceModel.workspaceFileIndexData.updateDirtyEntities.ms,1769795626315000000,1769795686315000000,0
workspaceModel.workspaceFileIndexData.getPackageName.ms,1769795626315000000,1769795686315000000,0
workspaceModel.initializing.ms,1769795626315000000,1769795686315000000,0
workspaceModel.workspaceFileIndexData.markDirty.ms,1769795626315000000,1769795686315000000,0
workspaceModel.full.replace.project.model.ms,1769795626315000000,1769795686315000000,0
workspaceModel.on.before.changed.ms,1769795626315000000,1769795686315000000,0
workspaceModel.replace.project.model.ms,1769795626315000000,1769795686315000000,0
workspaceModel.workspaceFileIndexData.onEntitiesChanged.ms,1769795626315000000,1769795686315000000,0
workspaceModel.updates.ms,1769795626315000000,1769795686315000000,0
workspaceModel.on.changed.ms,1769795626315000000,1769795686315000000,0
workspaceModel.workspaceFileIndexData.getFileInfo.ms,1769795626315000000,1769795686315000000,30
workspaceModel.workspaceFileIndexContributor.registerFileSets.ms,1769795626315000000,1769795686315000000,0
workspaceModel.loading.total.ms,1769795626315000000,1769795686315000000,0
workspaceModel.init.bridges.ms,1769795626315000000,1769795686315000000,0
workspaceModel.updates.precise.ms,1769795626315000000,1769795686315000000,0
workspaceModel.cachedValueWithParameters.from.cache.count,1769795626315000000,1769795686315000000,0
workspaceModel.cachedValue.from.cache.count,1769795626315000000,1769795686315000000,5975
workspaceModel.cachedValue.calculated.count,1769795626315000000,1769795686315000000,0
workspaceModel.check.recursive.update.ms,1769795626315000000,1769795686315000000,0
workspaceModel.cachedValueWithParameters.clear.count,1769795626315000000,1769795686315000000,0
workspaceModel.cachedValue.total.get.count,1769795626315000000,1769795686315000000,5975
workspaceModel.workspaceFileIndexData.processFileSets.ms,1769795626315000000,1769795686315000000,0
workspaceModel.cachedValue.clear.count,1769795626315000000,1769795686315000000,0
workspaceModel.loading.from.cache.ms,1769795626315000000,1769795686315000000,0
lexer.HTML.size.bytes,1769795626315000000,1769795686315000000,2109
DiskQueryRelay.tasksExecuted,1769795626315000000,1769795686315000000,57
writeAction.max.wait.ms,1769795626315000000,1769795686315000000,345
writeAction.wait.ms,1769795626315000000,1769795686315000000,0
lexer.HTML.time.ns,1769795626315000000,1769795686315000000,897057
DiskQueryRelay.taskWaitingTotalTimeUs,1769795626315000000,1769795686315000000,776
DiskQueryRelay.taskExecutionTotalTimeUs,1769795626315000000,1769795686315000000,767
parser.HTML.time.ns,1769795626315000000,1769795686315000000,786457
DiskQueryRelay.tasksRequested,1769795626315000000,1769795686315000000,57
lexer.Python.time.ns,1769795626315000000,1769795686315000000,5148522
writeAction.count,1769795626315000000,1769795686315000000,3
lexer.Python.size.bytes,1769795626315000000,1769795686315000000,27650
parser.Python.time.ns,1769795626315000000,1769795686315000000,19010597
writeAction.median.wait.ms,1769795626315000000,1769795686315000000,400
parser.Python.size.bytes,1769795626315000000,1769795686315000000,27650
parser.HTML.size.bytes,1769795626315000000,1769795686315000000,2109
workspaceModel.mutableEntityStorage.apply.changes.from.ms,1769795626315000000,1769795686315000000,0
workspaceModel.mutableEntityStorage.remove.entity.ms,1769795626315000000,1769795686315000000,0
jps.global.initialize.library.bridges.ms,1769795626315000000,1769795686315000000,0
jps.artifact.entities.serializer.save.entities.ms,1769795626315000000,1769795686315000000,0
jps.project.serializers.load.ms,1769795626315000000,1769795686315000000,0
jps.app.storage.content.writer.save.component.ms,1769795626315000000,1769795686315000000,0
jps.save.global.entities.ms,1769795626315000000,1769795686315000000,1
workspaceModel.mutableEntityStorage.replace.by.source.ms,1769795626315000000,1769795686315000000,0
workspaceModel.global.apply.state.to.project.builder.ms,1769795626315000000,1769795686315000000,0
jps.facet.change.listener.before.change.events.ms,1769795626315000000,1769795686315000000,0
workspaceModel.mutableEntityStorage.changeLog.addReplaceEventForNewParent.ms,1769795626315000000,1769795686315000000,0
workspaceModel.save.cache.to.file.ms,1769795626315000000,1769795686315000000,0
jps.project.serializers.save.ms,1769795626315000000,1769795686315000000,0
jps.global.get.library.ms,1769795626315000000,1769795686315000000,0
workspaceModel.mutableEntityStorage.referrers.ms,1769795626315000000,1769795686315000000,0
jps.global.get.libraries.ms,1769795626315000000,1769795686315000000,0
jps.global.handle.changed.events.ms,1769795626315000000,1769795686315000000,0
workspaceModel.mutableEntityStorage.put.entity.ms,1769795626315000000,1769795686315000000,0
workspaceModel.mutableEntityStorage.entities.ms,1769795626315000000,1769795686315000000,0
workspaceModel.moduleBridge.before.changed.ms,1769795626315000000,1769795686315000000,0
workspaceModel.moduleManagerBridge.get.modules.ms,1769795626315000000,1769795686315000000,0
jps.load.initial.state.ms,1769795626315000000,1769795686315000000,0
workspaceModel.delayed.project.synchronizer.sync.ms,1769795626315000000,1769795686315000000,0
jps.facet.change.listener.init.bridge.ms,1769795626315000000,1769795686315000000,0
jps.library.entities.serializer.load.entities.ms,1769795626315000000,1769795686315000000,0
jps.storage.jps.conf.reader.load.component.ms,1769795626315000000,1769795686315000000,0
jps.facet.change.listener.process.change.events.ms,1769795626315000000,1769795686315000000,0
jps.artifact.entities.serializer.load.entities.ms,1769795626315000000,1769795686315000000,0
jps.apply.loaded.storage.ms,1769795626315000000,1769795686315000000,0
jps.reload.project.entities.ms,1769795626315000000,1769795686315000000,0
workspaceModel.moduleManagerBridge.new.nonPersistent.module.ms,1769795626315000000,1769795686315000000,0
workspaceModel.mutableEntityStorage.changeLog.addReplaceEventForRemovedChild.ms,1769795626315000000,1769795686315000000,0
workspaceModel.mutableEntityStorage.entities.by.source.ms,1769795626315000000,1769795686315000000,0
workspaceModel.mutableEntityStorage.instances.count,1769795626315000000,1769795686315000000,0
jps.global.get.library.by.name.ms,1769795626315000000,1769795686315000000,0
workspaceModel.mutableEntityStorage.resolve.ms,1769795626315000000,1769795686315000000,0
workspaceModel.mutableEntityStorage.mutable.ext.mapping.ms,1769795626315000000,1769795686315000000,0
workspaceModel.moduleManagerBridge.create.module.instance.ms,1769795626315000000,1769795686315000000,0
workspaceModel.moduleBridgeLoader.loading.modules.ms,1769795626315000000,1769795686315000000,0
workspaceModel.moduleManagerBridge.set.unloadedModules.ms,1769795626315000000,1769795686315000000,0
workspaceModel.moduleBridge.update.option.ms,1769795626315000000,1769795686315000000,0
workspaceModel.mutableEntityStorage.add.entity.ms,1769795626315000000,1769795686315000000,0
workspaceModel.moduleManagerBridge.newModule.ms,1769795626315000000,1769795686315000000,0
jps.global.initialize.library.bridges.after.loading.ms,1769795626315000000,1769795686315000000,0
workspaceModel.global.apply.state.to.project.ms,1769795626315000000,1769795686315000000,0
workspaceModel.global.updates.ms,1769795626315000000,1769795686315000000,0
jps.app.storage.content.reader.load.component.ms,1769795626315000000,1769795686315000000,0
jps.save.changed.project.entities.ms,1769795626315000000,1769795686315000000,0
jps.module.iml.entities.serializer.save.entities.ms,1769795626315000000,1769795686315000000,0
jps.global.handle.before.change.events.ms,1769795626315000000,1769795686315000000,0
workspaceModel.global.updates.count,1769795626315000000,1769795686315000000,0
jps.module.iml.entities.serializer.load.entities.ms,1769795626315000000,1769795686315000000,0
jps.load.project.to.empty.storage.ms,1769795626315000000,1769795686315000000,0
workspaceModel.mutableEntityStorage.collect.changes.ms,1769795626315000000,1769795686315000000,0
workspaceModel.do.save.caches.ms,1769795626315000000,1769795686315000000,0
workspaceModel.moduleBridge.facet.initialization.ms,1769795626315000000,1769795686315000000,0
jps.library.entities.serializer.save.entities.ms,1769795626315000000,1769795686315000000,0
workspaceModel.mutableEntityStorage.has.same.entities.ms,1769795626315000000,1769795686315000000,0
workspaceModel.mutableEntityStorage.modify.entity.ms,1769795626315000000,1769795686315000000,0
workspaceModel.load.cache.metadata.from.file.ms,1769795626315000000,1769795686315000000,0
workspaceModel.load.cache.from.file.ms,1769795626315000000,1769795686315000000,0
workspaceModel.sync.entities.ms,1769795626315000000,1769795686315000000,0
workspaceModel.mutableEntityStorage.changeLog.addReplaceEventForRemovedParent.ms,1769795626315000000,1769795686315000000,0
workspaceModel.mutableEntityStorage.changeLog.addReplaceEventForNewChild.ms,1769795626315000000,1769795686315000000,0
workspaceModel.mutableEntityStorage.to.snapshot.ms,1769795626315000000,1769795686315000000,0
jps.module.dependency.index.workspace.model.listener.on.changed.ms,1769795626315000000,1769795686315000000,0
workspaceModel.moduleManagerBridge.load.all.modules.ms,1769795626315000000,1769795686315000000,0
workspaceModel.moduleManagerBridge.load.module.ms,1769795626315000000,1769795686315000000,0
workspaceModel.moduleManagerBridge.build.module.graph.ms,1769795626315000000,1769795686315000000,0
workspaceModel.mutableEntityStorage.mutable.vfurl.index.ms,1769795626315000000,1769795686315000000,0
workspaceModel.orphan.listener.update.ms,1769795626315000000,1769795686315000000,0
VFS.contentStorage.recordsRead,1769795626315000000,1769795686315000000,25
FileNameCache.queries,1769795626315000000,1769795686315000000,2240
VFS.contentStorage.recordsStored,1769795626315000000,1769795686315000000,0
VFS.fileByIdCache.hits,1769795626315000000,1769795686315000000,0
VFS.contentStorage.recordsReadDecompressed,1769795626315000000,1769795686315000000,0
VFS.fileByIdCache.misses,1769795626315000000,1769795686315000000,2297
VFS.contentStorage.recordsStoredSize,1769795626315000000,1769795686315000000,0
VFS.contentStorage.recordsStoredCompressed,1769795626315000000,1769795686315000000,0
VFS.contentStorage.recordsDeduplicated,1769795626315000000,1769795686315000000,0
VFS.invertedFileNameIndex.requests,1769795626315000000,1769795686315000000,0
VFS.contentStorage.recordsDecompressionTimeUs,1769795626315000000,1769795686315000000,0
VFS.contentStorage.recordsReadSize,1769795626315000000,1769795686315000000,100712
FileNameCache.totalMisses,1769795626315000000,1769795686315000000,0
VFS.fileChildByName,1769795626315000000,1769795686315000000,4813
VFS.contentStorage.recordsUncompressedSize,1769795626315000000,1769795686315000000,0
FilePageCacheLockFree.housekeeperTurnsSkipped,1769795686315000000,1769795746315000000,0
DirectByteBufferAllocator.reclaimed,1769795686315000000,1769795746315000000,0
StorageLockContext.competingThreads.avg,1769795686315000000,1769795746315000000,0.0
FilePageCacheLockFree.housekeeperTurnsDone,1769795686315000000,1769795746315000000,0
FilePageCache.totalPageLoadsUs,1769795686315000000,1769795746315000000,0
StreamlinedBlobStorage.recordsRelocated,1769795686315000000,1769795746315000000,0
StorageLockContext.competingThreads.90P,1769795686315000000,1769795746315000000,0
FilePageCache.disposedBuffers,1769795686315000000,1769795746315000000,0
MappedFileStorage.totalBytesMapped,1769795686315000000,1769795746315000000,261357568
FilePageCacheLockFree.totalHeapBytesAllocated,1769795686315000000,1769795746315000000,0
FilePageCacheLockFree.totalPagesReadMs,1769795686315000000,1769795746315000000,0
FilePageCacheLockFree.totalPageAllocationsWaited,1769795686315000000,1769795746315000000,0
FilePageCacheLockFree.totalBytesRead,1769795686315000000,1769795746315000000,0
FilePageCache.totalPageDisposalsUs,1769795686315000000,1769795746315000000,0
FilePageCache.pageHits,1769795686315000000,1769795746315000000,0
MappedFileStorage.storages,1769795686315000000,1769795746315000000,16
StreamlinedBlobStorage.recordsAllocated,1769795686315000000,1769795746315000000,0
DirectByteBufferAllocator.misses,1769795686315000000,1769795746315000000,0
DirectByteBufferAllocator.hits,1769795686315000000,1769795746315000000,0
DirectByteBufferAllocator.totalSizeOfBuffersCachedInBytes,1769795686315000000,1769795746315000000,0
StreamlinedBlobStorage.totalLiveRecordsCapacityBytes,1769795686315000000,1769795746315000000,0
FilePageCache.uncachedFileAccess,1769795686315000000,1769795746315000000,3
FilePageCacheLockFree.totalPagesHandedOver,1769795686315000000,1769795746315000000,0
FilePageCacheLockFree.totalBytesRequested,1769795686315000000,1769795746315000000,0
FilePageCacheLockFree.totalPagesWritten,1769795686315000000,1769795746315000000,0
DirectByteBufferAllocator.totalSizeOfBuffersAllocatedInBytes,1769795686315000000,1769795746315000000,165699584
FilePageCache.capacityInBytes,1769795686315000000,1769795746315000000,503316478
StorageLockContext.competingThreads.max,1769795686315000000,1769795746315000000,0
FilePageCacheLockFree.housekeeperTimeSpentMs,1769795686315000000,1769795746315000000,0
FilePageCache.pageLoadsAboveSizeThreshold,1769795686315000000,1769795746315000000,0
FilePageCache.pageFastCacheHits,1769795686315000000,1769795746315000000,20
FilePageCacheLockFree.totalNativeBytesReclaimed,1769795686315000000,1769795746315000000,0
MappedFileStorage.totalTimeSpentOnMappingUs,1769795686315000000,1769795746315000000,12186
FilePageCacheLockFree.heapBytesInUse,1769795686315000000,1769795746315000000,0
FileChannelInterruptsRetryer.totalRetriedAttempts,1769795686315000000,1769795746315000000,0
MappedFileStorage.totalPagesMapped,1769795686315000000,1769795746315000000,21
FilePageCacheLockFree.totalPagesWriteMs,1769795686315000000,1769795746315000000,0
StreamlinedBlobStorage.totalLiveRecordsPayloadBytes,1769795686315000000,1769795746315000000,0
FilePageCacheLockFree.nativeBytesInUse,1769795686315000000,1769795746315000000,0
FilePageCache.maxCacheSizeInBytes,1769795686315000000,1769795746315000000,165699584
FilePageCacheLockFree.totalPagesReclaimed,1769795686315000000,1769795746315000000,0
FilePageCacheLockFree.totalNativeBytesAllocated,1769795686315000000,1769795746315000000,0
FilePageCache.pageLoads,1769795686315000000,1769795746315000000,0
FilePageCacheLockFree.totalPagesRequested,1769795686315000000,1769795746315000000,0
FilePageCache.maxRegisteredFiles,1769795686315000000,1769795746315000000,252
FilePageCacheLockFree.totalHeapBytesReclaimed,1769795686315000000,1769795746315000000,0
FilePageCacheLockFree.totalPagesAllocated,1769795686315000000,1769795746315000000,0
FilePageCacheLockFree.totalPagesRequestsMs,1769795686315000000,1769795746315000000,0
StreamlinedBlobStorage.recordsDeleted,1769795686315000000,1769795746315000000,0
FilePageCacheLockFree.totalClosedStoragesReclaimed,1769795686315000000,1769795746315000000,0
DirectByteBufferAllocator.disposed,1769795686315000000,1769795746315000000,0
FilePageCacheLockFree.totalBytesWritten,1769795686315000000,1769795746315000000,0
IndexesFlusher.totalFlushingTimeUs,1769795686315000000,1769795746315000000,31847
Indexes.stubs.lookups,1769795686315000000,1769795746315000000,0
Indexes.entries.lookups,1769795686315000000,1769795746315000000,0
Indexing.writer_3.totalTimeSpentWritingMs,1769795686315000000,1769795746315000000,0
Indexes.entries.lookupDuration90PMs,1769795686315000000,1769795746315000000,0.0
Indexing.cache.totalCacheAccesses,1769795686315000000,1769795746315000000,0
Indexes.allKeys.lookups,1769795686315000000,1769795746315000000,0
Indexing.cache.totalCacheEvicted,1769795686315000000,1769795746315000000,0
Indexes.entries.lookupDurationAvgMs,1769795686315000000,1769795746315000000,0.0
Indexing.writer_1.totalTimeSpentWritingMs,1769795686315000000,1769795746315000000,0
Indexes.allKeys.lookupDuration90PMs,1769795686315000000,1769795746315000000,0.0
IndexesFlusher.totalFlushes,1769795686315000000,1769795746315000000,60
Indexes.stubs.lookupDurationAvgMs,1769795686315000000,1769795746315000000,0.0
Indexing.writer_0.totalTimeSpentWritingMs,1769795686315000000,1769795746315000000,0
Indexing.cache.totalCacheMisses,1769795686315000000,1769795746315000000,0
Indexing.totalTimeIndexersSleptMs,1769795686315000000,1769795746315000000,0
Indexing.writer_2.totalTimeSpentWritingMs,1769795686315000000,1769795746315000000,0
Indexes.stubs.lookupDurationMaxMs,1769795686315000000,1769795746315000000,0.0
Indexes.stubs.lookupDuration90PMs,1769795686315000000,1769795746315000000,0.0
Indexes.allKeys.lookupDurationAvgMs,1769795686315000000,1769795746315000000,0.0
Indexing.writesQueuedMax,1769795686315000000,1769795746315000000,0
IndexesFlusher.totalFlushesRetried,1769795686315000000,1769795746315000000,0
Indexing.writesQueuedMin,1769795686315000000,1769795746315000000,9223372036854775807
Indexes.entries.lookupDurationMaxMs,1769795686315000000,1769795746315000000,0.0
Indexes.allKeys.lookupDurationMaxMs,1769795686315000000,1769795746315000000,0.0
IndexesFlusher.totalContentionQuotaSpent,1769795686315000000,1769795746315000000,0
WriteAction.executionsCount,1769795686315000000,1769795746315000000,3
AWTEventQueue.dispatchTimeMaxNs,1769795686315000000,1769795746315000000,0
FlushQueue.queueSizeMax,1769795686315000000,1769795746315000000,0
AWTEventQueue.dispatchTimeTotalNS,1769795686315000000,1769795746315000000,1069285126
FlushQueue.queueSize90P,1769795686315000000,1769795746315000000,0
FlushQueue.tasksExecuted,1769795686315000000,1769795746315000000,0
NonBlockingReadAction.failedExecutionTimeUs,1769795686315000000,1769795746315000000,0
NonBlockingReadAction.finalizedExecutionsCount,1769795686315000000,1769795746315000000,1351
ReadAction.executionsCount,1769795686315000000,1769795746315000000,148471
FlushQueue.queueSizeAvg,1769795686315000000,1769795746315000000,0.0
NonBlockingReadAction.finalizedExecutionTimeUs,1769795686315000000,1769795746315000000,61781
FlushQueue.waitingTimeAvgNs,1769795686315000000,1769795746315000000,0.0
FlushQueue.waitingTimeMaxNs,1769795686315000000,1769795746315000000,0
FlushQueue.waitingTime90PNs,1769795686315000000,1769795746315000000,0
NonBlockingReadAction.failedExecutionsCount,1769795686315000000,1769795746315000000,0
FlushQueue.executionTime90PNs,1769795686315000000,1769795746315000000,0
AWTEventQueue.dispatchTime90PNs,1769795686315000000,1769795746315000000,0
FlushQueue.executionTimeMaxNs,1769795686315000000,1769795746315000000,0
FlushQueue.executionTimeAvgNs,1769795686315000000,1769795746315000000,0.0
AWTEventQueue.dispatchTimeAvgNs,1769795686315000000,1769795746315000000,0.0
AWTEventQueue.eventsDispatched,1769795686315000000,1769795746315000000,0
JVM.totalBytesAllocated,1769795686315000000,1769795746315000000,193015272
JVM.threadCount,1769795686315000000,1769795746315000000,74
JVM.totalTimeAtSafepointsMs,1769795686315000000,1769795746315000000,1
JVM.GC.collections,1769795686315000000,1769795746315000000,0
OS.loadAverage,1769795686315000000,1769795746315000000,1.646484375
JVM.totalTimeToSafepointsMs,1769795686315000000,1769795746315000000,1
JVM.maxHeapBytes,1769795686315000000,1769795746315000000,4196401152
JVM.newThreadsCount,1769795686315000000,1769795746315000000,0
JVM.totalDirectByteBuffersBytes,1769795686315000000,1769795746315000000,166134660
JVM.totalSafepointCount,1769795686315000000,1769795746315000000,26
JVM.totalCpuTimeMs,1769795686315000000,1769795746315000000,4160
JVM.usedHeapBytes,1769795686315000000,1769795746315000000,1026393440
JVM.GC.collectionTimesMs,1769795686315000000,1769795746315000000,0
JVM.maxThreadCount,1769795686315000000,1769795746315000000,145
JVM.usedNativeBytes,1769795686315000000,1769795746315000000,459628328
cacheStateStorage.get.counter,1769795686315000000,1769795746315000000,0
cacheStateStorage.get.duration,1769795686315000000,1769795746315000000,0
cacheStateStorage.set.duration,1769795686315000000,1769795746315000000,0
cacheStateStorage.set.counter,1769795686315000000,1769795746315000000,0
workspaceModel.workspaceFileIndexData.getDirectoriesByPackageName.ms,1769795686315000000,1769795746315000000,0
workspaceModel.entityStorageSnapshotImpl.instances.count,1769795686315000000,1769795746315000000,0
workspaceModel.cachedValueWithParameters.total.get.count,1769795686315000000,1769795746315000000,0
workspaceModel.update.unloaded.entities.ms,1769795686315000000,1769795746315000000,0
workspaceModel.to.snapshot.ms,1769795686315000000,1769795746315000000,0
workspaceModel.workspaceFileIndexData.instances.count,1769795686315000000,1769795746315000000,0
workspaceModel.workspaceFileIndexData.init.ms,1769795686315000000,1769795746315000000,0
workspaceModel.pre.handlers.ms,1769795686315000000,1769795746315000000,0
workspaceModel.collect.changes.ms,1769795686315000000,1769795746315000000,0
workspaceModel.cachedValueWithParameters.calculated.count,1769795686315000000,1769795746315000000,0
workspaceModel.workspaceFileIndexData.visitFileSets.ms,1769795686315000000,1769795746315000000,0
workspaceModel.updates.count,1769795686315000000,1769795746315000000,0
workspaceModel.workspaceFileIndexData.updateDirtyEntities.ms,1769795686315000000,1769795746315000000,0
workspaceModel.workspaceFileIndexData.getPackageName.ms,1769795686315000000,1769795746315000000,0
workspaceModel.initializing.ms,1769795686315000000,1769795746315000000,0
workspaceModel.workspaceFileIndexData.markDirty.ms,1769795686315000000,1769795746315000000,0
workspaceModel.full.replace.project.model.ms,1769795686315000000,1769795746315000000,0
workspaceModel.on.before.changed.ms,1769795686315000000,1769795746315000000,0
workspaceModel.replace.project.model.ms,1769795686315000000,1769795746315000000,0
workspaceModel.workspaceFileIndexData.onEntitiesChanged.ms,1769795686315000000,1769795746315000000,0
workspaceModel.updates.ms,1769795686315000000,1769795746315000000,0
workspaceModel.on.changed.ms,1769795686315000000,1769795746315000000,0
workspaceModel.workspaceFileIndexData.getFileInfo.ms,1769795686315000000,1769795746315000000,0
workspaceModel.workspaceFileIndexContributor.registerFileSets.ms,1769795686315000000,1769795746315000000,0
workspaceModel.loading.total.ms,1769795686315000000,1769795746315000000,0
workspaceModel.init.bridges.ms,1769795686315000000,1769795746315000000,0
workspaceModel.updates.precise.ms,1769795686315000000,1769795746315000000,0
workspaceModel.cachedValueWithParameters.from.cache.count,1769795686315000000,1769795746315000000,0
workspaceModel.cachedValue.from.cache.count,1769795686315000000,1769795746315000000,246
workspaceModel.cachedValue.calculated.count,1769795686315000000,1769795746315000000,0
workspaceModel.check.recursive.update.ms,1769795686315000000,1769795746315000000,0
workspaceModel.cachedValueWithParameters.clear.count,1769795686315000000,1769795746315000000,0
workspaceModel.cachedValue.total.get.count,1769795686315000000,1769795746315000000,246
workspaceModel.workspaceFileIndexData.processFileSets.ms,1769795686315000000,1769795746315000000,0
workspaceModel.cachedValue.clear.count,1769795686315000000,1769795746315000000,0
workspaceModel.loading.from.cache.ms,1769795686315000000,1769795746315000000,0
DiskQueryRelay.tasksExecuted,1769795686315000000,1769795746315000000,59
writeAction.max.wait.ms,1769795686315000000,1769795746315000000,345
writeAction.wait.ms,1769795686315000000,1769795746315000000,0
DiskQueryRelay.taskWaitingTotalTimeUs,1769795686315000000,1769795746315000000,961
DiskQueryRelay.taskExecutionTotalTimeUs,1769795686315000000,1769795746315000000,951
DiskQueryRelay.tasksRequested,1769795686315000000,1769795746315000000,59
writeAction.count,1769795686315000000,1769795746315000000,3
writeAction.median.wait.ms,1769795686315000000,1769795746315000000,400
workspaceModel.mutableEntityStorage.apply.changes.from.ms,1769795686315000000,1769795746315000000,0
workspaceModel.mutableEntityStorage.remove.entity.ms,1769795686315000000,1769795746315000000,0
jps.global.initialize.library.bridges.ms,1769795686315000000,1769795746315000000,0
jps.artifact.entities.serializer.save.entities.ms,1769795686315000000,1769795746315000000,0
jps.project.serializers.load.ms,1769795686315000000,1769795746315000000,0
jps.app.storage.content.writer.save.component.ms,1769795686315000000,1769795746315000000,2
jps.save.global.entities.ms,1769795686315000000,1769795746315000000,4
workspaceModel.mutableEntityStorage.replace.by.source.ms,1769795686315000000,1769795746315000000,0
workspaceModel.global.apply.state.to.project.builder.ms,1769795686315000000,1769795746315000000,0
jps.facet.change.listener.before.change.events.ms,1769795686315000000,1769795746315000000,0
workspaceModel.mutableEntityStorage.changeLog.addReplaceEventForNewParent.ms,1769795686315000000,1769795746315000000,0
workspaceModel.save.cache.to.file.ms,1769795686315000000,1769795746315000000,0
jps.project.serializers.save.ms,1769795686315000000,1769795746315000000,1
jps.global.get.library.ms,1769795686315000000,1769795746315000000,0
workspaceModel.mutableEntityStorage.referrers.ms,1769795686315000000,1769795746315000000,0
jps.global.get.libraries.ms,1769795686315000000,1769795746315000000,0
jps.global.handle.changed.events.ms,1769795686315000000,1769795746315000000,0
workspaceModel.mutableEntityStorage.put.entity.ms,1769795686315000000,1769795746315000000,0
workspaceModel.mutableEntityStorage.entities.ms,1769795686315000000,1769795746315000000,0
workspaceModel.moduleBridge.before.changed.ms,1769795686315000000,1769795746315000000,0
workspaceModel.moduleManagerBridge.get.modules.ms,1769795686315000000,1769795746315000000,0
jps.load.initial.state.ms,1769795686315000000,1769795746315000000,0
workspaceModel.delayed.project.synchronizer.sync.ms,1769795686315000000,1769795746315000000,0
jps.facet.change.listener.init.bridge.ms,1769795686315000000,1769795746315000000,0
jps.library.entities.serializer.load.entities.ms,1769795686315000000,1769795746315000000,0
jps.storage.jps.conf.reader.load.component.ms,1769795686315000000,1769795746315000000,0
jps.facet.change.listener.process.change.events.ms,1769795686315000000,1769795746315000000,0
jps.artifact.entities.serializer.load.entities.ms,1769795686315000000,1769795746315000000,0
jps.apply.loaded.storage.ms,1769795686315000000,1769795746315000000,0
jps.reload.project.entities.ms,1769795686315000000,1769795746315000000,0
workspaceModel.moduleManagerBridge.new.nonPersistent.module.ms,1769795686315000000,1769795746315000000,0
workspaceModel.mutableEntityStorage.changeLog.addReplaceEventForRemovedChild.ms,1769795686315000000,1769795746315000000,0
workspaceModel.mutableEntityStorage.entities.by.source.ms,1769795686315000000,1769795746315000000,0
workspaceModel.mutableEntityStorage.instances.count,1769795686315000000,1769795746315000000,0
jps.global.get.library.by.name.ms,1769795686315000000,1769795746315000000,0
workspaceModel.mutableEntityStorage.resolve.ms,1769795686315000000,1769795746315000000,0
workspaceModel.mutableEntityStorage.mutable.ext.mapping.ms,1769795686315000000,1769795746315000000,0
workspaceModel.moduleManagerBridge.create.module.instance.ms,1769795686315000000,1769795746315000000,0
workspaceModel.moduleBridgeLoader.loading.modules.ms,1769795686315000000,1769795746315000000,0
workspaceModel.moduleManagerBridge.set.unloadedModules.ms,1769795686315000000,1769795746315000000,0
workspaceModel.moduleBridge.update.option.ms,1769795686315000000,1769795746315000000,0
workspaceModel.mutableEntityStorage.add.entity.ms,1769795686315000000,1769795746315000000,0
workspaceModel.moduleManagerBridge.newModule.ms,1769795686315000000,1769795746315000000,0
jps.global.initialize.library.bridges.after.loading.ms,1769795686315000000,1769795746315000000,0
workspaceModel.global.apply.state.to.project.ms,1769795686315000000,1769795746315000000,0
workspaceModel.global.updates.ms,1769795686315000000,1769795746315000000,0
jps.app.storage.content.reader.load.component.ms,1769795686315000000,1769795746315000000,0
jps.save.changed.project.entities.ms,1769795686315000000,1769795746315000000,1
jps.module.iml.entities.serializer.save.entities.ms,1769795686315000000,1769795746315000000,0
jps.global.handle.before.change.events.ms,1769795686315000000,1769795746315000000,0
workspaceModel.global.updates.count,1769795686315000000,1769795746315000000,0
jps.module.iml.entities.serializer.load.entities.ms,1769795686315000000,1769795746315000000,0
jps.load.project.to.empty.storage.ms,1769795686315000000,1769795746315000000,0
workspaceModel.mutableEntityStorage.collect.changes.ms,1769795686315000000,1769795746315000000,0
workspaceModel.do.save.caches.ms,1769795686315000000,1769795746315000000,0
workspaceModel.moduleBridge.facet.initialization.ms,1769795686315000000,1769795746315000000,0
jps.library.entities.serializer.save.entities.ms,1769795686315000000,1769795746315000000,0
workspaceModel.mutableEntityStorage.has.same.entities.ms,1769795686315000000,1769795746315000000,0
workspaceModel.mutableEntityStorage.modify.entity.ms,1769795686315000000,1769795746315000000,0
workspaceModel.load.cache.metadata.from.file.ms,1769795686315000000,1769795746315000000,0
workspaceModel.load.cache.from.file.ms,1769795686315000000,1769795746315000000,0
workspaceModel.sync.entities.ms,1769795686315000000,1769795746315000000,0
workspaceModel.mutableEntityStorage.changeLog.addReplaceEventForRemovedParent.ms,1769795686315000000,1769795746315000000,0
workspaceModel.mutableEntityStorage.changeLog.addReplaceEventForNewChild.ms,1769795686315000000,1769795746315000000,0
workspaceModel.mutableEntityStorage.to.snapshot.ms,1769795686315000000,1769795746315000000,0
jps.module.dependency.index.workspace.model.listener.on.changed.ms,1769795686315000000,1769795746315000000,0
workspaceModel.moduleManagerBridge.load.all.modules.ms,1769795686315000000,1769795746315000000,0
workspaceModel.moduleManagerBridge.load.module.ms,1769795686315000000,1769795746315000000,0
workspaceModel.moduleManagerBridge.build.module.graph.ms,1769795686315000000,1769795746315000000,0
workspaceModel.mutableEntityStorage.mutable.vfurl.index.ms,1769795686315000000,1769795746315000000,0
workspaceModel.orphan.listener.update.ms,1769795686315000000,1769795746315000000,0
VFS.contentStorage.recordsRead,1769795686315000000,1769795746315000000,1
FileNameCache.queries,1769795686315000000,1769795746315000000,832
VFS.contentStorage.recordsStored,1769795686315000000,1769795746315000000,1
VFS.fileByIdCache.hits,1769795686315000000,1769795746315000000,0
VFS.contentStorage.recordsReadDecompressed,1769795686315000000,1769795746315000000,0
VFS.fileByIdCache.misses,1769795686315000000,1769795746315000000,0
VFS.contentStorage.recordsStoredSize,1769795686315000000,1769795746315000000,5872
VFS.contentStorage.recordsStoredCompressed,1769795686315000000,1769795746315000000,0
VFS.contentStorage.recordsDeduplicated,1769795686315000000,1769795746315000000,0
VFS.invertedFileNameIndex.requests,1769795686315000000,1769795746315000000,0
VFS.contentStorage.recordsDecompressionTimeUs,1769795686315000000,1769795746315000000,0
VFS.contentStorage.recordsReadSize,1769795686315000000,1769795746315000000,5871
FileNameCache.totalMisses,1769795686315000000,1769795746315000000,0
VFS.fileChildByName,1769795686315000000,1769795746315000000,1567
VFS.contentStorage.recordsUncompressedSize,1769795686315000000,1769795746315000000,5872
FilePageCacheLockFree.housekeeperTurnsSkipped,1769795746315000000,1769795806315000000,0
DirectByteBufferAllocator.reclaimed,1769795746315000000,1769795806315000000,0
StorageLockContext.competingThreads.avg,1769795746315000000,1769795806315000000,0.0
FilePageCacheLockFree.housekeeperTurnsDone,1769795746315000000,1769795806315000000,0
FilePageCache.totalPageLoadsUs,1769795746315000000,1769795806315000000,0
StreamlinedBlobStorage.recordsRelocated,1769795746315000000,1769795806315000000,0
StorageLockContext.competingThreads.90P,1769795746315000000,1769795806315000000,0
FilePageCache.disposedBuffers,1769795746315000000,1769795806315000000,0
MappedFileStorage.totalBytesMapped,1769795746315000000,1769795806315000000,261357568
FilePageCacheLockFree.totalHeapBytesAllocated,1769795746315000000,1769795806315000000,0
FilePageCacheLockFree.totalPagesReadMs,1769795746315000000,1769795806315000000,0
FilePageCacheLockFree.totalPageAllocationsWaited,1769795746315000000,1769795806315000000,0
FilePageCacheLockFree.totalBytesRead,1769795746315000000,1769795806315000000,0
FilePageCache.totalPageDisposalsUs,1769795746315000000,1769795806315000000,0
FilePageCache.pageHits,1769795746315000000,1769795806315000000,40
MappedFileStorage.storages,1769795746315000000,1769795806315000000,16
StreamlinedBlobStorage.recordsAllocated,1769795746315000000,1769795806315000000,0
DirectByteBufferAllocator.misses,1769795746315000000,1769795806315000000,0
DirectByteBufferAllocator.hits,1769795746315000000,1769795806315000000,0
DirectByteBufferAllocator.totalSizeOfBuffersCachedInBytes,1769795746315000000,1769795806315000000,0
StreamlinedBlobStorage.totalLiveRecordsCapacityBytes,1769795746315000000,1769795806315000000,0
FilePageCache.uncachedFileAccess,1769795746315000000,1769795806315000000,3
FilePageCacheLockFree.totalPagesHandedOver,1769795746315000000,1769795806315000000,0
FilePageCacheLockFree.totalBytesRequested,1769795746315000000,1769795806315000000,0
FilePageCacheLockFree.totalPagesWritten,1769795746315000000,1769795806315000000,0
DirectByteBufferAllocator.totalSizeOfBuffersAllocatedInBytes,1769795746315000000,1769795806315000000,165699584
FilePageCache.capacityInBytes,1769795746315000000,1769795806315000000,503316478
StorageLockContext.competingThreads.max,1769795746315000000,1769795806315000000,0
FilePageCacheLockFree.housekeeperTimeSpentMs,1769795746315000000,1769795806315000000,0
FilePageCache.pageLoadsAboveSizeThreshold,1769795746315000000,1769795806315000000,0
FilePageCache.pageFastCacheHits,1769795746315000000,1769795806315000000,113
FilePageCacheLockFree.totalNativeBytesReclaimed,1769795746315000000,1769795806315000000,0
MappedFileStorage.totalTimeSpentOnMappingUs,1769795746315000000,1769795806315000000,12186
FilePageCacheLockFree.heapBytesInUse,1769795746315000000,1769795806315000000,0
FileChannelInterruptsRetryer.totalRetriedAttempts,1769795746315000000,1769795806315000000,0
MappedFileStorage.totalPagesMapped,1769795746315000000,1769795806315000000,21
FilePageCacheLockFree.totalPagesWriteMs,1769795746315000000,1769795806315000000,0
StreamlinedBlobStorage.totalLiveRecordsPayloadBytes,1769795746315000000,1769795806315000000,0
FilePageCacheLockFree.nativeBytesInUse,1769795746315000000,1769795806315000000,0
FilePageCache.maxCacheSizeInBytes,1769795746315000000,1769795806315000000,165699584
FilePageCacheLockFree.totalPagesReclaimed,1769795746315000000,1769795806315000000,0
FilePageCacheLockFree.totalNativeBytesAllocated,1769795746315000000,1769795806315000000,0
FilePageCache.pageLoads,1769795746315000000,1769795806315000000,0
FilePageCacheLockFree.totalPagesRequested,1769795746315000000,1769795806315000000,0
FilePageCache.maxRegisteredFiles,1769795746315000000,1769795806315000000,252
FilePageCacheLockFree.totalHeapBytesReclaimed,1769795746315000000,1769795806315000000,0
FilePageCacheLockFree.totalPagesAllocated,1769795746315000000,1769795806315000000,0
FilePageCacheLockFree.totalPagesRequestsMs,1769795746315000000,1769795806315000000,0
StreamlinedBlobStorage.recordsDeleted,1769795746315000000,1769795806315000000,0
FilePageCacheLockFree.totalClosedStoragesReclaimed,1769795746315000000,1769795806315000000,0
DirectByteBufferAllocator.disposed,1769795746315000000,1769795806315000000,0
FilePageCacheLockFree.totalBytesWritten,1769795746315000000,1769795806315000000,0
IndexesFlusher.totalFlushingTimeUs,1769795746315000000,1769795806315000000,33505
Indexes.stubs.lookups,1769795746315000000,1769795806315000000,6
Indexes.entries.lookups,1769795746315000000,1769795806315000000,394
Indexing.writer_3.totalTimeSpentWritingMs,1769795746315000000,1769795806315000000,0
Indexes.entries.lookupDuration90PMs,1769795746315000000,1769795806315000000,0.0
Indexing.cache.totalCacheAccesses,1769795746315000000,1769795806315000000,814
Indexes.allKeys.lookups,1769795746315000000,1769795806315000000,0
Indexing.cache.totalCacheEvicted,1769795746315000000,1769795806315000000,120
Indexes.entries.lookupDurationAvgMs,1769795746315000000,1769795806315000000,0.0
Indexing.writer_1.totalTimeSpentWritingMs,1769795746315000000,1769795806315000000,0
Indexes.allKeys.lookupDuration90PMs,1769795746315000000,1769795806315000000,0.0
IndexesFlusher.totalFlushes,1769795746315000000,1769795806315000000,60
Indexes.stubs.lookupDurationAvgMs,1769795746315000000,1769795806315000000,0.0
Indexing.writer_0.totalTimeSpentWritingMs,1769795746315000000,1769795806315000000,0
Indexing.cache.totalCacheMisses,1769795746315000000,1769795806315000000,126
Indexing.totalTimeIndexersSleptMs,1769795746315000000,1769795806315000000,0
Indexing.writer_2.totalTimeSpentWritingMs,1769795746315000000,1769795806315000000,0
Indexes.stubs.lookupDurationMaxMs,1769795746315000000,1769795806315000000,0.0
Indexes.stubs.lookupDuration90PMs,1769795746315000000,1769795806315000000,0.0
Indexes.allKeys.lookupDurationAvgMs,1769795746315000000,1769795806315000000,0.0
Indexing.writesQueuedMax,1769795746315000000,1769795806315000000,0
IndexesFlusher.totalFlushesRetried,1769795746315000000,1769795806315000000,0
Indexing.writesQueuedMin,1769795746315000000,1769795806315000000,9223372036854775807
Indexes.entries.lookupDurationMaxMs,1769795746315000000,1769795806315000000,0.0
Indexes.allKeys.lookupDurationMaxMs,1769795746315000000,1769795806315000000,0.0
IndexesFlusher.totalContentionQuotaSpent,1769795746315000000,1769795806315000000,0
WriteAction.executionsCount,1769795746315000000,1769795806315000000,162
AWTEventQueue.dispatchTimeMaxNs,1769795746315000000,1769795806315000000,0
FlushQueue.queueSizeMax,1769795746315000000,1769795806315000000,0
AWTEventQueue.dispatchTimeTotalNS,1769795746315000000,1769795806315000000,3248327688
FlushQueue.queueSize90P,1769795746315000000,1769795806315000000,0
FlushQueue.tasksExecuted,1769795746315000000,1769795806315000000,0
NonBlockingReadAction.failedExecutionTimeUs,1769795746315000000,1769795806315000000,396
NonBlockingReadAction.finalizedExecutionsCount,1769795746315000000,1769795806315000000,1666
ReadAction.executionsCount,1769795746315000000,1769795806315000000,594105
FlushQueue.queueSizeAvg,1769795746315000000,1769795806315000000,0.0
NonBlockingReadAction.finalizedExecutionTimeUs,1769795746315000000,1769795806315000000,1340911
FlushQueue.waitingTimeAvgNs,1769795746315000000,1769795806315000000,0.0
FlushQueue.waitingTimeMaxNs,1769795746315000000,1769795806315000000,0
FlushQueue.waitingTime90PNs,1769795746315000000,1769795806315000000,0
NonBlockingReadAction.failedExecutionsCount,1769795746315000000,1769795806315000000,3
FlushQueue.executionTime90PNs,1769795746315000000,1769795806315000000,0
AWTEventQueue.dispatchTime90PNs,1769795746315000000,1769795806315000000,0
FlushQueue.executionTimeMaxNs,1769795746315000000,1769795806315000000,0
FlushQueue.executionTimeAvgNs,1769795746315000000,1769795806315000000,0.0
AWTEventQueue.dispatchTimeAvgNs,1769795746315000000,1769795806315000000,0.0
AWTEventQueue.eventsDispatched,1769795746315000000,1769795806315000000,0
JVM.totalBytesAllocated,1769795746315000000,1769795806315000000,3269267608
JVM.threadCount,1769795746315000000,1769795806315000000,75
JVM.totalTimeAtSafepointsMs,1769795746315000000,1769795806315000000,174
JVM.GC.collections,1769795746315000000,1769795806315000000,10
OS.loadAverage,1769795746315000000,1769795806315000000,1.63671875
JVM.totalTimeToSafepointsMs,1769795746315000000,1769795806315000000,2
JVM.maxHeapBytes,1769795746315000000,1769795806315000000,4196401152
JVM.newThreadsCount,1769795746315000000,1769795806315000000,1
JVM.totalDirectByteBuffersBytes,1769795746315000000,1769795806315000000,166134660
JVM.totalSafepointCount,1769795746315000000,1769795806315000000,46
JVM.totalCpuTimeMs,1769795746315000000,1769795806315000000,25970
JVM.usedHeapBytes,1769795746315000000,1769795806315000000,1058013184
JVM.GC.collectionTimesMs,1769795746315000000,1769795806315000000,171
JVM.maxThreadCount,1769795746315000000,1769795806315000000,145
JVM.usedNativeBytes,1769795746315000000,1769795806315000000,455796640
cacheStateStorage.get.counter,1769795746315000000,1769795806315000000,0
cacheStateStorage.get.duration,1769795746315000000,1769795806315000000,0
cacheStateStorage.set.duration,1769795746315000000,1769795806315000000,0
cacheStateStorage.set.counter,1769795746315000000,1769795806315000000,0
workspaceModel.workspaceFileIndexData.getDirectoriesByPackageName.ms,1769795746315000000,1769795806315000000,0
workspaceModel.entityStorageSnapshotImpl.instances.count,1769795746315000000,1769795806315000000,0
workspaceModel.cachedValueWithParameters.total.get.count,1769795746315000000,1769795806315000000,0
workspaceModel.update.unloaded.entities.ms,1769795746315000000,1769795806315000000,0
workspaceModel.to.snapshot.ms,1769795746315000000,1769795806315000000,0
workspaceModel.workspaceFileIndexData.instances.count,1769795746315000000,1769795806315000000,0
workspaceModel.workspaceFileIndexData.init.ms,1769795746315000000,1769795806315000000,0
workspaceModel.pre.handlers.ms,1769795746315000000,1769795806315000000,0
workspaceModel.collect.changes.ms,1769795746315000000,1769795806315000000,0
workspaceModel.cachedValueWithParameters.calculated.count,1769795746315000000,1769795806315000000,0
workspaceModel.workspaceFileIndexData.visitFileSets.ms,1769795746315000000,1769795806315000000,0
workspaceModel.updates.count,1769795746315000000,1769795806315000000,0
workspaceModel.workspaceFileIndexData.updateDirtyEntities.ms,1769795746315000000,1769795806315000000,0
workspaceModel.workspaceFileIndexData.getPackageName.ms,1769795746315000000,1769795806315000000,0
workspaceModel.initializing.ms,1769795746315000000,1769795806315000000,0
workspaceModel.workspaceFileIndexData.markDirty.ms,1769795746315000000,1769795806315000000,0
workspaceModel.full.replace.project.model.ms,1769795746315000000,1769795806315000000,0
workspaceModel.on.before.changed.ms,1769795746315000000,1769795806315000000,0
workspaceModel.replace.project.model.ms,1769795746315000000,1769795806315000000,0
workspaceModel.workspaceFileIndexData.onEntitiesChanged.ms,1769795746315000000,1769795806315000000,0
workspaceModel.updates.ms,1769795746315000000,1769795806315000000,0
workspaceModel.on.changed.ms,1769795746315000000,1769795806315000000,0
workspaceModel.workspaceFileIndexData.getFileInfo.ms,1769795746315000000,1769795806315000000,126
workspaceModel.workspaceFileIndexContributor.registerFileSets.ms,1769795746315000000,1769795806315000000,0
workspaceModel.loading.total.ms,1769795746315000000,1769795806315000000,0
workspaceModel.init.bridges.ms,1769795746315000000,1769795806315000000,0
workspaceModel.updates.precise.ms,1769795746315000000,1769795806315000000,0
workspaceModel.cachedValueWithParameters.from.cache.count,1769795746315000000,1769795806315000000,0
workspaceModel.cachedValue.from.cache.count,1769795746315000000,1769795806315000000,61554
workspaceModel.cachedValue.calculated.count,1769795746315000000,1769795806315000000,0
workspaceModel.check.recursive.update.ms,1769795746315000000,1769795806315000000,0
workspaceModel.cachedValueWithParameters.clear.count,1769795746315000000,1769795806315000000,0
workspaceModel.cachedValue.total.get.count,1769795746315000000,1769795806315000000,61554
workspaceModel.workspaceFileIndexData.processFileSets.ms,1769795746315000000,1769795806315000000,0
workspaceModel.cachedValue.clear.count,1769795746315000000,1769795806315000000,0
workspaceModel.loading.from.cache.ms,1769795746315000000,1769795806315000000,0
lexer.HTML.size.bytes,1769795746315000000,1769795806315000000,10545
DiskQueryRelay.tasksExecuted,1769795746315000000,1769795806315000000,21
writeAction.max.wait.ms,1769795746315000000,1769795806315000000,345
writeAction.wait.ms,1769795746315000000,1769795806315000000,1
lexer.HTML.time.ns,1769795746315000000,1769795806315000000,2876552
DiskQueryRelay.taskWaitingTotalTimeUs,1769795746315000000,1769795806315000000,311
DiskQueryRelay.taskExecutionTotalTimeUs,1769795746315000000,1769795806315000000,307
parser.HTML.time.ns,1769795746315000000,1769795806315000000,2437915
DiskQueryRelay.tasksRequested,1769795746315000000,1769795806315000000,21
lexer.Python.time.ns,1769795746315000000,1769795806315000000,55581978
writeAction.count,1769795746315000000,1769795806315000000,162
lexer.Python.size.bytes,1769795746315000000,1769795806315000000,392406
parser.Python.time.ns,1769795746315000000,1769795806315000000,269092962
writeAction.median.wait.ms,1769795746315000000,1769795806315000000,400
parser.Python.size.bytes,1769795746315000000,1769795806315000000,392406
parser.HTML.size.bytes,1769795746315000000,1769795806315000000,10545
workspaceModel.mutableEntityStorage.apply.changes.from.ms,1769795746315000000,1769795806315000000,0
workspaceModel.mutableEntityStorage.remove.entity.ms,1769795746315000000,1769795806315000000,0
jps.global.initialize.library.bridges.ms,1769795746315000000,1769795806315000000,0
jps.artifact.entities.serializer.save.entities.ms,1769795746315000000,1769795806315000000,0
jps.project.serializers.load.ms,1769795746315000000,1769795806315000000,0
jps.app.storage.content.writer.save.component.ms,1769795746315000000,1769795806315000000,0
jps.save.global.entities.ms,1769795746315000000,1769795806315000000,0
workspaceModel.mutableEntityStorage.replace.by.source.ms,1769795746315000000,1769795806315000000,0
workspaceModel.global.apply.state.to.project.builder.ms,1769795746315000000,1769795806315000000,0
jps.facet.change.listener.before.change.events.ms,1769795746315000000,1769795806315000000,0
workspaceModel.mutableEntityStorage.changeLog.addReplaceEventForNewParent.ms,1769795746315000000,1769795806315000000,0
workspaceModel.save.cache.to.file.ms,1769795746315000000,1769795806315000000,0
jps.project.serializers.save.ms,1769795746315000000,1769795806315000000,0
jps.global.get.library.ms,1769795746315000000,1769795806315000000,0
workspaceModel.mutableEntityStorage.referrers.ms,1769795746315000000,1769795806315000000,0
jps.global.get.libraries.ms,1769795746315000000,1769795806315000000,0
jps.global.handle.changed.events.ms,1769795746315000000,1769795806315000000,0
workspaceModel.mutableEntityStorage.put.entity.ms,1769795746315000000,1769795806315000000,0
workspaceModel.mutableEntityStorage.entities.ms,1769795746315000000,1769795806315000000,0
workspaceModel.moduleBridge.before.changed.ms,1769795746315000000,1769795806315000000,0
workspaceModel.moduleManagerBridge.get.modules.ms,1769795746315000000,1769795806315000000,0
jps.load.initial.state.ms,1769795746315000000,1769795806315000000,0
workspaceModel.delayed.project.synchronizer.sync.ms,1769795746315000000,1769795806315000000,0
jps.facet.change.listener.init.bridge.ms,1769795746315000000,1769795806315000000,0
jps.library.entities.serializer.load.entities.ms,1769795746315000000,1769795806315000000,0
jps.storage.jps.conf.reader.load.component.ms,1769795746315000000,1769795806315000000,0
jps.facet.change.listener.process.change.events.ms,1769795746315000000,1769795806315000000,0
jps.artifact.entities.serializer.load.entities.ms,1769795746315000000,1769795806315000000,0
jps.apply.loaded.storage.ms,1769795746315000000,1769795806315000000,0
jps.reload.project.entities.ms,1769795746315000000,1769795806315000000,0
workspaceModel.moduleManagerBridge.new.nonPersistent.module.ms,1769795746315000000,1769795806315000000,0
workspaceModel.mutableEntityStorage.changeLog.addReplaceEventForRemovedChild.ms,1769795746315000000,1769795806315000000,0
workspaceModel.mutableEntityStorage.entities.by.source.ms,1769795746315000000,1769795806315000000,0
workspaceModel.mutableEntityStorage.instances.count,1769795746315000000,1769795806315000000,0
jps.global.get.library.by.name.ms,1769795746315000000,1769795806315000000,0
workspaceModel.mutableEntityStorage.resolve.ms,1769795746315000000,1769795806315000000,0
workspaceModel.mutableEntityStorage.mutable.ext.mapping.ms,1769795746315000000,1769795806315000000,0
workspaceModel.moduleManagerBridge.create.module.instance.ms,1769795746315000000,1769795806315000000,0
workspaceModel.moduleBridgeLoader.loading.modules.ms,1769795746315000000,1769795806315000000,0
workspaceModel.moduleManagerBridge.set.unloadedModules.ms,1769795746315000000,1769795806315000000,0
workspaceModel.moduleBridge.update.option.ms,1769795746315000000,1769795806315000000,0
workspaceModel.mutableEntityStorage.add.entity.ms,1769795746315000000,1769795806315000000,0
workspaceModel.moduleManagerBridge.newModule.ms,1769795746315000000,1769795806315000000,0
jps.global.initialize.library.bridges.after.loading.ms,1769795746315000000,1769795806315000000,0
workspaceModel.global.apply.state.to.project.ms,1769795746315000000,1769795806315000000,0
workspaceModel.global.updates.ms,1769795746315000000,1769795806315000000,0
jps.app.storage.content.reader.load.component.ms,1769795746315000000,1769795806315000000,0
jps.save.changed.project.entities.ms,1769795746315000000,1769795806315000000,0
jps.module.iml.entities.serializer.save.entities.ms,1769795746315000000,1769795806315000000,0
jps.global.handle.before.change.events.ms,1769795746315000000,1769795806315000000,0
workspaceModel.global.updates.count,1769795746315000000,1769795806315000000,0
jps.module.iml.entities.serializer.load.entities.ms,1769795746315000000,1769795806315000000,0
jps.load.project.to.empty.storage.ms,1769795746315000000,1769795806315000000,0
workspaceModel.mutableEntityStorage.collect.changes.ms,1769795746315000000,1769795806315000000,0
workspaceModel.do.save.caches.ms,1769795746315000000,1769795806315000000,0
workspaceModel.moduleBridge.facet.initialization.ms,1769795746315000000,1769795806315000000,0
jps.library.entities.serializer.save.entities.ms,1769795746315000000,1769795806315000000,0
workspaceModel.mutableEntityStorage.has.same.entities.ms,1769795746315000000,1769795806315000000,0
workspaceModel.mutableEntityStorage.modify.entity.ms,1769795746315000000,1769795806315000000,0
workspaceModel.load.cache.metadata.from.file.ms,1769795746315000000,1769795806315000000,0
workspaceModel.load.cache.from.file.ms,1769795746315000000,1769795806315000000,0
workspaceModel.sync.entities.ms,1769795746315000000,1769795806315000000,0
workspaceModel.mutableEntityStorage.changeLog.addReplaceEventForRemovedParent.ms,1769795746315000000,1769795806315000000,0
workspaceModel.mutableEntityStorage.changeLog.addReplaceEventForNewChild.ms,1769795746315000000,1769795806315000000,0
workspaceModel.mutableEntityStorage.to.snapshot.ms,1769795746315000000,1769795806315000000,0
jps.module.dependency.index.workspace.model.listener.on.changed.ms,1769795746315000000,1769795806315000000,0
workspaceModel.moduleManagerBridge.load.all.modules.ms,1769795746315000000,1769795806315000000,0
workspaceModel.moduleManagerBridge.load.module.ms,1769795746315000000,1769795806315000000,0
workspaceModel.moduleManagerBridge.build.module.graph.ms,1769795746315000000,1769795806315000000,0
workspaceModel.mutableEntityStorage.mutable.vfurl.index.ms,1769795746315000000,1769795806315000000,0
workspaceModel.orphan.listener.update.ms,1769795746315000000,1769795806315000000,0
VFS.contentStorage.recordsRead,1769795746315000000,1769795806315000000,199
FileNameCache.queries,1769795746315000000,1769795806315000000,47808
VFS.contentStorage.recordsStored,1769795746315000000,1769795806315000000,1
VFS.fileByIdCache.hits,1769795746315000000,1769795806315000000,0
VFS.contentStorage.recordsReadDecompressed,1769795746315000000,1769795806315000000,0
VFS.fileByIdCache.misses,1769795746315000000,1769795806315000000,18376
VFS.contentStorage.recordsStoredSize,1769795746315000000,1769795806315000000,5874
VFS.contentStorage.recordsStoredCompressed,1769795746315000000,1769795806315000000,0
VFS.contentStorage.recordsDeduplicated,1769795746315000000,1769795806315000000,0
VFS.invertedFileNameIndex.requests,1769795746315000000,1769795806315000000,0
VFS.contentStorage.recordsDecompressionTimeUs,1769795746315000000,1769795806315000000,0
VFS.contentStorage.recordsReadSize,1769795746315000000,1769795806315000000,809746
FileNameCache.totalMisses,1769795746315000000,1769795806315000000,0
VFS.fileChildByName,1769795746315000000,1769795806315000000,60421
VFS.contentStorage.recordsUncompressedSize,1769795746315000000,1769795806315000000,5874
FilePageCacheLockFree.housekeeperTurnsSkipped,1769795806315000000,1769795866315000000,0
DirectByteBufferAllocator.reclaimed,1769795806315000000,1769795866315000000,0
StorageLockContext.competingThreads.avg,1769795806315000000,1769795866315000000,0.0
FilePageCacheLockFree.housekeeperTurnsDone,1769795806315000000,1769795866315000000,0
FilePageCache.totalPageLoadsUs,1769795806315000000,1769795866315000000,0
StreamlinedBlobStorage.recordsRelocated,1769795806315000000,1769795866315000000,0
StorageLockContext.competingThreads.90P,1769795806315000000,1769795866315000000,0
FilePageCache.disposedBuffers,1769795806315000000,1769795866315000000,0
MappedFileStorage.totalBytesMapped,1769795806315000000,1769795866315000000,261357568
FilePageCacheLockFree.totalHeapBytesAllocated,1769795806315000000,1769795866315000000,0
FilePageCacheLockFree.totalPagesReadMs,1769795806315000000,1769795866315000000,0
FilePageCacheLockFree.totalPageAllocationsWaited,1769795806315000000,1769795866315000000,0
FilePageCacheLockFree.totalBytesRead,1769795806315000000,1769795866315000000,0
FilePageCache.totalPageDisposalsUs,1769795806315000000,1769795866315000000,0
FilePageCache.pageHits,1769795806315000000,1769795866315000000,20
MappedFileStorage.storages,1769795806315000000,1769795866315000000,16
StreamlinedBlobStorage.recordsAllocated,1769795806315000000,1769795866315000000,0
DirectByteBufferAllocator.misses,1769795806315000000,1769795866315000000,0
DirectByteBufferAllocator.hits,1769795806315000000,1769795866315000000,0
DirectByteBufferAllocator.totalSizeOfBuffersCachedInBytes,1769795806315000000,1769795866315000000,0
StreamlinedBlobStorage.totalLiveRecordsCapacityBytes,1769795806315000000,1769795866315000000,0
FilePageCache.uncachedFileAccess,1769795806315000000,1769795866315000000,0
FilePageCacheLockFree.totalPagesHandedOver,1769795806315000000,1769795866315000000,0
FilePageCacheLockFree.totalBytesRequested,1769795806315000000,1769795866315000000,0
FilePageCacheLockFree.totalPagesWritten,1769795806315000000,1769795866315000000,0
DirectByteBufferAllocator.totalSizeOfBuffersAllocatedInBytes,1769795806315000000,1769795866315000000,165699584
FilePageCache.capacityInBytes,1769795806315000000,1769795866315000000,503316478
StorageLockContext.competingThreads.max,1769795806315000000,1769795866315000000,0
FilePageCacheLockFree.housekeeperTimeSpentMs,1769795806315000000,1769795866315000000,0
FilePageCache.pageLoadsAboveSizeThreshold,1769795806315000000,1769795866315000000,0
FilePageCache.pageFastCacheHits,1769795806315000000,1769795866315000000,47
FilePageCacheLockFree.totalNativeBytesReclaimed,1769795806315000000,1769795866315000000,0
MappedFileStorage.totalTimeSpentOnMappingUs,1769795806315000000,1769795866315000000,12186
FilePageCacheLockFree.heapBytesInUse,1769795806315000000,1769795866315000000,0
FileChannelInterruptsRetryer.totalRetriedAttempts,1769795806315000000,1769795866315000000,0
MappedFileStorage.totalPagesMapped,1769795806315000000,1769795866315000000,21
FilePageCacheLockFree.totalPagesWriteMs,1769795806315000000,1769795866315000000,0
StreamlinedBlobStorage.totalLiveRecordsPayloadBytes,1769795806315000000,1769795866315000000,0
FilePageCacheLockFree.nativeBytesInUse,1769795806315000000,1769795866315000000,0
FilePageCache.maxCacheSizeInBytes,1769795806315000000,1769795866315000000,165699584
FilePageCacheLockFree.totalPagesReclaimed,1769795806315000000,1769795866315000000,0
FilePageCacheLockFree.totalNativeBytesAllocated,1769795806315000000,1769795866315000000,0
FilePageCache.pageLoads,1769795806315000000,1769795866315000000,0
FilePageCacheLockFree.totalPagesRequested,1769795806315000000,1769795866315000000,0
FilePageCache.maxRegisteredFiles,1769795806315000000,1769795866315000000,252
FilePageCacheLockFree.totalHeapBytesReclaimed,1769795806315000000,1769795866315000000,0
FilePageCacheLockFree.totalPagesAllocated,1769795806315000000,1769795866315000000,0
FilePageCacheLockFree.totalPagesRequestsMs,1769795806315000000,1769795866315000000,0
StreamlinedBlobStorage.recordsDeleted,1769795806315000000,1769795866315000000,0
FilePageCacheLockFree.totalClosedStoragesReclaimed,1769795806315000000,1769795866315000000,0
DirectByteBufferAllocator.disposed,1769795806315000000,1769795866315000000,0
FilePageCacheLockFree.totalBytesWritten,1769795806315000000,1769795866315000000,0
IndexesFlusher.totalFlushingTimeUs,1769795806315000000,1769795866315000000,30756
Indexes.stubs.lookups,1769795806315000000,1769795866315000000,0
Indexes.entries.lookups,1769795806315000000,1769795866315000000,196
Indexing.writer_3.totalTimeSpentWritingMs,1769795806315000000,1769795866315000000,0
Indexes.entries.lookupDuration90PMs,1769795806315000000,1769795866315000000,0.0
Indexing.cache.totalCacheAccesses,1769795806315000000,1769795866315000000,402
Indexes.allKeys.lookups,1769795806315000000,1769795866315000000,0
Indexing.cache.totalCacheEvicted,1769795806315000000,1769795866315000000,58
Indexes.entries.lookupDurationAvgMs,1769795806315000000,1769795866315000000,0.0
Indexing.writer_1.totalTimeSpentWritingMs,1769795806315000000,1769795866315000000,0
Indexes.allKeys.lookupDuration90PMs,1769795806315000000,1769795866315000000,0.0
IndexesFlusher.totalFlushes,1769795806315000000,1769795866315000000,60
Indexes.stubs.lookupDurationAvgMs,1769795806315000000,1769795866315000000,0.0
Indexing.writer_0.totalTimeSpentWritingMs,1769795806315000000,1769795866315000000,0
Indexing.cache.totalCacheMisses,1769795806315000000,1769795866315000000,58
Indexing.totalTimeIndexersSleptMs,1769795806315000000,1769795866315000000,0
Indexing.writer_2.totalTimeSpentWritingMs,1769795806315000000,1769795866315000000,0
Indexes.stubs.lookupDurationMaxMs,1769795806315000000,1769795866315000000,0.0
Indexes.stubs.lookupDuration90PMs,1769795806315000000,1769795866315000000,0.0
Indexes.allKeys.lookupDurationAvgMs,1769795806315000000,1769795866315000000,0.0
Indexing.writesQueuedMax,1769795806315000000,1769795866315000000,0
IndexesFlusher.totalFlushesRetried,1769795806315000000,1769795866315000000,0
Indexing.writesQueuedMin,1769795806315000000,1769795866315000000,9223372036854775807
Indexes.entries.lookupDurationMaxMs,1769795806315000000,1769795866315000000,0.0
Indexes.allKeys.lookupDurationMaxMs,1769795806315000000,1769795866315000000,0.0
IndexesFlusher.totalContentionQuotaSpent,1769795806315000000,1769795866315000000,0
WriteAction.executionsCount,1769795806315000000,1769795866315000000,13
AWTEventQueue.dispatchTimeMaxNs,1769795806315000000,1769795866315000000,0
FlushQueue.queueSizeMax,1769795806315000000,1769795866315000000,0
AWTEventQueue.dispatchTimeTotalNS,1769795806315000000,1769795866315000000,3391987488
FlushQueue.queueSize90P,1769795806315000000,1769795866315000000,0
FlushQueue.tasksExecuted,1769795806315000000,1769795866315000000,0
NonBlockingReadAction.failedExecutionTimeUs,1769795806315000000,1769795866315000000,454
NonBlockingReadAction.finalizedExecutionsCount,1769795806315000000,1769795866315000000,1390
ReadAction.executionsCount,1769795806315000000,1769795866315000000,942313
FlushQueue.queueSizeAvg,1769795806315000000,1769795866315000000,0.0
NonBlockingReadAction.finalizedExecutionTimeUs,1769795806315000000,1769795866315000000,266223
FlushQueue.waitingTimeAvgNs,1769795806315000000,1769795866315000000,0.0
FlushQueue.waitingTimeMaxNs,1769795806315000000,1769795866315000000,0
FlushQueue.waitingTime90PNs,1769795806315000000,1769795866315000000,0
NonBlockingReadAction.failedExecutionsCount,1769795806315000000,1769795866315000000,3
FlushQueue.executionTime90PNs,1769795806315000000,1769795866315000000,0
AWTEventQueue.dispatchTime90PNs,1769795806315000000,1769795866315000000,0
FlushQueue.executionTimeMaxNs,1769795806315000000,1769795866315000000,0
FlushQueue.executionTimeAvgNs,1769795806315000000,1769795866315000000,0.0
AWTEventQueue.dispatchTimeAvgNs,1769795806315000000,1769795866315000000,0.0
AWTEventQueue.eventsDispatched,1769795806315000000,1769795866315000000,0
JVM.totalBytesAllocated,1769795806315000000,1769795866315000000,1854877240
JVM.threadCount,1769795806315000000,1769795866315000000,77
JVM.totalTimeAtSafepointsMs,1769795806315000000,1769795866315000000,91
JVM.GC.collections,1769795806315000000,1769795866315000000,5
OS.loadAverage,1769795806315000000,1769795866315000000,1.7763671875
JVM.totalTimeToSafepointsMs,1769795806315000000,1769795866315000000,0
JVM.maxHeapBytes,1769795806315000000,1769795866315000000,4196401152
JVM.newThreadsCount,1769795806315000000,1769795866315000000,2
JVM.totalDirectByteBuffersBytes,1769795806315000000,1769795866315000000,166134664
JVM.totalSafepointCount,1769795806315000000,1769795866315000000,41
JVM.totalCpuTimeMs,1769795806315000000,1769795866315000000,13670
JVM.usedHeapBytes,1769795806315000000,1769795866315000000,1284505600
JVM.GC.collectionTimesMs,1769795806315000000,1769795866315000000,90
JVM.maxThreadCount,1769795806315000000,1769795866315000000,145
JVM.usedNativeBytes,1769795806315000000,1769795866315000000,458906872
cacheStateStorage.get.counter,1769795806315000000,1769795866315000000,0
cacheStateStorage.get.duration,1769795806315000000,1769795866315000000,0
cacheStateStorage.set.duration,1769795806315000000,1769795866315000000,0
cacheStateStorage.set.counter,1769795806315000000,1769795866315000000,0
workspaceModel.workspaceFileIndexData.getDirectoriesByPackageName.ms,1769795806315000000,1769795866315000000,0
workspaceModel.entityStorageSnapshotImpl.instances.count,1769795806315000000,1769795866315000000,0
workspaceModel.cachedValueWithParameters.total.get.count,1769795806315000000,1769795866315000000,0
workspaceModel.update.unloaded.entities.ms,1769795806315000000,1769795866315000000,0
workspaceModel.to.snapshot.ms,1769795806315000000,1769795866315000000,0
workspaceModel.workspaceFileIndexData.instances.count,1769795806315000000,1769795866315000000,0
workspaceModel.workspaceFileIndexData.init.ms,1769795806315000000,1769795866315000000,0
workspaceModel.pre.handlers.ms,1769795806315000000,1769795866315000000,0
workspaceModel.collect.changes.ms,1769795806315000000,1769795866315000000,0
workspaceModel.cachedValueWithParameters.calculated.count,1769795806315000000,1769795866315000000,0
workspaceModel.workspaceFileIndexData.visitFileSets.ms,1769795806315000000,1769795866315000000,0
workspaceModel.updates.count,1769795806315000000,1769795866315000000,0
workspaceModel.workspaceFileIndexData.updateDirtyEntities.ms,1769795806315000000,1769795866315000000,0
workspaceModel.workspaceFileIndexData.getPackageName.ms,1769795806315000000,1769795866315000000,0
workspaceModel.initializing.ms,1769795806315000000,1769795866315000000,0
workspaceModel.workspaceFileIndexData.markDirty.ms,1769795806315000000,1769795866315000000,0
workspaceModel.full.replace.project.model.ms,1769795806315000000,1769795866315000000,0
workspaceModel.on.before.changed.ms,1769795806315000000,1769795866315000000,0
workspaceModel.replace.project.model.ms,1769795806315000000,1769795866315000000,0
workspaceModel.workspaceFileIndexData.onEntitiesChanged.ms,1769795806315000000,1769795866315000000,0
workspaceModel.updates.ms,1769795806315000000,1769795866315000000,0
workspaceModel.on.changed.ms,1769795806315000000,1769795866315000000,0
workspaceModel.workspaceFileIndexData.getFileInfo.ms,1769795806315000000,1769795866315000000,45
workspaceModel.workspaceFileIndexContributor.registerFileSets.ms,1769795806315000000,1769795866315000000,0
workspaceModel.loading.total.ms,1769795806315000000,1769795866315000000,0
workspaceModel.init.bridges.ms,1769795806315000000,1769795866315000000,0
workspaceModel.updates.precise.ms,1769795806315000000,1769795866315000000,0
workspaceModel.cachedValueWithParameters.from.cache.count,1769795806315000000,1769795866315000000,0
workspaceModel.cachedValue.from.cache.count,1769795806315000000,1769795866315000000,21570
workspaceModel.cachedValue.calculated.count,1769795806315000000,1769795866315000000,0
workspaceModel.check.recursive.update.ms,1769795806315000000,1769795866315000000,0
workspaceModel.cachedValueWithParameters.clear.count,1769795806315000000,1769795866315000000,0
workspaceModel.cachedValue.total.get.count,1769795806315000000,1769795866315000000,21570
workspaceModel.workspaceFileIndexData.processFileSets.ms,1769795806315000000,1769795866315000000,0
workspaceModel.cachedValue.clear.count,1769795806315000000,1769795866315000000,0
workspaceModel.loading.from.cache.ms,1769795806315000000,1769795866315000000,0
lexer.HTML.size.bytes,1769795806315000000,1769795866315000000,4218
DiskQueryRelay.tasksExecuted,1769795806315000000,1769795866315000000,0
parser.PythonStub.size.bytes,1769795806315000000,1769795866315000000,34766
writeAction.max.wait.ms,1769795806315000000,1769795866315000000,345
lexer.PythonStub.time.ns,1769795806315000000,1769795866315000000,1716118
lexer.PythonStub.size.bytes,1769795806315000000,1769795866315000000,34766
writeAction.wait.ms,1769795806315000000,1769795866315000000,0
lexer.HTML.time.ns,1769795806315000000,1769795866315000000,1086876
DiskQueryRelay.taskWaitingTotalTimeUs,1769795806315000000,1769795866315000000,0
DiskQueryRelay.taskExecutionTotalTimeUs,1769795806315000000,1769795866315000000,0
parser.HTML.time.ns,1769795806315000000,1769795866315000000,1184181
DiskQueryRelay.tasksRequested,1769795806315000000,1769795866315000000,0
parser.PythonStub.time.ns,1769795806315000000,1769795866315000000,5310030
lexer.Python.time.ns,1769795806315000000,1769795866315000000,15135900
writeAction.count,1769795806315000000,1769795866315000000,13
lexer.Python.size.bytes,1769795806315000000,1769795866315000000,145104
parser.Python.time.ns,1769795806315000000,1769795866315000000,48126246
writeAction.median.wait.ms,1769795806315000000,1769795866315000000,400
parser.Python.size.bytes,1769795806315000000,1769795866315000000,145104
parser.HTML.size.bytes,1769795806315000000,1769795866315000000,4218
workspaceModel.mutableEntityStorage.apply.changes.from.ms,1769795806315000000,1769795866315000000,0
workspaceModel.mutableEntityStorage.remove.entity.ms,1769795806315000000,1769795866315000000,0
jps.global.initialize.library.bridges.ms,1769795806315000000,1769795866315000000,0
jps.artifact.entities.serializer.save.entities.ms,1769795806315000000,1769795866315000000,0
jps.project.serializers.load.ms,1769795806315000000,1769795866315000000,0
jps.app.storage.content.writer.save.component.ms,1769795806315000000,1769795866315000000,0
jps.save.global.entities.ms,1769795806315000000,1769795866315000000,0
workspaceModel.mutableEntityStorage.replace.by.source.ms,1769795806315000000,1769795866315000000,0
workspaceModel.global.apply.state.to.project.builder.ms,1769795806315000000,1769795866315000000,0
jps.facet.change.listener.before.change.events.ms,1769795806315000000,1769795866315000000,0
workspaceModel.mutableEntityStorage.changeLog.addReplaceEventForNewParent.ms,1769795806315000000,1769795866315000000,0
workspaceModel.save.cache.to.file.ms,1769795806315000000,1769795866315000000,0
jps.project.serializers.save.ms,1769795806315000000,1769795866315000000,0
jps.global.get.library.ms,1769795806315000000,1769795866315000000,0
workspaceModel.mutableEntityStorage.referrers.ms,1769795806315000000,1769795866315000000,0
jps.global.get.libraries.ms,1769795806315000000,1769795866315000000,0
jps.global.handle.changed.events.ms,1769795806315000000,1769795866315000000,0
workspaceModel.mutableEntityStorage.put.entity.ms,1769795806315000000,1769795866315000000,0
workspaceModel.mutableEntityStorage.entities.ms,1769795806315000000,1769795866315000000,0
workspaceModel.moduleBridge.before.changed.ms,1769795806315000000,1769795866315000000,0
workspaceModel.moduleManagerBridge.get.modules.ms,1769795806315000000,1769795866315000000,0
jps.load.initial.state.ms,1769795806315000000,1769795866315000000,0
workspaceModel.delayed.project.synchronizer.sync.ms,1769795806315000000,1769795866315000000,0
jps.facet.change.listener.init.bridge.ms,1769795806315000000,1769795866315000000,0
jps.library.entities.serializer.load.entities.ms,1769795806315000000,1769795866315000000,0
jps.storage.jps.conf.reader.load.component.ms,1769795806315000000,1769795866315000000,0
jps.facet.change.listener.process.change.events.ms,1769795806315000000,1769795866315000000,0
jps.artifact.entities.serializer.load.entities.ms,1769795806315000000,1769795866315000000,0
jps.apply.loaded.storage.ms,1769795806315000000,1769795866315000000,0
jps.reload.project.entities.ms,1769795806315000000,1769795866315000000,0
workspaceModel.moduleManagerBridge.new.nonPersistent.module.ms,1769795806315000000,1769795866315000000,0
workspaceModel.mutableEntityStorage.changeLog.addReplaceEventForRemovedChild.ms,1769795806315000000,1769795866315000000,0
workspaceModel.mutableEntityStorage.entities.by.source.ms,1769795806315000000,1769795866315000000,0
workspaceModel.mutableEntityStorage.instances.count,1769795806315000000,1769795866315000000,0
jps.global.get.library.by.name.ms,1769795806315000000,1769795866315000000,0
workspaceModel.mutableEntityStorage.resolve.ms,1769795806315000000,1769795866315000000,0
workspaceModel.mutableEntityStorage.mutable.ext.mapping.ms,1769795806315000000,1769795866315000000,0
workspaceModel.moduleManagerBridge.create.module.instance.ms,1769795806315000000,1769795866315000000,0
workspaceModel.moduleBridgeLoader.loading.modules.ms,1769795806315000000,1769795866315000000,0
workspaceModel.moduleManagerBridge.set.unloadedModules.ms,1769795806315000000,1769795866315000000,0
workspaceModel.moduleBridge.update.option.ms,1769795806315000000,1769795866315000000,0
workspaceModel.mutableEntityStorage.add.entity.ms,1769795806315000000,1769795866315000000,0
workspaceModel.moduleManagerBridge.newModule.ms,1769795806315000000,1769795866315000000,0
jps.global.initialize.library.bridges.after.loading.ms,1769795806315000000,1769795866315000000,0
workspaceModel.global.apply.state.to.project.ms,1769795806315000000,1769795866315000000,0
workspaceModel.global.updates.ms,1769795806315000000,1769795866315000000,0
jps.app.storage.content.reader.load.component.ms,1769795806315000000,1769795866315000000,0
jps.save.changed.project.entities.ms,1769795806315000000,1769795866315000000,0
jps.module.iml.entities.serializer.save.entities.ms,1769795806315000000,1769795866315000000,0
jps.global.handle.before.change.events.ms,1769795806315000000,1769795866315000000,0
workspaceModel.global.updates.count,1769795806315000000,1769795866315000000,0
jps.module.iml.entities.serializer.load.entities.ms,1769795806315000000,1769795866315000000,0
jps.load.project.to.empty.storage.ms,1769795806315000000,1769795866315000000,0
workspaceModel.mutableEntityStorage.collect.changes.ms,1769795806315000000,1769795866315000000,0
workspaceModel.do.save.caches.ms,1769795806315000000,1769795866315000000,0
workspaceModel.moduleBridge.facet.initialization.ms,1769795806315000000,1769795866315000000,0
jps.library.entities.serializer.save.entities.ms,1769795806315000000,1769795866315000000,0
workspaceModel.mutableEntityStorage.has.same.entities.ms,1769795806315000000,1769795866315000000,0
workspaceModel.mutableEntityStorage.modify.entity.ms,1769795806315000000,1769795866315000000,0
workspaceModel.load.cache.metadata.from.file.ms,1769795806315000000,1769795866315000000,0
workspaceModel.load.cache.from.file.ms,1769795806315000000,1769795866315000000,0
workspaceModel.sync.entities.ms,1769795806315000000,1769795866315000000,0
workspaceModel.mutableEntityStorage.changeLog.addReplaceEventForRemovedParent.ms,1769795806315000000,1769795866315000000,0
workspaceModel.mutableEntityStorage.changeLog.addReplaceEventForNewChild.ms,1769795806315000000,1769795866315000000,0
workspaceModel.mutableEntityStorage.to.snapshot.ms,1769795806315000000,1769795866315000000,0
jps.module.dependency.index.workspace.model.listener.on.changed.ms,1769795806315000000,1769795866315000000,0
workspaceModel.moduleManagerBridge.load.all.modules.ms,1769795806315000000,1769795866315000000,0
workspaceModel.moduleManagerBridge.load.module.ms,1769795806315000000,1769795866315000000,0
workspaceModel.moduleManagerBridge.build.module.graph.ms,1769795806315000000,1769795866315000000,0
workspaceModel.mutableEntityStorage.mutable.vfurl.index.ms,1769795806315000000,1769795866315000000,0
workspaceModel.orphan.listener.update.ms,1769795806315000000,1769795866315000000,0
VFS.contentStorage.recordsRead,1769795806315000000,1769795866315000000,103
FileNameCache.queries,1769795806315000000,1769795866315000000,8768
VFS.contentStorage.recordsStored,1769795806315000000,1769795866315000000,0
VFS.fileByIdCache.hits,1769795806315000000,1769795866315000000,0
VFS.contentStorage.recordsReadDecompressed,1769795806315000000,1769795866315000000,3
VFS.fileByIdCache.misses,1769795806315000000,1769795866315000000,9188
VFS.contentStorage.recordsStoredSize,1769795806315000000,1769795866315000000,0
VFS.contentStorage.recordsStoredCompressed,1769795806315000000,1769795866315000000,0
VFS.contentStorage.recordsDeduplicated,1769795806315000000,1769795866315000000,0
VFS.invertedFileNameIndex.requests,1769795806315000000,1769795866315000000,0
VFS.contentStorage.recordsDecompressionTimeUs,1769795806315000000,1769795866315000000,150
VFS.contentStorage.recordsReadSize,1769795806315000000,1769795866315000000,487018
FileNameCache.totalMisses,1769795806315000000,1769795866315000000,0
VFS.fileChildByName,1769795806315000000,1769795866315000000,12619
VFS.contentStorage.recordsUncompressedSize,1769795806315000000,1769795866315000000,0
FilePageCacheLockFree.housekeeperTurnsSkipped,1769795866315000000,1769795926315000000,0
DirectByteBufferAllocator.reclaimed,1769795866315000000,1769795926315000000,0
StorageLockContext.competingThreads.avg,1769795866315000000,1769795926315000000,0.0
FilePageCacheLockFree.housekeeperTurnsDone,1769795866315000000,1769795926315000000,0
FilePageCache.totalPageLoadsUs,1769795866315000000,1769795926315000000,0
StreamlinedBlobStorage.recordsRelocated,1769795866315000000,1769795926315000000,0
StorageLockContext.competingThreads.90P,1769795866315000000,1769795926315000000,0
FilePageCache.disposedBuffers,1769795866315000000,1769795926315000000,0
MappedFileStorage.totalBytesMapped,1769795866315000000,1769795926315000000,261357568
FilePageCacheLockFree.totalHeapBytesAllocated,1769795866315000000,1769795926315000000,0
FilePageCacheLockFree.totalPagesReadMs,1769795866315000000,1769795926315000000,0
FilePageCacheLockFree.totalPageAllocationsWaited,1769795866315000000,1769795926315000000,0
FilePageCacheLockFree.totalBytesRead,1769795866315000000,1769795926315000000,0
FilePageCache.totalPageDisposalsUs,1769795866315000000,1769795926315000000,0
FilePageCache.pageHits,1769795866315000000,1769795926315000000,0
MappedFileStorage.storages,1769795866315000000,1769795926315000000,16
StreamlinedBlobStorage.recordsAllocated,1769795866315000000,1769795926315000000,0
DirectByteBufferAllocator.misses,1769795866315000000,1769795926315000000,0
DirectByteBufferAllocator.hits,1769795866315000000,1769795926315000000,0
DirectByteBufferAllocator.totalSizeOfBuffersCachedInBytes,1769795866315000000,1769795926315000000,0
StreamlinedBlobStorage.totalLiveRecordsCapacityBytes,1769795866315000000,1769795926315000000,0
FilePageCache.uncachedFileAccess,1769795866315000000,1769795926315000000,3
FilePageCacheLockFree.totalPagesHandedOver,1769795866315000000,1769795926315000000,0
FilePageCacheLockFree.totalBytesRequested,1769795866315000000,1769795926315000000,0
FilePageCacheLockFree.totalPagesWritten,1769795866315000000,1769795926315000000,0
DirectByteBufferAllocator.totalSizeOfBuffersAllocatedInBytes,1769795866315000000,1769795926315000000,165699584
FilePageCache.capacityInBytes,1769795866315000000,1769795926315000000,503316478
StorageLockContext.competingThreads.max,1769795866315000000,1769795926315000000,0
FilePageCacheLockFree.housekeeperTimeSpentMs,1769795866315000000,1769795926315000000,0
FilePageCache.pageLoadsAboveSizeThreshold,1769795866315000000,1769795926315000000,0
FilePageCache.pageFastCacheHits,1769795866315000000,1769795926315000000,20
FilePageCacheLockFree.totalNativeBytesReclaimed,1769795866315000000,1769795926315000000,0
MappedFileStorage.totalTimeSpentOnMappingUs,1769795866315000000,1769795926315000000,12186
FilePageCacheLockFree.heapBytesInUse,1769795866315000000,1769795926315000000,0
FileChannelInterruptsRetryer.totalRetriedAttempts,1769795866315000000,1769795926315000000,0
MappedFileStorage.totalPagesMapped,1769795866315000000,1769795926315000000,21
FilePageCacheLockFree.totalPagesWriteMs,1769795866315000000,1769795926315000000,0
StreamlinedBlobStorage.totalLiveRecordsPayloadBytes,1769795866315000000,1769795926315000000,0
FilePageCacheLockFree.nativeBytesInUse,1769795866315000000,1769795926315000000,0
FilePageCache.maxCacheSizeInBytes,1769795866315000000,1769795926315000000,165699584
FilePageCacheLockFree.totalPagesReclaimed,1769795866315000000,1769795926315000000,0
FilePageCacheLockFree.totalNativeBytesAllocated,1769795866315000000,1769795926315000000,0
FilePageCache.pageLoads,1769795866315000000,1769795926315000000,0
FilePageCacheLockFree.totalPagesRequested,1769795866315000000,1769795926315000000,0
FilePageCache.maxRegisteredFiles,1769795866315000000,1769795926315000000,252
FilePageCacheLockFree.totalHeapBytesReclaimed,1769795866315000000,1769795926315000000,0
FilePageCacheLockFree.totalPagesAllocated,1769795866315000000,1769795926315000000,0
FilePageCacheLockFree.totalPagesRequestsMs,1769795866315000000,1769795926315000000,0
StreamlinedBlobStorage.recordsDeleted,1769795866315000000,1769795926315000000,0
FilePageCacheLockFree.totalClosedStoragesReclaimed,1769795866315000000,1769795926315000000,0
DirectByteBufferAllocator.disposed,1769795866315000000,1769795926315000000,0
FilePageCacheLockFree.totalBytesWritten,1769795866315000000,1769795926315000000,0
IndexesFlusher.totalFlushingTimeUs,1769795866315000000,1769795926315000000,29134
Indexes.stubs.lookups,1769795866315000000,1769795926315000000,0
Indexes.entries.lookups,1769795866315000000,1769795926315000000,0
Indexing.writer_3.totalTimeSpentWritingMs,1769795866315000000,1769795926315000000,0
Indexes.entries.lookupDuration90PMs,1769795866315000000,1769795926315000000,0.0
Indexing.cache.totalCacheAccesses,1769795866315000000,1769795926315000000,0
Indexes.allKeys.lookups,1769795866315000000,1769795926315000000,0
Indexing.cache.totalCacheEvicted,1769795866315000000,1769795926315000000,0
Indexes.entries.lookupDurationAvgMs,1769795866315000000,1769795926315000000,0.0
Indexing.writer_1.totalTimeSpentWritingMs,1769795866315000000,1769795926315000000,0
Indexes.allKeys.lookupDuration90PMs,1769795866315000000,1769795926315000000,0.0
IndexesFlusher.totalFlushes,1769795866315000000,1769795926315000000,60
Indexes.stubs.lookupDurationAvgMs,1769795866315000000,1769795926315000000,0.0
Indexing.writer_0.totalTimeSpentWritingMs,1769795866315000000,1769795926315000000,0
Indexing.cache.totalCacheMisses,1769795866315000000,1769795926315000000,0
Indexing.totalTimeIndexersSleptMs,1769795866315000000,1769795926315000000,0
Indexing.writer_2.totalTimeSpentWritingMs,1769795866315000000,1769795926315000000,0
Indexes.stubs.lookupDurationMaxMs,1769795866315000000,1769795926315000000,0.0
Indexes.stubs.lookupDuration90PMs,1769795866315000000,1769795926315000000,0.0
Indexes.allKeys.lookupDurationAvgMs,1769795866315000000,1769795926315000000,0.0
Indexing.writesQueuedMax,1769795866315000000,1769795926315000000,0
IndexesFlusher.totalFlushesRetried,1769795866315000000,1769795926315000000,0
Indexing.writesQueuedMin,1769795866315000000,1769795926315000000,9223372036854775807
Indexes.entries.lookupDurationMaxMs,1769795866315000000,1769795926315000000,0.0
Indexes.allKeys.lookupDurationMaxMs,1769795866315000000,1769795926315000000,0.0
IndexesFlusher.totalContentionQuotaSpent,1769795866315000000,1769795926315000000,0
WriteAction.executionsCount,1769795866315000000,1769795926315000000,1
AWTEventQueue.dispatchTimeMaxNs,1769795866315000000,1769795926315000000,0
FlushQueue.queueSizeMax,1769795866315000000,1769795926315000000,0
AWTEventQueue.dispatchTimeTotalNS,1769795866315000000,1769795926315000000,3715819240
FlushQueue.queueSize90P,1769795866315000000,1769795926315000000,0
FlushQueue.tasksExecuted,1769795866315000000,1769795926315000000,0
NonBlockingReadAction.failedExecutionTimeUs,1769795866315000000,1769795926315000000,152
NonBlockingReadAction.finalizedExecutionsCount,1769795866315000000,1769795926315000000,951
ReadAction.executionsCount,1769795866315000000,1769795926315000000,921090
FlushQueue.queueSizeAvg,1769795866315000000,1769795926315000000,0.0
NonBlockingReadAction.finalizedExecutionTimeUs,1769795866315000000,1769795926315000000,40612
FlushQueue.waitingTimeAvgNs,1769795866315000000,1769795926315000000,0.0
FlushQueue.waitingTimeMaxNs,1769795866315000000,1769795926315000000,0
FlushQueue.waitingTime90PNs,1769795866315000000,1769795926315000000,0
NonBlockingReadAction.failedExecutionsCount,1769795866315000000,1769795926315000000,1
FlushQueue.executionTime90PNs,1769795866315000000,1769795926315000000,0
AWTEventQueue.dispatchTime90PNs,1769795866315000000,1769795926315000000,0
FlushQueue.executionTimeMaxNs,1769795866315000000,1769795926315000000,0
FlushQueue.executionTimeAvgNs,1769795866315000000,1769795926315000000,0.0
AWTEventQueue.dispatchTimeAvgNs,1769795866315000000,1769795926315000000,0.0
AWTEventQueue.eventsDispatched,1769795866315000000,1769795926315000000,0
JVM.totalBytesAllocated,1769795866315000000,1769795926315000000,784376016
JVM.threadCount,1769795866315000000,1769795926315000000,80
JVM.totalTimeAtSafepointsMs,1769795866315000000,1769795926315000000,10
JVM.GC.collections,1769795866315000000,1769795926315000000,1
OS.loadAverage,1769795866315000000,1769795926315000000,2.18701171875
JVM.totalTimeToSafepointsMs,1769795866315000000,1769795926315000000,1
JVM.maxHeapBytes,1769795866315000000,1769795926315000000,4196401152
JVM.newThreadsCount,1769795866315000000,1769795926315000000,4
JVM.totalDirectByteBuffersBytes,1769795866315000000,1769795926315000000,166155144
JVM.totalSafepointCount,1769795866315000000,1769795926315000000,25
JVM.totalCpuTimeMs,1769795866315000000,1769795926315000000,6300
JVM.usedHeapBytes,1769795866315000000,1769795926315000000,1378551104
JVM.GC.collectionTimesMs,1769795866315000000,1769795926315000000,10
JVM.maxThreadCount,1769795866315000000,1769795926315000000,145
JVM.usedNativeBytes,1769795866315000000,1769795926315000000,462850376
cacheStateStorage.get.counter,1769795866315000000,1769795926315000000,0
cacheStateStorage.get.duration,1769795866315000000,1769795926315000000,0
cacheStateStorage.set.duration,1769795866315000000,1769795926315000000,0
cacheStateStorage.set.counter,1769795866315000000,1769795926315000000,0
workspaceModel.workspaceFileIndexData.getDirectoriesByPackageName.ms,1769795866315000000,1769795926315000000,0
workspaceModel.entityStorageSnapshotImpl.instances.count,1769795866315000000,1769795926315000000,0
workspaceModel.cachedValueWithParameters.total.get.count,1769795866315000000,1769795926315000000,0
workspaceModel.update.unloaded.entities.ms,1769795866315000000,1769795926315000000,0
workspaceModel.to.snapshot.ms,1769795866315000000,1769795926315000000,0
workspaceModel.workspaceFileIndexData.instances.count,1769795866315000000,1769795926315000000,0
workspaceModel.workspaceFileIndexData.init.ms,1769795866315000000,1769795926315000000,0
workspaceModel.pre.handlers.ms,1769795866315000000,1769795926315000000,0
workspaceModel.collect.changes.ms,1769795866315000000,1769795926315000000,0
workspaceModel.cachedValueWithParameters.calculated.count,1769795866315000000,1769795926315000000,0
workspaceModel.workspaceFileIndexData.visitFileSets.ms,1769795866315000000,1769795926315000000,0
workspaceModel.updates.count,1769795866315000000,1769795926315000000,0
workspaceModel.workspaceFileIndexData.updateDirtyEntities.ms,1769795866315000000,1769795926315000000,0
workspaceModel.workspaceFileIndexData.getPackageName.ms,1769795866315000000,1769795926315000000,0
workspaceModel.initializing.ms,1769795866315000000,1769795926315000000,0
workspaceModel.workspaceFileIndexData.markDirty.ms,1769795866315000000,1769795926315000000,0
workspaceModel.full.replace.project.model.ms,1769795866315000000,1769795926315000000,0
workspaceModel.on.before.changed.ms,1769795866315000000,1769795926315000000,0
workspaceModel.replace.project.model.ms,1769795866315000000,1769795926315000000,0
workspaceModel.workspaceFileIndexData.onEntitiesChanged.ms,1769795866315000000,1769795926315000000,0
workspaceModel.updates.ms,1769795866315000000,1769795926315000000,0
workspaceModel.on.changed.ms,1769795866315000000,1769795926315000000,0
workspaceModel.workspaceFileIndexData.getFileInfo.ms,1769795866315000000,1769795926315000000,0
workspaceModel.workspaceFileIndexContributor.registerFileSets.ms,1769795866315000000,1769795926315000000,0
workspaceModel.loading.total.ms,1769795866315000000,1769795926315000000,0
workspaceModel.init.bridges.ms,1769795866315000000,1769795926315000000,0
workspaceModel.updates.precise.ms,1769795866315000000,1769795926315000000,0
workspaceModel.cachedValueWithParameters.from.cache.count,1769795866315000000,1769795926315000000,0
workspaceModel.cachedValue.from.cache.count,1769795866315000000,1769795926315000000,396
workspaceModel.cachedValue.calculated.count,1769795866315000000,1769795926315000000,0
workspaceModel.check.recursive.update.ms,1769795866315000000,1769795926315000000,0
workspaceModel.cachedValueWithParameters.clear.count,1769795866315000000,1769795926315000000,0
workspaceModel.cachedValue.total.get.count,1769795866315000000,1769795926315000000,396
workspaceModel.workspaceFileIndexData.processFileSets.ms,1769795866315000000,1769795926315000000,0
workspaceModel.cachedValue.clear.count,1769795866315000000,1769795926315000000,0
workspaceModel.loading.from.cache.ms,1769795866315000000,1769795926315000000,0
DiskQueryRelay.tasksExecuted,1769795866315000000,1769795926315000000,2
parser.PythonStub.size.bytes,1769795866315000000,1769795926315000000,186
writeAction.max.wait.ms,1769795866315000000,1769795926315000000,345
lexer.PythonStub.time.ns,1769795866315000000,1769795926315000000,40286
lexer.PythonStub.size.bytes,1769795866315000000,1769795926315000000,186
writeAction.wait.ms,1769795866315000000,1769795926315000000,0
DiskQueryRelay.taskWaitingTotalTimeUs,1769795866315000000,1769795926315000000,49
DiskQueryRelay.taskExecutionTotalTimeUs,1769795866315000000,1769795926315000000,47
DiskQueryRelay.tasksRequested,1769795866315000000,1769795926315000000,2
parser.PythonStub.time.ns,1769795866315000000,1769795926315000000,155765
lexer.Python.time.ns,1769795866315000000,1769795926315000000,4584767
writeAction.count,1769795866315000000,1769795926315000000,1
lexer.Python.size.bytes,1769795866315000000,1769795926315000000,210412
parser.Python.time.ns,1769795866315000000,1769795926315000000,8826024
writeAction.median.wait.ms,1769795866315000000,1769795926315000000,400
parser.Python.size.bytes,1769795866315000000,1769795926315000000,210412
workspaceModel.mutableEntityStorage.apply.changes.from.ms,1769795866315000000,1769795926315000000,0
workspaceModel.mutableEntityStorage.remove.entity.ms,1769795866315000000,1769795926315000000,0
jps.global.initialize.library.bridges.ms,1769795866315000000,1769795926315000000,0
jps.artifact.entities.serializer.save.entities.ms,1769795866315000000,1769795926315000000,0
jps.project.serializers.load.ms,1769795866315000000,1769795926315000000,0
jps.app.storage.content.writer.save.component.ms,1769795866315000000,1769795926315000000,0
jps.save.global.entities.ms,1769795866315000000,1769795926315000000,1
workspaceModel.mutableEntityStorage.replace.by.source.ms,1769795866315000000,1769795926315000000,0
workspaceModel.global.apply.state.to.project.builder.ms,1769795866315000000,1769795926315000000,0
jps.facet.change.listener.before.change.events.ms,1769795866315000000,1769795926315000000,0
workspaceModel.mutableEntityStorage.changeLog.addReplaceEventForNewParent.ms,1769795866315000000,1769795926315000000,0
workspaceModel.save.cache.to.file.ms,1769795866315000000,1769795926315000000,0
jps.project.serializers.save.ms,1769795866315000000,1769795926315000000,0
jps.global.get.library.ms,1769795866315000000,1769795926315000000,0
workspaceModel.mutableEntityStorage.referrers.ms,1769795866315000000,1769795926315000000,0
jps.global.get.libraries.ms,1769795866315000000,1769795926315000000,0
jps.global.handle.changed.events.ms,1769795866315000000,1769795926315000000,0
workspaceModel.mutableEntityStorage.put.entity.ms,1769795866315000000,1769795926315000000,0
workspaceModel.mutableEntityStorage.entities.ms,1769795866315000000,1769795926315000000,0
workspaceModel.moduleBridge.before.changed.ms,1769795866315000000,1769795926315000000,0
workspaceModel.moduleManagerBridge.get.modules.ms,1769795866315000000,1769795926315000000,0
jps.load.initial.state.ms,1769795866315000000,1769795926315000000,0
workspaceModel.delayed.project.synchronizer.sync.ms,1769795866315000000,1769795926315000000,0
jps.facet.change.listener.init.bridge.ms,1769795866315000000,1769795926315000000,0
jps.library.entities.serializer.load.entities.ms,1769795866315000000,1769795926315000000,0
jps.storage.jps.conf.reader.load.component.ms,1769795866315000000,1769795926315000000,0
jps.facet.change.listener.process.change.events.ms,1769795866315000000,1769795926315000000,0
jps.artifact.entities.serializer.load.entities.ms,1769795866315000000,1769795926315000000,0
jps.apply.loaded.storage.ms,1769795866315000000,1769795926315000000,0
jps.reload.project.entities.ms,1769795866315000000,1769795926315000000,0
workspaceModel.moduleManagerBridge.new.nonPersistent.module.ms,1769795866315000000,1769795926315000000,0
workspaceModel.mutableEntityStorage.changeLog.addReplaceEventForRemovedChild.ms,1769795866315000000,1769795926315000000,0
workspaceModel.mutableEntityStorage.entities.by.source.ms,1769795866315000000,1769795926315000000,0
workspaceModel.mutableEntityStorage.instances.count,1769795866315000000,1769795926315000000,0
jps.global.get.library.by.name.ms,1769795866315000000,1769795926315000000,0
workspaceModel.mutableEntityStorage.resolve.ms,1769795866315000000,1769795926315000000,0
workspaceModel.mutableEntityStorage.mutable.ext.mapping.ms,1769795866315000000,1769795926315000000,0
workspaceModel.moduleManagerBridge.create.module.instance.ms,1769795866315000000,1769795926315000000,0
workspaceModel.moduleBridgeLoader.loading.modules.ms,1769795866315000000,1769795926315000000,0
workspaceModel.moduleManagerBridge.set.unloadedModules.ms,1769795866315000000,1769795926315000000,0
workspaceModel.moduleBridge.update.option.ms,1769795866315000000,1769795926315000000,0
workspaceModel.mutableEntityStorage.add.entity.ms,1769795866315000000,1769795926315000000,0
workspaceModel.moduleManagerBridge.newModule.ms,1769795866315000000,1769795926315000000,0
jps.global.initialize.library.bridges.after.loading.ms,1769795866315000000,1769795926315000000,0
workspaceModel.global.apply.state.to.project.ms,1769795866315000000,1769795926315000000,0
workspaceModel.global.updates.ms,1769795866315000000,1769795926315000000,0
jps.app.storage.content.reader.load.component.ms,1769795866315000000,1769795926315000000,0
jps.save.changed.project.entities.ms,1769795866315000000,1769795926315000000,0
jps.module.iml.entities.serializer.save.entities.ms,1769795866315000000,1769795926315000000,0
jps.global.handle.before.change.events.ms,1769795866315000000,1769795926315000000,0
workspaceModel.global.updates.count,1769795866315000000,1769795926315000000,0
jps.module.iml.entities.serializer.load.entities.ms,1769795866315000000,1769795926315000000,0
jps.load.project.to.empty.storage.ms,1769795866315000000,1769795926315000000,0
workspaceModel.mutableEntityStorage.collect.changes.ms,1769795866315000000,1769795926315000000,0
workspaceModel.do.save.caches.ms,1769795866315000000,1769795926315000000,0
workspaceModel.moduleBridge.facet.initialization.ms,1769795866315000000,1769795926315000000,0
jps.library.entities.serializer.save.entities.ms,1769795866315000000,1769795926315000000,0
workspaceModel.mutableEntityStorage.has.same.entities.ms,1769795866315000000,1769795926315000000,0
workspaceModel.mutableEntityStorage.modify.entity.ms,1769795866315000000,1769795926315000000,0
workspaceModel.load.cache.metadata.from.file.ms,1769795866315000000,1769795926315000000,0
workspaceModel.load.cache.from.file.ms,1769795866315000000,1769795926315000000,0
workspaceModel.sync.entities.ms,1769795866315000000,1769795926315000000,0
workspaceModel.mutableEntityStorage.changeLog.addReplaceEventForRemovedParent.ms,1769795866315000000,1769795926315000000,0
workspaceModel.mutableEntityStorage.changeLog.addReplaceEventForNewChild.ms,1769795866315000000,1769795926315000000,0
workspaceModel.mutableEntityStorage.to.snapshot.ms,1769795866315000000,1769795926315000000,0
jps.module.dependency.index.workspace.model.listener.on.changed.ms,1769795866315000000,1769795926315000000,0
workspaceModel.moduleManagerBridge.load.all.modules.ms,1769795866315000000,1769795926315000000,0
workspaceModel.moduleManagerBridge.load.module.ms,1769795866315000000,1769795926315000000,0
workspaceModel.moduleManagerBridge.build.module.graph.ms,1769795866315000000,1769795926315000000,0
workspaceModel.mutableEntityStorage.mutable.vfurl.index.ms,1769795866315000000,1769795926315000000,0
workspaceModel.orphan.listener.update.ms,1769795866315000000,1769795926315000000,0
VFS.contentStorage.recordsRead,1769795866315000000,1769795926315000000,3
FileNameCache.queries,1769795866315000000,1769795926315000000,768
VFS.contentStorage.recordsStored,1769795866315000000,1769795926315000000,1
VFS.fileByIdCache.hits,1769795866315000000,1769795926315000000,0
VFS.contentStorage.recordsReadDecompressed,1769795866315000000,1769795926315000000,1
VFS.fileByIdCache.misses,1769795866315000000,1769795926315000000,0
VFS.contentStorage.recordsStoredSize,1769795866315000000,1769795926315000000,5877
VFS.contentStorage.recordsStoredCompressed,1769795866315000000,1769795926315000000,0
VFS.contentStorage.recordsDeduplicated,1769795866315000000,1769795926315000000,0
VFS.invertedFileNameIndex.requests,1769795866315000000,1769795926315000000,0
VFS.contentStorage.recordsDecompressionTimeUs,1769795866315000000,1769795926315000000,219
VFS.contentStorage.recordsReadSize,1769795866315000000,1769795926315000000,216456
FileNameCache.totalMisses,1769795866315000000,1769795926315000000,0
VFS.fileChildByName,1769795866315000000,1769795926315000000,1079
VFS.contentStorage.recordsUncompressedSize,1769795866315000000,1769795926315000000,5877
FilePageCacheLockFree.housekeeperTurnsSkipped,1769795926315000000,1769795986315000000,0
DirectByteBufferAllocator.reclaimed,1769795926315000000,1769795986315000000,0
StorageLockContext.competingThreads.avg,1769795926315000000,1769795986315000000,0.0
FilePageCacheLockFree.housekeeperTurnsDone,1769795926315000000,1769795986315000000,0
FilePageCache.totalPageLoadsUs,1769795926315000000,1769795986315000000,0
StreamlinedBlobStorage.recordsRelocated,1769795926315000000,1769795986315000000,0
StorageLockContext.competingThreads.90P,1769795926315000000,1769795986315000000,0
FilePageCache.disposedBuffers,1769795926315000000,1769795986315000000,0
MappedFileStorage.totalBytesMapped,1769795926315000000,1769795986315000000,278134784
FilePageCacheLockFree.totalHeapBytesAllocated,1769795926315000000,1769795986315000000,0
FilePageCacheLockFree.totalPagesReadMs,1769795926315000000,1769795986315000000,0
FilePageCacheLockFree.totalPageAllocationsWaited,1769795926315000000,1769795986315000000,0
FilePageCacheLockFree.totalBytesRead,1769795926315000000,1769795986315000000,0
FilePageCache.totalPageDisposalsUs,1769795926315000000,1769795986315000000,0
FilePageCache.pageHits,1769795926315000000,1769795986315000000,0
MappedFileStorage.storages,1769795926315000000,1769795986315000000,16
StreamlinedBlobStorage.recordsAllocated,1769795926315000000,1769795986315000000,0
DirectByteBufferAllocator.misses,1769795926315000000,1769795986315000000,0
DirectByteBufferAllocator.hits,1769795926315000000,1769795986315000000,0
DirectByteBufferAllocator.totalSizeOfBuffersCachedInBytes,1769795926315000000,1769795986315000000,0
StreamlinedBlobStorage.totalLiveRecordsCapacityBytes,1769795926315000000,1769795986315000000,0
FilePageCache.uncachedFileAccess,1769795926315000000,1769795986315000000,0
FilePageCacheLockFree.totalPagesHandedOver,1769795926315000000,1769795986315000000,0
FilePageCacheLockFree.totalBytesRequested,1769795926315000000,1769795986315000000,0
FilePageCacheLockFree.totalPagesWritten,1769795926315000000,1769795986315000000,0
DirectByteBufferAllocator.totalSizeOfBuffersAllocatedInBytes,1769795926315000000,1769795986315000000,165699584
FilePageCache.capacityInBytes,1769795926315000000,1769795986315000000,503316478
StorageLockContext.competingThreads.max,1769795926315000000,1769795986315000000,0
FilePageCacheLockFree.housekeeperTimeSpentMs,1769795926315000000,1769795986315000000,0
FilePageCache.pageLoadsAboveSizeThreshold,1769795926315000000,1769795986315000000,0
FilePageCache.pageFastCacheHits,1769795926315000000,1769795986315000000,0
FilePageCacheLockFree.totalNativeBytesReclaimed,1769795926315000000,1769795986315000000,0
MappedFileStorage.totalTimeSpentOnMappingUs,1769795926315000000,1769795986315000000,12432
FilePageCacheLockFree.heapBytesInUse,1769795926315000000,1769795986315000000,0
FileChannelInterruptsRetryer.totalRetriedAttempts,1769795926315000000,1769795986315000000,0
MappedFileStorage.totalPagesMapped,1769795926315000000,1769795986315000000,22
FilePageCacheLockFree.totalPagesWriteMs,1769795926315000000,1769795986315000000,0
StreamlinedBlobStorage.totalLiveRecordsPayloadBytes,1769795926315000000,1769795986315000000,0
FilePageCacheLockFree.nativeBytesInUse,1769795926315000000,1769795986315000000,0
FilePageCache.maxCacheSizeInBytes,1769795926315000000,1769795986315000000,165699584
FilePageCacheLockFree.totalPagesReclaimed,1769795926315000000,1769795986315000000,0
FilePageCacheLockFree.totalNativeBytesAllocated,1769795926315000000,1769795986315000000,0
FilePageCache.pageLoads,1769795926315000000,1769795986315000000,0
FilePageCacheLockFree.totalPagesRequested,1769795926315000000,1769795986315000000,0
FilePageCache.maxRegisteredFiles,1769795926315000000,1769795986315000000,252
FilePageCacheLockFree.totalHeapBytesReclaimed,1769795926315000000,1769795986315000000,0
FilePageCacheLockFree.totalPagesAllocated,1769795926315000000,1769795986315000000,0
FilePageCacheLockFree.totalPagesRequestsMs,1769795926315000000,1769795986315000000,0
StreamlinedBlobStorage.recordsDeleted,1769795926315000000,1769795986315000000,0
FilePageCacheLockFree.totalClosedStoragesReclaimed,1769795926315000000,1769795986315000000,0
DirectByteBufferAllocator.disposed,1769795926315000000,1769795986315000000,0
FilePageCacheLockFree.totalBytesWritten,1769795926315000000,1769795986315000000,0
IndexesFlusher.totalFlushingTimeUs,1769795926315000000,1769795986315000000,29590
Indexes.stubs.lookups,1769795926315000000,1769795986315000000,0
Indexes.entries.lookups,1769795926315000000,1769795986315000000,0
Indexing.writer_3.totalTimeSpentWritingMs,1769795926315000000,1769795986315000000,0
Indexes.entries.lookupDuration90PMs,1769795926315000000,1769795986315000000,0.0
Indexing.cache.totalCacheAccesses,1769795926315000000,1769795986315000000,0
Indexes.allKeys.lookups,1769795926315000000,1769795986315000000,0
Indexing.cache.totalCacheEvicted,1769795926315000000,1769795986315000000,0
Indexes.entries.lookupDurationAvgMs,1769795926315000000,1769795986315000000,0.0
Indexing.writer_1.totalTimeSpentWritingMs,1769795926315000000,1769795986315000000,0
Indexes.allKeys.lookupDuration90PMs,1769795926315000000,1769795986315000000,0.0
IndexesFlusher.totalFlushes,1769795926315000000,1769795986315000000,60
Indexes.stubs.lookupDurationAvgMs,1769795926315000000,1769795986315000000,0.0
Indexing.writer_0.totalTimeSpentWritingMs,1769795926315000000,1769795986315000000,0
Indexing.cache.totalCacheMisses,1769795926315000000,1769795986315000000,0
Indexing.totalTimeIndexersSleptMs,1769795926315000000,1769795986315000000,0
Indexing.writer_2.totalTimeSpentWritingMs,1769795926315000000,1769795986315000000,0
Indexes.stubs.lookupDurationMaxMs,1769795926315000000,1769795986315000000,0.0
Indexes.stubs.lookupDuration90PMs,1769795926315000000,1769795986315000000,0.0
Indexes.allKeys.lookupDurationAvgMs,1769795926315000000,1769795986315000000,0.0
Indexing.writesQueuedMax,1769795926315000000,1769795986315000000,0
IndexesFlusher.totalFlushesRetried,1769795926315000000,1769795986315000000,0
Indexing.writesQueuedMin,1769795926315000000,1769795986315000000,9223372036854775807
Indexes.entries.lookupDurationMaxMs,1769795926315000000,1769795986315000000,0.0
Indexes.allKeys.lookupDurationMaxMs,1769795926315000000,1769795986315000000,0.0
IndexesFlusher.totalContentionQuotaSpent,1769795926315000000,1769795986315000000,0
WriteAction.executionsCount,1769795926315000000,1769795986315000000,0
AWTEventQueue.dispatchTimeMaxNs,1769795926315000000,1769795986315000000,0
FlushQueue.queueSizeMax,1769795926315000000,1769795986315000000,0
AWTEventQueue.dispatchTimeTotalNS,1769795926315000000,1769795986315000000,83228881
FlushQueue.queueSize90P,1769795926315000000,1769795986315000000,0
FlushQueue.tasksExecuted,1769795926315000000,1769795986315000000,0
NonBlockingReadAction.failedExecutionTimeUs,1769795926315000000,1769795986315000000,0
NonBlockingReadAction.finalizedExecutionsCount,1769795926315000000,1769795986315000000,10
ReadAction.executionsCount,1769795926315000000,1769795986315000000,651675
FlushQueue.queueSizeAvg,1769795926315000000,1769795986315000000,0.0
NonBlockingReadAction.finalizedExecutionTimeUs,1769795926315000000,1769795986315000000,1934
FlushQueue.waitingTimeAvgNs,1769795926315000000,1769795986315000000,0.0
FlushQueue.waitingTimeMaxNs,1769795926315000000,1769795986315000000,0
FlushQueue.waitingTime90PNs,1769795926315000000,1769795986315000000,0
NonBlockingReadAction.failedExecutionsCount,1769795926315000000,1769795986315000000,0
FlushQueue.executionTime90PNs,1769795926315000000,1769795986315000000,0
AWTEventQueue.dispatchTime90PNs,1769795926315000000,1769795986315000000,0
FlushQueue.executionTimeMaxNs,1769795926315000000,1769795986315000000,0
FlushQueue.executionTimeAvgNs,1769795926315000000,1769795986315000000,0.0
AWTEventQueue.dispatchTimeAvgNs,1769795926315000000,1769795986315000000,0.0
AWTEventQueue.eventsDispatched,1769795926315000000,1769795986315000000,0
JVM.totalBytesAllocated,1769795926315000000,1769795986315000000,1213937312
JVM.threadCount,1769795926315000000,1769795986315000000,69
JVM.totalTimeAtSafepointsMs,1769795926315000000,1769795986315000000,34
JVM.GC.collections,1769795926315000000,1769795986315000000,4
OS.loadAverage,1769795926315000000,1769795986315000000,2.01806640625
JVM.totalTimeToSafepointsMs,1769795926315000000,1769795986315000000,0
JVM.maxHeapBytes,1769795926315000000,1769795986315000000,4196401152
JVM.newThreadsCount,1769795926315000000,1769795986315000000,0
JVM.totalDirectByteBuffersBytes,1769795926315000000,1769795986315000000,166146948
JVM.totalSafepointCount,1769795926315000000,1769795986315000000,10
JVM.totalCpuTimeMs,1769795926315000000,1769795986315000000,16320
JVM.usedHeapBytes,1769795926315000000,1769795986315000000,883949152
JVM.GC.collectionTimesMs,1769795926315000000,1769795986315000000,34
JVM.maxThreadCount,1769795926315000000,1769795986315000000,145
JVM.usedNativeBytes,1769795926315000000,1769795986315000000,456924104
cacheStateStorage.get.counter,1769795926315000000,1769795986315000000,0
cacheStateStorage.get.duration,1769795926315000000,1769795986315000000,0
cacheStateStorage.set.duration,1769795926315000000,1769795986315000000,0
cacheStateStorage.set.counter,1769795926315000000,1769795986315000000,0
workspaceModel.workspaceFileIndexData.getDirectoriesByPackageName.ms,1769795926315000000,1769795986315000000,0
workspaceModel.entityStorageSnapshotImpl.instances.count,1769795926315000000,1769795986315000000,0
workspaceModel.cachedValueWithParameters.total.get.count,1769795926315000000,1769795986315000000,0
workspaceModel.update.unloaded.entities.ms,1769795926315000000,1769795986315000000,0
workspaceModel.to.snapshot.ms,1769795926315000000,1769795986315000000,0
workspaceModel.workspaceFileIndexData.instances.count,1769795926315000000,1769795986315000000,0
workspaceModel.workspaceFileIndexData.init.ms,1769795926315000000,1769795986315000000,0
workspaceModel.pre.handlers.ms,1769795926315000000,1769795986315000000,0
workspaceModel.collect.changes.ms,1769795926315000000,1769795986315000000,0
workspaceModel.cachedValueWithParameters.calculated.count,1769795926315000000,1769795986315000000,0
workspaceModel.workspaceFileIndexData.visitFileSets.ms,1769795926315000000,1769795986315000000,0
workspaceModel.updates.count,1769795926315000000,1769795986315000000,0
workspaceModel.workspaceFileIndexData.updateDirtyEntities.ms,1769795926315000000,1769795986315000000,0
workspaceModel.workspaceFileIndexData.getPackageName.ms,1769795926315000000,1769795986315000000,0
workspaceModel.initializing.ms,1769795926315000000,1769795986315000000,0
workspaceModel.workspaceFileIndexData.markDirty.ms,1769795926315000000,1769795986315000000,0
workspaceModel.full.replace.project.model.ms,1769795926315000000,1769795986315000000,0
workspaceModel.on.before.changed.ms,1769795926315000000,1769795986315000000,0
workspaceModel.replace.project.model.ms,1769795926315000000,1769795986315000000,0
workspaceModel.workspaceFileIndexData.onEntitiesChanged.ms,1769795926315000000,1769795986315000000,0
workspaceModel.updates.ms,1769795926315000000,1769795986315000000,0
workspaceModel.on.changed.ms,1769795926315000000,1769795986315000000,0
workspaceModel.workspaceFileIndexData.getFileInfo.ms,1769795926315000000,1769795986315000000,0
workspaceModel.workspaceFileIndexContributor.registerFileSets.ms,1769795926315000000,1769795986315000000,0
workspaceModel.loading.total.ms,1769795926315000000,1769795986315000000,0
workspaceModel.init.bridges.ms,1769795926315000000,1769795986315000000,0
workspaceModel.updates.precise.ms,1769795926315000000,1769795986315000000,0
workspaceModel.cachedValueWithParameters.from.cache.count,1769795926315000000,1769795986315000000,0
workspaceModel.cachedValue.from.cache.count,1769795926315000000,1769795986315000000,0
workspaceModel.cachedValue.calculated.count,1769795926315000000,1769795986315000000,0
workspaceModel.check.recursive.update.ms,1769795926315000000,1769795986315000000,0
workspaceModel.cachedValueWithParameters.clear.count,1769795926315000000,1769795986315000000,0
workspaceModel.cachedValue.total.get.count,1769795926315000000,1769795986315000000,0
workspaceModel.workspaceFileIndexData.processFileSets.ms,1769795926315000000,1769795986315000000,0
workspaceModel.cachedValue.clear.count,1769795926315000000,1769795986315000000,0
workspaceModel.loading.from.cache.ms,1769795926315000000,1769795986315000000,0
DiskQueryRelay.tasksExecuted,1769795926315000000,1769795986315000000,18
writeAction.max.wait.ms,1769795926315000000,1769795986315000000,345
writeAction.wait.ms,1769795926315000000,1769795986315000000,0
DiskQueryRelay.taskWaitingTotalTimeUs,1769795926315000000,1769795986315000000,284
DiskQueryRelay.taskExecutionTotalTimeUs,1769795926315000000,1769795986315000000,281
DiskQueryRelay.tasksRequested,1769795926315000000,1769795986315000000,18
writeAction.count,1769795926315000000,1769795986315000000,0
writeAction.median.wait.ms,1769795926315000000,1769795986315000000,400
workspaceModel.mutableEntityStorage.apply.changes.from.ms,1769795926315000000,1769795986315000000,0
workspaceModel.mutableEntityStorage.remove.entity.ms,1769795926315000000,1769795986315000000,0
jps.global.initialize.library.bridges.ms,1769795926315000000,1769795986315000000,0
jps.artifact.entities.serializer.save.entities.ms,1769795926315000000,1769795986315000000,0
jps.project.serializers.load.ms,1769795926315000000,1769795986315000000,0
jps.app.storage.content.writer.save.component.ms,1769795926315000000,1769795986315000000,0
jps.save.global.entities.ms,1769795926315000000,1769795986315000000,0
workspaceModel.mutableEntityStorage.replace.by.source.ms,1769795926315000000,1769795986315000000,0
workspaceModel.global.apply.state.to.project.builder.ms,1769795926315000000,1769795986315000000,0
jps.facet.change.listener.before.change.events.ms,1769795926315000000,1769795986315000000,0
workspaceModel.mutableEntityStorage.changeLog.addReplaceEventForNewParent.ms,1769795926315000000,1769795986315000000,0
workspaceModel.save.cache.to.file.ms,1769795926315000000,1769795986315000000,0
jps.project.serializers.save.ms,1769795926315000000,1769795986315000000,0
jps.global.get.library.ms,1769795926315000000,1769795986315000000,0
workspaceModel.mutableEntityStorage.referrers.ms,1769795926315000000,1769795986315000000,0
jps.global.get.libraries.ms,1769795926315000000,1769795986315000000,0
jps.global.handle.changed.events.ms,1769795926315000000,1769795986315000000,0
workspaceModel.mutableEntityStorage.put.entity.ms,1769795926315000000,1769795986315000000,0
workspaceModel.mutableEntityStorage.entities.ms,1769795926315000000,1769795986315000000,0
workspaceModel.moduleBridge.before.changed.ms,1769795926315000000,1769795986315000000,0
workspaceModel.moduleManagerBridge.get.modules.ms,1769795926315000000,1769795986315000000,0
jps.load.initial.state.ms,1769795926315000000,1769795986315000000,0
workspaceModel.delayed.project.synchronizer.sync.ms,1769795926315000000,1769795986315000000,0
jps.facet.change.listener.init.bridge.ms,1769795926315000000,1769795986315000000,0
jps.library.entities.serializer.load.entities.ms,1769795926315000000,1769795986315000000,0
jps.storage.jps.conf.reader.load.component.ms,1769795926315000000,1769795986315000000,0
jps.facet.change.listener.process.change.events.ms,1769795926315000000,1769795986315000000,0
jps.artifact.entities.serializer.load.entities.ms,1769795926315000000,1769795986315000000,0
jps.apply.loaded.storage.ms,1769795926315000000,1769795986315000000,0
jps.reload.project.entities.ms,1769795926315000000,1769795986315000000,0
workspaceModel.moduleManagerBridge.new.nonPersistent.module.ms,1769795926315000000,1769795986315000000,0
workspaceModel.mutableEntityStorage.changeLog.addReplaceEventForRemovedChild.ms,1769795926315000000,1769795986315000000,0
workspaceModel.mutableEntityStorage.entities.by.source.ms,1769795926315000000,1769795986315000000,0
workspaceModel.mutableEntityStorage.instances.count,1769795926315000000,1769795986315000000,0
jps.global.get.library.by.name.ms,1769795926315000000,1769795986315000000,0
workspaceModel.mutableEntityStorage.resolve.ms,1769795926315000000,1769795986315000000,0
workspaceModel.mutableEntityStorage.mutable.ext.mapping.ms,1769795926315000000,1769795986315000000,0
workspaceModel.moduleManagerBridge.create.module.instance.ms,1769795926315000000,1769795986315000000,0
workspaceModel.moduleBridgeLoader.loading.modules.ms,1769795926315000000,1769795986315000000,0
workspaceModel.moduleManagerBridge.set.unloadedModules.ms,1769795926315000000,1769795986315000000,0
workspaceModel.moduleBridge.update.option.ms,1769795926315000000,1769795986315000000,0
workspaceModel.mutableEntityStorage.add.entity.ms,1769795926315000000,1769795986315000000,0
workspaceModel.moduleManagerBridge.newModule.ms,1769795926315000000,1769795986315000000,0
jps.global.initialize.library.bridges.after.loading.ms,1769795926315000000,1769795986315000000,0
workspaceModel.global.apply.state.to.project.ms,1769795926315000000,1769795986315000000,0
workspaceModel.global.updates.ms,1769795926315000000,1769795986315000000,0
jps.app.storage.content.reader.load.component.ms,1769795926315000000,1769795986315000000,0
jps.save.changed.project.entities.ms,1769795926315000000,1769795986315000000,0
jps.module.iml.entities.serializer.save.entities.ms,1769795926315000000,1769795986315000000,0
jps.global.handle.before.change.events.ms,1769795926315000000,1769795986315000000,0
workspaceModel.global.updates.count,1769795926315000000,1769795986315000000,0
jps.module.iml.entities.serializer.load.entities.ms,1769795926315000000,1769795986315000000,0
jps.load.project.to.empty.storage.ms,1769795926315000000,1769795986315000000,0
workspaceModel.mutableEntityStorage.collect.changes.ms,1769795926315000000,1769795986315000000,0
workspaceModel.do.save.caches.ms,1769795926315000000,1769795986315000000,0
workspaceModel.moduleBridge.facet.initialization.ms,1769795926315000000,1769795986315000000,0
jps.library.entities.serializer.save.entities.ms,1769795926315000000,1769795986315000000,0
workspaceModel.mutableEntityStorage.has.same.entities.ms,1769795926315000000,1769795986315000000,0
workspaceModel.mutableEntityStorage.modify.entity.ms,1769795926315000000,1769795986315000000,0
workspaceModel.load.cache.metadata.from.file.ms,1769795926315000000,1769795986315000000,0
workspaceModel.load.cache.from.file.ms,1769795926315000000,1769795986315000000,0
workspaceModel.sync.entities.ms,1769795926315000000,1769795986315000000,0
workspaceModel.mutableEntityStorage.changeLog.addReplaceEventForRemovedParent.ms,1769795926315000000,1769795986315000000,0
workspaceModel.mutableEntityStorage.changeLog.addReplaceEventForNewChild.ms,1769795926315000000,1769795986315000000,0
workspaceModel.mutableEntityStorage.to.snapshot.ms,1769795926315000000,1769795986315000000,0
jps.module.dependency.index.workspace.model.listener.on.changed.ms,1769795926315000000,1769795986315000000,0
workspaceModel.moduleManagerBridge.load.all.modules.ms,1769795926315000000,1769795986315000000,0
workspaceModel.moduleManagerBridge.load.module.ms,1769795926315000000,1769795986315000000,0
workspaceModel.moduleManagerBridge.build.module.graph.ms,1769795926315000000,1769795986315000000,0
workspaceModel.mutableEntityStorage.mutable.vfurl.index.ms,1769795926315000000,1769795986315000000,0
workspaceModel.orphan.listener.update.ms,1769795926315000000,1769795986315000000,0
VFS.contentStorage.recordsRead,1769795926315000000,1769795986315000000,0
FileNameCache.queries,1769795926315000000,1769795986315000000,0
VFS.contentStorage.recordsStored,1769795926315000000,1769795986315000000,0
VFS.fileByIdCache.hits,1769795926315000000,1769795986315000000,0
VFS.contentStorage.recordsReadDecompressed,1769795926315000000,1769795986315000000,0
VFS.fileByIdCache.misses,1769795926315000000,1769795986315000000,0
VFS.contentStorage.recordsStoredSize,1769795926315000000,1769795986315000000,0
VFS.contentStorage.recordsStoredCompressed,1769795926315000000,1769795986315000000,0
VFS.contentStorage.recordsDeduplicated,1769795926315000000,1769795986315000000,0
VFS.invertedFileNameIndex.requests,1769795926315000000,1769795986315000000,0
VFS.contentStorage.recordsDecompressionTimeUs,1769795926315000000,1769795986315000000,0
VFS.contentStorage.recordsReadSize,1769795926315000000,1769795986315000000,0
FileNameCache.totalMisses,1769795926315000000,1769795986315000000,0
VFS.fileChildByName,1769795926315000000,1769795986315000000,254
VFS.contentStorage.recordsUncompressedSize,1769795926315000000,1769795986315000000,0
FilePageCacheLockFree.housekeeperTurnsSkipped,1769795986315000000,1769796046315000000,0
DirectByteBufferAllocator.reclaimed,1769795986315000000,1769796046315000000,0
StorageLockContext.competingThreads.avg,1769795986315000000,1769796046315000000,0.0
FilePageCacheLockFree.housekeeperTurnsDone,1769795986315000000,1769796046315000000,0
FilePageCache.totalPageLoadsUs,1769795986315000000,1769796046315000000,0
StreamlinedBlobStorage.recordsRelocated,1769795986315000000,1769796046315000000,0
StorageLockContext.competingThreads.90P,1769795986315000000,1769796046315000000,0
FilePageCache.disposedBuffers,1769795986315000000,1769796046315000000,0
MappedFileStorage.totalBytesMapped,1769795986315000000,1769796046315000000,278134784
FilePageCacheLockFree.totalHeapBytesAllocated,1769795986315000000,1769796046315000000,0
FilePageCacheLockFree.totalPagesReadMs,1769795986315000000,1769796046315000000,0
FilePageCacheLockFree.totalPageAllocationsWaited,1769795986315000000,1769796046315000000,0
FilePageCacheLockFree.totalBytesRead,1769795986315000000,1769796046315000000,0
FilePageCache.totalPageDisposalsUs,1769795986315000000,1769796046315000000,0
FilePageCache.pageHits,1769795986315000000,1769796046315000000,0
MappedFileStorage.storages,1769795986315000000,1769796046315000000,16
StreamlinedBlobStorage.recordsAllocated,1769795986315000000,1769796046315000000,0
DirectByteBufferAllocator.misses,1769795986315000000,1769796046315000000,0
DirectByteBufferAllocator.hits,1769795986315000000,1769796046315000000,0
DirectByteBufferAllocator.totalSizeOfBuffersCachedInBytes,1769795986315000000,1769796046315000000,0
StreamlinedBlobStorage.totalLiveRecordsCapacityBytes,1769795986315000000,1769796046315000000,0
FilePageCache.uncachedFileAccess,1769795986315000000,1769796046315000000,0
FilePageCacheLockFree.totalPagesHandedOver,1769795986315000000,1769796046315000000,0
FilePageCacheLockFree.totalBytesRequested,1769795986315000000,1769796046315000000,0
FilePageCacheLockFree.totalPagesWritten,1769795986315000000,1769796046315000000,0
DirectByteBufferAllocator.totalSizeOfBuffersAllocatedInBytes,1769795986315000000,1769796046315000000,165699584
FilePageCache.capacityInBytes,1769795986315000000,1769796046315000000,503316478
StorageLockContext.competingThreads.max,1769795986315000000,1769796046315000000,0
FilePageCacheLockFree.housekeeperTimeSpentMs,1769795986315000000,1769796046315000000,0
FilePageCache.pageLoadsAboveSizeThreshold,1769795986315000000,1769796046315000000,0
FilePageCache.pageFastCacheHits,1769795986315000000,1769796046315000000,0
FilePageCacheLockFree.totalNativeBytesReclaimed,1769795986315000000,1769796046315000000,0
MappedFileStorage.totalTimeSpentOnMappingUs,1769795986315000000,1769796046315000000,12432
FilePageCacheLockFree.heapBytesInUse,1769795986315000000,1769796046315000000,0
FileChannelInterruptsRetryer.totalRetriedAttempts,1769795986315000000,1769796046315000000,0
MappedFileStorage.totalPagesMapped,1769795986315000000,1769796046315000000,22
FilePageCacheLockFree.totalPagesWriteMs,1769795986315000000,1769796046315000000,0
StreamlinedBlobStorage.totalLiveRecordsPayloadBytes,1769795986315000000,1769796046315000000,0
FilePageCacheLockFree.nativeBytesInUse,1769795986315000000,1769796046315000000,0
FilePageCache.maxCacheSizeInBytes,1769795986315000000,1769796046315000000,165699584
FilePageCacheLockFree.totalPagesReclaimed,1769795986315000000,1769796046315000000,0
FilePageCacheLockFree.totalNativeBytesAllocated,1769795986315000000,1769796046315000000,0
FilePageCache.pageLoads,1769795986315000000,1769796046315000000,0
FilePageCacheLockFree.totalPagesRequested,1769795986315000000,1769796046315000000,0
FilePageCache.maxRegisteredFiles,1769795986315000000,1769796046315000000,252
FilePageCacheLockFree.totalHeapBytesReclaimed,1769795986315000000,1769796046315000000,0
FilePageCacheLockFree.totalPagesAllocated,1769795986315000000,1769796046315000000,0
FilePageCacheLockFree.totalPagesRequestsMs,1769795986315000000,1769796046315000000,0
StreamlinedBlobStorage.recordsDeleted,1769795986315000000,1769796046315000000,0
FilePageCacheLockFree.totalClosedStoragesReclaimed,1769795986315000000,1769796046315000000,0
DirectByteBufferAllocator.disposed,1769795986315000000,1769796046315000000,0
FilePageCacheLockFree.totalBytesWritten,1769795986315000000,1769796046315000000,0
IndexesFlusher.totalFlushingTimeUs,1769795986315000000,1769796046315000000,29764
Indexes.stubs.lookups,1769795986315000000,1769796046315000000,0
Indexes.entries.lookups,1769795986315000000,1769796046315000000,0
Indexing.writer_3.totalTimeSpentWritingMs,1769795986315000000,1769796046315000000,0
Indexes.entries.lookupDuration90PMs,1769795986315000000,1769796046315000000,0.0
Indexing.cache.totalCacheAccesses,1769795986315000000,1769796046315000000,0
Indexes.allKeys.lookups,1769795986315000000,1769796046315000000,0
Indexing.cache.totalCacheEvicted,1769795986315000000,1769796046315000000,0
Indexes.entries.lookupDurationAvgMs,1769795986315000000,1769796046315000000,0.0
Indexing.writer_1.totalTimeSpentWritingMs,1769795986315000000,1769796046315000000,0
Indexes.allKeys.lookupDuration90PMs,1769795986315000000,1769796046315000000,0.0
IndexesFlusher.totalFlushes,1769795986315000000,1769796046315000000,60
Indexes.stubs.lookupDurationAvgMs,1769795986315000000,1769796046315000000,0.0
Indexing.writer_0.totalTimeSpentWritingMs,1769795986315000000,1769796046315000000,0
Indexing.cache.totalCacheMisses,1769795986315000000,1769796046315000000,0
Indexing.totalTimeIndexersSleptMs,1769795986315000000,1769796046315000000,0
Indexing.writer_2.totalTimeSpentWritingMs,1769795986315000000,1769796046315000000,0
Indexes.stubs.lookupDurationMaxMs,1769795986315000000,1769796046315000000,0.0
Indexes.stubs.lookupDuration90PMs,1769795986315000000,1769796046315000000,0.0
Indexes.allKeys.lookupDurationAvgMs,1769795986315000000,1769796046315000000,0.0
Indexing.writesQueuedMax,1769795986315000000,1769796046315000000,0
IndexesFlusher.totalFlushesRetried,1769795986315000000,1769796046315000000,0
Indexing.writesQueuedMin,1769795986315000000,1769796046315000000,9223372036854775807
Indexes.entries.lookupDurationMaxMs,1769795986315000000,1769796046315000000,0.0
Indexes.allKeys.lookupDurationMaxMs,1769795986315000000,1769796046315000000,0.0
IndexesFlusher.totalContentionQuotaSpent,1769795986315000000,1769796046315000000,0
WriteAction.executionsCount,1769795986315000000,1769796046315000000,0
AWTEventQueue.dispatchTimeMaxNs,1769795986315000000,1769796046315000000,0
FlushQueue.queueSizeMax,1769795986315000000,1769796046315000000,0
AWTEventQueue.dispatchTimeTotalNS,1769795986315000000,1769796046315000000,79153414
FlushQueue.queueSize90P,1769795986315000000,1769796046315000000,0
FlushQueue.tasksExecuted,1769795986315000000,1769796046315000000,0
NonBlockingReadAction.failedExecutionTimeUs,1769795986315000000,1769796046315000000,0
NonBlockingReadAction.finalizedExecutionsCount,1769795986315000000,1769796046315000000,0
ReadAction.executionsCount,1769795986315000000,1769796046315000000,0
FlushQueue.queueSizeAvg,1769795986315000000,1769796046315000000,0.0
NonBlockingReadAction.finalizedExecutionTimeUs,1769795986315000000,1769796046315000000,0
FlushQueue.waitingTimeAvgNs,1769795986315000000,1769796046315000000,0.0
FlushQueue.waitingTimeMaxNs,1769795986315000000,1769796046315000000,0
FlushQueue.waitingTime90PNs,1769795986315000000,1769796046315000000,0
NonBlockingReadAction.failedExecutionsCount,1769795986315000000,1769796046315000000,0
FlushQueue.executionTime90PNs,1769795986315000000,1769796046315000000,0
AWTEventQueue.dispatchTime90PNs,1769795986315000000,1769796046315000000,0
FlushQueue.executionTimeMaxNs,1769795986315000000,1769796046315000000,0
FlushQueue.executionTimeAvgNs,1769795986315000000,1769796046315000000,0.0
AWTEventQueue.dispatchTimeAvgNs,1769795986315000000,1769796046315000000,0.0
AWTEventQueue.eventsDispatched,1769795986315000000,1769796046315000000,0
JVM.totalBytesAllocated,1769795986315000000,1769796046315000000,26962944
JVM.threadCount,1769795986315000000,1769796046315000000,53
JVM.totalTimeAtSafepointsMs,1769795986315000000,1769796046315000000,0
JVM.GC.collections,1769795986315000000,1769796046315000000,0
OS.loadAverage,1769795986315000000,1769796046315000000,2.08154296875
JVM.totalTimeToSafepointsMs,1769795986315000000,1769796046315000000,0
JVM.maxHeapBytes,1769795986315000000,1769796046315000000,4196401152
JVM.newThreadsCount,1769795986315000000,1769796046315000000,0
JVM.totalDirectByteBuffersBytes,1769795986315000000,1769796046315000000,165955535
JVM.totalSafepointCount,1769795986315000000,1769796046315000000,2
JVM.totalCpuTimeMs,1769795986315000000,1769796046315000000,750
JVM.usedHeapBytes,1769795986315000000,1769796046315000000,915406432
JVM.GC.collectionTimesMs,1769795986315000000,1769796046315000000,0
JVM.maxThreadCount,1769795986315000000,1769796046315000000,145
JVM.usedNativeBytes,1769795986315000000,1769796046315000000,457064288
cacheStateStorage.get.counter,1769795986315000000,1769796046315000000,0
cacheStateStorage.get.duration,1769795986315000000,1769796046315000000,0
cacheStateStorage.set.duration,1769795986315000000,1769796046315000000,0
cacheStateStorage.set.counter,1769795986315000000,1769796046315000000,0
workspaceModel.workspaceFileIndexData.getDirectoriesByPackageName.ms,1769795986315000000,1769796046315000000,0
workspaceModel.entityStorageSnapshotImpl.instances.count,1769795986315000000,1769796046315000000,0
workspaceModel.cachedValueWithParameters.total.get.count,1769795986315000000,1769796046315000000,0
workspaceModel.update.unloaded.entities.ms,1769795986315000000,1769796046315000000,0
workspaceModel.to.snapshot.ms,1769795986315000000,1769796046315000000,0
workspaceModel.workspaceFileIndexData.instances.count,1769795986315000000,1769796046315000000,0
workspaceModel.workspaceFileIndexData.init.ms,1769795986315000000,1769796046315000000,0
workspaceModel.pre.handlers.ms,1769795986315000000,1769796046315000000,0
workspaceModel.collect.changes.ms,1769795986315000000,1769796046315000000,0
workspaceModel.cachedValueWithParameters.calculated.count,1769795986315000000,1769796046315000000,0
workspaceModel.workspaceFileIndexData.visitFileSets.ms,1769795986315000000,1769796046315000000,0
workspaceModel.updates.count,1769795986315000000,1769796046315000000,0
workspaceModel.workspaceFileIndexData.updateDirtyEntities.ms,1769795986315000000,1769796046315000000,0
workspaceModel.workspaceFileIndexData.getPackageName.ms,1769795986315000000,1769796046315000000,0
workspaceModel.initializing.ms,1769795986315000000,1769796046315000000,0
workspaceModel.workspaceFileIndexData.markDirty.ms,1769795986315000000,1769796046315000000,0
workspaceModel.full.replace.project.model.ms,1769795986315000000,1769796046315000000,0
workspaceModel.on.before.changed.ms,1769795986315000000,1769796046315000000,0
workspaceModel.replace.project.model.ms,1769795986315000000,1769796046315000000,0
workspaceModel.workspaceFileIndexData.onEntitiesChanged.ms,1769795986315000000,1769796046315000000,0
workspaceModel.updates.ms,1769795986315000000,1769796046315000000,0
workspaceModel.on.changed.ms,1769795986315000000,1769796046315000000,0
workspaceModel.workspaceFileIndexData.getFileInfo.ms,1769795986315000000,1769796046315000000,0
workspaceModel.workspaceFileIndexContributor.registerFileSets.ms,1769795986315000000,1769796046315000000,0
workspaceModel.loading.total.ms,1769795986315000000,1769796046315000000,0
workspaceModel.init.bridges.ms,1769795986315000000,1769796046315000000,0
workspaceModel.updates.precise.ms,1769795986315000000,1769796046315000000,0
workspaceModel.cachedValueWithParameters.from.cache.count,1769795986315000000,1769796046315000000,0
workspaceModel.cachedValue.from.cache.count,1769795986315000000,1769796046315000000,0
workspaceModel.cachedValue.calculated.count,1769795986315000000,1769796046315000000,0
workspaceModel.check.recursive.update.ms,1769795986315000000,1769796046315000000,0
workspaceModel.cachedValueWithParameters.clear.count,1769795986315000000,1769796046315000000,0
workspaceModel.cachedValue.total.get.count,1769795986315000000,1769796046315000000,0
workspaceModel.workspaceFileIndexData.processFileSets.ms,1769795986315000000,1769796046315000000,0
workspaceModel.cachedValue.clear.count,1769795986315000000,1769796046315000000,0
workspaceModel.loading.from.cache.ms,1769795986315000000,1769796046315000000,0
DiskQueryRelay.tasksExecuted,1769795986315000000,1769796046315000000,0
writeAction.max.wait.ms,1769795986315000000,1769796046315000000,345
writeAction.wait.ms,1769795986315000000,1769796046315000000,0
DiskQueryRelay.taskWaitingTotalTimeUs,1769795986315000000,1769796046315000000,0
DiskQueryRelay.taskExecutionTotalTimeUs,1769795986315000000,1769796046315000000,0
DiskQueryRelay.tasksRequested,1769795986315000000,1769796046315000000,0
writeAction.count,1769795986315000000,1769796046315000000,0
writeAction.median.wait.ms,1769795986315000000,1769796046315000000,400
workspaceModel.mutableEntityStorage.apply.changes.from.ms,1769795986315000000,1769796046315000000,0
workspaceModel.mutableEntityStorage.remove.entity.ms,1769795986315000000,1769796046315000000,0
jps.global.initialize.library.bridges.ms,1769795986315000000,1769796046315000000,0
jps.artifact.entities.serializer.save.entities.ms,1769795986315000000,1769796046315000000,0
jps.project.serializers.load.ms,1769795986315000000,1769796046315000000,0
jps.app.storage.content.writer.save.component.ms,1769795986315000000,1769796046315000000,0
jps.save.global.entities.ms,1769795986315000000,1769796046315000000,0
workspaceModel.mutableEntityStorage.replace.by.source.ms,1769795986315000000,1769796046315000000,0
workspaceModel.global.apply.state.to.project.builder.ms,1769795986315000000,1769796046315000000,0
jps.facet.change.listener.before.change.events.ms,1769795986315000000,1769796046315000000,0
workspaceModel.mutableEntityStorage.changeLog.addReplaceEventForNewParent.ms,1769795986315000000,1769796046315000000,0
workspaceModel.save.cache.to.file.ms,1769795986315000000,1769796046315000000,0
jps.project.serializers.save.ms,1769795986315000000,1769796046315000000,0
jps.global.get.library.ms,1769795986315000000,1769796046315000000,0
workspaceModel.mutableEntityStorage.referrers.ms,1769795986315000000,1769796046315000000,0
jps.global.get.libraries.ms,1769795986315000000,1769796046315000000,0
jps.global.handle.changed.events.ms,1769795986315000000,1769796046315000000,0
workspaceModel.mutableEntityStorage.put.entity.ms,1769795986315000000,1769796046315000000,0
workspaceModel.mutableEntityStorage.entities.ms,1769795986315000000,1769796046315000000,0
workspaceModel.moduleBridge.before.changed.ms,1769795986315000000,1769796046315000000,0
workspaceModel.moduleManagerBridge.get.modules.ms,1769795986315000000,1769796046315000000,0
jps.load.initial.state.ms,1769795986315000000,1769796046315000000,0
workspaceModel.delayed.project.synchronizer.sync.ms,1769795986315000000,1769796046315000000,0
jps.facet.change.listener.init.bridge.ms,1769795986315000000,1769796046315000000,0
jps.library.entities.serializer.load.entities.ms,1769795986315000000,1769796046315000000,0
jps.storage.jps.conf.reader.load.component.ms,1769795986315000000,1769796046315000000,0
jps.facet.change.listener.process.change.events.ms,1769795986315000000,1769796046315000000,0
jps.artifact.entities.serializer.load.entities.ms,1769795986315000000,1769796046315000000,0
jps.apply.loaded.storage.ms,1769795986315000000,1769796046315000000,0
jps.reload.project.entities.ms,1769795986315000000,1769796046315000000,0
workspaceModel.moduleManagerBridge.new.nonPersistent.module.ms,1769795986315000000,1769796046315000000,0
workspaceModel.mutableEntityStorage.changeLog.addReplaceEventForRemovedChild.ms,1769795986315000000,1769796046315000000,0
workspaceModel.mutableEntityStorage.entities.by.source.ms,1769795986315000000,1769796046315000000,0
workspaceModel.mutableEntityStorage.instances.count,1769795986315000000,1769796046315000000,0
jps.global.get.library.by.name.ms,1769795986315000000,1769796046315000000,0
workspaceModel.mutableEntityStorage.resolve.ms,1769795986315000000,1769796046315000000,0
workspaceModel.mutableEntityStorage.mutable.ext.mapping.ms,1769795986315000000,1769796046315000000,0
workspaceModel.moduleManagerBridge.create.module.instance.ms,1769795986315000000,1769796046315000000,0
workspaceModel.moduleBridgeLoader.loading.modules.ms,1769795986315000000,1769796046315000000,0
workspaceModel.moduleManagerBridge.set.unloadedModules.ms,1769795986315000000,1769796046315000000,0
workspaceModel.moduleBridge.update.option.ms,1769795986315000000,1769796046315000000,0
workspaceModel.mutableEntityStorage.add.entity.ms,1769795986315000000,1769796046315000000,0
workspaceModel.moduleManagerBridge.newModule.ms,1769795986315000000,1769796046315000000,0
jps.global.initialize.library.bridges.after.loading.ms,1769795986315000000,1769796046315000000,0
workspaceModel.global.apply.state.to.project.ms,1769795986315000000,1769796046315000000,0
workspaceModel.global.updates.ms,1769795986315000000,1769796046315000000,0
jps.app.storage.content.reader.load.component.ms,1769795986315000000,1769796046315000000,0
jps.save.changed.project.entities.ms,1769795986315000000,1769796046315000000,0
jps.module.iml.entities.serializer.save.entities.ms,1769795986315000000,1769796046315000000,0
jps.global.handle.before.change.events.ms,1769795986315000000,1769796046315000000,0
workspaceModel.global.updates.count,1769795986315000000,1769796046315000000,0
jps.module.iml.entities.serializer.load.entities.ms,1769795986315000000,1769796046315000000,0
jps.load.project.to.empty.storage.ms,1769795986315000000,1769796046315000000,0
workspaceModel.mutableEntityStorage.collect.changes.ms,1769795986315000000,1769796046315000000,0
workspaceModel.do.save.caches.ms,1769795986315000000,1769796046315000000,0
workspaceModel.moduleBridge.facet.initialization.ms,1769795986315000000,1769796046315000000,0
jps.library.entities.serializer.save.entities.ms,1769795986315000000,1769796046315000000,0
workspaceModel.mutableEntityStorage.has.same.entities.ms,1769795986315000000,1769796046315000000,0
workspaceModel.mutableEntityStorage.modify.entity.ms,1769795986315000000,1769796046315000000,0
workspaceModel.load.cache.metadata.from.file.ms,1769795986315000000,1769796046315000000,0
workspaceModel.load.cache.from.file.ms,1769795986315000000,1769796046315000000,0
workspaceModel.sync.entities.ms,1769795986315000000,1769796046315000000,0
workspaceModel.mutableEntityStorage.changeLog.addReplaceEventForRemovedParent.ms,1769795986315000000,1769796046315000000,0
workspaceModel.mutableEntityStorage.changeLog.addReplaceEventForNewChild.ms,1769795986315000000,1769796046315000000,0
workspaceModel.mutableEntityStorage.to.snapshot.ms,1769795986315000000,1769796046315000000,0
jps.module.dependency.index.workspace.model.listener.on.changed.ms,1769795986315000000,1769796046315000000,0
workspaceModel.moduleManagerBridge.load.all.modules.ms,1769795986315000000,1769796046315000000,0
workspaceModel.moduleManagerBridge.load.module.ms,1769795986315000000,1769796046315000000,0
workspaceModel.moduleManagerBridge.build.module.graph.ms,1769795986315000000,1769796046315000000,0
workspaceModel.mutableEntityStorage.mutable.vfurl.index.ms,1769795986315000000,1769796046315000000,0
workspaceModel.orphan.listener.update.ms,1769795986315000000,1769796046315000000,0
VFS.contentStorage.recordsRead,1769795986315000000,1769796046315000000,0
FileNameCache.queries,1769795986315000000,1769796046315000000,0
VFS.contentStorage.recordsStored,1769795986315000000,1769796046315000000,0
VFS.fileByIdCache.hits,1769795986315000000,1769796046315000000,0
VFS.contentStorage.recordsReadDecompressed,1769795986315000000,1769796046315000000,0
VFS.fileByIdCache.misses,1769795986315000000,1769796046315000000,0
VFS.contentStorage.recordsStoredSize,1769795986315000000,1769796046315000000,0
VFS.contentStorage.recordsStoredCompressed,1769795986315000000,1769796046315000000,0
VFS.contentStorage.recordsDeduplicated,1769795986315000000,1769796046315000000,0
VFS.invertedFileNameIndex.requests,1769795986315000000,1769796046315000000,0
VFS.contentStorage.recordsDecompressionTimeUs,1769795986315000000,1769796046315000000,0
VFS.contentStorage.recordsReadSize,1769795986315000000,1769796046315000000,0
FileNameCache.totalMisses,1769795986315000000,1769796046315000000,0
VFS.fileChildByName,1769795986315000000,1769796046315000000,0
VFS.contentStorage.recordsUncompressedSize,1769795986315000000,1769796046315000000,0
FilePageCacheLockFree.housekeeperTurnsSkipped,1769796046315000000,1769796106315000000,0
DirectByteBufferAllocator.reclaimed,1769796046315000000,1769796106315000000,0
StorageLockContext.competingThreads.avg,1769796046315000000,1769796106315000000,0.0
FilePageCacheLockFree.housekeeperTurnsDone,1769796046315000000,1769796106315000000,0
FilePageCache.totalPageLoadsUs,1769796046315000000,1769796106315000000,0
StreamlinedBlobStorage.recordsRelocated,1769796046315000000,1769796106315000000,0
StorageLockContext.competingThreads.90P,1769796046315000000,1769796106315000000,0
FilePageCache.disposedBuffers,1769796046315000000,1769796106315000000,0
MappedFileStorage.totalBytesMapped,1769796046315000000,1769796106315000000,278134784
FilePageCacheLockFree.totalHeapBytesAllocated,1769796046315000000,1769796106315000000,0
FilePageCacheLockFree.totalPagesReadMs,1769796046315000000,1769796106315000000,0
FilePageCacheLockFree.totalPageAllocationsWaited,1769796046315000000,1769796106315000000,0
FilePageCacheLockFree.totalBytesRead,1769796046315000000,1769796106315000000,0
FilePageCache.totalPageDisposalsUs,1769796046315000000,1769796106315000000,0
FilePageCache.pageHits,1769796046315000000,1769796106315000000,0
MappedFileStorage.storages,1769796046315000000,1769796106315000000,16
StreamlinedBlobStorage.recordsAllocated,1769796046315000000,1769796106315000000,0
DirectByteBufferAllocator.misses,1769796046315000000,1769796106315000000,0
DirectByteBufferAllocator.hits,1769796046315000000,1769796106315000000,0
DirectByteBufferAllocator.totalSizeOfBuffersCachedInBytes,1769796046315000000,1769796106315000000,0
StreamlinedBlobStorage.totalLiveRecordsCapacityBytes,1769796046315000000,1769796106315000000,0
FilePageCache.uncachedFileAccess,1769796046315000000,1769796106315000000,3
FilePageCacheLockFree.totalPagesHandedOver,1769796046315000000,1769796106315000000,0
FilePageCacheLockFree.totalBytesRequested,1769796046315000000,1769796106315000000,0
FilePageCacheLockFree.totalPagesWritten,1769796046315000000,1769796106315000000,0
DirectByteBufferAllocator.totalSizeOfBuffersAllocatedInBytes,1769796046315000000,1769796106315000000,165699584
FilePageCache.capacityInBytes,1769796046315000000,1769796106315000000,503316478
StorageLockContext.competingThreads.max,1769796046315000000,1769796106315000000,0
FilePageCacheLockFree.housekeeperTimeSpentMs,1769796046315000000,1769796106315000000,0
FilePageCache.pageLoadsAboveSizeThreshold,1769796046315000000,1769796106315000000,0
FilePageCache.pageFastCacheHits,1769796046315000000,1769796106315000000,20
FilePageCacheLockFree.totalNativeBytesReclaimed,1769796046315000000,1769796106315000000,0
MappedFileStorage.totalTimeSpentOnMappingUs,1769796046315000000,1769796106315000000,12432
FilePageCacheLockFree.heapBytesInUse,1769796046315000000,1769796106315000000,0
FileChannelInterruptsRetryer.totalRetriedAttempts,1769796046315000000,1769796106315000000,0
MappedFileStorage.totalPagesMapped,1769796046315000000,1769796106315000000,22
FilePageCacheLockFree.totalPagesWriteMs,1769796046315000000,1769796106315000000,0
StreamlinedBlobStorage.totalLiveRecordsPayloadBytes,1769796046315000000,1769796106315000000,0
FilePageCacheLockFree.nativeBytesInUse,1769796046315000000,1769796106315000000,0
FilePageCache.maxCacheSizeInBytes,1769796046315000000,1769796106315000000,165699584
FilePageCacheLockFree.totalPagesReclaimed,1769796046315000000,1769796106315000000,0
FilePageCacheLockFree.totalNativeBytesAllocated,1769796046315000000,1769796106315000000,0
FilePageCache.pageLoads,1769796046315000000,1769796106315000000,0
FilePageCacheLockFree.totalPagesRequested,1769796046315000000,1769796106315000000,0
FilePageCache.maxRegisteredFiles,1769796046315000000,1769796106315000000,252
FilePageCacheLockFree.totalHeapBytesReclaimed,1769796046315000000,1769796106315000000,0
FilePageCacheLockFree.totalPagesAllocated,1769796046315000000,1769796106315000000,0
FilePageCacheLockFree.totalPagesRequestsMs,1769796046315000000,1769796106315000000,0
StreamlinedBlobStorage.recordsDeleted,1769796046315000000,1769796106315000000,0
FilePageCacheLockFree.totalClosedStoragesReclaimed,1769796046315000000,1769796106315000000,0
DirectByteBufferAllocator.disposed,1769796046315000000,1769796106315000000,0
FilePageCacheLockFree.totalBytesWritten,1769796046315000000,1769796106315000000,0
IndexesFlusher.totalFlushingTimeUs,1769796046315000000,1769796106315000000,30828
Indexes.stubs.lookups,1769796046315000000,1769796106315000000,0
Indexes.entries.lookups,1769796046315000000,1769796106315000000,0
Indexing.writer_3.totalTimeSpentWritingMs,1769796046315000000,1769796106315000000,0
Indexes.entries.lookupDuration90PMs,1769796046315000000,1769796106315000000,0.0
Indexing.cache.totalCacheAccesses,1769796046315000000,1769796106315000000,0
Indexes.allKeys.lookups,1769796046315000000,1769796106315000000,0
Indexing.cache.totalCacheEvicted,1769796046315000000,1769796106315000000,0
Indexes.entries.lookupDurationAvgMs,1769796046315000000,1769796106315000000,0.0
Indexing.writer_1.totalTimeSpentWritingMs,1769796046315000000,1769796106315000000,0
Indexes.allKeys.lookupDuration90PMs,1769796046315000000,1769796106315000000,0.0
IndexesFlusher.totalFlushes,1769796046315000000,1769796106315000000,60
Indexes.stubs.lookupDurationAvgMs,1769796046315000000,1769796106315000000,0.0
Indexing.writer_0.totalTimeSpentWritingMs,1769796046315000000,1769796106315000000,0
Indexing.cache.totalCacheMisses,1769796046315000000,1769796106315000000,0
Indexing.totalTimeIndexersSleptMs,1769796046315000000,1769796106315000000,0
Indexing.writer_2.totalTimeSpentWritingMs,1769796046315000000,1769796106315000000,0
Indexes.stubs.lookupDurationMaxMs,1769796046315000000,1769796106315000000,0.0
Indexes.stubs.lookupDuration90PMs,1769796046315000000,1769796106315000000,0.0
Indexes.allKeys.lookupDurationAvgMs,1769796046315000000,1769796106315000000,0.0
Indexing.writesQueuedMax,1769796046315000000,1769796106315000000,0
IndexesFlusher.totalFlushesRetried,1769796046315000000,1769796106315000000,0
Indexing.writesQueuedMin,1769796046315000000,1769796106315000000,9223372036854775807
Indexes.entries.lookupDurationMaxMs,1769796046315000000,1769796106315000000,0.0
Indexes.allKeys.lookupDurationMaxMs,1769796046315000000,1769796106315000000,0.0
IndexesFlusher.totalContentionQuotaSpent,1769796046315000000,1769796106315000000,0
WriteAction.executionsCount,1769796046315000000,1769796106315000000,1
AWTEventQueue.dispatchTimeMaxNs,1769796046315000000,1769796106315000000,0
FlushQueue.queueSizeMax,1769796046315000000,1769796106315000000,0
AWTEventQueue.dispatchTimeTotalNS,1769796046315000000,1769796106315000000,3300131044
FlushQueue.queueSize90P,1769796046315000000,1769796106315000000,0
FlushQueue.tasksExecuted,1769796046315000000,1769796106315000000,0
NonBlockingReadAction.failedExecutionTimeUs,1769796046315000000,1769796106315000000,577
NonBlockingReadAction.finalizedExecutionsCount,1769796046315000000,1769796106315000000,1005
ReadAction.executionsCount,1769796046315000000,1769796106315000000,789646
FlushQueue.queueSizeAvg,1769796046315000000,1769796106315000000,0.0
NonBlockingReadAction.finalizedExecutionTimeUs,1769796046315000000,1769796106315000000,46179
FlushQueue.waitingTimeAvgNs,1769796046315000000,1769796106315000000,0.0
FlushQueue.waitingTimeMaxNs,1769796046315000000,1769796106315000000,0
FlushQueue.waitingTime90PNs,1769796046315000000,1769796106315000000,0
NonBlockingReadAction.failedExecutionsCount,1769796046315000000,1769796106315000000,3
FlushQueue.executionTime90PNs,1769796046315000000,1769796106315000000,0
AWTEventQueue.dispatchTime90PNs,1769796046315000000,1769796106315000000,0
FlushQueue.executionTimeMaxNs,1769796046315000000,1769796106315000000,0
FlushQueue.executionTimeAvgNs,1769796046315000000,1769796106315000000,0.0
AWTEventQueue.dispatchTimeAvgNs,1769796046315000000,1769796106315000000,0.0
AWTEventQueue.eventsDispatched,1769796046315000000,1769796106315000000,0
JVM.totalBytesAllocated,1769796046315000000,1769796106315000000,635203888
JVM.threadCount,1769796046315000000,1769796106315000000,70
JVM.totalTimeAtSafepointsMs,1769796046315000000,1769796106315000000,5
JVM.GC.collections,1769796046315000000,1769796106315000000,1
OS.loadAverage,1769796046315000000,1769796106315000000,1.923828125
JVM.totalTimeToSafepointsMs,1769796046315000000,1769796106315000000,0
JVM.maxHeapBytes,1769796046315000000,1769796106315000000,4196401152
JVM.newThreadsCount,1769796046315000000,1769796106315000000,20
JVM.totalDirectByteBuffersBytes,1769796046315000000,1769796106315000000,165970287
JVM.totalSafepointCount,1769796046315000000,1769796106315000000,17
JVM.totalCpuTimeMs,1769796046315000000,1769796106315000000,4190
JVM.usedHeapBytes,1769796046315000000,1769796106315000000,692226752
JVM.GC.collectionTimesMs,1769796046315000000,1769796106315000000,4
JVM.maxThreadCount,1769796046315000000,1769796106315000000,145
JVM.usedNativeBytes,1769796046315000000,1769796106315000000,458481736
cacheStateStorage.get.counter,1769796046315000000,1769796106315000000,0
cacheStateStorage.get.duration,1769796046315000000,1769796106315000000,0
cacheStateStorage.set.duration,1769796046315000000,1769796106315000000,0
cacheStateStorage.set.counter,1769796046315000000,1769796106315000000,4
workspaceModel.workspaceFileIndexData.getDirectoriesByPackageName.ms,1769796046315000000,1769796106315000000,0
workspaceModel.entityStorageSnapshotImpl.instances.count,1769796046315000000,1769796106315000000,0
workspaceModel.cachedValueWithParameters.total.get.count,1769796046315000000,1769796106315000000,0
workspaceModel.update.unloaded.entities.ms,1769796046315000000,1769796106315000000,0
workspaceModel.to.snapshot.ms,1769796046315000000,1769796106315000000,0
workspaceModel.workspaceFileIndexData.instances.count,1769796046315000000,1769796106315000000,0
workspaceModel.workspaceFileIndexData.init.ms,1769796046315000000,1769796106315000000,0
workspaceModel.pre.handlers.ms,1769796046315000000,1769796106315000000,0
workspaceModel.collect.changes.ms,1769796046315000000,1769796106315000000,0
workspaceModel.cachedValueWithParameters.calculated.count,1769796046315000000,1769796106315000000,0
workspaceModel.workspaceFileIndexData.visitFileSets.ms,1769796046315000000,1769796106315000000,0
workspaceModel.updates.count,1769796046315000000,1769796106315000000,0
workspaceModel.workspaceFileIndexData.updateDirtyEntities.ms,1769796046315000000,1769796106315000000,0
workspaceModel.workspaceFileIndexData.getPackageName.ms,1769796046315000000,1769796106315000000,0
workspaceModel.initializing.ms,1769796046315000000,1769796106315000000,0
workspaceModel.workspaceFileIndexData.markDirty.ms,1769796046315000000,1769796106315000000,0
workspaceModel.full.replace.project.model.ms,1769796046315000000,1769796106315000000,0
workspaceModel.on.before.changed.ms,1769796046315000000,1769796106315000000,0
workspaceModel.replace.project.model.ms,1769796046315000000,1769796106315000000,0
workspaceModel.workspaceFileIndexData.onEntitiesChanged.ms,1769796046315000000,1769796106315000000,0
workspaceModel.updates.ms,1769796046315000000,1769796106315000000,0
workspaceModel.on.changed.ms,1769796046315000000,1769796106315000000,0
workspaceModel.workspaceFileIndexData.getFileInfo.ms,1769796046315000000,1769796106315000000,1
workspaceModel.workspaceFileIndexContributor.registerFileSets.ms,1769796046315000000,1769796106315000000,0
workspaceModel.loading.total.ms,1769796046315000000,1769796106315000000,0
workspaceModel.init.bridges.ms,1769796046315000000,1769796106315000000,0
workspaceModel.updates.precise.ms,1769796046315000000,1769796106315000000,0
workspaceModel.cachedValueWithParameters.from.cache.count,1769796046315000000,1769796106315000000,0
workspaceModel.cachedValue.from.cache.count,1769796046315000000,1769796106315000000,70
workspaceModel.cachedValue.calculated.count,1769796046315000000,1769796106315000000,0
workspaceModel.check.recursive.update.ms,1769796046315000000,1769796106315000000,0
workspaceModel.cachedValueWithParameters.clear.count,1769796046315000000,1769796106315000000,0
workspaceModel.cachedValue.total.get.count,1769796046315000000,1769796106315000000,70
workspaceModel.workspaceFileIndexData.processFileSets.ms,1769796046315000000,1769796106315000000,0
workspaceModel.cachedValue.clear.count,1769796046315000000,1769796106315000000,0
workspaceModel.loading.from.cache.ms,1769796046315000000,1769796106315000000,0
DiskQueryRelay.tasksExecuted,1769796046315000000,1769796106315000000,38
writeAction.max.wait.ms,1769796046315000000,1769796106315000000,345
writeAction.wait.ms,1769796046315000000,1769796106315000000,1
DiskQueryRelay.taskWaitingTotalTimeUs,1769796046315000000,1769796106315000000,543
DiskQueryRelay.taskExecutionTotalTimeUs,1769796046315000000,1769796106315000000,537
DiskQueryRelay.tasksRequested,1769796046315000000,1769796106315000000,38
lexer.Python.time.ns,1769796046315000000,1769796106315000000,468256
writeAction.count,1769796046315000000,1769796106315000000,1
lexer.Python.size.bytes,1769796046315000000,1769796106315000000,14860
parser.Python.time.ns,1769796046315000000,1769796106315000000,1293610
writeAction.median.wait.ms,1769796046315000000,1769796106315000000,400
parser.Python.size.bytes,1769796046315000000,1769796106315000000,14860
workspaceModel.mutableEntityStorage.apply.changes.from.ms,1769796046315000000,1769796106315000000,0
workspaceModel.mutableEntityStorage.remove.entity.ms,1769796046315000000,1769796106315000000,0
jps.global.initialize.library.bridges.ms,1769796046315000000,1769796106315000000,0
jps.artifact.entities.serializer.save.entities.ms,1769796046315000000,1769796106315000000,0
jps.project.serializers.load.ms,1769796046315000000,1769796106315000000,0
jps.app.storage.content.writer.save.component.ms,1769796046315000000,1769796106315000000,1
jps.save.global.entities.ms,1769796046315000000,1769796106315000000,2
workspaceModel.mutableEntityStorage.replace.by.source.ms,1769796046315000000,1769796106315000000,0
workspaceModel.global.apply.state.to.project.builder.ms,1769796046315000000,1769796106315000000,0
jps.facet.change.listener.before.change.events.ms,1769796046315000000,1769796106315000000,0
workspaceModel.mutableEntityStorage.changeLog.addReplaceEventForNewParent.ms,1769796046315000000,1769796106315000000,0
workspaceModel.save.cache.to.file.ms,1769796046315000000,1769796106315000000,0
jps.project.serializers.save.ms,1769796046315000000,1769796106315000000,0
jps.global.get.library.ms,1769796046315000000,1769796106315000000,0
workspaceModel.mutableEntityStorage.referrers.ms,1769796046315000000,1769796106315000000,0
jps.global.get.libraries.ms,1769796046315000000,1769796106315000000,0
jps.global.handle.changed.events.ms,1769796046315000000,1769796106315000000,0
workspaceModel.mutableEntityStorage.put.entity.ms,1769796046315000000,1769796106315000000,0
workspaceModel.mutableEntityStorage.entities.ms,1769796046315000000,1769796106315000000,0
workspaceModel.moduleBridge.before.changed.ms,1769796046315000000,1769796106315000000,0
workspaceModel.moduleManagerBridge.get.modules.ms,1769796046315000000,1769796106315000000,0
jps.load.initial.state.ms,1769796046315000000,1769796106315000000,0
workspaceModel.delayed.project.synchronizer.sync.ms,1769796046315000000,1769796106315000000,0
jps.facet.change.listener.init.bridge.ms,1769796046315000000,1769796106315000000,0
jps.library.entities.serializer.load.entities.ms,1769796046315000000,1769796106315000000,0
jps.storage.jps.conf.reader.load.component.ms,1769796046315000000,1769796106315000000,0
jps.facet.change.listener.process.change.events.ms,1769796046315000000,1769796106315000000,0
jps.artifact.entities.serializer.load.entities.ms,1769796046315000000,1769796106315000000,0
jps.apply.loaded.storage.ms,1769796046315000000,1769796106315000000,0
jps.reload.project.entities.ms,1769796046315000000,1769796106315000000,0
workspaceModel.moduleManagerBridge.new.nonPersistent.module.ms,1769796046315000000,1769796106315000000,0
workspaceModel.mutableEntityStorage.changeLog.addReplaceEventForRemovedChild.ms,1769796046315000000,1769796106315000000,0
workspaceModel.mutableEntityStorage.entities.by.source.ms,1769796046315000000,1769796106315000000,0
workspaceModel.mutableEntityStorage.instances.count,1769796046315000000,1769796106315000000,0
jps.global.get.library.by.name.ms,1769796046315000000,1769796106315000000,0
workspaceModel.mutableEntityStorage.resolve.ms,1769796046315000000,1769796106315000000,0
workspaceModel.mutableEntityStorage.mutable.ext.mapping.ms,1769796046315000000,1769796106315000000,0
workspaceModel.moduleManagerBridge.create.module.instance.ms,1769796046315000000,1769796106315000000,0
workspaceModel.moduleBridgeLoader.loading.modules.ms,1769796046315000000,1769796106315000000,0
workspaceModel.moduleManagerBridge.set.unloadedModules.ms,1769796046315000000,1769796106315000000,0
workspaceModel.moduleBridge.update.option.ms,1769796046315000000,1769796106315000000,0
workspaceModel.mutableEntityStorage.add.entity.ms,1769796046315000000,1769796106315000000,0
workspaceModel.moduleManagerBridge.newModule.ms,1769796046315000000,1769796106315000000,0
jps.global.initialize.library.bridges.after.loading.ms,1769796046315000000,1769796106315000000,0
workspaceModel.global.apply.state.to.project.ms,1769796046315000000,1769796106315000000,0
workspaceModel.global.updates.ms,1769796046315000000,1769796106315000000,0
jps.app.storage.content.reader.load.component.ms,1769796046315000000,1769796106315000000,0
jps.save.changed.project.entities.ms,1769796046315000000,1769796106315000000,0
jps.module.iml.entities.serializer.save.entities.ms,1769796046315000000,1769796106315000000,0
jps.global.handle.before.change.events.ms,1769796046315000000,1769796106315000000,0
workspaceModel.global.updates.count,1769796046315000000,1769796106315000000,0
jps.module.iml.entities.serializer.load.entities.ms,1769796046315000000,1769796106315000000,0
jps.load.project.to.empty.storage.ms,1769796046315000000,1769796106315000000,0
workspaceModel.mutableEntityStorage.collect.changes.ms,1769796046315000000,1769796106315000000,0
workspaceModel.do.save.caches.ms,1769796046315000000,1769796106315000000,0
workspaceModel.moduleBridge.facet.initialization.ms,1769796046315000000,1769796106315000000,0
jps.library.entities.serializer.save.entities.ms,1769796046315000000,1769796106315000000,0
workspaceModel.mutableEntityStorage.has.same.entities.ms,1769796046315000000,1769796106315000000,0
workspaceModel.mutableEntityStorage.modify.entity.ms,1769796046315000000,1769796106315000000,0
workspaceModel.load.cache.metadata.from.file.ms,1769796046315000000,1769796106315000000,0
workspaceModel.load.cache.from.file.ms,1769796046315000000,1769796106315000000,0
workspaceModel.sync.entities.ms,1769796046315000000,1769796106315000000,0
workspaceModel.mutableEntityStorage.changeLog.addReplaceEventForRemovedParent.ms,1769796046315000000,1769796106315000000,0
workspaceModel.mutableEntityStorage.changeLog.addReplaceEventForNewChild.ms,1769796046315000000,1769796106315000000,0
workspaceModel.mutableEntityStorage.to.snapshot.ms,1769796046315000000,1769796106315000000,0
jps.module.dependency.index.workspace.model.listener.on.changed.ms,1769796046315000000,1769796106315000000,0
workspaceModel.moduleManagerBridge.load.all.modules.ms,1769796046315000000,1769796106315000000,0
workspaceModel.moduleManagerBridge.load.module.ms,1769796046315000000,1769796106315000000,0
workspaceModel.moduleManagerBridge.build.module.graph.ms,1769796046315000000,1769796106315000000,0
workspaceModel.mutableEntityStorage.mutable.vfurl.index.ms,1769796046315000000,1769796106315000000,0
workspaceModel.orphan.listener.update.ms,1769796046315000000,1769796106315000000,0
VFS.contentStorage.recordsRead,1769796046315000000,1769796106315000000,1
FileNameCache.queries,1769796046315000000,1769796106315000000,11264
VFS.contentStorage.recordsStored,1769796046315000000,1769796106315000000,0
VFS.fileByIdCache.hits,1769796046315000000,1769796106315000000,0
VFS.contentStorage.recordsReadDecompressed,1769796046315000000,1769796106315000000,1
VFS.fileByIdCache.misses,1769796046315000000,1769796106315000000,0
VFS.contentStorage.recordsStoredSize,1769796046315000000,1769796106315000000,0
VFS.contentStorage.recordsStoredCompressed,1769796046315000000,1769796106315000000,0
VFS.contentStorage.recordsDeduplicated,1769796046315000000,1769796106315000000,0
VFS.invertedFileNameIndex.requests,1769796046315000000,1769796106315000000,0
VFS.contentStorage.recordsDecompressionTimeUs,1769796046315000000,1769796106315000000,27
VFS.contentStorage.recordsReadSize,1769796046315000000,1769796106315000000,14807
FileNameCache.totalMisses,1769796046315000000,1769796106315000000,0
VFS.fileChildByName,1769796046315000000,1769796106315000000,1450
VFS.contentStorage.recordsUncompressedSize,1769796046315000000,1769796106315000000,0
FilePageCacheLockFree.housekeeperTurnsSkipped,1769796106315000000,1769796166315000000,0
DirectByteBufferAllocator.reclaimed,1769796106315000000,1769796166315000000,0
StorageLockContext.competingThreads.avg,1769796106315000000,1769796166315000000,0.0
FilePageCacheLockFree.housekeeperTurnsDone,1769796106315000000,1769796166315000000,0
FilePageCache.totalPageLoadsUs,1769796106315000000,1769796166315000000,2037
StreamlinedBlobStorage.recordsRelocated,1769796106315000000,1769796166315000000,0
StorageLockContext.competingThreads.90P,1769796106315000000,1769796166315000000,0
FilePageCache.disposedBuffers,1769796106315000000,1769796166315000000,0
MappedFileStorage.totalBytesMapped,1769796106315000000,1769796166315000000,278134784
FilePageCacheLockFree.totalHeapBytesAllocated,1769796106315000000,1769796166315000000,0
FilePageCacheLockFree.totalPagesReadMs,1769796106315000000,1769796166315000000,0
FilePageCacheLockFree.totalPageAllocationsWaited,1769796106315000000,1769796166315000000,0
FilePageCacheLockFree.totalBytesRead,1769796106315000000,1769796166315000000,0
FilePageCache.totalPageDisposalsUs,1769796106315000000,1769796166315000000,13
FilePageCache.pageHits,1769796106315000000,1769796166315000000,31
MappedFileStorage.storages,1769796106315000000,1769796166315000000,16
StreamlinedBlobStorage.recordsAllocated,1769796106315000000,1769796166315000000,0
DirectByteBufferAllocator.misses,1769796106315000000,1769796166315000000,2
DirectByteBufferAllocator.hits,1769796106315000000,1769796166315000000,0
DirectByteBufferAllocator.totalSizeOfBuffersCachedInBytes,1769796106315000000,1769796166315000000,0
StreamlinedBlobStorage.totalLiveRecordsCapacityBytes,1769796106315000000,1769796166315000000,0
FilePageCache.uncachedFileAccess,1769796106315000000,1769796166315000000,5
FilePageCacheLockFree.totalPagesHandedOver,1769796106315000000,1769796166315000000,0
FilePageCacheLockFree.totalBytesRequested,1769796106315000000,1769796166315000000,0
FilePageCacheLockFree.totalPagesWritten,1769796106315000000,1769796166315000000,0
DirectByteBufferAllocator.totalSizeOfBuffersAllocatedInBytes,1769796106315000000,1769796166315000000,167796736
FilePageCache.capacityInBytes,1769796106315000000,1769796166315000000,503316478
StorageLockContext.competingThreads.max,1769796106315000000,1769796166315000000,0
FilePageCacheLockFree.housekeeperTimeSpentMs,1769796106315000000,1769796166315000000,0
FilePageCache.pageLoadsAboveSizeThreshold,1769796106315000000,1769796166315000000,0
FilePageCache.pageFastCacheHits,1769796106315000000,1769796166315000000,85
FilePageCacheLockFree.totalNativeBytesReclaimed,1769796106315000000,1769796166315000000,0
MappedFileStorage.totalTimeSpentOnMappingUs,1769796106315000000,1769796166315000000,12432
FilePageCacheLockFree.heapBytesInUse,1769796106315000000,1769796166315000000,0
FileChannelInterruptsRetryer.totalRetriedAttempts,1769796106315000000,1769796166315000000,0
MappedFileStorage.totalPagesMapped,1769796106315000000,1769796166315000000,22
FilePageCacheLockFree.totalPagesWriteMs,1769796106315000000,1769796166315000000,0
StreamlinedBlobStorage.totalLiveRecordsPayloadBytes,1769796106315000000,1769796166315000000,0
FilePageCacheLockFree.nativeBytesInUse,1769796106315000000,1769796166315000000,0
FilePageCache.maxCacheSizeInBytes,1769796106315000000,1769796166315000000,167796736
FilePageCacheLockFree.totalPagesReclaimed,1769796106315000000,1769796166315000000,0
FilePageCacheLockFree.totalNativeBytesAllocated,1769796106315000000,1769796166315000000,0
FilePageCache.pageLoads,1769796106315000000,1769796166315000000,2
FilePageCacheLockFree.totalPagesRequested,1769796106315000000,1769796166315000000,0
FilePageCache.maxRegisteredFiles,1769796106315000000,1769796166315000000,252
FilePageCacheLockFree.totalHeapBytesReclaimed,1769796106315000000,1769796166315000000,0
FilePageCacheLockFree.totalPagesAllocated,1769796106315000000,1769796166315000000,0
FilePageCacheLockFree.totalPagesRequestsMs,1769796106315000000,1769796166315000000,0
StreamlinedBlobStorage.recordsDeleted,1769796106315000000,1769796166315000000,0
FilePageCacheLockFree.totalClosedStoragesReclaimed,1769796106315000000,1769796166315000000,0
DirectByteBufferAllocator.disposed,1769796106315000000,1769796166315000000,0
FilePageCacheLockFree.totalBytesWritten,1769796106315000000,1769796166315000000,0
IndexesFlusher.totalFlushingTimeUs,1769796106315000000,1769796166315000000,31032
Indexes.stubs.lookups,1769796106315000000,1769796166315000000,0
Indexes.entries.lookups,1769796106315000000,1769796166315000000,330
Indexing.writer_3.totalTimeSpentWritingMs,1769796106315000000,1769796166315000000,0
Indexes.entries.lookupDuration90PMs,1769796106315000000,1769796166315000000,0.0
Indexing.cache.totalCacheAccesses,1769796106315000000,1769796166315000000,657
Indexes.allKeys.lookups,1769796106315000000,1769796166315000000,0
Indexing.cache.totalCacheEvicted,1769796106315000000,1769796166315000000,86
Indexes.entries.lookupDurationAvgMs,1769796106315000000,1769796166315000000,0.0
Indexing.writer_1.totalTimeSpentWritingMs,1769796106315000000,1769796166315000000,0
Indexes.allKeys.lookupDuration90PMs,1769796106315000000,1769796166315000000,0.0
IndexesFlusher.totalFlushes,1769796106315000000,1769796166315000000,60
Indexes.stubs.lookupDurationAvgMs,1769796106315000000,1769796166315000000,0.0
Indexing.writer_0.totalTimeSpentWritingMs,1769796106315000000,1769796166315000000,0
Indexing.cache.totalCacheMisses,1769796106315000000,1769796166315000000,92
Indexing.totalTimeIndexersSleptMs,1769796106315000000,1769796166315000000,0
Indexing.writer_2.totalTimeSpentWritingMs,1769796106315000000,1769796166315000000,0
Indexes.stubs.lookupDurationMaxMs,1769796106315000000,1769796166315000000,0.0
Indexes.stubs.lookupDuration90PMs,1769796106315000000,1769796166315000000,0.0
Indexes.allKeys.lookupDurationAvgMs,1769796106315000000,1769796166315000000,0.0
Indexing.writesQueuedMax,1769796106315000000,1769796166315000000,0
IndexesFlusher.totalFlushesRetried,1769796106315000000,1769796166315000000,0
Indexing.writesQueuedMin,1769796106315000000,1769796166315000000,9223372036854775807
Indexes.entries.lookupDurationMaxMs,1769796106315000000,1769796166315000000,0.0
Indexes.allKeys.lookupDurationMaxMs,1769796106315000000,1769796166315000000,0.0
IndexesFlusher.totalContentionQuotaSpent,1769796106315000000,1769796166315000000,0
WriteAction.executionsCount,1769796106315000000,1769796166315000000,29
AWTEventQueue.dispatchTimeMaxNs,1769796106315000000,1769796166315000000,44543
FlushQueue.queueSizeMax,1769796106315000000,1769796166315000000,0
AWTEventQueue.dispatchTimeTotalNS,1769796106315000000,1769796166315000000,2162939094
FlushQueue.queueSize90P,1769796106315000000,1769796166315000000,0
FlushQueue.tasksExecuted,1769796106315000000,1769796166315000000,1
NonBlockingReadAction.failedExecutionTimeUs,1769796106315000000,1769796166315000000,0
NonBlockingReadAction.finalizedExecutionsCount,1769796106315000000,1769796166315000000,1563
ReadAction.executionsCount,1769796106315000000,1769796166315000000,541973
FlushQueue.queueSizeAvg,1769796106315000000,1769796166315000000,0.0
NonBlockingReadAction.finalizedExecutionTimeUs,1769796106315000000,1769796166315000000,89135
FlushQueue.waitingTimeAvgNs,1769796106315000000,1769796166315000000,50816.0
FlushQueue.waitingTimeMaxNs,1769796106315000000,1769796166315000000,50943
FlushQueue.waitingTime90PNs,1769796106315000000,1769796166315000000,50943
NonBlockingReadAction.failedExecutionsCount,1769796106315000000,1769796166315000000,0
FlushQueue.executionTime90PNs,1769796106315000000,1769796166315000000,22527
AWTEventQueue.dispatchTime90PNs,1769796106315000000,1769796166315000000,44543
FlushQueue.executionTimeMaxNs,1769796106315000000,1769796166315000000,22527
FlushQueue.executionTimeAvgNs,1769796106315000000,1769796166315000000,22464.0
AWTEventQueue.dispatchTimeAvgNs,1769796106315000000,1769796166315000000,44416.0
AWTEventQueue.eventsDispatched,1769796106315000000,1769796166315000000,1
JVM.totalBytesAllocated,1769796106315000000,1769796166315000000,2353794192
JVM.threadCount,1769796106315000000,1769796166315000000,79
JVM.totalTimeAtSafepointsMs,1769796106315000000,1769796166315000000,80
JVM.GC.collections,1769796106315000000,1769796166315000000,5
OS.loadAverage,1769796106315000000,1769796166315000000,1.830078125
JVM.totalTimeToSafepointsMs,1769796106315000000,1769796166315000000,1
JVM.maxHeapBytes,1769796106315000000,1769796166315000000,4196401152
JVM.newThreadsCount,1769796106315000000,1769796166315000000,12
JVM.totalDirectByteBuffersBytes,1769796106315000000,1769796166315000000,168068408
JVM.totalSafepointCount,1769796106315000000,1769796166315000000,39
JVM.totalCpuTimeMs,1769796106315000000,1769796166315000000,15300
JVM.usedHeapBytes,1769796106315000000,1769796166315000000,1229271184
JVM.GC.collectionTimesMs,1769796106315000000,1769796166315000000,78
JVM.maxThreadCount,1769796106315000000,1769796166315000000,145
JVM.usedNativeBytes,1769796106315000000,1769796166315000000,460505496
cacheStateStorage.get.counter,1769796106315000000,1769796166315000000,0
cacheStateStorage.get.duration,1769796106315000000,1769796166315000000,0
cacheStateStorage.set.duration,1769796106315000000,1769796166315000000,0
cacheStateStorage.set.counter,1769796106315000000,1769796166315000000,0
workspaceModel.workspaceFileIndexData.getDirectoriesByPackageName.ms,1769796106315000000,1769796166315000000,0
workspaceModel.entityStorageSnapshotImpl.instances.count,1769796106315000000,1769796166315000000,0
workspaceModel.cachedValueWithParameters.total.get.count,1769796106315000000,1769796166315000000,0
workspaceModel.update.unloaded.entities.ms,1769796106315000000,1769796166315000000,0
workspaceModel.to.snapshot.ms,1769796106315000000,1769796166315000000,0
workspaceModel.workspaceFileIndexData.instances.count,1769796106315000000,1769796166315000000,0
workspaceModel.workspaceFileIndexData.init.ms,1769796106315000000,1769796166315000000,0
workspaceModel.pre.handlers.ms,1769796106315000000,1769796166315000000,0
workspaceModel.collect.changes.ms,1769796106315000000,1769796166315000000,0
workspaceModel.cachedValueWithParameters.calculated.count,1769796106315000000,1769796166315000000,0
workspaceModel.workspaceFileIndexData.visitFileSets.ms,1769796106315000000,1769796166315000000,0
workspaceModel.updates.count,1769796106315000000,1769796166315000000,0
workspaceModel.workspaceFileIndexData.updateDirtyEntities.ms,1769796106315000000,1769796166315000000,0
workspaceModel.workspaceFileIndexData.getPackageName.ms,1769796106315000000,1769796166315000000,0
workspaceModel.initializing.ms,1769796106315000000,1769796166315000000,0
workspaceModel.workspaceFileIndexData.markDirty.ms,1769796106315000000,1769796166315000000,0
workspaceModel.full.replace.project.model.ms,1769796106315000000,1769796166315000000,0
workspaceModel.on.before.changed.ms,1769796106315000000,1769796166315000000,0
workspaceModel.replace.project.model.ms,1769796106315000000,1769796166315000000,0
workspaceModel.workspaceFileIndexData.onEntitiesChanged.ms,1769796106315000000,1769796166315000000,0
workspaceModel.updates.ms,1769796106315000000,1769796166315000000,0
workspaceModel.on.changed.ms,1769796106315000000,1769796166315000000,0
workspaceModel.workspaceFileIndexData.getFileInfo.ms,1769796106315000000,1769796166315000000,68
workspaceModel.workspaceFileIndexContributor.registerFileSets.ms,1769796106315000000,1769796166315000000,0
workspaceModel.loading.total.ms,1769796106315000000,1769796166315000000,0
workspaceModel.init.bridges.ms,1769796106315000000,1769796166315000000,0
workspaceModel.updates.precise.ms,1769796106315000000,1769796166315000000,0
workspaceModel.cachedValueWithParameters.from.cache.count,1769796106315000000,1769796166315000000,0
workspaceModel.cachedValue.from.cache.count,1769796106315000000,1769796166315000000,39419
workspaceModel.cachedValue.calculated.count,1769796106315000000,1769796166315000000,0
workspaceModel.check.recursive.update.ms,1769796106315000000,1769796166315000000,0
workspaceModel.cachedValueWithParameters.clear.count,1769796106315000000,1769796166315000000,0
workspaceModel.cachedValue.total.get.count,1769796106315000000,1769796166315000000,39419
workspaceModel.workspaceFileIndexData.processFileSets.ms,1769796106315000000,1769796166315000000,0
workspaceModel.cachedValue.clear.count,1769796106315000000,1769796166315000000,0
workspaceModel.loading.from.cache.ms,1769796106315000000,1769796166315000000,0
lexer.HTML.size.bytes,1769796106315000000,1769796166315000000,4218
DiskQueryRelay.tasksExecuted,1769796106315000000,1769796166315000000,40
writeAction.max.wait.ms,1769796106315000000,1769796166315000000,345
writeAction.wait.ms,1769796106315000000,1769796166315000000,0
lexer.HTML.time.ns,1769796106315000000,1769796166315000000,1530007
DiskQueryRelay.taskWaitingTotalTimeUs,1769796106315000000,1769796166315000000,672
DiskQueryRelay.taskExecutionTotalTimeUs,1769796106315000000,1769796166315000000,663
parser.HTML.time.ns,1769796106315000000,1769796166315000000,1187850
DiskQueryRelay.tasksRequested,1769796106315000000,1769796166315000000,40
lexer.Python.time.ns,1769796106315000000,1769796166315000000,23253550
writeAction.count,1769796106315000000,1769796166315000000,29
lexer.Python.size.bytes,1769796106315000000,1769796166315000000,160910
parser.Python.time.ns,1769796106315000000,1769796166315000000,79611524
writeAction.median.wait.ms,1769796106315000000,1769796166315000000,400
parser.Python.size.bytes,1769796106315000000,1769796166315000000,160910
parser.HTML.size.bytes,1769796106315000000,1769796166315000000,4218
workspaceModel.mutableEntityStorage.apply.changes.from.ms,1769796106315000000,1769796166315000000,0
workspaceModel.mutableEntityStorage.remove.entity.ms,1769796106315000000,1769796166315000000,0
jps.global.initialize.library.bridges.ms,1769796106315000000,1769796166315000000,0
jps.artifact.entities.serializer.save.entities.ms,1769796106315000000,1769796166315000000,0
jps.project.serializers.load.ms,1769796106315000000,1769796166315000000,0
jps.app.storage.content.writer.save.component.ms,1769796106315000000,1769796166315000000,0
jps.save.global.entities.ms,1769796106315000000,1769796166315000000,3
workspaceModel.mutableEntityStorage.replace.by.source.ms,1769796106315000000,1769796166315000000,0
workspaceModel.global.apply.state.to.project.builder.ms,1769796106315000000,1769796166315000000,0
jps.facet.change.listener.before.change.events.ms,1769796106315000000,1769796166315000000,0
workspaceModel.mutableEntityStorage.changeLog.addReplaceEventForNewParent.ms,1769796106315000000,1769796166315000000,0
workspaceModel.save.cache.to.file.ms,1769796106315000000,1769796166315000000,0
jps.project.serializers.save.ms,1769796106315000000,1769796166315000000,0
jps.global.get.library.ms,1769796106315000000,1769796166315000000,0
workspaceModel.mutableEntityStorage.referrers.ms,1769796106315000000,1769796166315000000,0
jps.global.get.libraries.ms,1769796106315000000,1769796166315000000,0
jps.global.handle.changed.events.ms,1769796106315000000,1769796166315000000,0
workspaceModel.mutableEntityStorage.put.entity.ms,1769796106315000000,1769796166315000000,0
workspaceModel.mutableEntityStorage.entities.ms,1769796106315000000,1769796166315000000,0
workspaceModel.moduleBridge.before.changed.ms,1769796106315000000,1769796166315000000,0
workspaceModel.moduleManagerBridge.get.modules.ms,1769796106315000000,1769796166315000000,0
jps.load.initial.state.ms,1769796106315000000,1769796166315000000,0
workspaceModel.delayed.project.synchronizer.sync.ms,1769796106315000000,1769796166315000000,0
jps.facet.change.listener.init.bridge.ms,1769796106315000000,1769796166315000000,0
jps.library.entities.serializer.load.entities.ms,1769796106315000000,1769796166315000000,0
jps.storage.jps.conf.reader.load.component.ms,1769796106315000000,1769796166315000000,0
jps.facet.change.listener.process.change.events.ms,1769796106315000000,1769796166315000000,0
jps.artifact.entities.serializer.load.entities.ms,1769796106315000000,1769796166315000000,0
jps.apply.loaded.storage.ms,1769796106315000000,1769796166315000000,0
jps.reload.project.entities.ms,1769796106315000000,1769796166315000000,0
workspaceModel.moduleManagerBridge.new.nonPersistent.module.ms,1769796106315000000,1769796166315000000,0
workspaceModel.mutableEntityStorage.changeLog.addReplaceEventForRemovedChild.ms,1769796106315000000,1769796166315000000,0
workspaceModel.mutableEntityStorage.entities.by.source.ms,1769796106315000000,1769796166315000000,0
workspaceModel.mutableEntityStorage.instances.count,1769796106315000000,1769796166315000000,0
jps.global.get.library.by.name.ms,1769796106315000000,1769796166315000000,0
workspaceModel.mutableEntityStorage.resolve.ms,1769796106315000000,1769796166315000000,0
workspaceModel.mutableEntityStorage.mutable.ext.mapping.ms,1769796106315000000,1769796166315000000,0
workspaceModel.moduleManagerBridge.create.module.instance.ms,1769796106315000000,1769796166315000000,0
workspaceModel.moduleBridgeLoader.loading.modules.ms,1769796106315000000,1769796166315000000,0
workspaceModel.moduleManagerBridge.set.unloadedModules.ms,1769796106315000000,1769796166315000000,0
workspaceModel.moduleBridge.update.option.ms,1769796106315000000,1769796166315000000,0
workspaceModel.mutableEntityStorage.add.entity.ms,1769796106315000000,1769796166315000000,0
workspaceModel.moduleManagerBridge.newModule.ms,1769796106315000000,1769796166315000000,0
jps.global.initialize.library.bridges.after.loading.ms,1769796106315000000,1769796166315000000,0
workspaceModel.global.apply.state.to.project.ms,1769796106315000000,1769796166315000000,0
workspaceModel.global.updates.ms,1769796106315000000,1769796166315000000,0
jps.app.storage.content.reader.load.component.ms,1769796106315000000,1769796166315000000,0
jps.save.changed.project.entities.ms,1769796106315000000,1769796166315000000,0
jps.module.iml.entities.serializer.save.entities.ms,1769796106315000000,1769796166315000000,0
jps.global.handle.before.change.events.ms,1769796106315000000,1769796166315000000,0
workspaceModel.global.updates.count,1769796106315000000,1769796166315000000,0
jps.module.iml.entities.serializer.load.entities.ms,1769796106315000000,1769796166315000000,0
jps.load.project.to.empty.storage.ms,1769796106315000000,1769796166315000000,0
workspaceModel.mutableEntityStorage.collect.changes.ms,1769796106315000000,1769796166315000000,0
workspaceModel.do.save.caches.ms,1769796106315000000,1769796166315000000,0
workspaceModel.moduleBridge.facet.initialization.ms,1769796106315000000,1769796166315000000,0
jps.library.entities.serializer.save.entities.ms,1769796106315000000,1769796166315000000,0
workspaceModel.mutableEntityStorage.has.same.entities.ms,1769796106315000000,1769796166315000000,0
workspaceModel.mutableEntityStorage.modify.entity.ms,1769796106315000000,1769796166315000000,0
workspaceModel.load.cache.metadata.from.file.ms,1769796106315000000,1769796166315000000,0
workspaceModel.load.cache.from.file.ms,1769796106315000000,1769796166315000000,0
workspaceModel.sync.entities.ms,1769796106315000000,1769796166315000000,0
workspaceModel.mutableEntityStorage.changeLog.addReplaceEventForRemovedParent.ms,1769796106315000000,1769796166315000000,0
workspaceModel.mutableEntityStorage.changeLog.addReplaceEventForNewChild.ms,1769796106315000000,1769796166315000000,0
workspaceModel.mutableEntityStorage.to.snapshot.ms,1769796106315000000,1769796166315000000,0
jps.module.dependency.index.workspace.model.listener.on.changed.ms,1769796106315000000,1769796166315000000,0
workspaceModel.moduleManagerBridge.load.all.modules.ms,1769796106315000000,1769796166315000000,0
workspaceModel.moduleManagerBridge.load.module.ms,1769796106315000000,1769796166315000000,0
workspaceModel.moduleManagerBridge.build.module.graph.ms,1769796106315000000,1769796166315000000,0
workspaceModel.mutableEntityStorage.mutable.vfurl.index.ms,1769796106315000000,1769796166315000000,0
workspaceModel.orphan.listener.update.ms,1769796106315000000,1769796166315000000,0
VFS.contentStorage.recordsRead,1769796106315000000,1769796166315000000,158
FileNameCache.queries,1769796106315000000,1769796166315000000,13056
VFS.contentStorage.recordsStored,1769796106315000000,1769796166315000000,1
VFS.fileByIdCache.hits,1769796106315000000,1769796166315000000,0
VFS.contentStorage.recordsReadDecompressed,1769796106315000000,1769796166315000000,0
VFS.fileByIdCache.misses,1769796106315000000,1769796166315000000,15458
VFS.contentStorage.recordsStoredSize,1769796106315000000,1769796166315000000,5884
VFS.contentStorage.recordsStoredCompressed,1769796106315000000,1769796166315000000,0
VFS.contentStorage.recordsDeduplicated,1769796106315000000,1769796166315000000,0
VFS.invertedFileNameIndex.requests,1769796106315000000,1769796166315000000,0
VFS.contentStorage.recordsDecompressionTimeUs,1769796106315000000,1769796166315000000,0
VFS.contentStorage.recordsReadSize,1769796106315000000,1769796166315000000,684020
FileNameCache.totalMisses,1769796106315000000,1769796166315000000,0
VFS.fileChildByName,1769796106315000000,1769796166315000000,22987
VFS.contentStorage.recordsUncompressedSize,1769796106315000000,1769796166315000000,5884
FilePageCacheLockFree.housekeeperTurnsSkipped,1769796166315000000,1769796226315000000,0
DirectByteBufferAllocator.reclaimed,1769796166315000000,1769796226315000000,0
StorageLockContext.competingThreads.avg,1769796166315000000,1769796226315000000,0.0
FilePageCacheLockFree.housekeeperTurnsDone,1769796166315000000,1769796226315000000,0
FilePageCache.totalPageLoadsUs,1769796166315000000,1769796226315000000,0
StreamlinedBlobStorage.recordsRelocated,1769796166315000000,1769796226315000000,0
StorageLockContext.competingThreads.90P,1769796166315000000,1769796226315000000,0
FilePageCache.disposedBuffers,1769796166315000000,1769796226315000000,0
MappedFileStorage.totalBytesMapped,1769796166315000000,1769796226315000000,278134784
FilePageCacheLockFree.totalHeapBytesAllocated,1769796166315000000,1769796226315000000,0
FilePageCacheLockFree.totalPagesReadMs,1769796166315000000,1769796226315000000,0
FilePageCacheLockFree.totalPageAllocationsWaited,1769796166315000000,1769796226315000000,0
FilePageCacheLockFree.totalBytesRead,1769796166315000000,1769796226315000000,0
FilePageCache.totalPageDisposalsUs,1769796166315000000,1769796226315000000,0
FilePageCache.pageHits,1769796166315000000,1769796226315000000,0
MappedFileStorage.storages,1769796166315000000,1769796226315000000,16
StreamlinedBlobStorage.recordsAllocated,1769796166315000000,1769796226315000000,0
DirectByteBufferAllocator.misses,1769796166315000000,1769796226315000000,0
DirectByteBufferAllocator.hits,1769796166315000000,1769796226315000000,0
DirectByteBufferAllocator.totalSizeOfBuffersCachedInBytes,1769796166315000000,1769796226315000000,0
StreamlinedBlobStorage.totalLiveRecordsCapacityBytes,1769796166315000000,1769796226315000000,0
FilePageCache.uncachedFileAccess,1769796166315000000,1769796226315000000,0
FilePageCacheLockFree.totalPagesHandedOver,1769796166315000000,1769796226315000000,0
FilePageCacheLockFree.totalBytesRequested,1769796166315000000,1769796226315000000,0
FilePageCacheLockFree.totalPagesWritten,1769796166315000000,1769796226315000000,0
DirectByteBufferAllocator.totalSizeOfBuffersAllocatedInBytes,1769796166315000000,1769796226315000000,167796736
FilePageCache.capacityInBytes,1769796166315000000,1769796226315000000,503316478
StorageLockContext.competingThreads.max,1769796166315000000,1769796226315000000,0
FilePageCacheLockFree.housekeeperTimeSpentMs,1769796166315000000,1769796226315000000,0
FilePageCache.pageLoadsAboveSizeThreshold,1769796166315000000,1769796226315000000,0
FilePageCache.pageFastCacheHits,1769796166315000000,1769796226315000000,0
FilePageCacheLockFree.totalNativeBytesReclaimed,1769796166315000000,1769796226315000000,0
MappedFileStorage.totalTimeSpentOnMappingUs,1769796166315000000,1769796226315000000,12432
FilePageCacheLockFree.heapBytesInUse,1769796166315000000,1769796226315000000,0
FileChannelInterruptsRetryer.totalRetriedAttempts,1769796166315000000,1769796226315000000,0
MappedFileStorage.totalPagesMapped,1769796166315000000,1769796226315000000,22
FilePageCacheLockFree.totalPagesWriteMs,1769796166315000000,1769796226315000000,0
StreamlinedBlobStorage.totalLiveRecordsPayloadBytes,1769796166315000000,1769796226315000000,0
FilePageCacheLockFree.nativeBytesInUse,1769796166315000000,1769796226315000000,0
FilePageCache.maxCacheSizeInBytes,1769796166315000000,1769796226315000000,167796736
FilePageCacheLockFree.totalPagesReclaimed,1769796166315000000,1769796226315000000,0
FilePageCacheLockFree.totalNativeBytesAllocated,1769796166315000000,1769796226315000000,0
FilePageCache.pageLoads,1769796166315000000,1769796226315000000,0
FilePageCacheLockFree.totalPagesRequested,1769796166315000000,1769796226315000000,0
FilePageCache.maxRegisteredFiles,1769796166315000000,1769796226315000000,252
FilePageCacheLockFree.totalHeapBytesReclaimed,1769796166315000000,1769796226315000000,0
FilePageCacheLockFree.totalPagesAllocated,1769796166315000000,1769796226315000000,0
FilePageCacheLockFree.totalPagesRequestsMs,1769796166315000000,1769796226315000000,0
StreamlinedBlobStorage.recordsDeleted,1769796166315000000,1769796226315000000,0
FilePageCacheLockFree.totalClosedStoragesReclaimed,1769796166315000000,1769796226315000000,0
DirectByteBufferAllocator.disposed,1769796166315000000,1769796226315000000,0
FilePageCacheLockFree.totalBytesWritten,1769796166315000000,1769796226315000000,0
IndexesFlusher.totalFlushingTimeUs,1769796166315000000,1769796226315000000,30726
Indexes.stubs.lookups,1769796166315000000,1769796226315000000,0
Indexes.entries.lookups,1769796166315000000,1769796226315000000,0
Indexing.writer_3.totalTimeSpentWritingMs,1769796166315000000,1769796226315000000,0
Indexes.entries.lookupDuration90PMs,1769796166315000000,1769796226315000000,0.0
Indexing.cache.totalCacheAccesses,1769796166315000000,1769796226315000000,0
Indexes.allKeys.lookups,1769796166315000000,1769796226315000000,0
Indexing.cache.totalCacheEvicted,1769796166315000000,1769796226315000000,0
Indexes.entries.lookupDurationAvgMs,1769796166315000000,1769796226315000000,0.0
Indexing.writer_1.totalTimeSpentWritingMs,1769796166315000000,1769796226315000000,0
Indexes.allKeys.lookupDuration90PMs,1769796166315000000,1769796226315000000,0.0
IndexesFlusher.totalFlushes,1769796166315000000,1769796226315000000,60
Indexes.stubs.lookupDurationAvgMs,1769796166315000000,1769796226315000000,0.0
Indexing.writer_0.totalTimeSpentWritingMs,1769796166315000000,1769796226315000000,0
Indexing.cache.totalCacheMisses,1769796166315000000,1769796226315000000,0
Indexing.totalTimeIndexersSleptMs,1769796166315000000,1769796226315000000,0
Indexing.writer_2.totalTimeSpentWritingMs,1769796166315000000,1769796226315000000,0
Indexes.stubs.lookupDurationMaxMs,1769796166315000000,1769796226315000000,0.0
Indexes.stubs.lookupDuration90PMs,1769796166315000000,1769796226315000000,0.0
Indexes.allKeys.lookupDurationAvgMs,1769796166315000000,1769796226315000000,0.0
Indexing.writesQueuedMax,1769796166315000000,1769796226315000000,0
IndexesFlusher.totalFlushesRetried,1769796166315000000,1769796226315000000,0
Indexing.writesQueuedMin,1769796166315000000,1769796226315000000,9223372036854775807
Indexes.entries.lookupDurationMaxMs,1769796166315000000,1769796226315000000,0.0
Indexes.allKeys.lookupDurationMaxMs,1769796166315000000,1769796226315000000,0.0
IndexesFlusher.totalContentionQuotaSpent,1769796166315000000,1769796226315000000,0
WriteAction.executionsCount,1769796166315000000,1769796226315000000,0
AWTEventQueue.dispatchTimeMaxNs,1769796166315000000,1769796226315000000,0
FlushQueue.queueSizeMax,1769796166315000000,1769796226315000000,0
AWTEventQueue.dispatchTimeTotalNS,1769796166315000000,1769796226315000000,89999455
FlushQueue.queueSize90P,1769796166315000000,1769796226315000000,0
FlushQueue.tasksExecuted,1769796166315000000,1769796226315000000,0
NonBlockingReadAction.failedExecutionTimeUs,1769796166315000000,1769796226315000000,0
NonBlockingReadAction.finalizedExecutionsCount,1769796166315000000,1769796226315000000,9
ReadAction.executionsCount,1769796166315000000,1769796226315000000,1641
FlushQueue.queueSizeAvg,1769796166315000000,1769796226315000000,0.0
NonBlockingReadAction.finalizedExecutionTimeUs,1769796166315000000,1769796226315000000,299
FlushQueue.waitingTimeAvgNs,1769796166315000000,1769796226315000000,0.0
FlushQueue.waitingTimeMaxNs,1769796166315000000,1769796226315000000,0
FlushQueue.waitingTime90PNs,1769796166315000000,1769796226315000000,0
NonBlockingReadAction.failedExecutionsCount,1769796166315000000,1769796226315000000,0
FlushQueue.executionTime90PNs,1769796166315000000,1769796226315000000,0
AWTEventQueue.dispatchTime90PNs,1769796166315000000,1769796226315000000,0
FlushQueue.executionTimeMaxNs,1769796166315000000,1769796226315000000,0
FlushQueue.executionTimeAvgNs,1769796166315000000,1769796226315000000,0.0
AWTEventQueue.dispatchTimeAvgNs,1769796166315000000,1769796226315000000,0.0
AWTEventQueue.eventsDispatched,1769796166315000000,1769796226315000000,0
JVM.totalBytesAllocated,1769796166315000000,1769796226315000000,28269696
JVM.threadCount,1769796166315000000,1769796226315000000,63
JVM.totalTimeAtSafepointsMs,1769796166315000000,1769796226315000000,0
JVM.GC.collections,1769796166315000000,1769796226315000000,0
OS.loadAverage,1769796166315000000,1769796226315000000,1.8994140625
JVM.totalTimeToSafepointsMs,1769796166315000000,1769796226315000000,0
JVM.maxHeapBytes,1769796166315000000,1769796226315000000,4196401152
JVM.newThreadsCount,1769796166315000000,1769796226315000000,0
JVM.totalDirectByteBuffersBytes,1769796166315000000,1769796226315000000,167988586
JVM.totalSafepointCount,1769796166315000000,1769796226315000000,2
JVM.totalCpuTimeMs,1769796166315000000,1769796226315000000,840
JVM.usedHeapBytes,1769796166315000000,1769796226315000000,1256534160
JVM.GC.collectionTimesMs,1769796166315000000,1769796226315000000,0
JVM.maxThreadCount,1769796166315000000,1769796226315000000,145
JVM.usedNativeBytes,1769796166315000000,1769796226315000000,460726200
cacheStateStorage.get.counter,1769796166315000000,1769796226315000000,0
cacheStateStorage.get.duration,1769796166315000000,1769796226315000000,0
cacheStateStorage.set.duration,1769796166315000000,1769796226315000000,0
cacheStateStorage.set.counter,1769796166315000000,1769796226315000000,0
workspaceModel.workspaceFileIndexData.getDirectoriesByPackageName.ms,1769796166315000000,1769796226315000000,0
workspaceModel.entityStorageSnapshotImpl.instances.count,1769796166315000000,1769796226315000000,0
workspaceModel.cachedValueWithParameters.total.get.count,1769796166315000000,1769796226315000000,0
workspaceModel.update.unloaded.entities.ms,1769796166315000000,1769796226315000000,0
workspaceModel.to.snapshot.ms,1769796166315000000,1769796226315000000,0
workspaceModel.workspaceFileIndexData.instances.count,1769796166315000000,1769796226315000000,0
workspaceModel.workspaceFileIndexData.init.ms,1769796166315000000,1769796226315000000,0
workspaceModel.pre.handlers.ms,1769796166315000000,1769796226315000000,0
workspaceModel.collect.changes.ms,1769796166315000000,1769796226315000000,0
workspaceModel.cachedValueWithParameters.calculated.count,1769796166315000000,1769796226315000000,0
workspaceModel.workspaceFileIndexData.visitFileSets.ms,1769796166315000000,1769796226315000000,0
workspaceModel.updates.count,1769796166315000000,1769796226315000000,0
workspaceModel.workspaceFileIndexData.updateDirtyEntities.ms,1769796166315000000,1769796226315000000,0
workspaceModel.workspaceFileIndexData.getPackageName.ms,1769796166315000000,1769796226315000000,0
workspaceModel.initializing.ms,1769796166315000000,1769796226315000000,0
workspaceModel.workspaceFileIndexData.markDirty.ms,1769796166315000000,1769796226315000000,0
workspaceModel.full.replace.project.model.ms,1769796166315000000,1769796226315000000,0
workspaceModel.on.before.changed.ms,1769796166315000000,1769796226315000000,0
workspaceModel.replace.project.model.ms,1769796166315000000,1769796226315000000,0
workspaceModel.workspaceFileIndexData.onEntitiesChanged.ms,1769796166315000000,1769796226315000000,0
workspaceModel.updates.ms,1769796166315000000,1769796226315000000,0
workspaceModel.on.changed.ms,1769796166315000000,1769796226315000000,0
workspaceModel.workspaceFileIndexData.getFileInfo.ms,1769796166315000000,1769796226315000000,0
workspaceModel.workspaceFileIndexContributor.registerFileSets.ms,1769796166315000000,1769796226315000000,0
workspaceModel.loading.total.ms,1769796166315000000,1769796226315000000,0
workspaceModel.init.bridges.ms,1769796166315000000,1769796226315000000,0
workspaceModel.updates.precise.ms,1769796166315000000,1769796226315000000,0
workspaceModel.cachedValueWithParameters.from.cache.count,1769796166315000000,1769796226315000000,0
workspaceModel.cachedValue.from.cache.count,1769796166315000000,1769796226315000000,0
workspaceModel.cachedValue.calculated.count,1769796166315000000,1769796226315000000,0
workspaceModel.check.recursive.update.ms,1769796166315000000,1769796226315000000,0
workspaceModel.cachedValueWithParameters.clear.count,1769796166315000000,1769796226315000000,0
workspaceModel.cachedValue.total.get.count,1769796166315000000,1769796226315000000,0
workspaceModel.workspaceFileIndexData.processFileSets.ms,1769796166315000000,1769796226315000000,0
workspaceModel.cachedValue.clear.count,1769796166315000000,1769796226315000000,0
workspaceModel.loading.from.cache.ms,1769796166315000000,1769796226315000000,0
DiskQueryRelay.tasksExecuted,1769796166315000000,1769796226315000000,0
writeAction.max.wait.ms,1769796166315000000,1769796226315000000,345
writeAction.wait.ms,1769796166315000000,1769796226315000000,0
DiskQueryRelay.taskWaitingTotalTimeUs,1769796166315000000,1769796226315000000,0
DiskQueryRelay.taskExecutionTotalTimeUs,1769796166315000000,1769796226315000000,0
DiskQueryRelay.tasksRequested,1769796166315000000,1769796226315000000,0
writeAction.count,1769796166315000000,1769796226315000000,0
writeAction.median.wait.ms,1769796166315000000,1769796226315000000,400
workspaceModel.mutableEntityStorage.apply.changes.from.ms,1769796166315000000,1769796226315000000,0
workspaceModel.mutableEntityStorage.remove.entity.ms,1769796166315000000,1769796226315000000,0
jps.global.initialize.library.bridges.ms,1769796166315000000,1769796226315000000,0
jps.artifact.entities.serializer.save.entities.ms,1769796166315000000,1769796226315000000,0
jps.project.serializers.load.ms,1769796166315000000,1769796226315000000,0
jps.app.storage.content.writer.save.component.ms,1769796166315000000,1769796226315000000,0
jps.save.global.entities.ms,1769796166315000000,1769796226315000000,0
workspaceModel.mutableEntityStorage.replace.by.source.ms,1769796166315000000,1769796226315000000,0
workspaceModel.global.apply.state.to.project.builder.ms,1769796166315000000,1769796226315000000,0
jps.facet.change.listener.before.change.events.ms,1769796166315000000,1769796226315000000,0
workspaceModel.mutableEntityStorage.changeLog.addReplaceEventForNewParent.ms,1769796166315000000,1769796226315000000,0
workspaceModel.save.cache.to.file.ms,1769796166315000000,1769796226315000000,0
jps.project.serializers.save.ms,1769796166315000000,1769796226315000000,0
jps.global.get.library.ms,1769796166315000000,1769796226315000000,0
workspaceModel.mutableEntityStorage.referrers.ms,1769796166315000000,1769796226315000000,0
jps.global.get.libraries.ms,1769796166315000000,1769796226315000000,0
jps.global.handle.changed.events.ms,1769796166315000000,1769796226315000000,0
workspaceModel.mutableEntityStorage.put.entity.ms,1769796166315000000,1769796226315000000,0
workspaceModel.mutableEntityStorage.entities.ms,1769796166315000000,1769796226315000000,0
workspaceModel.moduleBridge.before.changed.ms,1769796166315000000,1769796226315000000,0
workspaceModel.moduleManagerBridge.get.modules.ms,1769796166315000000,1769796226315000000,0
jps.load.initial.state.ms,1769796166315000000,1769796226315000000,0
workspaceModel.delayed.project.synchronizer.sync.ms,1769796166315000000,1769796226315000000,0
jps.facet.change.listener.init.bridge.ms,1769796166315000000,1769796226315000000,0
jps.library.entities.serializer.load.entities.ms,1769796166315000000,1769796226315000000,0
jps.storage.jps.conf.reader.load.component.ms,1769796166315000000,1769796226315000000,0
jps.facet.change.listener.process.change.events.ms,1769796166315000000,1769796226315000000,0
jps.artifact.entities.serializer.load.entities.ms,1769796166315000000,1769796226315000000,0
jps.apply.loaded.storage.ms,1769796166315000000,1769796226315000000,0
jps.reload.project.entities.ms,1769796166315000000,1769796226315000000,0
workspaceModel.moduleManagerBridge.new.nonPersistent.module.ms,1769796166315000000,1769796226315000000,0
workspaceModel.mutableEntityStorage.changeLog.addReplaceEventForRemovedChild.ms,1769796166315000000,1769796226315000000,0
workspaceModel.mutableEntityStorage.entities.by.source.ms,1769796166315000000,1769796226315000000,0
workspaceModel.mutableEntityStorage.instances.count,1769796166315000000,1769796226315000000,0
jps.global.get.library.by.name.ms,1769796166315000000,1769796226315000000,0
workspaceModel.mutableEntityStorage.resolve.ms,1769796166315000000,1769796226315000000,0
workspaceModel.mutableEntityStorage.mutable.ext.mapping.ms,1769796166315000000,1769796226315000000,0
workspaceModel.moduleManagerBridge.create.module.instance.ms,1769796166315000000,1769796226315000000,0
workspaceModel.moduleBridgeLoader.loading.modules.ms,1769796166315000000,1769796226315000000,0
workspaceModel.moduleManagerBridge.set.unloadedModules.ms,1769796166315000000,1769796226315000000,0
workspaceModel.moduleBridge.update.option.ms,1769796166315000000,1769796226315000000,0
workspaceModel.mutableEntityStorage.add.entity.ms,1769796166315000000,1769796226315000000,0
workspaceModel.moduleManagerBridge.newModule.ms,1769796166315000000,1769796226315000000,0
jps.global.initialize.library.bridges.after.loading.ms,1769796166315000000,1769796226315000000,0
workspaceModel.global.apply.state.to.project.ms,1769796166315000000,1769796226315000000,0
workspaceModel.global.updates.ms,1769796166315000000,1769796226315000000,0
jps.app.storage.content.reader.load.component.ms,1769796166315000000,1769796226315000000,0
jps.save.changed.project.entities.ms,1769796166315000000,1769796226315000000,0
jps.module.iml.entities.serializer.save.entities.ms,1769796166315000000,1769796226315000000,0
jps.global.handle.before.change.events.ms,1769796166315000000,1769796226315000000,0
workspaceModel.global.updates.count,1769796166315000000,1769796226315000000,0
jps.module.iml.entities.serializer.load.entities.ms,1769796166315000000,1769796226315000000,0
jps.load.project.to.empty.storage.ms,1769796166315000000,1769796226315000000,0
workspaceModel.mutableEntityStorage.collect.changes.ms,1769796166315000000,1769796226315000000,0
workspaceModel.do.save.caches.ms,1769796166315000000,1769796226315000000,0
workspaceModel.moduleBridge.facet.initialization.ms,1769796166315000000,1769796226315000000,0
jps.library.entities.serializer.save.entities.ms,1769796166315000000,1769796226315000000,0
workspaceModel.mutableEntityStorage.has.same.entities.ms,1769796166315000000,1769796226315000000,0
workspaceModel.mutableEntityStorage.modify.entity.ms,1769796166315000000,1769796226315000000,0
workspaceModel.load.cache.metadata.from.file.ms,1769796166315000000,1769796226315000000,0
workspaceModel.load.cache.from.file.ms,1769796166315000000,1769796226315000000,0
workspaceModel.sync.entities.ms,1769796166315000000,1769796226315000000,0
workspaceModel.mutableEntityStorage.changeLog.addReplaceEventForRemovedParent.ms,1769796166315000000,1769796226315000000,0
workspaceModel.mutableEntityStorage.changeLog.addReplaceEventForNewChild.ms,1769796166315000000,1769796226315000000,0
workspaceModel.mutableEntityStorage.to.snapshot.ms,1769796166315000000,1769796226315000000,0
jps.module.dependency.index.workspace.model.listener.on.changed.ms,1769796166315000000,1769796226315000000,0
workspaceModel.moduleManagerBridge.load.all.modules.ms,1769796166315000000,1769796226315000000,0
workspaceModel.moduleManagerBridge.load.module.ms,1769796166315000000,1769796226315000000,0
workspaceModel.moduleManagerBridge.build.module.graph.ms,1769796166315000000,1769796226315000000,0
workspaceModel.mutableEntityStorage.mutable.vfurl.index.ms,1769796166315000000,1769796226315000000,0
workspaceModel.orphan.listener.update.ms,1769796166315000000,1769796226315000000,0
VFS.contentStorage.recordsRead,1769796166315000000,1769796226315000000,0
FileNameCache.queries,1769796166315000000,1769796226315000000,0
VFS.contentStorage.recordsStored,1769796166315000000,1769796226315000000,0
VFS.fileByIdCache.hits,1769796166315000000,1769796226315000000,0
VFS.contentStorage.recordsReadDecompressed,1769796166315000000,1769796226315000000,0
VFS.fileByIdCache.misses,1769796166315000000,1769796226315000000,0
VFS.contentStorage.recordsStoredSize,1769796166315000000,1769796226315000000,0
VFS.contentStorage.recordsStoredCompressed,1769796166315000000,1769796226315000000,0
VFS.contentStorage.recordsDeduplicated,1769796166315000000,1769796226315000000,0
VFS.invertedFileNameIndex.requests,1769796166315000000,1769796226315000000,0
VFS.contentStorage.recordsDecompressionTimeUs,1769796166315000000,1769796226315000000,0
VFS.contentStorage.recordsReadSize,1769796166315000000,1769796226315000000,0
FileNameCache.totalMisses,1769796166315000000,1769796226315000000,0
VFS.fileChildByName,1769796166315000000,1769796226315000000,0
VFS.contentStorage.recordsUncompressedSize,1769796166315000000,1769796226315000000,0
FilePageCacheLockFree.housekeeperTurnsSkipped,1769796226315000000,1769796286315000000,0
DirectByteBufferAllocator.reclaimed,1769796226315000000,1769796286315000000,0
StorageLockContext.competingThreads.avg,1769796226315000000,1769796286315000000,0.0
FilePageCacheLockFree.housekeeperTurnsDone,1769796226315000000,1769796286315000000,0
FilePageCache.totalPageLoadsUs,1769796226315000000,1769796286315000000,0
StreamlinedBlobStorage.recordsRelocated,1769796226315000000,1769796286315000000,0
StorageLockContext.competingThreads.90P,1769796226315000000,1769796286315000000,0
FilePageCache.disposedBuffers,1769796226315000000,1769796286315000000,0
MappedFileStorage.totalBytesMapped,1769796226315000000,1769796286315000000,278134784
FilePageCacheLockFree.totalHeapBytesAllocated,1769796226315000000,1769796286315000000,0
FilePageCacheLockFree.totalPagesReadMs,1769796226315000000,1769796286315000000,0
FilePageCacheLockFree.totalPageAllocationsWaited,1769796226315000000,1769796286315000000,0
FilePageCacheLockFree.totalBytesRead,1769796226315000000,1769796286315000000,0
FilePageCache.totalPageDisposalsUs,1769796226315000000,1769796286315000000,0
FilePageCache.pageHits,1769796226315000000,1769796286315000000,0
MappedFileStorage.storages,1769796226315000000,1769796286315000000,16
StreamlinedBlobStorage.recordsAllocated,1769796226315000000,1769796286315000000,0
DirectByteBufferAllocator.misses,1769796226315000000,1769796286315000000,0
DirectByteBufferAllocator.hits,1769796226315000000,1769796286315000000,0
DirectByteBufferAllocator.totalSizeOfBuffersCachedInBytes,1769796226315000000,1769796286315000000,0
StreamlinedBlobStorage.totalLiveRecordsCapacityBytes,1769796226315000000,1769796286315000000,0
FilePageCache.uncachedFileAccess,1769796226315000000,1769796286315000000,0
FilePageCacheLockFree.totalPagesHandedOver,1769796226315000000,1769796286315000000,0
FilePageCacheLockFree.totalBytesRequested,1769796226315000000,1769796286315000000,0
FilePageCacheLockFree.totalPagesWritten,1769796226315000000,1769796286315000000,0
DirectByteBufferAllocator.totalSizeOfBuffersAllocatedInBytes,1769796226315000000,1769796286315000000,167796736
FilePageCache.capacityInBytes,1769796226315000000,1769796286315000000,503316478
StorageLockContext.competingThreads.max,1769796226315000000,1769796286315000000,0
FilePageCacheLockFree.housekeeperTimeSpentMs,1769796226315000000,1769796286315000000,0
FilePageCache.pageLoadsAboveSizeThreshold,1769796226315000000,1769796286315000000,0
FilePageCache.pageFastCacheHits,1769796226315000000,1769796286315000000,0
FilePageCacheLockFree.totalNativeBytesReclaimed,1769796226315000000,1769796286315000000,0
MappedFileStorage.totalTimeSpentOnMappingUs,1769796226315000000,1769796286315000000,12432
FilePageCacheLockFree.heapBytesInUse,1769796226315000000,1769796286315000000,0
FileChannelInterruptsRetryer.totalRetriedAttempts,1769796226315000000,1769796286315000000,0
MappedFileStorage.totalPagesMapped,1769796226315000000,1769796286315000000,22
FilePageCacheLockFree.totalPagesWriteMs,1769796226315000000,1769796286315000000,0
StreamlinedBlobStorage.totalLiveRecordsPayloadBytes,1769796226315000000,1769796286315000000,0
FilePageCacheLockFree.nativeBytesInUse,1769796226315000000,1769796286315000000,0
FilePageCache.maxCacheSizeInBytes,1769796226315000000,1769796286315000000,167796736
FilePageCacheLockFree.totalPagesReclaimed,1769796226315000000,1769796286315000000,0
FilePageCacheLockFree.totalNativeBytesAllocated,1769796226315000000,1769796286315000000,0
FilePageCache.pageLoads,1769796226315000000,1769796286315000000,0
FilePageCacheLockFree.totalPagesRequested,1769796226315000000,1769796286315000000,0
FilePageCache.maxRegisteredFiles,1769796226315000000,1769796286315000000,252
FilePageCacheLockFree.totalHeapBytesReclaimed,1769796226315000000,1769796286315000000,0
FilePageCacheLockFree.totalPagesAllocated,1769796226315000000,1769796286315000000,0
FilePageCacheLockFree.totalPagesRequestsMs,1769796226315000000,1769796286315000000,0
StreamlinedBlobStorage.recordsDeleted,1769796226315000000,1769796286315000000,0
FilePageCacheLockFree.totalClosedStoragesReclaimed,1769796226315000000,1769796286315000000,0
DirectByteBufferAllocator.disposed,1769796226315000000,1769796286315000000,0
FilePageCacheLockFree.totalBytesWritten,1769796226315000000,1769796286315000000,0
IndexesFlusher.totalFlushingTimeUs,1769796226315000000,1769796286315000000,30810
Indexes.stubs.lookups,1769796226315000000,1769796286315000000,0
Indexes.entries.lookups,1769796226315000000,1769796286315000000,0
Indexing.writer_3.totalTimeSpentWritingMs,1769796226315000000,1769796286315000000,0
Indexes.entries.lookupDuration90PMs,1769796226315000000,1769796286315000000,0.0
Indexing.cache.totalCacheAccesses,1769796226315000000,1769796286315000000,0
Indexes.allKeys.lookups,1769796226315000000,1769796286315000000,0
Indexing.cache.totalCacheEvicted,1769796226315000000,1769796286315000000,0
Indexes.entries.lookupDurationAvgMs,1769796226315000000,1769796286315000000,0.0
Indexing.writer_1.totalTimeSpentWritingMs,1769796226315000000,1769796286315000000,0
Indexes.allKeys.lookupDuration90PMs,1769796226315000000,1769796286315000000,0.0
IndexesFlusher.totalFlushes,1769796226315000000,1769796286315000000,60
Indexes.stubs.lookupDurationAvgMs,1769796226315000000,1769796286315000000,0.0
Indexing.writer_0.totalTimeSpentWritingMs,1769796226315000000,1769796286315000000,0
Indexing.cache.totalCacheMisses,1769796226315000000,1769796286315000000,0
Indexing.totalTimeIndexersSleptMs,1769796226315000000,1769796286315000000,0
Indexing.writer_2.totalTimeSpentWritingMs,1769796226315000000,1769796286315000000,0
Indexes.stubs.lookupDurationMaxMs,1769796226315000000,1769796286315000000,0.0
Indexes.stubs.lookupDuration90PMs,1769796226315000000,1769796286315000000,0.0
Indexes.allKeys.lookupDurationAvgMs,1769796226315000000,1769796286315000000,0.0
Indexing.writesQueuedMax,1769796226315000000,1769796286315000000,0
IndexesFlusher.totalFlushesRetried,1769796226315000000,1769796286315000000,0
Indexing.writesQueuedMin,1769796226315000000,1769796286315000000,9223372036854775807
Indexes.entries.lookupDurationMaxMs,1769796226315000000,1769796286315000000,0.0
Indexes.allKeys.lookupDurationMaxMs,1769796226315000000,1769796286315000000,0.0
IndexesFlusher.totalContentionQuotaSpent,1769796226315000000,1769796286315000000,0
WriteAction.executionsCount,1769796226315000000,1769796286315000000,0
AWTEventQueue.dispatchTimeMaxNs,1769796226315000000,1769796286315000000,0
FlushQueue.queueSizeMax,1769796226315000000,1769796286315000000,0
AWTEventQueue.dispatchTimeTotalNS,1769796226315000000,1769796286315000000,101226838
FlushQueue.queueSize90P,1769796226315000000,1769796286315000000,0
FlushQueue.tasksExecuted,1769796226315000000,1769796286315000000,0
NonBlockingReadAction.failedExecutionTimeUs,1769796226315000000,1769796286315000000,0
NonBlockingReadAction.finalizedExecutionsCount,1769796226315000000,1769796286315000000,9
ReadAction.executionsCount,1769796226315000000,1769796286315000000,1455
FlushQueue.queueSizeAvg,1769796226315000000,1769796286315000000,0.0
NonBlockingReadAction.finalizedExecutionTimeUs,1769796226315000000,1769796286315000000,287
FlushQueue.waitingTimeAvgNs,1769796226315000000,1769796286315000000,0.0
FlushQueue.waitingTimeMaxNs,1769796226315000000,1769796286315000000,0
FlushQueue.waitingTime90PNs,1769796226315000000,1769796286315000000,0
NonBlockingReadAction.failedExecutionsCount,1769796226315000000,1769796286315000000,0
FlushQueue.executionTime90PNs,1769796226315000000,1769796286315000000,0
AWTEventQueue.dispatchTime90PNs,1769796226315000000,1769796286315000000,0
FlushQueue.executionTimeMaxNs,1769796226315000000,1769796286315000000,0
FlushQueue.executionTimeAvgNs,1769796226315000000,1769796286315000000,0.0
AWTEventQueue.dispatchTimeAvgNs,1769796226315000000,1769796286315000000,0.0
AWTEventQueue.eventsDispatched,1769796226315000000,1769796286315000000,0
JVM.totalBytesAllocated,1769796226315000000,1769796286315000000,28210152
JVM.threadCount,1769796226315000000,1769796286315000000,52
JVM.totalTimeAtSafepointsMs,1769796226315000000,1769796286315000000,0
JVM.GC.collections,1769796226315000000,1769796286315000000,0
OS.loadAverage,1769796226315000000,1769796286315000000,1.83984375
JVM.totalTimeToSafepointsMs,1769796226315000000,1769796286315000000,0
JVM.maxHeapBytes,1769796226315000000,1769796286315000000,4196401152
JVM.newThreadsCount,1769796226315000000,1769796286315000000,0
JVM.totalDirectByteBuffersBytes,1769796226315000000,1769796286315000000,167966407
JVM.totalSafepointCount,1769796226315000000,1769796286315000000,3
JVM.totalCpuTimeMs,1769796226315000000,1769796286315000000,800
JVM.usedHeapBytes,1769796226315000000,1769796286315000000,1285894288
JVM.GC.collectionTimesMs,1769796226315000000,1769796286315000000,0
JVM.maxThreadCount,1769796226315000000,1769796286315000000,145
JVM.usedNativeBytes,1769796226315000000,1769796286315000000,460804784
cacheStateStorage.get.counter,1769796226315000000,1769796286315000000,0
cacheStateStorage.get.duration,1769796226315000000,1769796286315000000,0
cacheStateStorage.set.duration,1769796226315000000,1769796286315000000,0
cacheStateStorage.set.counter,1769796226315000000,1769796286315000000,0
workspaceModel.workspaceFileIndexData.getDirectoriesByPackageName.ms,1769796226315000000,1769796286315000000,0
workspaceModel.entityStorageSnapshotImpl.instances.count,1769796226315000000,1769796286315000000,0
workspaceModel.cachedValueWithParameters.total.get.count,1769796226315000000,1769796286315000000,0
workspaceModel.update.unloaded.entities.ms,1769796226315000000,1769796286315000000,0
workspaceModel.to.snapshot.ms,1769796226315000000,1769796286315000000,0
workspaceModel.workspaceFileIndexData.instances.count,1769796226315000000,1769796286315000000,0
workspaceModel.workspaceFileIndexData.init.ms,1769796226315000000,1769796286315000000,0
workspaceModel.pre.handlers.ms,1769796226315000000,1769796286315000000,0
workspaceModel.collect.changes.ms,1769796226315000000,1769796286315000000,0
workspaceModel.cachedValueWithParameters.calculated.count,1769796226315000000,1769796286315000000,0
workspaceModel.workspaceFileIndexData.visitFileSets.ms,1769796226315000000,1769796286315000000,0
workspaceModel.updates.count,1769796226315000000,1769796286315000000,0
workspaceModel.workspaceFileIndexData.updateDirtyEntities.ms,1769796226315000000,1769796286315000000,0
workspaceModel.workspaceFileIndexData.getPackageName.ms,1769796226315000000,1769796286315000000,0
workspaceModel.initializing.ms,1769796226315000000,1769796286315000000,0
workspaceModel.workspaceFileIndexData.markDirty.ms,1769796226315000000,1769796286315000000,0
workspaceModel.full.replace.project.model.ms,1769796226315000000,1769796286315000000,0
workspaceModel.on.before.changed.ms,1769796226315000000,1769796286315000000,0
workspaceModel.replace.project.model.ms,1769796226315000000,1769796286315000000,0
workspaceModel.workspaceFileIndexData.onEntitiesChanged.ms,1769796226315000000,1769796286315000000,0
workspaceModel.updates.ms,1769796226315000000,1769796286315000000,0
workspaceModel.on.changed.ms,1769796226315000000,1769796286315000000,0
workspaceModel.workspaceFileIndexData.getFileInfo.ms,1769796226315000000,1769796286315000000,0
workspaceModel.workspaceFileIndexContributor.registerFileSets.ms,1769796226315000000,1769796286315000000,0
workspaceModel.loading.total.ms,1769796226315000000,1769796286315000000,0
workspaceModel.init.bridges.ms,1769796226315000000,1769796286315000000,0
workspaceModel.updates.precise.ms,1769796226315000000,1769796286315000000,0
workspaceModel.cachedValueWithParameters.from.cache.count,1769796226315000000,1769796286315000000,0
workspaceModel.cachedValue.from.cache.count,1769796226315000000,1769796286315000000,0
workspaceModel.cachedValue.calculated.count,1769796226315000000,1769796286315000000,0
workspaceModel.check.recursive.update.ms,1769796226315000000,1769796286315000000,0
workspaceModel.cachedValueWithParameters.clear.count,1769796226315000000,1769796286315000000,0
workspaceModel.cachedValue.total.get.count,1769796226315000000,1769796286315000000,0
workspaceModel.workspaceFileIndexData.processFileSets.ms,1769796226315000000,1769796286315000000,0
workspaceModel.cachedValue.clear.count,1769796226315000000,1769796286315000000,0
workspaceModel.loading.from.cache.ms,1769796226315000000,1769796286315000000,0
DiskQueryRelay.tasksExecuted,1769796226315000000,1769796286315000000,0
writeAction.max.wait.ms,1769796226315000000,1769796286315000000,345
writeAction.wait.ms,1769796226315000000,1769796286315000000,0
DiskQueryRelay.taskWaitingTotalTimeUs,1769796226315000000,1769796286315000000,0
DiskQueryRelay.taskExecutionTotalTimeUs,1769796226315000000,1769796286315000000,0
DiskQueryRelay.tasksRequested,1769796226315000000,1769796286315000000,0
writeAction.count,1769796226315000000,1769796286315000000,0
writeAction.median.wait.ms,1769796226315000000,1769796286315000000,400
workspaceModel.mutableEntityStorage.apply.changes.from.ms,1769796226315000000,1769796286315000000,0
workspaceModel.mutableEntityStorage.remove.entity.ms,1769796226315000000,1769796286315000000,0
jps.global.initialize.library.bridges.ms,1769796226315000000,1769796286315000000,0
jps.artifact.entities.serializer.save.entities.ms,1769796226315000000,1769796286315000000,0
jps.project.serializers.load.ms,1769796226315000000,1769796286315000000,0
jps.app.storage.content.writer.save.component.ms,1769796226315000000,1769796286315000000,0
jps.save.global.entities.ms,1769796226315000000,1769796286315000000,0
workspaceModel.mutableEntityStorage.replace.by.source.ms,1769796226315000000,1769796286315000000,0
workspaceModel.global.apply.state.to.project.builder.ms,1769796226315000000,1769796286315000000,0
jps.facet.change.listener.before.change.events.ms,1769796226315000000,1769796286315000000,0
workspaceModel.mutableEntityStorage.changeLog.addReplaceEventForNewParent.ms,1769796226315000000,1769796286315000000,0
workspaceModel.save.cache.to.file.ms,1769796226315000000,1769796286315000000,0
jps.project.serializers.save.ms,1769796226315000000,1769796286315000000,0
jps.global.get.library.ms,1769796226315000000,1769796286315000000,0
workspaceModel.mutableEntityStorage.referrers.ms,1769796226315000000,1769796286315000000,0
jps.global.get.libraries.ms,1769796226315000000,1769796286315000000,0
jps.global.handle.changed.events.ms,1769796226315000000,1769796286315000000,0
workspaceModel.mutableEntityStorage.put.entity.ms,1769796226315000000,1769796286315000000,0
workspaceModel.mutableEntityStorage.entities.ms,1769796226315000000,1769796286315000000,0
workspaceModel.moduleBridge.before.changed.ms,1769796226315000000,1769796286315000000,0
workspaceModel.moduleManagerBridge.get.modules.ms,1769796226315000000,1769796286315000000,0
jps.load.initial.state.ms,1769796226315000000,1769796286315000000,0
workspaceModel.delayed.project.synchronizer.sync.ms,1769796226315000000,1769796286315000000,0
jps.facet.change.listener.init.bridge.ms,1769796226315000000,1769796286315000000,0
jps.library.entities.serializer.load.entities.ms,1769796226315000000,1769796286315000000,0
jps.storage.jps.conf.reader.load.component.ms,1769796226315000000,1769796286315000000,0
jps.facet.change.listener.process.change.events.ms,1769796226315000000,1769796286315000000,0
jps.artifact.entities.serializer.load.entities.ms,1769796226315000000,1769796286315000000,0
jps.apply.loaded.storage.ms,1769796226315000000,1769796286315000000,0
jps.reload.project.entities.ms,1769796226315000000,1769796286315000000,0
workspaceModel.moduleManagerBridge.new.nonPersistent.module.ms,1769796226315000000,1769796286315000000,0
workspaceModel.mutableEntityStorage.changeLog.addReplaceEventForRemovedChild.ms,1769796226315000000,1769796286315000000,0
workspaceModel.mutableEntityStorage.entities.by.source.ms,1769796226315000000,1769796286315000000,0
workspaceModel.mutableEntityStorage.instances.count,1769796226315000000,1769796286315000000,0
jps.global.get.library.by.name.ms,1769796226315000000,1769796286315000000,0
workspaceModel.mutableEntityStorage.resolve.ms,1769796226315000000,1769796286315000000,0
workspaceModel.mutableEntityStorage.mutable.ext.mapping.ms,1769796226315000000,1769796286315000000,0
workspaceModel.moduleManagerBridge.create.module.instance.ms,1769796226315000000,1769796286315000000,0
workspaceModel.moduleBridgeLoader.loading.modules.ms,1769796226315000000,1769796286315000000,0
workspaceModel.moduleManagerBridge.set.unloadedModules.ms,1769796226315000000,1769796286315000000,0
workspaceModel.moduleBridge.update.option.ms,1769796226315000000,1769796286315000000,0
workspaceModel.mutableEntityStorage.add.entity.ms,1769796226315000000,1769796286315000000,0
workspaceModel.moduleManagerBridge.newModule.ms,1769796226315000000,1769796286315000000,0
jps.global.initialize.library.bridges.after.loading.ms,1769796226315000000,1769796286315000000,0
workspaceModel.global.apply.state.to.project.ms,1769796226315000000,1769796286315000000,0
workspaceModel.global.updates.ms,1769796226315000000,1769796286315000000,0
jps.app.storage.content.reader.load.component.ms,1769796226315000000,1769796286315000000,0
jps.save.changed.project.entities.ms,1769796226315000000,1769796286315000000,0
jps.module.iml.entities.serializer.save.entities.ms,1769796226315000000,1769796286315000000,0
jps.global.handle.before.change.events.ms,1769796226315000000,1769796286315000000,0
workspaceModel.global.updates.count,1769796226315000000,1769796286315000000,0
jps.module.iml.entities.serializer.load.entities.ms,1769796226315000000,1769796286315000000,0
jps.load.project.to.empty.storage.ms,1769796226315000000,1769796286315000000,0
workspaceModel.mutableEntityStorage.collect.changes.ms,1769796226315000000,1769796286315000000,0
workspaceModel.do.save.caches.ms,1769796226315000000,1769796286315000000,0
workspaceModel.moduleBridge.facet.initialization.ms,1769796226315000000,1769796286315000000,0
jps.library.entities.serializer.save.entities.ms,1769796226315000000,1769796286315000000,0
workspaceModel.mutableEntityStorage.has.same.entities.ms,1769796226315000000,1769796286315000000,0
workspaceModel.mutableEntityStorage.modify.entity.ms,1769796226315000000,1769796286315000000,0
workspaceModel.load.cache.metadata.from.file.ms,1769796226315000000,1769796286315000000,0
workspaceModel.load.cache.from.file.ms,1769796226315000000,1769796286315000000,0
workspaceModel.sync.entities.ms,1769796226315000000,1769796286315000000,0
workspaceModel.mutableEntityStorage.changeLog.addReplaceEventForRemovedParent.ms,1769796226315000000,1769796286315000000,0
workspaceModel.mutableEntityStorage.changeLog.addReplaceEventForNewChild.ms,1769796226315000000,1769796286315000000,0
workspaceModel.mutableEntityStorage.to.snapshot.ms,1769796226315000000,1769796286315000000,0
jps.module.dependency.index.workspace.model.listener.on.changed.ms,1769796226315000000,1769796286315000000,0
workspaceModel.moduleManagerBridge.load.all.modules.ms,1769796226315000000,1769796286315000000,0
workspaceModel.moduleManagerBridge.load.module.ms,1769796226315000000,1769796286315000000,0
workspaceModel.moduleManagerBridge.build.module.graph.ms,1769796226315000000,1769796286315000000,0
workspaceModel.mutableEntityStorage.mutable.vfurl.index.ms,1769796226315000000,1769796286315000000,0
workspaceModel.orphan.listener.update.ms,1769796226315000000,1769796286315000000,0
VFS.contentStorage.recordsRead,1769796226315000000,1769796286315000000,0
FileNameCache.queries,1769796226315000000,1769796286315000000,0
VFS.contentStorage.recordsStored,1769796226315000000,1769796286315000000,0
VFS.fileByIdCache.hits,1769796226315000000,1769796286315000000,0
VFS.contentStorage.recordsReadDecompressed,1769796226315000000,1769796286315000000,0
VFS.fileByIdCache.misses,1769796226315000000,1769796286315000000,0
VFS.contentStorage.recordsStoredSize,1769796226315000000,1769796286315000000,0
VFS.contentStorage.recordsStoredCompressed,1769796226315000000,1769796286315000000,0
VFS.contentStorage.recordsDeduplicated,1769796226315000000,1769796286315000000,0
VFS.invertedFileNameIndex.requests,1769796226315000000,1769796286315000000,0
VFS.contentStorage.recordsDecompressionTimeUs,1769796226315000000,1769796286315000000,0
VFS.contentStorage.recordsReadSize,1769796226315000000,1769796286315000000,0
FileNameCache.totalMisses,1769796226315000000,1769796286315000000,0
VFS.fileChildByName,1769796226315000000,1769796286315000000,0
VFS.contentStorage.recordsUncompressedSize,1769796226315000000,1769796286315000000,0
FilePageCacheLockFree.housekeeperTurnsSkipped,1769796286315000000,1769796346315000000,0
DirectByteBufferAllocator.reclaimed,1769796286315000000,1769796346315000000,0
StorageLockContext.competingThreads.avg,1769796286315000000,1769796346315000000,0.0
FilePageCacheLockFree.housekeeperTurnsDone,1769796286315000000,1769796346315000000,0
FilePageCache.totalPageLoadsUs,1769796286315000000,1769796346315000000,0
StreamlinedBlobStorage.recordsRelocated,1769796286315000000,1769796346315000000,0
StorageLockContext.competingThreads.90P,1769796286315000000,1769796346315000000,0
FilePageCache.disposedBuffers,1769796286315000000,1769796346315000000,0
MappedFileStorage.totalBytesMapped,1769796286315000000,1769796346315000000,278134784
FilePageCacheLockFree.totalHeapBytesAllocated,1769796286315000000,1769796346315000000,0
FilePageCacheLockFree.totalPagesReadMs,1769796286315000000,1769796346315000000,0
FilePageCacheLockFree.totalPageAllocationsWaited,1769796286315000000,1769796346315000000,0
FilePageCacheLockFree.totalBytesRead,1769796286315000000,1769796346315000000,0
FilePageCache.totalPageDisposalsUs,1769796286315000000,1769796346315000000,0
FilePageCache.pageHits,1769796286315000000,1769796346315000000,7
MappedFileStorage.storages,1769796286315000000,1769796346315000000,16
StreamlinedBlobStorage.recordsAllocated,1769796286315000000,1769796346315000000,0
DirectByteBufferAllocator.misses,1769796286315000000,1769796346315000000,0
DirectByteBufferAllocator.hits,1769796286315000000,1769796346315000000,0
DirectByteBufferAllocator.totalSizeOfBuffersCachedInBytes,1769796286315000000,1769796346315000000,0
StreamlinedBlobStorage.totalLiveRecordsCapacityBytes,1769796286315000000,1769796346315000000,0
FilePageCache.uncachedFileAccess,1769796286315000000,1769796346315000000,10
FilePageCacheLockFree.totalPagesHandedOver,1769796286315000000,1769796346315000000,0
FilePageCacheLockFree.totalBytesRequested,1769796286315000000,1769796346315000000,0
FilePageCacheLockFree.totalPagesWritten,1769796286315000000,1769796346315000000,0
DirectByteBufferAllocator.totalSizeOfBuffersAllocatedInBytes,1769796286315000000,1769796346315000000,167796736
FilePageCache.capacityInBytes,1769796286315000000,1769796346315000000,503316478
StorageLockContext.competingThreads.max,1769796286315000000,1769796346315000000,0
FilePageCacheLockFree.housekeeperTimeSpentMs,1769796286315000000,1769796346315000000,0
FilePageCache.pageLoadsAboveSizeThreshold,1769796286315000000,1769796346315000000,0
FilePageCache.pageFastCacheHits,1769796286315000000,1769796346315000000,189
FilePageCacheLockFree.totalNativeBytesReclaimed,1769796286315000000,1769796346315000000,0
MappedFileStorage.totalTimeSpentOnMappingUs,1769796286315000000,1769796346315000000,12432
FilePageCacheLockFree.heapBytesInUse,1769796286315000000,1769796346315000000,0
FileChannelInterruptsRetryer.totalRetriedAttempts,1769796286315000000,1769796346315000000,0
MappedFileStorage.totalPagesMapped,1769796286315000000,1769796346315000000,22
FilePageCacheLockFree.totalPagesWriteMs,1769796286315000000,1769796346315000000,0
StreamlinedBlobStorage.totalLiveRecordsPayloadBytes,1769796286315000000,1769796346315000000,3
FilePageCacheLockFree.nativeBytesInUse,1769796286315000000,1769796346315000000,0
FilePageCache.maxCacheSizeInBytes,1769796286315000000,1769796346315000000,167796736
FilePageCacheLockFree.totalPagesReclaimed,1769796286315000000,1769796346315000000,0
FilePageCacheLockFree.totalNativeBytesAllocated,1769796286315000000,1769796346315000000,0
FilePageCache.pageLoads,1769796286315000000,1769796346315000000,0
FilePageCacheLockFree.totalPagesRequested,1769796286315000000,1769796346315000000,0
FilePageCache.maxRegisteredFiles,1769796286315000000,1769796346315000000,252
FilePageCacheLockFree.totalHeapBytesReclaimed,1769796286315000000,1769796346315000000,0
FilePageCacheLockFree.totalPagesAllocated,1769796286315000000,1769796346315000000,0
FilePageCacheLockFree.totalPagesRequestsMs,1769796286315000000,1769796346315000000,0
StreamlinedBlobStorage.recordsDeleted,1769796286315000000,1769796346315000000,0
FilePageCacheLockFree.totalClosedStoragesReclaimed,1769796286315000000,1769796346315000000,0
DirectByteBufferAllocator.disposed,1769796286315000000,1769796346315000000,0
FilePageCacheLockFree.totalBytesWritten,1769796286315000000,1769796346315000000,0
IndexesFlusher.totalFlushingTimeUs,1769796286315000000,1769796346315000000,53469
Indexes.stubs.lookups,1769796286315000000,1769796346315000000,0
Indexes.entries.lookups,1769796286315000000,1769796346315000000,48
Indexing.writer_3.totalTimeSpentWritingMs,1769796286315000000,1769796346315000000,0
Indexes.entries.lookupDuration90PMs,1769796286315000000,1769796346315000000,0.0
Indexing.cache.totalCacheAccesses,1769796286315000000,1769796346315000000,110
Indexes.allKeys.lookups,1769796286315000000,1769796346315000000,0
Indexing.cache.totalCacheEvicted,1769796286315000000,1769796346315000000,21
Indexes.entries.lookupDurationAvgMs,1769796286315000000,1769796346315000000,0.0
Indexing.writer_1.totalTimeSpentWritingMs,1769796286315000000,1769796346315000000,0
Indexes.allKeys.lookupDuration90PMs,1769796286315000000,1769796346315000000,0.0
IndexesFlusher.totalFlushes,1769796286315000000,1769796346315000000,59
Indexes.stubs.lookupDurationAvgMs,1769796286315000000,1769796346315000000,0.0
Indexing.writer_0.totalTimeSpentWritingMs,1769796286315000000,1769796346315000000,0
Indexing.cache.totalCacheMisses,1769796286315000000,1769796346315000000,21
Indexing.totalTimeIndexersSleptMs,1769796286315000000,1769796346315000000,0
Indexing.writer_2.totalTimeSpentWritingMs,1769796286315000000,1769796346315000000,0
Indexes.stubs.lookupDurationMaxMs,1769796286315000000,1769796346315000000,0.0
Indexes.stubs.lookupDuration90PMs,1769796286315000000,1769796346315000000,0.0
Indexes.allKeys.lookupDurationAvgMs,1769796286315000000,1769796346315000000,0.0
Indexing.writesQueuedMax,1769796286315000000,1769796346315000000,0
IndexesFlusher.totalFlushesRetried,1769796286315000000,1769796346315000000,0
Indexing.writesQueuedMin,1769796286315000000,1769796346315000000,9223372036854775807
Indexes.entries.lookupDurationMaxMs,1769796286315000000,1769796346315000000,0.0
Indexes.allKeys.lookupDurationMaxMs,1769796286315000000,1769796346315000000,0.0
IndexesFlusher.totalContentionQuotaSpent,1769796286315000000,1769796346315000000,0
WriteAction.executionsCount,1769796286315000000,1769796346315000000,4
AWTEventQueue.dispatchTimeMaxNs,1769796286315000000,1769796346315000000,20351
FlushQueue.queueSizeMax,1769796286315000000,1769796346315000000,0
AWTEventQueue.dispatchTimeTotalNS,1769796286315000000,1769796346315000000,160854170
FlushQueue.queueSize90P,1769796286315000000,1769796346315000000,0
FlushQueue.tasksExecuted,1769796286315000000,1769796346315000000,0
NonBlockingReadAction.failedExecutionTimeUs,1769796286315000000,1769796346315000000,2038
NonBlockingReadAction.finalizedExecutionsCount,1769796286315000000,1769796346315000000,29
ReadAction.executionsCount,1769796286315000000,1769796346315000000,20218
FlushQueue.queueSizeAvg,1769796286315000000,1769796346315000000,0.0
NonBlockingReadAction.finalizedExecutionTimeUs,1769796286315000000,1769796346315000000,17167
FlushQueue.waitingTimeAvgNs,1769796286315000000,1769796346315000000,0.0
FlushQueue.waitingTimeMaxNs,1769796286315000000,1769796346315000000,0
FlushQueue.waitingTime90PNs,1769796286315000000,1769796346315000000,0
NonBlockingReadAction.failedExecutionsCount,1769796286315000000,1769796346315000000,1
FlushQueue.executionTime90PNs,1769796286315000000,1769796346315000000,0
AWTEventQueue.dispatchTime90PNs,1769796286315000000,1769796346315000000,20351
FlushQueue.executionTimeMaxNs,1769796286315000000,1769796346315000000,0
FlushQueue.executionTimeAvgNs,1769796286315000000,1769796346315000000,0.0
AWTEventQueue.dispatchTimeAvgNs,1769796286315000000,1769796346315000000,20288.0
AWTEventQueue.eventsDispatched,1769796286315000000,1769796346315000000,1
JVM.totalBytesAllocated,1769796286315000000,1769796346315000000,412876560
JVM.threadCount,1769796286315000000,1769796346315000000,76
JVM.totalTimeAtSafepointsMs,1769796286315000000,1769796346315000000,55
JVM.GC.collections,1769796286315000000,1769796346315000000,4
OS.loadAverage,1769796286315000000,1769796346315000000,1.75634765625
JVM.totalTimeToSafepointsMs,1769796286315000000,1769796346315000000,0
JVM.maxHeapBytes,1769796286315000000,1769796346315000000,4196401152
JVM.newThreadsCount,1769796286315000000,1769796346315000000,24
JVM.totalDirectByteBuffersBytes,1769796286315000000,1769796346315000000,168022067
JVM.totalSafepointCount,1769796286315000000,1769796346315000000,10
JVM.totalCpuTimeMs,1769796286315000000,1769796346315000000,3770
JVM.usedHeapBytes,1769796286315000000,1769796346315000000,735600896
JVM.GC.collectionTimesMs,1769796286315000000,1769796346315000000,55
JVM.maxThreadCount,1769796286315000000,1769796346315000000,145
JVM.usedNativeBytes,1769796286315000000,1769796346315000000,460228784
cacheStateStorage.get.counter,1769796286315000000,1769796346315000000,3
cacheStateStorage.get.duration,1769796286315000000,1769796346315000000,16
cacheStateStorage.set.duration,1769796286315000000,1769796346315000000,0
cacheStateStorage.set.counter,1769796286315000000,1769796346315000000,0
workspaceModel.workspaceFileIndexData.getDirectoriesByPackageName.ms,1769796286315000000,1769796346315000000,0
workspaceModel.entityStorageSnapshotImpl.instances.count,1769796286315000000,1769796346315000000,0
workspaceModel.cachedValueWithParameters.total.get.count,1769796286315000000,1769796346315000000,0
workspaceModel.update.unloaded.entities.ms,1769796286315000000,1769796346315000000,0
workspaceModel.to.snapshot.ms,1769796286315000000,1769796346315000000,0
workspaceModel.workspaceFileIndexData.instances.count,1769796286315000000,1769796346315000000,0
workspaceModel.workspaceFileIndexData.init.ms,1769796286315000000,1769796346315000000,0
workspaceModel.pre.handlers.ms,1769796286315000000,1769796346315000000,0
workspaceModel.collect.changes.ms,1769796286315000000,1769796346315000000,0
workspaceModel.cachedValueWithParameters.calculated.count,1769796286315000000,1769796346315000000,0
workspaceModel.workspaceFileIndexData.visitFileSets.ms,1769796286315000000,1769796346315000000,0
workspaceModel.updates.count,1769796286315000000,1769796346315000000,0
workspaceModel.workspaceFileIndexData.updateDirtyEntities.ms,1769796286315000000,1769796346315000000,0
workspaceModel.workspaceFileIndexData.getPackageName.ms,1769796286315000000,1769796346315000000,0
workspaceModel.initializing.ms,1769796286315000000,1769796346315000000,0
workspaceModel.workspaceFileIndexData.markDirty.ms,1769796286315000000,1769796346315000000,0
workspaceModel.full.replace.project.model.ms,1769796286315000000,1769796346315000000,0
workspaceModel.on.before.changed.ms,1769796286315000000,1769796346315000000,0
workspaceModel.replace.project.model.ms,1769796286315000000,1769796346315000000,0
workspaceModel.workspaceFileIndexData.onEntitiesChanged.ms,1769796286315000000,1769796346315000000,0
workspaceModel.updates.ms,1769796286315000000,1769796346315000000,0
workspaceModel.on.changed.ms,1769796286315000000,1769796346315000000,0
workspaceModel.workspaceFileIndexData.getFileInfo.ms,1769796286315000000,1769796346315000000,11
workspaceModel.workspaceFileIndexContributor.registerFileSets.ms,1769796286315000000,1769796346315000000,0
workspaceModel.loading.total.ms,1769796286315000000,1769796346315000000,0
workspaceModel.init.bridges.ms,1769796286315000000,1769796346315000000,0
workspaceModel.updates.precise.ms,1769796286315000000,1769796346315000000,0
workspaceModel.cachedValueWithParameters.from.cache.count,1769796286315000000,1769796346315000000,0
workspaceModel.cachedValue.from.cache.count,1769796286315000000,1769796346315000000,6266
workspaceModel.cachedValue.calculated.count,1769796286315000000,1769796346315000000,0
workspaceModel.check.recursive.update.ms,1769796286315000000,1769796346315000000,0
workspaceModel.cachedValueWithParameters.clear.count,1769796286315000000,1769796346315000000,0
workspaceModel.cachedValue.total.get.count,1769796286315000000,1769796346315000000,6266
workspaceModel.workspaceFileIndexData.processFileSets.ms,1769796286315000000,1769796346315000000,0
workspaceModel.cachedValue.clear.count,1769796286315000000,1769796346315000000,0
workspaceModel.loading.from.cache.ms,1769796286315000000,1769796346315000000,0
lexer.HTML.size.bytes,1769796286315000000,1769796346315000000,2109
DiskQueryRelay.tasksExecuted,1769796286315000000,1769796346315000000,42
writeAction.max.wait.ms,1769796286315000000,1769796346315000000,345
writeAction.wait.ms,1769796286315000000,1769796346315000000,0
lexer.HTML.time.ns,1769796286315000000,1769796346315000000,418135
DiskQueryRelay.taskWaitingTotalTimeUs,1769796286315000000,1769796346315000000,919
DiskQueryRelay.taskExecutionTotalTimeUs,1769796286315000000,1769796346315000000,912
parser.HTML.time.ns,1769796286315000000,1769796346315000000,482342
DiskQueryRelay.tasksRequested,1769796286315000000,1769796346315000000,42
lexer.Python.time.ns,1769796286315000000,1769796346315000000,4104593
writeAction.count,1769796286315000000,1769796346315000000,4
lexer.Python.size.bytes,1769796286315000000,1769796346315000000,29181
parser.Python.time.ns,1769796286315000000,1769796346315000000,13969245
writeAction.median.wait.ms,1769796286315000000,1769796346315000000,400
parser.Python.size.bytes,1769796286315000000,1769796346315000000,29181
parser.HTML.size.bytes,1769796286315000000,1769796346315000000,2109
workspaceModel.mutableEntityStorage.apply.changes.from.ms,1769796286315000000,1769796346315000000,0
workspaceModel.mutableEntityStorage.remove.entity.ms,1769796286315000000,1769796346315000000,0
jps.global.initialize.library.bridges.ms,1769796286315000000,1769796346315000000,0
jps.artifact.entities.serializer.save.entities.ms,1769796286315000000,1769796346315000000,0
jps.project.serializers.load.ms,1769796286315000000,1769796346315000000,0
jps.app.storage.content.writer.save.component.ms,1769796286315000000,1769796346315000000,0
jps.save.global.entities.ms,1769796286315000000,1769796346315000000,0
workspaceModel.mutableEntityStorage.replace.by.source.ms,1769796286315000000,1769796346315000000,0
workspaceModel.global.apply.state.to.project.builder.ms,1769796286315000000,1769796346315000000,0
jps.facet.change.listener.before.change.events.ms,1769796286315000000,1769796346315000000,0
workspaceModel.mutableEntityStorage.changeLog.addReplaceEventForNewParent.ms,1769796286315000000,1769796346315000000,0
workspaceModel.save.cache.to.file.ms,1769796286315000000,1769796346315000000,0
jps.project.serializers.save.ms,1769796286315000000,1769796346315000000,0
jps.global.get.library.ms,1769796286315000000,1769796346315000000,0
workspaceModel.mutableEntityStorage.referrers.ms,1769796286315000000,1769796346315000000,0
jps.global.get.libraries.ms,1769796286315000000,1769796346315000000,0
jps.global.handle.changed.events.ms,1769796286315000000,1769796346315000000,0
workspaceModel.mutableEntityStorage.put.entity.ms,1769796286315000000,1769796346315000000,0
workspaceModel.mutableEntityStorage.entities.ms,1769796286315000000,1769796346315000000,0
workspaceModel.moduleBridge.before.changed.ms,1769796286315000000,1769796346315000000,0
workspaceModel.moduleManagerBridge.get.modules.ms,1769796286315000000,1769796346315000000,0
jps.load.initial.state.ms,1769796286315000000,1769796346315000000,0
workspaceModel.delayed.project.synchronizer.sync.ms,1769796286315000000,1769796346315000000,0
jps.facet.change.listener.init.bridge.ms,1769796286315000000,1769796346315000000,0
jps.library.entities.serializer.load.entities.ms,1769796286315000000,1769796346315000000,0
jps.storage.jps.conf.reader.load.component.ms,1769796286315000000,1769796346315000000,0
jps.facet.change.listener.process.change.events.ms,1769796286315000000,1769796346315000000,0
jps.artifact.entities.serializer.load.entities.ms,1769796286315000000,1769796346315000000,0
jps.apply.loaded.storage.ms,1769796286315000000,1769796346315000000,0
jps.reload.project.entities.ms,1769796286315000000,1769796346315000000,0
workspaceModel.moduleManagerBridge.new.nonPersistent.module.ms,1769796286315000000,1769796346315000000,0
workspaceModel.mutableEntityStorage.changeLog.addReplaceEventForRemovedChild.ms,1769796286315000000,1769796346315000000,0
workspaceModel.mutableEntityStorage.entities.by.source.ms,1769796286315000000,1769796346315000000,0
workspaceModel.mutableEntityStorage.instances.count,1769796286315000000,1769796346315000000,0
jps.global.get.library.by.name.ms,1769796286315000000,1769796346315000000,0
workspaceModel.mutableEntityStorage.resolve.ms,1769796286315000000,1769796346315000000,0
workspaceModel.mutableEntityStorage.mutable.ext.mapping.ms,1769796286315000000,1769796346315000000,0
workspaceModel.moduleManagerBridge.create.module.instance.ms,1769796286315000000,1769796346315000000,0
workspaceModel.moduleBridgeLoader.loading.modules.ms,1769796286315000000,1769796346315000000,0
workspaceModel.moduleManagerBridge.set.unloadedModules.ms,1769796286315000000,1769796346315000000,0
workspaceModel.moduleBridge.update.option.ms,1769796286315000000,1769796346315000000,0
workspaceModel.mutableEntityStorage.add.entity.ms,1769796286315000000,1769796346315000000,0
workspaceModel.moduleManagerBridge.newModule.ms,1769796286315000000,1769796346315000000,0
jps.global.initialize.library.bridges.after.loading.ms,1769796286315000000,1769796346315000000,0
workspaceModel.global.apply.state.to.project.ms,1769796286315000000,1769796346315000000,0
workspaceModel.global.updates.ms,1769796286315000000,1769796346315000000,0
jps.app.storage.content.reader.load.component.ms,1769796286315000000,1769796346315000000,0
jps.save.changed.project.entities.ms,1769796286315000000,1769796346315000000,0
jps.module.iml.entities.serializer.save.entities.ms,1769796286315000000,1769796346315000000,0
jps.global.handle.before.change.events.ms,1769796286315000000,1769796346315000000,0
workspaceModel.global.updates.count,1769796286315000000,1769796346315000000,0
jps.module.iml.entities.serializer.load.entities.ms,1769796286315000000,1769796346315000000,0
jps.load.project.to.empty.storage.ms,1769796286315000000,1769796346315000000,0
workspaceModel.mutableEntityStorage.collect.changes.ms,1769796286315000000,1769796346315000000,0
workspaceModel.do.save.caches.ms,1769796286315000000,1769796346315000000,0
workspaceModel.moduleBridge.facet.initialization.ms,1769796286315000000,1769796346315000000,0
jps.library.entities.serializer.save.entities.ms,1769796286315000000,1769796346315000000,0
workspaceModel.mutableEntityStorage.has.same.entities.ms,1769796286315000000,1769796346315000000,0
workspaceModel.mutableEntityStorage.modify.entity.ms,1769796286315000000,1769796346315000000,0
workspaceModel.load.cache.metadata.from.file.ms,1769796286315000000,1769796346315000000,0
workspaceModel.load.cache.from.file.ms,1769796286315000000,1769796346315000000,0
workspaceModel.sync.entities.ms,1769796286315000000,1769796346315000000,0
workspaceModel.mutableEntityStorage.changeLog.addReplaceEventForRemovedParent.ms,1769796286315000000,1769796346315000000,0
workspaceModel.mutableEntityStorage.changeLog.addReplaceEventForNewChild.ms,1769796286315000000,1769796346315000000,0
workspaceModel.mutableEntityStorage.to.snapshot.ms,1769796286315000000,1769796346315000000,0
jps.module.dependency.index.workspace.model.listener.on.changed.ms,1769796286315000000,1769796346315000000,0
workspaceModel.moduleManagerBridge.load.all.modules.ms,1769796286315000000,1769796346315000000,0
workspaceModel.moduleManagerBridge.load.module.ms,1769796286315000000,1769796346315000000,0
workspaceModel.moduleManagerBridge.build.module.graph.ms,1769796286315000000,1769796346315000000,0
workspaceModel.mutableEntityStorage.mutable.vfurl.index.ms,1769796286315000000,1769796346315000000,0
workspaceModel.orphan.listener.update.ms,1769796286315000000,1769796346315000000,0
VFS.contentStorage.recordsRead,1769796286315000000,1769796346315000000,43
FileNameCache.queries,1769796286315000000,1769796346315000000,1410624
VFS.contentStorage.recordsStored,1769796286315000000,1769796346315000000,0
VFS.fileByIdCache.hits,1769796286315000000,1769796346315000000,1
VFS.contentStorage.recordsReadDecompressed,1769796286315000000,1769796346315000000,9
VFS.fileByIdCache.misses,1769796286315000000,1769796346315000000,2210
VFS.contentStorage.recordsStoredSize,1769796286315000000,1769796346315000000,0
VFS.contentStorage.recordsStoredCompressed,1769796286315000000,1769796346315000000,0
VFS.contentStorage.recordsDeduplicated,1769796286315000000,1769796346315000000,0
VFS.invertedFileNameIndex.requests,1769796286315000000,1769796346315000000,0
VFS.contentStorage.recordsDecompressionTimeUs,1769796286315000000,1769796346315000000,543
VFS.contentStorage.recordsReadSize,1769796286315000000,1769796346315000000,479183
FileNameCache.totalMisses,1769796286315000000,1769796346315000000,0
VFS.fileChildByName,1769796286315000000,1769796346315000000,36154
VFS.contentStorage.recordsUncompressedSize,1769796286315000000,1769796346315000000,0
FilePageCacheLockFree.housekeeperTurnsSkipped,1769796346315000000,1769796406315000000,0
DirectByteBufferAllocator.reclaimed,1769796346315000000,1769796406315000000,0
StorageLockContext.competingThreads.avg,1769796346315000000,1769796406315000000,0.0
FilePageCacheLockFree.housekeeperTurnsDone,1769796346315000000,1769796406315000000,0
FilePageCache.totalPageLoadsUs,1769796346315000000,1769796406315000000,0
StreamlinedBlobStorage.recordsRelocated,1769796346315000000,1769796406315000000,0
StorageLockContext.competingThreads.90P,1769796346315000000,1769796406315000000,0
FilePageCache.disposedBuffers,1769796346315000000,1769796406315000000,0
MappedFileStorage.totalBytesMapped,1769796346315000000,1769796406315000000,278134784
FilePageCacheLockFree.totalHeapBytesAllocated,1769796346315000000,1769796406315000000,0
FilePageCacheLockFree.totalPagesReadMs,1769796346315000000,1769796406315000000,0
FilePageCacheLockFree.totalPageAllocationsWaited,1769796346315000000,1769796406315000000,0
FilePageCacheLockFree.totalBytesRead,1769796346315000000,1769796406315000000,0
FilePageCache.totalPageDisposalsUs,1769796346315000000,1769796406315000000,0
FilePageCache.pageHits,1769796346315000000,1769796406315000000,17
MappedFileStorage.storages,1769796346315000000,1769796406315000000,16
StreamlinedBlobStorage.recordsAllocated,1769796346315000000,1769796406315000000,0
DirectByteBufferAllocator.misses,1769796346315000000,1769796406315000000,0
DirectByteBufferAllocator.hits,1769796346315000000,1769796406315000000,0
DirectByteBufferAllocator.totalSizeOfBuffersCachedInBytes,1769796346315000000,1769796406315000000,0
StreamlinedBlobStorage.totalLiveRecordsCapacityBytes,1769796346315000000,1769796406315000000,0
FilePageCache.uncachedFileAccess,1769796346315000000,1769796406315000000,6
FilePageCacheLockFree.totalPagesHandedOver,1769796346315000000,1769796406315000000,0
FilePageCacheLockFree.totalBytesRequested,1769796346315000000,1769796406315000000,0
FilePageCacheLockFree.totalPagesWritten,1769796346315000000,1769796406315000000,0
DirectByteBufferAllocator.totalSizeOfBuffersAllocatedInBytes,1769796346315000000,1769796406315000000,167796736
FilePageCache.capacityInBytes,1769796346315000000,1769796406315000000,503316478
StorageLockContext.competingThreads.max,1769796346315000000,1769796406315000000,0
FilePageCacheLockFree.housekeeperTimeSpentMs,1769796346315000000,1769796406315000000,0
FilePageCache.pageLoadsAboveSizeThreshold,1769796346315000000,1769796406315000000,0
FilePageCache.pageFastCacheHits,1769796346315000000,1769796406315000000,280
FilePageCacheLockFree.totalNativeBytesReclaimed,1769796346315000000,1769796406315000000,0
MappedFileStorage.totalTimeSpentOnMappingUs,1769796346315000000,1769796406315000000,12432
FilePageCacheLockFree.heapBytesInUse,1769796346315000000,1769796406315000000,0
FileChannelInterruptsRetryer.totalRetriedAttempts,1769796346315000000,1769796406315000000,0
MappedFileStorage.totalPagesMapped,1769796346315000000,1769796406315000000,22
FilePageCacheLockFree.totalPagesWriteMs,1769796346315000000,1769796406315000000,0
StreamlinedBlobStorage.totalLiveRecordsPayloadBytes,1769796346315000000,1769796406315000000,0
FilePageCacheLockFree.nativeBytesInUse,1769796346315000000,1769796406315000000,0
FilePageCache.maxCacheSizeInBytes,1769796346315000000,1769796406315000000,167796736
FilePageCacheLockFree.totalPagesReclaimed,1769796346315000000,1769796406315000000,0
FilePageCacheLockFree.totalNativeBytesAllocated,1769796346315000000,1769796406315000000,0
FilePageCache.pageLoads,1769796346315000000,1769796406315000000,0
FilePageCacheLockFree.totalPagesRequested,1769796346315000000,1769796406315000000,0
FilePageCache.maxRegisteredFiles,1769796346315000000,1769796406315000000,252
FilePageCacheLockFree.totalHeapBytesReclaimed,1769796346315000000,1769796406315000000,0
FilePageCacheLockFree.totalPagesAllocated,1769796346315000000,1769796406315000000,0
FilePageCacheLockFree.totalPagesRequestsMs,1769796346315000000,1769796406315000000,0
StreamlinedBlobStorage.recordsDeleted,1769796346315000000,1769796406315000000,0
FilePageCacheLockFree.totalClosedStoragesReclaimed,1769796346315000000,1769796406315000000,0
DirectByteBufferAllocator.disposed,1769796346315000000,1769796406315000000,0
FilePageCacheLockFree.totalBytesWritten,1769796346315000000,1769796406315000000,0
IndexesFlusher.totalFlushingTimeUs,1769796346315000000,1769796406315000000,35077
Indexes.stubs.lookups,1769796346315000000,1769796406315000000,8
Indexes.entries.lookups,1769796346315000000,1769796406315000000,144
Indexing.writer_3.totalTimeSpentWritingMs,1769796346315000000,1769796406315000000,0
Indexes.entries.lookupDuration90PMs,1769796346315000000,1769796406315000000,0.0
Indexing.cache.totalCacheAccesses,1769796346315000000,1769796406315000000,348
Indexes.allKeys.lookups,1769796346315000000,1769796406315000000,0
Indexing.cache.totalCacheEvicted,1769796346315000000,1769796406315000000,337
Indexes.entries.lookupDurationAvgMs,1769796346315000000,1769796406315000000,0.0
Indexing.writer_1.totalTimeSpentWritingMs,1769796346315000000,1769796406315000000,0
Indexes.allKeys.lookupDuration90PMs,1769796346315000000,1769796406315000000,0.0
IndexesFlusher.totalFlushes,1769796346315000000,1769796406315000000,60
Indexes.stubs.lookupDurationAvgMs,1769796346315000000,1769796406315000000,0.0
Indexing.writer_0.totalTimeSpentWritingMs,1769796346315000000,1769796406315000000,0
Indexing.cache.totalCacheMisses,1769796346315000000,1769796406315000000,89
Indexing.totalTimeIndexersSleptMs,1769796346315000000,1769796406315000000,0
Indexing.writer_2.totalTimeSpentWritingMs,1769796346315000000,1769796406315000000,0
Indexes.stubs.lookupDurationMaxMs,1769796346315000000,1769796406315000000,0.0
Indexes.stubs.lookupDuration90PMs,1769796346315000000,1769796406315000000,0.0
Indexes.allKeys.lookupDurationAvgMs,1769796346315000000,1769796406315000000,0.0
Indexing.writesQueuedMax,1769796346315000000,1769796406315000000,0
IndexesFlusher.totalFlushesRetried,1769796346315000000,1769796406315000000,0
Indexing.writesQueuedMin,1769796346315000000,1769796406315000000,9223372036854775807
Indexes.entries.lookupDurationMaxMs,1769796346315000000,1769796406315000000,0.0
Indexes.allKeys.lookupDurationMaxMs,1769796346315000000,1769796406315000000,0.0
IndexesFlusher.totalContentionQuotaSpent,1769796346315000000,1769796406315000000,0
WriteAction.executionsCount,1769796346315000000,1769796406315000000,13
AWTEventQueue.dispatchTimeMaxNs,1769796346315000000,1769796406315000000,0
FlushQueue.queueSizeMax,1769796346315000000,1769796406315000000,0
AWTEventQueue.dispatchTimeTotalNS,1769796346315000000,1769796406315000000,628029371
FlushQueue.queueSize90P,1769796346315000000,1769796406315000000,0
FlushQueue.tasksExecuted,1769796346315000000,1769796406315000000,0
NonBlockingReadAction.failedExecutionTimeUs,1769796346315000000,1769796406315000000,0
NonBlockingReadAction.finalizedExecutionsCount,1769796346315000000,1769796406315000000,215
ReadAction.executionsCount,1769796346315000000,1769796406315000000,96725
FlushQueue.queueSizeAvg,1769796346315000000,1769796406315000000,0.0
NonBlockingReadAction.finalizedExecutionTimeUs,1769796346315000000,1769796406315000000,29203
FlushQueue.waitingTimeAvgNs,1769796346315000000,1769796406315000000,0.0
FlushQueue.waitingTimeMaxNs,1769796346315000000,1769796406315000000,0
FlushQueue.waitingTime90PNs,1769796346315000000,1769796406315000000,0
NonBlockingReadAction.failedExecutionsCount,1769796346315000000,1769796406315000000,0
FlushQueue.executionTime90PNs,1769796346315000000,1769796406315000000,0
AWTEventQueue.dispatchTime90PNs,1769796346315000000,1769796406315000000,0
FlushQueue.executionTimeMaxNs,1769796346315000000,1769796406315000000,0
FlushQueue.executionTimeAvgNs,1769796346315000000,1769796406315000000,0.0
AWTEventQueue.dispatchTimeAvgNs,1769796346315000000,1769796406315000000,0.0
AWTEventQueue.eventsDispatched,1769796346315000000,1769796406315000000,0
JVM.totalBytesAllocated,1769796346315000000,1769796406315000000,1067564352
JVM.threadCount,1769796346315000000,1769796406315000000,79
JVM.totalTimeAtSafepointsMs,1769796346315000000,1769796406315000000,29
JVM.GC.collections,1769796346315000000,1769796406315000000,1
OS.loadAverage,1769796346315000000,1769796406315000000,2.70068359375
JVM.totalTimeToSafepointsMs,1769796346315000000,1769796406315000000,0
JVM.maxHeapBytes,1769796346315000000,1769796406315000000,4196401152
JVM.newThreadsCount,1769796346315000000,1769796406315000000,8
JVM.totalDirectByteBuffersBytes,1769796346315000000,1769796406315000000,168095189
JVM.totalSafepointCount,1769796346315000000,1769796406315000000,16
JVM.totalCpuTimeMs,1769796346315000000,1769796406315000000,7650
JVM.usedHeapBytes,1769796346315000000,1769796406315000000,1078984704
JVM.GC.collectionTimesMs,1769796346315000000,1769796406315000000,29
JVM.maxThreadCount,1769796346315000000,1769796406315000000,145
JVM.usedNativeBytes,1769796346315000000,1769796406315000000,463194536
cacheStateStorage.get.counter,1769796346315000000,1769796406315000000,0
cacheStateStorage.get.duration,1769796346315000000,1769796406315000000,0
cacheStateStorage.set.duration,1769796346315000000,1769796406315000000,0
cacheStateStorage.set.counter,1769796346315000000,1769796406315000000,0
workspaceModel.workspaceFileIndexData.getDirectoriesByPackageName.ms,1769796346315000000,1769796406315000000,0
workspaceModel.entityStorageSnapshotImpl.instances.count,1769796346315000000,1769796406315000000,0
workspaceModel.cachedValueWithParameters.total.get.count,1769796346315000000,1769796406315000000,0
workspaceModel.update.unloaded.entities.ms,1769796346315000000,1769796406315000000,0
workspaceModel.to.snapshot.ms,1769796346315000000,1769796406315000000,0
workspaceModel.workspaceFileIndexData.instances.count,1769796346315000000,1769796406315000000,0
workspaceModel.workspaceFileIndexData.init.ms,1769796346315000000,1769796406315000000,0
workspaceModel.pre.handlers.ms,1769796346315000000,1769796406315000000,0
workspaceModel.collect.changes.ms,1769796346315000000,1769796406315000000,0
workspaceModel.cachedValueWithParameters.calculated.count,1769796346315000000,1769796406315000000,0
workspaceModel.workspaceFileIndexData.visitFileSets.ms,1769796346315000000,1769796406315000000,0
workspaceModel.updates.count,1769796346315000000,1769796406315000000,0
workspaceModel.workspaceFileIndexData.updateDirtyEntities.ms,1769796346315000000,1769796406315000000,0
workspaceModel.workspaceFileIndexData.getPackageName.ms,1769796346315000000,1769796406315000000,0
workspaceModel.initializing.ms,1769796346315000000,1769796406315000000,0
workspaceModel.workspaceFileIndexData.markDirty.ms,1769796346315000000,1769796406315000000,0
workspaceModel.full.replace.project.model.ms,1769796346315000000,1769796406315000000,0
workspaceModel.on.before.changed.ms,1769796346315000000,1769796406315000000,0
workspaceModel.replace.project.model.ms,1769796346315000000,1769796406315000000,0
workspaceModel.workspaceFileIndexData.onEntitiesChanged.ms,1769796346315000000,1769796406315000000,0
workspaceModel.updates.ms,1769796346315000000,1769796406315000000,0
workspaceModel.on.changed.ms,1769796346315000000,1769796406315000000,0
workspaceModel.workspaceFileIndexData.getFileInfo.ms,1769796346315000000,1769796406315000000,32
workspaceModel.workspaceFileIndexContributor.registerFileSets.ms,1769796346315000000,1769796406315000000,0
workspaceModel.loading.total.ms,1769796346315000000,1769796406315000000,0
workspaceModel.init.bridges.ms,1769796346315000000,1769796406315000000,0
workspaceModel.updates.precise.ms,1769796346315000000,1769796406315000000,0
workspaceModel.cachedValueWithParameters.from.cache.count,1769796346315000000,1769796406315000000,0
workspaceModel.cachedValue.from.cache.count,1769796346315000000,1769796406315000000,20958
workspaceModel.cachedValue.calculated.count,1769796346315000000,1769796406315000000,0
workspaceModel.check.recursive.update.ms,1769796346315000000,1769796406315000000,0
workspaceModel.cachedValueWithParameters.clear.count,1769796346315000000,1769796406315000000,0
workspaceModel.cachedValue.total.get.count,1769796346315000000,1769796406315000000,20958
workspaceModel.workspaceFileIndexData.processFileSets.ms,1769796346315000000,1769796406315000000,0
workspaceModel.cachedValue.clear.count,1769796346315000000,1769796406315000000,0
workspaceModel.loading.from.cache.ms,1769796346315000000,1769796406315000000,0
lexer.HTML.size.bytes,1769796346315000000,1769796406315000000,4218
DiskQueryRelay.tasksExecuted,1769796346315000000,1769796406315000000,58
writeAction.max.wait.ms,1769796346315000000,1769796406315000000,345
writeAction.wait.ms,1769796346315000000,1769796406315000000,0
lexer.HTML.time.ns,1769796346315000000,1769796406315000000,535896
DiskQueryRelay.taskWaitingTotalTimeUs,1769796346315000000,1769796406315000000,958
DiskQueryRelay.taskExecutionTotalTimeUs,1769796346315000000,1769796406315000000,949
parser.HTML.time.ns,1769796346315000000,1769796406315000000,939990
DiskQueryRelay.tasksRequested,1769796346315000000,1769796406315000000,58
lexer.Python.time.ns,1769796346315000000,1769796406315000000,10263110
writeAction.count,1769796346315000000,1769796406315000000,13
lexer.Python.size.bytes,1769796346315000000,1769796406315000000,82728
parser.Python.time.ns,1769796346315000000,1769796406315000000,33896138
writeAction.median.wait.ms,1769796346315000000,1769796406315000000,400
parser.Python.size.bytes,1769796346315000000,1769796406315000000,82728
parser.HTML.size.bytes,1769796346315000000,1769796406315000000,4218
workspaceModel.mutableEntityStorage.apply.changes.from.ms,1769796346315000000,1769796406315000000,0
workspaceModel.mutableEntityStorage.remove.entity.ms,1769796346315000000,1769796406315000000,0
jps.global.initialize.library.bridges.ms,1769796346315000000,1769796406315000000,0
jps.artifact.entities.serializer.save.entities.ms,1769796346315000000,1769796406315000000,0
jps.project.serializers.load.ms,1769796346315000000,1769796406315000000,0
jps.app.storage.content.writer.save.component.ms,1769796346315000000,1769796406315000000,1
jps.save.global.entities.ms,1769796346315000000,1769796406315000000,2
workspaceModel.mutableEntityStorage.replace.by.source.ms,1769796346315000000,1769796406315000000,0
workspaceModel.global.apply.state.to.project.builder.ms,1769796346315000000,1769796406315000000,0
jps.facet.change.listener.before.change.events.ms,1769796346315000000,1769796406315000000,0
workspaceModel.mutableEntityStorage.changeLog.addReplaceEventForNewParent.ms,1769796346315000000,1769796406315000000,0
workspaceModel.save.cache.to.file.ms,1769796346315000000,1769796406315000000,0
jps.project.serializers.save.ms,1769796346315000000,1769796406315000000,0
jps.global.get.library.ms,1769796346315000000,1769796406315000000,0
workspaceModel.mutableEntityStorage.referrers.ms,1769796346315000000,1769796406315000000,0
jps.global.get.libraries.ms,1769796346315000000,1769796406315000000,0
jps.global.handle.changed.events.ms,1769796346315000000,1769796406315000000,0
workspaceModel.mutableEntityStorage.put.entity.ms,1769796346315000000,1769796406315000000,0
workspaceModel.mutableEntityStorage.entities.ms,1769796346315000000,1769796406315000000,0
workspaceModel.moduleBridge.before.changed.ms,1769796346315000000,1769796406315000000,0
workspaceModel.moduleManagerBridge.get.modules.ms,1769796346315000000,1769796406315000000,0
jps.load.initial.state.ms,1769796346315000000,1769796406315000000,0
workspaceModel.delayed.project.synchronizer.sync.ms,1769796346315000000,1769796406315000000,0
jps.facet.change.listener.init.bridge.ms,1769796346315000000,1769796406315000000,0
jps.library.entities.serializer.load.entities.ms,1769796346315000000,1769796406315000000,0
jps.storage.jps.conf.reader.load.component.ms,1769796346315000000,1769796406315000000,0
jps.facet.change.listener.process.change.events.ms,1769796346315000000,1769796406315000000,0
jps.artifact.entities.serializer.load.entities.ms,1769796346315000000,1769796406315000000,0
jps.apply.loaded.storage.ms,1769796346315000000,1769796406315000000,0
jps.reload.project.entities.ms,1769796346315000000,1769796406315000000,0
workspaceModel.moduleManagerBridge.new.nonPersistent.module.ms,1769796346315000000,1769796406315000000,0
workspaceModel.mutableEntityStorage.changeLog.addReplaceEventForRemovedChild.ms,1769796346315000000,1769796406315000000,0
workspaceModel.mutableEntityStorage.entities.by.source.ms,1769796346315000000,1769796406315000000,0
workspaceModel.mutableEntityStorage.instances.count,1769796346315000000,1769796406315000000,0
jps.global.get.library.by.name.ms,1769796346315000000,1769796406315000000,0
workspaceModel.mutableEntityStorage.resolve.ms,1769796346315000000,1769796406315000000,0
workspaceModel.mutableEntityStorage.mutable.ext.mapping.ms,1769796346315000000,1769796406315000000,0
workspaceModel.moduleManagerBridge.create.module.instance.ms,1769796346315000000,1769796406315000000,0
workspaceModel.moduleBridgeLoader.loading.modules.ms,1769796346315000000,1769796406315000000,0
workspaceModel.moduleManagerBridge.set.unloadedModules.ms,1769796346315000000,1769796406315000000,0
workspaceModel.moduleBridge.update.option.ms,1769796346315000000,1769796406315000000,0
workspaceModel.mutableEntityStorage.add.entity.ms,1769796346315000000,1769796406315000000,0
workspaceModel.moduleManagerBridge.newModule.ms,1769796346315000000,1769796406315000000,0
jps.global.initialize.library.bridges.after.loading.ms,1769796346315000000,1769796406315000000,0
workspaceModel.global.apply.state.to.project.ms,1769796346315000000,1769796406315000000,0
workspaceModel.global.updates.ms,1769796346315000000,1769796406315000000,0
jps.app.storage.content.reader.load.component.ms,1769796346315000000,1769796406315000000,0
jps.save.changed.project.entities.ms,1769796346315000000,1769796406315000000,0
jps.module.iml.entities.serializer.save.entities.ms,1769796346315000000,1769796406315000000,0
jps.global.handle.before.change.events.ms,1769796346315000000,1769796406315000000,0
workspaceModel.global.updates.count,1769796346315000000,1769796406315000000,0
jps.module.iml.entities.serializer.load.entities.ms,1769796346315000000,1769796406315000000,0
jps.load.project.to.empty.storage.ms,1769796346315000000,1769796406315000000,0
workspaceModel.mutableEntityStorage.collect.changes.ms,1769796346315000000,1769796406315000000,0
workspaceModel.do.save.caches.ms,1769796346315000000,1769796406315000000,0
workspaceModel.moduleBridge.facet.initialization.ms,1769796346315000000,1769796406315000000,0
jps.library.entities.serializer.save.entities.ms,1769796346315000000,1769796406315000000,0
workspaceModel.mutableEntityStorage.has.same.entities.ms,1769796346315000000,1769796406315000000,0
workspaceModel.mutableEntityStorage.modify.entity.ms,1769796346315000000,1769796406315000000,0
workspaceModel.load.cache.metadata.from.file.ms,1769796346315000000,1769796406315000000,0
workspaceModel.load.cache.from.file.ms,1769796346315000000,1769796406315000000,0
workspaceModel.sync.entities.ms,1769796346315000000,1769796406315000000,0
workspaceModel.mutableEntityStorage.changeLog.addReplaceEventForRemovedParent.ms,1769796346315000000,1769796406315000000,0
workspaceModel.mutableEntityStorage.changeLog.addReplaceEventForNewChild.ms,1769796346315000000,1769796406315000000,0
workspaceModel.mutableEntityStorage.to.snapshot.ms,1769796346315000000,1769796406315000000,0
jps.module.dependency.index.workspace.model.listener.on.changed.ms,1769796346315000000,1769796406315000000,0
workspaceModel.moduleManagerBridge.load.all.modules.ms,1769796346315000000,1769796406315000000,0
workspaceModel.moduleManagerBridge.load.module.ms,1769796346315000000,1769796406315000000,0
workspaceModel.moduleManagerBridge.build.module.graph.ms,1769796346315000000,1769796406315000000,0
workspaceModel.mutableEntityStorage.mutable.vfurl.index.ms,1769796346315000000,1769796406315000000,0
workspaceModel.orphan.listener.update.ms,1769796346315000000,1769796406315000000,0
VFS.contentStorage.recordsRead,1769796346315000000,1769796406315000000,73
FileNameCache.queries,1769796346315000000,1769796406315000000,4420544
VFS.contentStorage.recordsStored,1769796346315000000,1769796406315000000,1
VFS.fileByIdCache.hits,1769796346315000000,1769796406315000000,0
VFS.contentStorage.recordsReadDecompressed,1769796346315000000,1769796406315000000,0
VFS.fileByIdCache.misses,1769796346315000000,1769796406315000000,6640
VFS.contentStorage.recordsStoredSize,1769796346315000000,1769796406315000000,5885
VFS.contentStorage.recordsStoredCompressed,1769796346315000000,1769796406315000000,0
VFS.contentStorage.recordsDeduplicated,1769796346315000000,1769796406315000000,0
VFS.invertedFileNameIndex.requests,1769796346315000000,1769796406315000000,0
VFS.contentStorage.recordsDecompressionTimeUs,1769796346315000000,1769796406315000000,0
VFS.contentStorage.recordsReadSize,1769796346315000000,1769796406315000000,309916
FileNameCache.totalMisses,1769796346315000000,1769796406315000000,0
VFS.fileChildByName,1769796346315000000,1769796406315000000,18282
VFS.contentStorage.recordsUncompressedSize,1769796346315000000,1769796406315000000,5885
model.items.0,1769796346315000000,1769796406315000000,5
sorting.items.0,1769796346315000000,1769796406315000000,5
sorting.time.0,1769796346315000000,1769796406315000000,1
reordered.by.ml,1769796346315000000,1769796406315000000,5
FilePageCacheLockFree.housekeeperTurnsSkipped,1769796406315000000,1769796466315000000,0
DirectByteBufferAllocator.reclaimed,1769796406315000000,1769796466315000000,0
StorageLockContext.competingThreads.avg,1769796406315000000,1769796466315000000,0.0
FilePageCacheLockFree.housekeeperTurnsDone,1769796406315000000,1769796466315000000,0
FilePageCache.totalPageLoadsUs,1769796406315000000,1769796466315000000,0
StreamlinedBlobStorage.recordsRelocated,1769796406315000000,1769796466315000000,0
StorageLockContext.competingThreads.90P,1769796406315000000,1769796466315000000,0
FilePageCache.disposedBuffers,1769796406315000000,1769796466315000000,0
MappedFileStorage.totalBytesMapped,1769796406315000000,1769796466315000000,278134784
FilePageCacheLockFree.totalHeapBytesAllocated,1769796406315000000,1769796466315000000,0
FilePageCacheLockFree.totalPagesReadMs,1769796406315000000,1769796466315000000,0
FilePageCacheLockFree.totalPageAllocationsWaited,1769796406315000000,1769796466315000000,0
FilePageCacheLockFree.totalBytesRead,1769796406315000000,1769796466315000000,0
FilePageCache.totalPageDisposalsUs,1769796406315000000,1769796466315000000,0
FilePageCache.pageHits,1769796406315000000,1769796466315000000,0
MappedFileStorage.storages,1769796406315000000,1769796466315000000,16
StreamlinedBlobStorage.recordsAllocated,1769796406315000000,1769796466315000000,0
DirectByteBufferAllocator.misses,1769796406315000000,1769796466315000000,0
DirectByteBufferAllocator.hits,1769796406315000000,1769796466315000000,0
DirectByteBufferAllocator.totalSizeOfBuffersCachedInBytes,1769796406315000000,1769796466315000000,0
StreamlinedBlobStorage.totalLiveRecordsCapacityBytes,1769796406315000000,1769796466315000000,0
FilePageCache.uncachedFileAccess,1769796406315000000,1769796466315000000,0
FilePageCacheLockFree.totalPagesHandedOver,1769796406315000000,1769796466315000000,0
FilePageCacheLockFree.totalBytesRequested,1769796406315000000,1769796466315000000,0
FilePageCacheLockFree.totalPagesWritten,1769796406315000000,1769796466315000000,0
DirectByteBufferAllocator.totalSizeOfBuffersAllocatedInBytes,1769796406315000000,1769796466315000000,167796736
FilePageCache.capacityInBytes,1769796406315000000,1769796466315000000,503316478
StorageLockContext.competingThreads.max,1769796406315000000,1769796466315000000,0
FilePageCacheLockFree.housekeeperTimeSpentMs,1769796406315000000,1769796466315000000,0
FilePageCache.pageLoadsAboveSizeThreshold,1769796406315000000,1769796466315000000,0
FilePageCache.pageFastCacheHits,1769796406315000000,1769796466315000000,0
FilePageCacheLockFree.totalNativeBytesReclaimed,1769796406315000000,1769796466315000000,0
MappedFileStorage.totalTimeSpentOnMappingUs,1769796406315000000,1769796466315000000,12432
FilePageCacheLockFree.heapBytesInUse,1769796406315000000,1769796466315000000,0
FileChannelInterruptsRetryer.totalRetriedAttempts,1769796406315000000,1769796466315000000,0
MappedFileStorage.totalPagesMapped,1769796406315000000,1769796466315000000,22
FilePageCacheLockFree.totalPagesWriteMs,1769796406315000000,1769796466315000000,0
StreamlinedBlobStorage.totalLiveRecordsPayloadBytes,1769796406315000000,1769796466315000000,0
FilePageCacheLockFree.nativeBytesInUse,1769796406315000000,1769796466315000000,0
FilePageCache.maxCacheSizeInBytes,1769796406315000000,1769796466315000000,167796736
FilePageCacheLockFree.totalPagesReclaimed,1769796406315000000,1769796466315000000,0
FilePageCacheLockFree.totalNativeBytesAllocated,1769796406315000000,1769796466315000000,0
FilePageCache.pageLoads,1769796406315000000,1769796466315000000,0
FilePageCacheLockFree.totalPagesRequested,1769796406315000000,1769796466315000000,0
FilePageCache.maxRegisteredFiles,1769796406315000000,1769796466315000000,252
FilePageCacheLockFree.totalHeapBytesReclaimed,1769796406315000000,1769796466315000000,0
FilePageCacheLockFree.totalPagesAllocated,1769796406315000000,1769796466315000000,0
FilePageCacheLockFree.totalPagesRequestsMs,1769796406315000000,1769796466315000000,0
StreamlinedBlobStorage.recordsDeleted,1769796406315000000,1769796466315000000,0
FilePageCacheLockFree.totalClosedStoragesReclaimed,1769796406315000000,1769796466315000000,0
DirectByteBufferAllocator.disposed,1769796406315000000,1769796466315000000,0
FilePageCacheLockFree.totalBytesWritten,1769796406315000000,1769796466315000000,0
IndexesFlusher.totalFlushingTimeUs,1769796406315000000,1769796466315000000,29469
Indexes.stubs.lookups,1769796406315000000,1769796466315000000,0
Indexes.entries.lookups,1769796406315000000,1769796466315000000,0
Indexing.writer_3.totalTimeSpentWritingMs,1769796406315000000,1769796466315000000,0
Indexes.entries.lookupDuration90PMs,1769796406315000000,1769796466315000000,0.0
Indexing.cache.totalCacheAccesses,1769796406315000000,1769796466315000000,0
Indexes.allKeys.lookups,1769796406315000000,1769796466315000000,0
Indexing.cache.totalCacheEvicted,1769796406315000000,1769796466315000000,0
Indexes.entries.lookupDurationAvgMs,1769796406315000000,1769796466315000000,0.0
Indexing.writer_1.totalTimeSpentWritingMs,1769796406315000000,1769796466315000000,0
Indexes.allKeys.lookupDuration90PMs,1769796406315000000,1769796466315000000,0.0
IndexesFlusher.totalFlushes,1769796406315000000,1769796466315000000,60
Indexes.stubs.lookupDurationAvgMs,1769796406315000000,1769796466315000000,0.0
Indexing.writer_0.totalTimeSpentWritingMs,1769796406315000000,1769796466315000000,0
Indexing.cache.totalCacheMisses,1769796406315000000,1769796466315000000,0
Indexing.totalTimeIndexersSleptMs,1769796406315000000,1769796466315000000,0
Indexing.writer_2.totalTimeSpentWritingMs,1769796406315000000,1769796466315000000,0
Indexes.stubs.lookupDurationMaxMs,1769796406315000000,1769796466315000000,0.0
Indexes.stubs.lookupDuration90PMs,1769796406315000000,1769796466315000000,0.0
Indexes.allKeys.lookupDurationAvgMs,1769796406315000000,1769796466315000000,0.0
Indexing.writesQueuedMax,1769796406315000000,1769796466315000000,0
IndexesFlusher.totalFlushesRetried,1769796406315000000,1769796466315000000,0
Indexing.writesQueuedMin,1769796406315000000,1769796466315000000,9223372036854775807
Indexes.entries.lookupDurationMaxMs,1769796406315000000,1769796466315000000,0.0
Indexes.allKeys.lookupDurationMaxMs,1769796406315000000,1769796466315000000,0.0
IndexesFlusher.totalContentionQuotaSpent,1769796406315000000,1769796466315000000,0
WriteAction.executionsCount,1769796406315000000,1769796466315000000,0
AWTEventQueue.dispatchTimeMaxNs,1769796406315000000,1769796466315000000,0
FlushQueue.queueSizeMax,1769796406315000000,1769796466315000000,0
AWTEventQueue.dispatchTimeTotalNS,1769796406315000000,1769796466315000000,69328054
FlushQueue.queueSize90P,1769796406315000000,1769796466315000000,0
FlushQueue.tasksExecuted,1769796406315000000,1769796466315000000,0
NonBlockingReadAction.failedExecutionTimeUs,1769796406315000000,1769796466315000000,0
NonBlockingReadAction.finalizedExecutionsCount,1769796406315000000,1769796466315000000,2
ReadAction.executionsCount,1769796406315000000,1769796466315000000,12636
FlushQueue.queueSizeAvg,1769796406315000000,1769796466315000000,0.0
NonBlockingReadAction.finalizedExecutionTimeUs,1769796406315000000,1769796466315000000,529
FlushQueue.waitingTimeAvgNs,1769796406315000000,1769796466315000000,0.0
FlushQueue.waitingTimeMaxNs,1769796406315000000,1769796466315000000,0
FlushQueue.waitingTime90PNs,1769796406315000000,1769796466315000000,0
NonBlockingReadAction.failedExecutionsCount,1769796406315000000,1769796466315000000,0
FlushQueue.executionTime90PNs,1769796406315000000,1769796466315000000,0
AWTEventQueue.dispatchTime90PNs,1769796406315000000,1769796466315000000,0
FlushQueue.executionTimeMaxNs,1769796406315000000,1769796466315000000,0
FlushQueue.executionTimeAvgNs,1769796406315000000,1769796466315000000,0.0
AWTEventQueue.dispatchTimeAvgNs,1769796406315000000,1769796466315000000,0.0
AWTEventQueue.eventsDispatched,1769796406315000000,1769796466315000000,0
JVM.totalBytesAllocated,1769796406315000000,1769796466315000000,102275928
JVM.threadCount,1769796406315000000,1769796466315000000,57
JVM.totalTimeAtSafepointsMs,1769796406315000000,1769796466315000000,0
JVM.GC.collections,1769796406315000000,1769796466315000000,0
OS.loadAverage,1769796406315000000,1769796466315000000,2.00927734375
JVM.totalTimeToSafepointsMs,1769796406315000000,1769796466315000000,1
JVM.maxHeapBytes,1769796406315000000,1769796466315000000,4196401152
JVM.newThreadsCount,1769796406315000000,1769796466315000000,0
JVM.totalDirectByteBuffersBytes,1769796406315000000,1769796466315000000,167973154
JVM.totalSafepointCount,1769796406315000000,1769796466315000000,3
JVM.totalCpuTimeMs,1769796406315000000,1769796466315000000,810
JVM.usedHeapBytes,1769796406315000000,1769796466315000000,1181745152
JVM.GC.collectionTimesMs,1769796406315000000,1769796466315000000,0
JVM.maxThreadCount,1769796406315000000,1769796466315000000,145
JVM.usedNativeBytes,1769796406315000000,1769796466315000000,463342088
cacheStateStorage.get.counter,1769796406315000000,1769796466315000000,0
cacheStateStorage.get.duration,1769796406315000000,1769796466315000000,0
cacheStateStorage.set.duration,1769796406315000000,1769796466315000000,0
cacheStateStorage.set.counter,1769796406315000000,1769796466315000000,0
workspaceModel.workspaceFileIndexData.getDirectoriesByPackageName.ms,1769796406315000000,1769796466315000000,0
workspaceModel.entityStorageSnapshotImpl.instances.count,1769796406315000000,1769796466315000000,0
workspaceModel.cachedValueWithParameters.total.get.count,1769796406315000000,1769796466315000000,0
workspaceModel.update.unloaded.entities.ms,1769796406315000000,1769796466315000000,0
workspaceModel.to.snapshot.ms,1769796406315000000,1769796466315000000,0
workspaceModel.workspaceFileIndexData.instances.count,1769796406315000000,1769796466315000000,0
workspaceModel.workspaceFileIndexData.init.ms,1769796406315000000,1769796466315000000,0
workspaceModel.pre.handlers.ms,1769796406315000000,1769796466315000000,0
workspaceModel.collect.changes.ms,1769796406315000000,1769796466315000000,0
workspaceModel.cachedValueWithParameters.calculated.count,1769796406315000000,1769796466315000000,0
workspaceModel.workspaceFileIndexData.visitFileSets.ms,1769796406315000000,1769796466315000000,0
workspaceModel.updates.count,1769796406315000000,1769796466315000000,0
workspaceModel.workspaceFileIndexData.updateDirtyEntities.ms,1769796406315000000,1769796466315000000,0
workspaceModel.workspaceFileIndexData.getPackageName.ms,1769796406315000000,1769796466315000000,0
workspaceModel.initializing.ms,1769796406315000000,1769796466315000000,0
workspaceModel.workspaceFileIndexData.markDirty.ms,1769796406315000000,1769796466315000000,0
workspaceModel.full.replace.project.model.ms,1769796406315000000,1769796466315000000,0
workspaceModel.on.before.changed.ms,1769796406315000000,1769796466315000000,0
workspaceModel.replace.project.model.ms,1769796406315000000,1769796466315000000,0
workspaceModel.workspaceFileIndexData.onEntitiesChanged.ms,1769796406315000000,1769796466315000000,0
workspaceModel.updates.ms,1769796406315000000,1769796466315000000,0
workspaceModel.on.changed.ms,1769796406315000000,1769796466315000000,0
workspaceModel.workspaceFileIndexData.getFileInfo.ms,1769796406315000000,1769796466315000000,1
workspaceModel.workspaceFileIndexContributor.registerFileSets.ms,1769796406315000000,1769796466315000000,0
workspaceModel.loading.total.ms,1769796406315000000,1769796466315000000,0
workspaceModel.init.bridges.ms,1769796406315000000,1769796466315000000,0
workspaceModel.updates.precise.ms,1769796406315000000,1769796466315000000,0
workspaceModel.cachedValueWithParameters.from.cache.count,1769796406315000000,1769796466315000000,0
workspaceModel.cachedValue.from.cache.count,1769796406315000000,1769796466315000000,1
workspaceModel.cachedValue.calculated.count,1769796406315000000,1769796466315000000,0
workspaceModel.check.recursive.update.ms,1769796406315000000,1769796466315000000,0
workspaceModel.cachedValueWithParameters.clear.count,1769796406315000000,1769796466315000000,0
workspaceModel.cachedValue.total.get.count,1769796406315000000,1769796466315000000,1
workspaceModel.workspaceFileIndexData.processFileSets.ms,1769796406315000000,1769796466315000000,0
workspaceModel.cachedValue.clear.count,1769796406315000000,1769796466315000000,0
workspaceModel.loading.from.cache.ms,1769796406315000000,1769796466315000000,0
DiskQueryRelay.tasksExecuted,1769796406315000000,1769796466315000000,0
writeAction.max.wait.ms,1769796406315000000,1769796466315000000,345
writeAction.wait.ms,1769796406315000000,1769796466315000000,0
DiskQueryRelay.taskWaitingTotalTimeUs,1769796406315000000,1769796466315000000,0
DiskQueryRelay.taskExecutionTotalTimeUs,1769796406315000000,1769796466315000000,0
DiskQueryRelay.tasksRequested,1769796406315000000,1769796466315000000,0
writeAction.count,1769796406315000000,1769796466315000000,0
writeAction.median.wait.ms,1769796406315000000,1769796466315000000,400
workspaceModel.mutableEntityStorage.apply.changes.from.ms,1769796406315000000,1769796466315000000,0
workspaceModel.mutableEntityStorage.remove.entity.ms,1769796406315000000,1769796466315000000,0
jps.global.initialize.library.bridges.ms,1769796406315000000,1769796466315000000,0
jps.artifact.entities.serializer.save.entities.ms,1769796406315000000,1769796466315000000,0
jps.project.serializers.load.ms,1769796406315000000,1769796466315000000,0
jps.app.storage.content.writer.save.component.ms,1769796406315000000,1769796466315000000,0
jps.save.global.entities.ms,1769796406315000000,1769796466315000000,0
workspaceModel.mutableEntityStorage.replace.by.source.ms,1769796406315000000,1769796466315000000,0
workspaceModel.global.apply.state.to.project.builder.ms,1769796406315000000,1769796466315000000,0
jps.facet.change.listener.before.change.events.ms,1769796406315000000,1769796466315000000,0
workspaceModel.mutableEntityStorage.changeLog.addReplaceEventForNewParent.ms,1769796406315000000,1769796466315000000,0
workspaceModel.save.cache.to.file.ms,1769796406315000000,1769796466315000000,0
jps.project.serializers.save.ms,1769796406315000000,1769796466315000000,0
jps.global.get.library.ms,1769796406315000000,1769796466315000000,0
workspaceModel.mutableEntityStorage.referrers.ms,1769796406315000000,1769796466315000000,0
jps.global.get.libraries.ms,1769796406315000000,1769796466315000000,0
jps.global.handle.changed.events.ms,1769796406315000000,1769796466315000000,0
workspaceModel.mutableEntityStorage.put.entity.ms,1769796406315000000,1769796466315000000,0
workspaceModel.mutableEntityStorage.entities.ms,1769796406315000000,1769796466315000000,0
workspaceModel.moduleBridge.before.changed.ms,1769796406315000000,1769796466315000000,0
workspaceModel.moduleManagerBridge.get.modules.ms,1769796406315000000,1769796466315000000,0
jps.load.initial.state.ms,1769796406315000000,1769796466315000000,0
workspaceModel.delayed.project.synchronizer.sync.ms,1769796406315000000,1769796466315000000,0
jps.facet.change.listener.init.bridge.ms,1769796406315000000,1769796466315000000,0
jps.library.entities.serializer.load.entities.ms,1769796406315000000,1769796466315000000,0
jps.storage.jps.conf.reader.load.component.ms,1769796406315000000,1769796466315000000,0
jps.facet.change.listener.process.change.events.ms,1769796406315000000,1769796466315000000,0
jps.artifact.entities.serializer.load.entities.ms,1769796406315000000,1769796466315000000,0
jps.apply.loaded.storage.ms,1769796406315000000,1769796466315000000,0
jps.reload.project.entities.ms,1769796406315000000,1769796466315000000,0
workspaceModel.moduleManagerBridge.new.nonPersistent.module.ms,1769796406315000000,1769796466315000000,0
workspaceModel.mutableEntityStorage.changeLog.addReplaceEventForRemovedChild.ms,1769796406315000000,1769796466315000000,0
workspaceModel.mutableEntityStorage.entities.by.source.ms,1769796406315000000,1769796466315000000,0
workspaceModel.mutableEntityStorage.instances.count,1769796406315000000,1769796466315000000,0
jps.global.get.library.by.name.ms,1769796406315000000,1769796466315000000,0
workspaceModel.mutableEntityStorage.resolve.ms,1769796406315000000,1769796466315000000,0
workspaceModel.mutableEntityStorage.mutable.ext.mapping.ms,1769796406315000000,1769796466315000000,0
workspaceModel.moduleManagerBridge.create.module.instance.ms,1769796406315000000,1769796466315000000,0
workspaceModel.moduleBridgeLoader.loading.modules.ms,1769796406315000000,1769796466315000000,0
workspaceModel.moduleManagerBridge.set.unloadedModules.ms,1769796406315000000,1769796466315000000,0
workspaceModel.moduleBridge.update.option.ms,1769796406315000000,1769796466315000000,0
workspaceModel.mutableEntityStorage.add.entity.ms,1769796406315000000,1769796466315000000,0
workspaceModel.moduleManagerBridge.newModule.ms,1769796406315000000,1769796466315000000,0
jps.global.initialize.library.bridges.after.loading.ms,1769796406315000000,1769796466315000000,0
workspaceModel.global.apply.state.to.project.ms,1769796406315000000,1769796466315000000,0
workspaceModel.global.updates.ms,1769796406315000000,1769796466315000000,0
jps.app.storage.content.reader.load.component.ms,1769796406315000000,1769796466315000000,0
jps.save.changed.project.entities.ms,1769796406315000000,1769796466315000000,0
jps.module.iml.entities.serializer.save.entities.ms,1769796406315000000,1769796466315000000,0
jps.global.handle.before.change.events.ms,1769796406315000000,1769796466315000000,0
workspaceModel.global.updates.count,1769796406315000000,1769796466315000000,0
jps.module.iml.entities.serializer.load.entities.ms,1769796406315000000,1769796466315000000,0
jps.load.project.to.empty.storage.ms,1769796406315000000,1769796466315000000,0
workspaceModel.mutableEntityStorage.collect.changes.ms,1769796406315000000,1769796466315000000,0
workspaceModel.do.save.caches.ms,1769796406315000000,1769796466315000000,0
workspaceModel.moduleBridge.facet.initialization.ms,1769796406315000000,1769796466315000000,0
jps.library.entities.serializer.save.entities.ms,1769796406315000000,1769796466315000000,0
workspaceModel.mutableEntityStorage.has.same.entities.ms,1769796406315000000,1769796466315000000,0
workspaceModel.mutableEntityStorage.modify.entity.ms,1769796406315000000,1769796466315000000,0
workspaceModel.load.cache.metadata.from.file.ms,1769796406315000000,1769796466315000000,0
workspaceModel.load.cache.from.file.ms,1769796406315000000,1769796466315000000,0
workspaceModel.sync.entities.ms,1769796406315000000,1769796466315000000,0
workspaceModel.mutableEntityStorage.changeLog.addReplaceEventForRemovedParent.ms,1769796406315000000,1769796466315000000,0
workspaceModel.mutableEntityStorage.changeLog.addReplaceEventForNewChild.ms,1769796406315000000,1769796466315000000,0
workspaceModel.mutableEntityStorage.to.snapshot.ms,1769796406315000000,1769796466315000000,0
jps.module.dependency.index.workspace.model.listener.on.changed.ms,1769796406315000000,1769796466315000000,0
workspaceModel.moduleManagerBridge.load.all.modules.ms,1769796406315000000,1769796466315000000,0
workspaceModel.moduleManagerBridge.load.module.ms,1769796406315000000,1769796466315000000,0
workspaceModel.moduleManagerBridge.build.module.graph.ms,1769796406315000000,1769796466315000000,0
workspaceModel.mutableEntityStorage.mutable.vfurl.index.ms,1769796406315000000,1769796466315000000,0
workspaceModel.orphan.listener.update.ms,1769796406315000000,1769796466315000000,0
VFS.contentStorage.recordsRead,1769796406315000000,1769796466315000000,0
FileNameCache.queries,1769796406315000000,1769796466315000000,128
VFS.contentStorage.recordsStored,1769796406315000000,1769796466315000000,0
VFS.fileByIdCache.hits,1769796406315000000,1769796466315000000,0
VFS.contentStorage.recordsReadDecompressed,1769796406315000000,1769796466315000000,0
VFS.fileByIdCache.misses,1769796406315000000,1769796466315000000,0
VFS.contentStorage.recordsStoredSize,1769796406315000000,1769796466315000000,0
VFS.contentStorage.recordsStoredCompressed,1769796406315000000,1769796466315000000,0
VFS.contentStorage.recordsDeduplicated,1769796406315000000,1769796466315000000,0
VFS.invertedFileNameIndex.requests,1769796406315000000,1769796466315000000,0
VFS.contentStorage.recordsDecompressionTimeUs,1769796406315000000,1769796466315000000,0
VFS.contentStorage.recordsReadSize,1769796406315000000,1769796466315000000,0
FileNameCache.totalMisses,1769796406315000000,1769796466315000000,0
VFS.fileChildByName,1769796406315000000,1769796466315000000,80
VFS.contentStorage.recordsUncompressedSize,1769796406315000000,1769796466315000000,0
FilePageCacheLockFree.housekeeperTurnsSkipped,1769796466315000000,1769796526315000000,0
DirectByteBufferAllocator.reclaimed,1769796466315000000,1769796526315000000,0
StorageLockContext.competingThreads.avg,1769796466315000000,1769796526315000000,0.0
FilePageCacheLockFree.housekeeperTurnsDone,1769796466315000000,1769796526315000000,0
FilePageCache.totalPageLoadsUs,1769796466315000000,1769796526315000000,0
StreamlinedBlobStorage.recordsRelocated,1769796466315000000,1769796526315000000,0
StorageLockContext.competingThreads.90P,1769796466315000000,1769796526315000000,0
FilePageCache.disposedBuffers,1769796466315000000,1769796526315000000,0
MappedFileStorage.totalBytesMapped,1769796466315000000,1769796526315000000,278134784
FilePageCacheLockFree.totalHeapBytesAllocated,1769796466315000000,1769796526315000000,0
FilePageCacheLockFree.totalPagesReadMs,1769796466315000000,1769796526315000000,0
FilePageCacheLockFree.totalPageAllocationsWaited,1769796466315000000,1769796526315000000,0
FilePageCacheLockFree.totalBytesRead,1769796466315000000,1769796526315000000,0
FilePageCache.totalPageDisposalsUs,1769796466315000000,1769796526315000000,0
FilePageCache.pageHits,1769796466315000000,1769796526315000000,0
MappedFileStorage.storages,1769796466315000000,1769796526315000000,16
StreamlinedBlobStorage.recordsAllocated,1769796466315000000,1769796526315000000,0
DirectByteBufferAllocator.misses,1769796466315000000,1769796526315000000,0
DirectByteBufferAllocator.hits,1769796466315000000,1769796526315000000,0
DirectByteBufferAllocator.totalSizeOfBuffersCachedInBytes,1769796466315000000,1769796526315000000,0
StreamlinedBlobStorage.totalLiveRecordsCapacityBytes,1769796466315000000,1769796526315000000,0
FilePageCache.uncachedFileAccess,1769796466315000000,1769796526315000000,0
FilePageCacheLockFree.totalPagesHandedOver,1769796466315000000,1769796526315000000,0
FilePageCacheLockFree.totalBytesRequested,1769796466315000000,1769796526315000000,0
FilePageCacheLockFree.totalPagesWritten,1769796466315000000,1769796526315000000,0
DirectByteBufferAllocator.totalSizeOfBuffersAllocatedInBytes,1769796466315000000,1769796526315000000,167796736
FilePageCache.capacityInBytes,1769796466315000000,1769796526315000000,503316478
StorageLockContext.competingThreads.max,1769796466315000000,1769796526315000000,0
FilePageCacheLockFree.housekeeperTimeSpentMs,1769796466315000000,1769796526315000000,0
FilePageCache.pageLoadsAboveSizeThreshold,1769796466315000000,1769796526315000000,0
FilePageCache.pageFastCacheHits,1769796466315000000,1769796526315000000,0
FilePageCacheLockFree.totalNativeBytesReclaimed,1769796466315000000,1769796526315000000,0
MappedFileStorage.totalTimeSpentOnMappingUs,1769796466315000000,1769796526315000000,12432
FilePageCacheLockFree.heapBytesInUse,1769796466315000000,1769796526315000000,0
FileChannelInterruptsRetryer.totalRetriedAttempts,1769796466315000000,1769796526315000000,0
MappedFileStorage.totalPagesMapped,1769796466315000000,1769796526315000000,22
FilePageCacheLockFree.totalPagesWriteMs,1769796466315000000,1769796526315000000,0
StreamlinedBlobStorage.totalLiveRecordsPayloadBytes,1769796466315000000,1769796526315000000,0
FilePageCacheLockFree.nativeBytesInUse,1769796466315000000,1769796526315000000,0
FilePageCache.maxCacheSizeInBytes,1769796466315000000,1769796526315000000,167796736
FilePageCacheLockFree.totalPagesReclaimed,1769796466315000000,1769796526315000000,0
FilePageCacheLockFree.totalNativeBytesAllocated,1769796466315000000,1769796526315000000,0
FilePageCache.pageLoads,1769796466315000000,1769796526315000000,0
FilePageCacheLockFree.totalPagesRequested,1769796466315000000,1769796526315000000,0
FilePageCache.maxRegisteredFiles,1769796466315000000,1769796526315000000,252
FilePageCacheLockFree.totalHeapBytesReclaimed,1769796466315000000,1769796526315000000,0
FilePageCacheLockFree.totalPagesAllocated,1769796466315000000,1769796526315000000,0
FilePageCacheLockFree.totalPagesRequestsMs,1769796466315000000,1769796526315000000,0
StreamlinedBlobStorage.recordsDeleted,1769796466315000000,1769796526315000000,0
FilePageCacheLockFree.totalClosedStoragesReclaimed,1769796466315000000,1769796526315000000,0
DirectByteBufferAllocator.disposed,1769796466315000000,1769796526315000000,0
FilePageCacheLockFree.totalBytesWritten,1769796466315000000,1769796526315000000,0
IndexesFlusher.totalFlushingTimeUs,1769796466315000000,1769796526315000000,28702
Indexes.stubs.lookups,1769796466315000000,1769796526315000000,0
Indexes.entries.lookups,1769796466315000000,1769796526315000000,0
Indexing.writer_3.totalTimeSpentWritingMs,1769796466315000000,1769796526315000000,0
Indexes.entries.lookupDuration90PMs,1769796466315000000,1769796526315000000,0.0
Indexing.cache.totalCacheAccesses,1769796466315000000,1769796526315000000,0
Indexes.allKeys.lookups,1769796466315000000,1769796526315000000,0
Indexing.cache.totalCacheEvicted,1769796466315000000,1769796526315000000,0
Indexes.entries.lookupDurationAvgMs,1769796466315000000,1769796526315000000,0.0
Indexing.writer_1.totalTimeSpentWritingMs,1769796466315000000,1769796526315000000,0
Indexes.allKeys.lookupDuration90PMs,1769796466315000000,1769796526315000000,0.0
IndexesFlusher.totalFlushes,1769796466315000000,1769796526315000000,60
Indexes.stubs.lookupDurationAvgMs,1769796466315000000,1769796526315000000,0.0
Indexing.writer_0.totalTimeSpentWritingMs,1769796466315000000,1769796526315000000,0
Indexing.cache.totalCacheMisses,1769796466315000000,1769796526315000000,0
Indexing.totalTimeIndexersSleptMs,1769796466315000000,1769796526315000000,0
Indexing.writer_2.totalTimeSpentWritingMs,1769796466315000000,1769796526315000000,0
Indexes.stubs.lookupDurationMaxMs,1769796466315000000,1769796526315000000,0.0
Indexes.stubs.lookupDuration90PMs,1769796466315000000,1769796526315000000,0.0
Indexes.allKeys.lookupDurationAvgMs,1769796466315000000,1769796526315000000,0.0
Indexing.writesQueuedMax,1769796466315000000,1769796526315000000,0
IndexesFlusher.totalFlushesRetried,1769796466315000000,1769796526315000000,0
Indexing.writesQueuedMin,1769796466315000000,1769796526315000000,9223372036854775807
Indexes.entries.lookupDurationMaxMs,1769796466315000000,1769796526315000000,0.0
Indexes.allKeys.lookupDurationMaxMs,1769796466315000000,1769796526315000000,0.0
IndexesFlusher.totalContentionQuotaSpent,1769796466315000000,1769796526315000000,0
WriteAction.executionsCount,1769796466315000000,1769796526315000000,0
AWTEventQueue.dispatchTimeMaxNs,1769796466315000000,1769796526315000000,0
FlushQueue.queueSizeMax,1769796466315000000,1769796526315000000,0
AWTEventQueue.dispatchTimeTotalNS,1769796466315000000,1769796526315000000,61197260
FlushQueue.queueSize90P,1769796466315000000,1769796526315000000,0
FlushQueue.tasksExecuted,1769796466315000000,1769796526315000000,0
NonBlockingReadAction.failedExecutionTimeUs,1769796466315000000,1769796526315000000,0
NonBlockingReadAction.finalizedExecutionsCount,1769796466315000000,1769796526315000000,0
ReadAction.executionsCount,1769796466315000000,1769796526315000000,0
FlushQueue.queueSizeAvg,1769796466315000000,1769796526315000000,0.0
NonBlockingReadAction.finalizedExecutionTimeUs,1769796466315000000,1769796526315000000,0
FlushQueue.waitingTimeAvgNs,1769796466315000000,1769796526315000000,0.0
FlushQueue.waitingTimeMaxNs,1769796466315000000,1769796526315000000,0
FlushQueue.waitingTime90PNs,1769796466315000000,1769796526315000000,0
NonBlockingReadAction.failedExecutionsCount,1769796466315000000,1769796526315000000,0
FlushQueue.executionTime90PNs,1769796466315000000,1769796526315000000,0
AWTEventQueue.dispatchTime90PNs,1769796466315000000,1769796526315000000,0
FlushQueue.executionTimeMaxNs,1769796466315000000,1769796526315000000,0
FlushQueue.executionTimeAvgNs,1769796466315000000,1769796526315000000,0.0
AWTEventQueue.dispatchTimeAvgNs,1769796466315000000,1769796526315000000,0.0
AWTEventQueue.eventsDispatched,1769796466315000000,1769796526315000000,0
JVM.totalBytesAllocated,1769796466315000000,1769796526315000000,27817160
JVM.threadCount,1769796466315000000,1769796526315000000,53
JVM.totalTimeAtSafepointsMs,1769796466315000000,1769796526315000000,0
JVM.GC.collections,1769796466315000000,1769796526315000000,0
OS.loadAverage,1769796466315000000,1769796526315000000,2.01611328125
JVM.totalTimeToSafepointsMs,1769796466315000000,1769796526315000000,0
JVM.maxHeapBytes,1769796466315000000,1769796526315000000,4196401152
JVM.newThreadsCount,1769796466315000000,1769796526315000000,1
JVM.totalDirectByteBuffersBytes,1769796466315000000,1769796526315000000,167975661
JVM.totalSafepointCount,1769796466315000000,1769796526315000000,2
JVM.totalCpuTimeMs,1769796466315000000,1769796526315000000,660
JVM.usedHeapBytes,1769796466315000000,1769796526315000000,1209008128
JVM.GC.collectionTimesMs,1769796466315000000,1769796526315000000,0
JVM.maxThreadCount,1769796466315000000,1769796526315000000,145
JVM.usedNativeBytes,1769796466315000000,1769796526315000000,463433200
cacheStateStorage.get.counter,1769796466315000000,1769796526315000000,0
cacheStateStorage.get.duration,1769796466315000000,1769796526315000000,0
cacheStateStorage.set.duration,1769796466315000000,1769796526315000000,0
cacheStateStorage.set.counter,1769796466315000000,1769796526315000000,0
workspaceModel.workspaceFileIndexData.getDirectoriesByPackageName.ms,1769796466315000000,1769796526315000000,0
workspaceModel.entityStorageSnapshotImpl.instances.count,1769796466315000000,1769796526315000000,0
workspaceModel.cachedValueWithParameters.total.get.count,1769796466315000000,1769796526315000000,0
workspaceModel.update.unloaded.entities.ms,1769796466315000000,1769796526315000000,0
workspaceModel.to.snapshot.ms,1769796466315000000,1769796526315000000,0
workspaceModel.workspaceFileIndexData.instances.count,1769796466315000000,1769796526315000000,0
workspaceModel.workspaceFileIndexData.init.ms,1769796466315000000,1769796526315000000,0
workspaceModel.pre.handlers.ms,1769796466315000000,1769796526315000000,0
workspaceModel.collect.changes.ms,1769796466315000000,1769796526315000000,0
workspaceModel.cachedValueWithParameters.calculated.count,1769796466315000000,1769796526315000000,0
workspaceModel.workspaceFileIndexData.visitFileSets.ms,1769796466315000000,1769796526315000000,0
workspaceModel.updates.count,1769796466315000000,1769796526315000000,0
workspaceModel.workspaceFileIndexData.updateDirtyEntities.ms,1769796466315000000,1769796526315000000,0
workspaceModel.workspaceFileIndexData.getPackageName.ms,1769796466315000000,1769796526315000000,0
workspaceModel.initializing.ms,1769796466315000000,1769796526315000000,0
workspaceModel.workspaceFileIndexData.markDirty.ms,1769796466315000000,1769796526315000000,0
workspaceModel.full.replace.project.model.ms,1769796466315000000,1769796526315000000,0
workspaceModel.on.before.changed.ms,1769796466315000000,1769796526315000000,0
workspaceModel.replace.project.model.ms,1769796466315000000,1769796526315000000,0
workspaceModel.workspaceFileIndexData.onEntitiesChanged.ms,1769796466315000000,1769796526315000000,0
workspaceModel.updates.ms,1769796466315000000,1769796526315000000,0
workspaceModel.on.changed.ms,1769796466315000000,1769796526315000000,0
workspaceModel.workspaceFileIndexData.getFileInfo.ms,1769796466315000000,1769796526315000000,0
workspaceModel.workspaceFileIndexContributor.registerFileSets.ms,1769796466315000000,1769796526315000000,0
workspaceModel.loading.total.ms,1769796466315000000,1769796526315000000,0
workspaceModel.init.bridges.ms,1769796466315000000,1769796526315000000,0
workspaceModel.updates.precise.ms,1769796466315000000,1769796526315000000,0
workspaceModel.cachedValueWithParameters.from.cache.count,1769796466315000000,1769796526315000000,0
workspaceModel.cachedValue.from.cache.count,1769796466315000000,1769796526315000000,0
workspaceModel.cachedValue.calculated.count,1769796466315000000,1769796526315000000,0
workspaceModel.check.recursive.update.ms,1769796466315000000,1769796526315000000,0
workspaceModel.cachedValueWithParameters.clear.count,1769796466315000000,1769796526315000000,0
workspaceModel.cachedValue.total.get.count,1769796466315000000,1769796526315000000,0
workspaceModel.workspaceFileIndexData.processFileSets.ms,1769796466315000000,1769796526315000000,0
workspaceModel.cachedValue.clear.count,1769796466315000000,1769796526315000000,0
workspaceModel.loading.from.cache.ms,1769796466315000000,1769796526315000000,0
DiskQueryRelay.tasksExecuted,1769796466315000000,1769796526315000000,0
writeAction.max.wait.ms,1769796466315000000,1769796526315000000,345
writeAction.wait.ms,1769796466315000000,1769796526315000000,0
DiskQueryRelay.taskWaitingTotalTimeUs,1769796466315000000,1769796526315000000,0
DiskQueryRelay.taskExecutionTotalTimeUs,1769796466315000000,1769796526315000000,0
DiskQueryRelay.tasksRequested,1769796466315000000,1769796526315000000,0
writeAction.count,1769796466315000000,1769796526315000000,0
writeAction.median.wait.ms,1769796466315000000,1769796526315000000,400
workspaceModel.mutableEntityStorage.apply.changes.from.ms,1769796466315000000,1769796526315000000,0
workspaceModel.mutableEntityStorage.remove.entity.ms,1769796466315000000,1769796526315000000,0
jps.global.initialize.library.bridges.ms,1769796466315000000,1769796526315000000,0
jps.artifact.entities.serializer.save.entities.ms,1769796466315000000,1769796526315000000,0
jps.project.serializers.load.ms,1769796466315000000,1769796526315000000,0
jps.app.storage.content.writer.save.component.ms,1769796466315000000,1769796526315000000,0
jps.save.global.entities.ms,1769796466315000000,1769796526315000000,0
workspaceModel.mutableEntityStorage.replace.by.source.ms,1769796466315000000,1769796526315000000,0
workspaceModel.global.apply.state.to.project.builder.ms,1769796466315000000,1769796526315000000,0
jps.facet.change.listener.before.change.events.ms,1769796466315000000,1769796526315000000,0
workspaceModel.mutableEntityStorage.changeLog.addReplaceEventForNewParent.ms,1769796466315000000,1769796526315000000,0
workspaceModel.save.cache.to.file.ms,1769796466315000000,1769796526315000000,0
jps.project.serializers.save.ms,1769796466315000000,1769796526315000000,0
jps.global.get.library.ms,1769796466315000000,1769796526315000000,0
workspaceModel.mutableEntityStorage.referrers.ms,1769796466315000000,1769796526315000000,0
jps.global.get.libraries.ms,1769796466315000000,1769796526315000000,0
jps.global.handle.changed.events.ms,1769796466315000000,1769796526315000000,0
workspaceModel.mutableEntityStorage.put.entity.ms,1769796466315000000,1769796526315000000,0
workspaceModel.mutableEntityStorage.entities.ms,1769796466315000000,1769796526315000000,0
workspaceModel.moduleBridge.before.changed.ms,1769796466315000000,1769796526315000000,0
workspaceModel.moduleManagerBridge.get.modules.ms,1769796466315000000,1769796526315000000,0
jps.load.initial.state.ms,1769796466315000000,1769796526315000000,0
workspaceModel.delayed.project.synchronizer.sync.ms,1769796466315000000,1769796526315000000,0
jps.facet.change.listener.init.bridge.ms,1769796466315000000,1769796526315000000,0
jps.library.entities.serializer.load.entities.ms,1769796466315000000,1769796526315000000,0
jps.storage.jps.conf.reader.load.component.ms,1769796466315000000,1769796526315000000,0
jps.facet.change.listener.process.change.events.ms,1769796466315000000,1769796526315000000,0
jps.artifact.entities.serializer.load.entities.ms,1769796466315000000,1769796526315000000,0
jps.apply.loaded.storage.ms,1769796466315000000,1769796526315000000,0
jps.reload.project.entities.ms,1769796466315000000,1769796526315000000,0
workspaceModel.moduleManagerBridge.new.nonPersistent.module.ms,1769796466315000000,1769796526315000000,0
workspaceModel.mutableEntityStorage.changeLog.addReplaceEventForRemovedChild.ms,1769796466315000000,1769796526315000000,0
workspaceModel.mutableEntityStorage.entities.by.source.ms,1769796466315000000,1769796526315000000,0
workspaceModel.mutableEntityStorage.instances.count,1769796466315000000,1769796526315000000,0
jps.global.get.library.by.name.ms,1769796466315000000,1769796526315000000,0
workspaceModel.mutableEntityStorage.resolve.ms,1769796466315000000,1769796526315000000,0
workspaceModel.mutableEntityStorage.mutable.ext.mapping.ms,1769796466315000000,1769796526315000000,0
workspaceModel.moduleManagerBridge.create.module.instance.ms,1769796466315000000,1769796526315000000,0
workspaceModel.moduleBridgeLoader.loading.modules.ms,1769796466315000000,1769796526315000000,0
workspaceModel.moduleManagerBridge.set.unloadedModules.ms,1769796466315000000,1769796526315000000,0
workspaceModel.moduleBridge.update.option.ms,1769796466315000000,1769796526315000000,0
workspaceModel.mutableEntityStorage.add.entity.ms,1769796466315000000,1769796526315000000,0
workspaceModel.moduleManagerBridge.newModule.ms,1769796466315000000,1769796526315000000,0
jps.global.initialize.library.bridges.after.loading.ms,1769796466315000000,1769796526315000000,0
workspaceModel.global.apply.state.to.project.ms,1769796466315000000,1769796526315000000,0
workspaceModel.global.updates.ms,1769796466315000000,1769796526315000000,0
jps.app.storage.content.reader.load.component.ms,1769796466315000000,1769796526315000000,0
jps.save.changed.project.entities.ms,1769796466315000000,1769796526315000000,0
jps.module.iml.entities.serializer.save.entities.ms,1769796466315000000,1769796526315000000,0
jps.global.handle.before.change.events.ms,1769796466315000000,1769796526315000000,0
workspaceModel.global.updates.count,1769796466315000000,1769796526315000000,0
jps.module.iml.entities.serializer.load.entities.ms,1769796466315000000,1769796526315000000,0
jps.load.project.to.empty.storage.ms,1769796466315000000,1769796526315000000,0
workspaceModel.mutableEntityStorage.collect.changes.ms,1769796466315000000,1769796526315000000,0
workspaceModel.do.save.caches.ms,1769796466315000000,1769796526315000000,0
workspaceModel.moduleBridge.facet.initialization.ms,1769796466315000000,1769796526315000000,0
jps.library.entities.serializer.save.entities.ms,1769796466315000000,1769796526315000000,0
workspaceModel.mutableEntityStorage.has.same.entities.ms,1769796466315000000,1769796526315000000,0
workspaceModel.mutableEntityStorage.modify.entity.ms,1769796466315000000,1769796526315000000,0
workspaceModel.load.cache.metadata.from.file.ms,1769796466315000000,1769796526315000000,0
workspaceModel.load.cache.from.file.ms,1769796466315000000,1769796526315000000,0
workspaceModel.sync.entities.ms,1769796466315000000,1769796526315000000,0
workspaceModel.mutableEntityStorage.changeLog.addReplaceEventForRemovedParent.ms,1769796466315000000,1769796526315000000,0
workspaceModel.mutableEntityStorage.changeLog.addReplaceEventForNewChild.ms,1769796466315000000,1769796526315000000,0
workspaceModel.mutableEntityStorage.to.snapshot.ms,1769796466315000000,1769796526315000000,0
jps.module.dependency.index.workspace.model.listener.on.changed.ms,1769796466315000000,1769796526315000000,0
workspaceModel.moduleManagerBridge.load.all.modules.ms,1769796466315000000,1769796526315000000,0
workspaceModel.moduleManagerBridge.load.module.ms,1769796466315000000,1769796526315000000,0
workspaceModel.moduleManagerBridge.build.module.graph.ms,1769796466315000000,1769796526315000000,0
workspaceModel.mutableEntityStorage.mutable.vfurl.index.ms,1769796466315000000,1769796526315000000,0
workspaceModel.orphan.listener.update.ms,1769796466315000000,1769796526315000000,0
VFS.contentStorage.recordsRead,1769796466315000000,1769796526315000000,0
FileNameCache.queries,1769796466315000000,1769796526315000000,0
VFS.contentStorage.recordsStored,1769796466315000000,1769796526315000000,0
VFS.fileByIdCache.hits,1769796466315000000,1769796526315000000,0
VFS.contentStorage.recordsReadDecompressed,1769796466315000000,1769796526315000000,0
VFS.fileByIdCache.misses,1769796466315000000,1769796526315000000,0
VFS.contentStorage.recordsStoredSize,1769796466315000000,1769796526315000000,0
VFS.contentStorage.recordsStoredCompressed,1769796466315000000,1769796526315000000,0
VFS.contentStorage.recordsDeduplicated,1769796466315000000,1769796526315000000,0
VFS.invertedFileNameIndex.requests,1769796466315000000,1769796526315000000,0
VFS.contentStorage.recordsDecompressionTimeUs,1769796466315000000,1769796526315000000,0
VFS.contentStorage.recordsReadSize,1769796466315000000,1769796526315000000,0
FileNameCache.totalMisses,1769796466315000000,1769796526315000000,0
VFS.fileChildByName,1769796466315000000,1769796526315000000,0
VFS.contentStorage.recordsUncompressedSize,1769796466315000000,1769796526315000000,0
FilePageCacheLockFree.housekeeperTurnsSkipped,1769796526315000000,1769796586315000000,0
DirectByteBufferAllocator.reclaimed,1769796526315000000,1769796586315000000,0
StorageLockContext.competingThreads.avg,1769796526315000000,1769796586315000000,0.0
FilePageCacheLockFree.housekeeperTurnsDone,1769796526315000000,1769796586315000000,0
FilePageCache.totalPageLoadsUs,1769796526315000000,1769796586315000000,0
StreamlinedBlobStorage.recordsRelocated,1769796526315000000,1769796586315000000,0
StorageLockContext.competingThreads.90P,1769796526315000000,1769796586315000000,0
FilePageCache.disposedBuffers,1769796526315000000,1769796586315000000,0
MappedFileStorage.totalBytesMapped,1769796526315000000,1769796586315000000,278134784
FilePageCacheLockFree.totalHeapBytesAllocated,1769796526315000000,1769796586315000000,0
FilePageCacheLockFree.totalPagesReadMs,1769796526315000000,1769796586315000000,0
FilePageCacheLockFree.totalPageAllocationsWaited,1769796526315000000,1769796586315000000,0
FilePageCacheLockFree.totalBytesRead,1769796526315000000,1769796586315000000,0
FilePageCache.totalPageDisposalsUs,1769796526315000000,1769796586315000000,0
FilePageCache.pageHits,1769796526315000000,1769796586315000000,0
MappedFileStorage.storages,1769796526315000000,1769796586315000000,16
StreamlinedBlobStorage.recordsAllocated,1769796526315000000,1769796586315000000,0
DirectByteBufferAllocator.misses,1769796526315000000,1769796586315000000,0
DirectByteBufferAllocator.hits,1769796526315000000,1769796586315000000,0
DirectByteBufferAllocator.totalSizeOfBuffersCachedInBytes,1769796526315000000,1769796586315000000,0
StreamlinedBlobStorage.totalLiveRecordsCapacityBytes,1769796526315000000,1769796586315000000,0
FilePageCache.uncachedFileAccess,1769796526315000000,1769796586315000000,0
FilePageCacheLockFree.totalPagesHandedOver,1769796526315000000,1769796586315000000,0
FilePageCacheLockFree.totalBytesRequested,1769796526315000000,1769796586315000000,0
FilePageCacheLockFree.totalPagesWritten,1769796526315000000,1769796586315000000,0
DirectByteBufferAllocator.totalSizeOfBuffersAllocatedInBytes,1769796526315000000,1769796586315000000,167796736
FilePageCache.capacityInBytes,1769796526315000000,1769796586315000000,503316478
StorageLockContext.competingThreads.max,1769796526315000000,1769796586315000000,0
FilePageCacheLockFree.housekeeperTimeSpentMs,1769796526315000000,1769796586315000000,0
FilePageCache.pageLoadsAboveSizeThreshold,1769796526315000000,1769796586315000000,0
FilePageCache.pageFastCacheHits,1769796526315000000,1769796586315000000,0
FilePageCacheLockFree.totalNativeBytesReclaimed,1769796526315000000,1769796586315000000,0
MappedFileStorage.totalTimeSpentOnMappingUs,1769796526315000000,1769796586315000000,12432
FilePageCacheLockFree.heapBytesInUse,1769796526315000000,1769796586315000000,0
FileChannelInterruptsRetryer.totalRetriedAttempts,1769796526315000000,1769796586315000000,0
MappedFileStorage.totalPagesMapped,1769796526315000000,1769796586315000000,22
FilePageCacheLockFree.totalPagesWriteMs,1769796526315000000,1769796586315000000,0
StreamlinedBlobStorage.totalLiveRecordsPayloadBytes,1769796526315000000,1769796586315000000,0
FilePageCacheLockFree.nativeBytesInUse,1769796526315000000,1769796586315000000,0
FilePageCache.maxCacheSizeInBytes,1769796526315000000,1769796586315000000,167796736
FilePageCacheLockFree.totalPagesReclaimed,1769796526315000000,1769796586315000000,0
FilePageCacheLockFree.totalNativeBytesAllocated,1769796526315000000,1769796586315000000,0
FilePageCache.pageLoads,1769796526315000000,1769796586315000000,0
FilePageCacheLockFree.totalPagesRequested,1769796526315000000,1769796586315000000,0
FilePageCache.maxRegisteredFiles,1769796526315000000,1769796586315000000,252
FilePageCacheLockFree.totalHeapBytesReclaimed,1769796526315000000,1769796586315000000,0
FilePageCacheLockFree.totalPagesAllocated,1769796526315000000,1769796586315000000,0
FilePageCacheLockFree.totalPagesRequestsMs,1769796526315000000,1769796586315000000,0
StreamlinedBlobStorage.recordsDeleted,1769796526315000000,1769796586315000000,0
FilePageCacheLockFree.totalClosedStoragesReclaimed,1769796526315000000,1769796586315000000,0
DirectByteBufferAllocator.disposed,1769796526315000000,1769796586315000000,0
FilePageCacheLockFree.totalBytesWritten,1769796526315000000,1769796586315000000,0
IndexesFlusher.totalFlushingTimeUs,1769796526315000000,1769796586315000000,29723
Indexes.stubs.lookups,1769796526315000000,1769796586315000000,0
Indexes.entries.lookups,1769796526315000000,1769796586315000000,0
Indexing.writer_3.totalTimeSpentWritingMs,1769796526315000000,1769796586315000000,0
Indexes.entries.lookupDuration90PMs,1769796526315000000,1769796586315000000,0.0
Indexing.cache.totalCacheAccesses,1769796526315000000,1769796586315000000,0
Indexes.allKeys.lookups,1769796526315000000,1769796586315000000,0
Indexing.cache.totalCacheEvicted,1769796526315000000,1769796586315000000,0
Indexes.entries.lookupDurationAvgMs,1769796526315000000,1769796586315000000,0.0
Indexing.writer_1.totalTimeSpentWritingMs,1769796526315000000,1769796586315000000,0
Indexes.allKeys.lookupDuration90PMs,1769796526315000000,1769796586315000000,0.0
IndexesFlusher.totalFlushes,1769796526315000000,1769796586315000000,60
Indexes.stubs.lookupDurationAvgMs,1769796526315000000,1769796586315000000,0.0
Indexing.writer_0.totalTimeSpentWritingMs,1769796526315000000,1769796586315000000,0
Indexing.cache.totalCacheMisses,1769796526315000000,1769796586315000000,0
Indexing.totalTimeIndexersSleptMs,1769796526315000000,1769796586315000000,0
Indexing.writer_2.totalTimeSpentWritingMs,1769796526315000000,1769796586315000000,0
Indexes.stubs.lookupDurationMaxMs,1769796526315000000,1769796586315000000,0.0
Indexes.stubs.lookupDuration90PMs,1769796526315000000,1769796586315000000,0.0
Indexes.allKeys.lookupDurationAvgMs,1769796526315000000,1769796586315000000,0.0
Indexing.writesQueuedMax,1769796526315000000,1769796586315000000,0
IndexesFlusher.totalFlushesRetried,1769796526315000000,1769796586315000000,0
Indexing.writesQueuedMin,1769796526315000000,1769796586315000000,9223372036854775807
Indexes.entries.lookupDurationMaxMs,1769796526315000000,1769796586315000000,0.0
Indexes.allKeys.lookupDurationMaxMs,1769796526315000000,1769796586315000000,0.0
IndexesFlusher.totalContentionQuotaSpent,1769796526315000000,1769796586315000000,0
WriteAction.executionsCount,1769796526315000000,1769796586315000000,0
AWTEventQueue.dispatchTimeMaxNs,1769796526315000000,1769796586315000000,0
FlushQueue.queueSizeMax,1769796526315000000,1769796586315000000,0
AWTEventQueue.dispatchTimeTotalNS,1769796526315000000,1769796586315000000,73048356
FlushQueue.queueSize90P,1769796526315000000,1769796586315000000,0
FlushQueue.tasksExecuted,1769796526315000000,1769796586315000000,0
NonBlockingReadAction.failedExecutionTimeUs,1769796526315000000,1769796586315000000,0
NonBlockingReadAction.finalizedExecutionsCount,1769796526315000000,1769796586315000000,0
ReadAction.executionsCount,1769796526315000000,1769796586315000000,0
FlushQueue.queueSizeAvg,1769796526315000000,1769796586315000000,0.0
NonBlockingReadAction.finalizedExecutionTimeUs,1769796526315000000,1769796586315000000,0
FlushQueue.waitingTimeAvgNs,1769796526315000000,1769796586315000000,0.0
FlushQueue.waitingTimeMaxNs,1769796526315000000,1769796586315000000,0
FlushQueue.waitingTime90PNs,1769796526315000000,1769796586315000000,0
NonBlockingReadAction.failedExecutionsCount,1769796526315000000,1769796586315000000,0
FlushQueue.executionTime90PNs,1769796526315000000,1769796586315000000,0
AWTEventQueue.dispatchTime90PNs,1769796526315000000,1769796586315000000,0
FlushQueue.executionTimeMaxNs,1769796526315000000,1769796586315000000,0
FlushQueue.executionTimeAvgNs,1769796526315000000,1769796586315000000,0.0
AWTEventQueue.dispatchTimeAvgNs,1769796526315000000,1769796586315000000,0.0
AWTEventQueue.eventsDispatched,1769796526315000000,1769796586315000000,0
JVM.totalBytesAllocated,1769796526315000000,1769796586315000000,27953792
JVM.threadCount,1769796526315000000,1769796586315000000,52
JVM.totalTimeAtSafepointsMs,1769796526315000000,1769796586315000000,0
JVM.GC.collections,1769796526315000000,1769796586315000000,0
OS.loadAverage,1769796526315000000,1769796586315000000,1.6513671875
JVM.totalTimeToSafepointsMs,1769796526315000000,1769796586315000000,0
JVM.maxHeapBytes,1769796526315000000,1769796586315000000,4196401152
JVM.newThreadsCount,1769796526315000000,1769796586315000000,0
JVM.totalDirectByteBuffersBytes,1769796526315000000,1769796586315000000,167975661
JVM.totalSafepointCount,1769796526315000000,1769796586315000000,4
JVM.totalCpuTimeMs,1769796526315000000,1769796586315000000,720
JVM.usedHeapBytes,1769796526315000000,1769796586315000000,1236271104
JVM.GC.collectionTimesMs,1769796526315000000,1769796586315000000,0
JVM.maxThreadCount,1769796526315000000,1769796586315000000,145
JVM.usedNativeBytes,1769796526315000000,1769796586315000000,463510136
cacheStateStorage.get.counter,1769796526315000000,1769796586315000000,0
cacheStateStorage.get.duration,1769796526315000000,1769796586315000000,0
cacheStateStorage.set.duration,1769796526315000000,1769796586315000000,0
cacheStateStorage.set.counter,1769796526315000000,1769796586315000000,0
workspaceModel.workspaceFileIndexData.getDirectoriesByPackageName.ms,1769796526315000000,1769796586315000000,0
workspaceModel.entityStorageSnapshotImpl.instances.count,1769796526315000000,1769796586315000000,0
workspaceModel.cachedValueWithParameters.total.get.count,1769796526315000000,1769796586315000000,0
workspaceModel.update.unloaded.entities.ms,1769796526315000000,1769796586315000000,0
workspaceModel.to.snapshot.ms,1769796526315000000,1769796586315000000,0
workspaceModel.workspaceFileIndexData.instances.count,1769796526315000000,1769796586315000000,0
workspaceModel.workspaceFileIndexData.init.ms,1769796526315000000,1769796586315000000,0
workspaceModel.pre.handlers.ms,1769796526315000000,1769796586315000000,0
workspaceModel.collect.changes.ms,1769796526315000000,1769796586315000000,0
workspaceModel.cachedValueWithParameters.calculated.count,1769796526315000000,1769796586315000000,0
workspaceModel.workspaceFileIndexData.visitFileSets.ms,1769796526315000000,1769796586315000000,0
workspaceModel.updates.count,1769796526315000000,1769796586315000000,0
workspaceModel.workspaceFileIndexData.updateDirtyEntities.ms,1769796526315000000,1769796586315000000,0
workspaceModel.workspaceFileIndexData.getPackageName.ms,1769796526315000000,1769796586315000000,0
workspaceModel.initializing.ms,1769796526315000000,1769796586315000000,0
workspaceModel.workspaceFileIndexData.markDirty.ms,1769796526315000000,1769796586315000000,0
workspaceModel.full.replace.project.model.ms,1769796526315000000,1769796586315000000,0
workspaceModel.on.before.changed.ms,1769796526315000000,1769796586315000000,0
workspaceModel.replace.project.model.ms,1769796526315000000,1769796586315000000,0
workspaceModel.workspaceFileIndexData.onEntitiesChanged.ms,1769796526315000000,1769796586315000000,0
workspaceModel.updates.ms,1769796526315000000,1769796586315000000,0
workspaceModel.on.changed.ms,1769796526315000000,1769796586315000000,0
workspaceModel.workspaceFileIndexData.getFileInfo.ms,1769796526315000000,1769796586315000000,0
workspaceModel.workspaceFileIndexContributor.registerFileSets.ms,1769796526315000000,1769796586315000000,0
workspaceModel.loading.total.ms,1769796526315000000,1769796586315000000,0
workspaceModel.init.bridges.ms,1769796526315000000,1769796586315000000,0
workspaceModel.updates.precise.ms,1769796526315000000,1769796586315000000,0
workspaceModel.cachedValueWithParameters.from.cache.count,1769796526315000000,1769796586315000000,0
workspaceModel.cachedValue.from.cache.count,1769796526315000000,1769796586315000000,0
workspaceModel.cachedValue.calculated.count,1769796526315000000,1769796586315000000,0
workspaceModel.check.recursive.update.ms,1769796526315000000,1769796586315000000,0
workspaceModel.cachedValueWithParameters.clear.count,1769796526315000000,1769796586315000000,0
workspaceModel.cachedValue.total.get.count,1769796526315000000,1769796586315000000,0
workspaceModel.workspaceFileIndexData.processFileSets.ms,1769796526315000000,1769796586315000000,0
workspaceModel.cachedValue.clear.count,1769796526315000000,1769796586315000000,0
workspaceModel.loading.from.cache.ms,1769796526315000000,1769796586315000000,0
DiskQueryRelay.tasksExecuted,1769796526315000000,1769796586315000000,0
writeAction.max.wait.ms,1769796526315000000,1769796586315000000,345
writeAction.wait.ms,1769796526315000000,1769796586315000000,0
DiskQueryRelay.taskWaitingTotalTimeUs,1769796526315000000,1769796586315000000,0
DiskQueryRelay.taskExecutionTotalTimeUs,1769796526315000000,1769796586315000000,0
DiskQueryRelay.tasksRequested,1769796526315000000,1769796586315000000,0
writeAction.count,1769796526315000000,1769796586315000000,0
writeAction.median.wait.ms,1769796526315000000,1769796586315000000,400
workspaceModel.mutableEntityStorage.apply.changes.from.ms,1769796526315000000,1769796586315000000,0
workspaceModel.mutableEntityStorage.remove.entity.ms,1769796526315000000,1769796586315000000,0
jps.global.initialize.library.bridges.ms,1769796526315000000,1769796586315000000,0
jps.artifact.entities.serializer.save.entities.ms,1769796526315000000,1769796586315000000,0
jps.project.serializers.load.ms,1769796526315000000,1769796586315000000,0
jps.app.storage.content.writer.save.component.ms,1769796526315000000,1769796586315000000,0
jps.save.global.entities.ms,1769796526315000000,1769796586315000000,0
workspaceModel.mutableEntityStorage.replace.by.source.ms,1769796526315000000,1769796586315000000,0
workspaceModel.global.apply.state.to.project.builder.ms,1769796526315000000,1769796586315000000,0
jps.facet.change.listener.before.change.events.ms,1769796526315000000,1769796586315000000,0
workspaceModel.mutableEntityStorage.changeLog.addReplaceEventForNewParent.ms,1769796526315000000,1769796586315000000,0
workspaceModel.save.cache.to.file.ms,1769796526315000000,1769796586315000000,0
jps.project.serializers.save.ms,1769796526315000000,1769796586315000000,0
jps.global.get.library.ms,1769796526315000000,1769796586315000000,0
workspaceModel.mutableEntityStorage.referrers.ms,1769796526315000000,1769796586315000000,0
jps.global.get.libraries.ms,1769796526315000000,1769796586315000000,0
jps.global.handle.changed.events.ms,1769796526315000000,1769796586315000000,0
workspaceModel.mutableEntityStorage.put.entity.ms,1769796526315000000,1769796586315000000,0
workspaceModel.mutableEntityStorage.entities.ms,1769796526315000000,1769796586315000000,0
workspaceModel.moduleBridge.before.changed.ms,1769796526315000000,1769796586315000000,0
workspaceModel.moduleManagerBridge.get.modules.ms,1769796526315000000,1769796586315000000,0
jps.load.initial.state.ms,1769796526315000000,1769796586315000000,0
workspaceModel.delayed.project.synchronizer.sync.ms,1769796526315000000,1769796586315000000,0
jps.facet.change.listener.init.bridge.ms,1769796526315000000,1769796586315000000,0
jps.library.entities.serializer.load.entities.ms,1769796526315000000,1769796586315000000,0
jps.storage.jps.conf.reader.load.component.ms,1769796526315000000,1769796586315000000,0
jps.facet.change.listener.process.change.events.ms,1769796526315000000,1769796586315000000,0
jps.artifact.entities.serializer.load.entities.ms,1769796526315000000,1769796586315000000,0
jps.apply.loaded.storage.ms,1769796526315000000,1769796586315000000,0
jps.reload.project.entities.ms,1769796526315000000,1769796586315000000,0
workspaceModel.moduleManagerBridge.new.nonPersistent.module.ms,1769796526315000000,1769796586315000000,0
workspaceModel.mutableEntityStorage.changeLog.addReplaceEventForRemovedChild.ms,1769796526315000000,1769796586315000000,0
workspaceModel.mutableEntityStorage.entities.by.source.ms,1769796526315000000,1769796586315000000,0
workspaceModel.mutableEntityStorage.instances.count,1769796526315000000,1769796586315000000,0
jps.global.get.library.by.name.ms,1769796526315000000,1769796586315000000,0
workspaceModel.mutableEntityStorage.resolve.ms,1769796526315000000,1769796586315000000,0
workspaceModel.mutableEntityStorage.mutable.ext.mapping.ms,1769796526315000000,1769796586315000000,0
workspaceModel.moduleManagerBridge.create.module.instance.ms,1769796526315000000,1769796586315000000,0
workspaceModel.moduleBridgeLoader.loading.modules.ms,1769796526315000000,1769796586315000000,0
workspaceModel.moduleManagerBridge.set.unloadedModules.ms,1769796526315000000,1769796586315000000,0
workspaceModel.moduleBridge.update.option.ms,1769796526315000000,1769796586315000000,0
workspaceModel.mutableEntityStorage.add.entity.ms,1769796526315000000,1769796586315000000,0
workspaceModel.moduleManagerBridge.newModule.ms,1769796526315000000,1769796586315000000,0
jps.global.initialize.library.bridges.after.loading.ms,1769796526315000000,1769796586315000000,0
workspaceModel.global.apply.state.to.project.ms,1769796526315000000,1769796586315000000,0
workspaceModel.global.updates.ms,1769796526315000000,1769796586315000000,0
jps.app.storage.content.reader.load.component.ms,1769796526315000000,1769796586315000000,0
jps.save.changed.project.entities.ms,1769796526315000000,1769796586315000000,0
jps.module.iml.entities.serializer.save.entities.ms,1769796526315000000,1769796586315000000,0
jps.global.handle.before.change.events.ms,1769796526315000000,1769796586315000000,0
workspaceModel.global.updates.count,1769796526315000000,1769796586315000000,0
jps.module.iml.entities.serializer.load.entities.ms,1769796526315000000,1769796586315000000,0
jps.load.project.to.empty.storage.ms,1769796526315000000,1769796586315000000,0
workspaceModel.mutableEntityStorage.collect.changes.ms,1769796526315000000,1769796586315000000,0
workspaceModel.do.save.caches.ms,1769796526315000000,1769796586315000000,0
workspaceModel.moduleBridge.facet.initialization.ms,1769796526315000000,1769796586315000000,0
jps.library.entities.serializer.save.entities.ms,1769796526315000000,1769796586315000000,0
workspaceModel.mutableEntityStorage.has.same.entities.ms,1769796526315000000,1769796586315000000,0
workspaceModel.mutableEntityStorage.modify.entity.ms,1769796526315000000,1769796586315000000,0
workspaceModel.load.cache.metadata.from.file.ms,1769796526315000000,1769796586315000000,0
workspaceModel.load.cache.from.file.ms,1769796526315000000,1769796586315000000,0
workspaceModel.sync.entities.ms,1769796526315000000,1769796586315000000,0
workspaceModel.mutableEntityStorage.changeLog.addReplaceEventForRemovedParent.ms,1769796526315000000,1769796586315000000,0
workspaceModel.mutableEntityStorage.changeLog.addReplaceEventForNewChild.ms,1769796526315000000,1769796586315000000,0
workspaceModel.mutableEntityStorage.to.snapshot.ms,1769796526315000000,1769796586315000000,0
jps.module.dependency.index.workspace.model.listener.on.changed.ms,1769796526315000000,1769796586315000000,0
workspaceModel.moduleManagerBridge.load.all.modules.ms,1769796526315000000,1769796586315000000,0
workspaceModel.moduleManagerBridge.load.module.ms,1769796526315000000,1769796586315000000,0
workspaceModel.moduleManagerBridge.build.module.graph.ms,1769796526315000000,1769796586315000000,0
workspaceModel.mutableEntityStorage.mutable.vfurl.index.ms,1769796526315000000,1769796586315000000,0
workspaceModel.orphan.listener.update.ms,1769796526315000000,1769796586315000000,0
VFS.contentStorage.recordsRead,1769796526315000000,1769796586315000000,0
FileNameCache.queries,1769796526315000000,1769796586315000000,0
VFS.contentStorage.recordsStored,1769796526315000000,1769796586315000000,0
VFS.fileByIdCache.hits,1769796526315000000,1769796586315000000,0
VFS.contentStorage.recordsReadDecompressed,1769796526315000000,1769796586315000000,0
VFS.fileByIdCache.misses,1769796526315000000,1769796586315000000,0
VFS.contentStorage.recordsStoredSize,1769796526315000000,1769796586315000000,0
VFS.contentStorage.recordsStoredCompressed,1769796526315000000,1769796586315000000,0
VFS.contentStorage.recordsDeduplicated,1769796526315000000,1769796586315000000,0
VFS.invertedFileNameIndex.requests,1769796526315000000,1769796586315000000,0
VFS.contentStorage.recordsDecompressionTimeUs,1769796526315000000,1769796586315000000,0
VFS.contentStorage.recordsReadSize,1769796526315000000,1769796586315000000,0
FileNameCache.totalMisses,1769796526315000000,1769796586315000000,0
VFS.fileChildByName,1769796526315000000,1769796586315000000,0
VFS.contentStorage.recordsUncompressedSize,1769796526315000000,1769796586315000000,0
FilePageCacheLockFree.housekeeperTurnsSkipped,1769796586315000000,1769796646315000000,0
DirectByteBufferAllocator.reclaimed,1769796586315000000,1769796646315000000,0
StorageLockContext.competingThreads.avg,1769796586315000000,1769796646315000000,0.0
FilePageCacheLockFree.housekeeperTurnsDone,1769796586315000000,1769796646315000000,0
FilePageCache.totalPageLoadsUs,1769796586315000000,1769796646315000000,0
StreamlinedBlobStorage.recordsRelocated,1769796586315000000,1769796646315000000,0
StorageLockContext.competingThreads.90P,1769796586315000000,1769796646315000000,0
FilePageCache.disposedBuffers,1769796586315000000,1769796646315000000,0
MappedFileStorage.totalBytesMapped,1769796586315000000,1769796646315000000,278134784
FilePageCacheLockFree.totalHeapBytesAllocated,1769796586315000000,1769796646315000000,0
FilePageCacheLockFree.totalPagesReadMs,1769796586315000000,1769796646315000000,0
FilePageCacheLockFree.totalPageAllocationsWaited,1769796586315000000,1769796646315000000,0
FilePageCacheLockFree.totalBytesRead,1769796586315000000,1769796646315000000,0
FilePageCache.totalPageDisposalsUs,1769796586315000000,1769796646315000000,0
FilePageCache.pageHits,1769796586315000000,1769796646315000000,0
MappedFileStorage.storages,1769796586315000000,1769796646315000000,16
StreamlinedBlobStorage.recordsAllocated,1769796586315000000,1769796646315000000,0
DirectByteBufferAllocator.misses,1769796586315000000,1769796646315000000,0
DirectByteBufferAllocator.hits,1769796586315000000,1769796646315000000,0
DirectByteBufferAllocator.totalSizeOfBuffersCachedInBytes,1769796586315000000,1769796646315000000,0
StreamlinedBlobStorage.totalLiveRecordsCapacityBytes,1769796586315000000,1769796646315000000,0
FilePageCache.uncachedFileAccess,1769796586315000000,1769796646315000000,0
FilePageCacheLockFree.totalPagesHandedOver,1769796586315000000,1769796646315000000,0
FilePageCacheLockFree.totalBytesRequested,1769796586315000000,1769796646315000000,0
FilePageCacheLockFree.totalPagesWritten,1769796586315000000,1769796646315000000,0
DirectByteBufferAllocator.totalSizeOfBuffersAllocatedInBytes,1769796586315000000,1769796646315000000,167796736
FilePageCache.capacityInBytes,1769796586315000000,1769796646315000000,503316478
StorageLockContext.competingThreads.max,1769796586315000000,1769796646315000000,0
FilePageCacheLockFree.housekeeperTimeSpentMs,1769796586315000000,1769796646315000000,0
FilePageCache.pageLoadsAboveSizeThreshold,1769796586315000000,1769796646315000000,0
FilePageCache.pageFastCacheHits,1769796586315000000,1769796646315000000,0
FilePageCacheLockFree.totalNativeBytesReclaimed,1769796586315000000,1769796646315000000,0
MappedFileStorage.totalTimeSpentOnMappingUs,1769796586315000000,1769796646315000000,12432
FilePageCacheLockFree.heapBytesInUse,1769796586315000000,1769796646315000000,0
FileChannelInterruptsRetryer.totalRetriedAttempts,1769796586315000000,1769796646315000000,0
MappedFileStorage.totalPagesMapped,1769796586315000000,1769796646315000000,22
FilePageCacheLockFree.totalPagesWriteMs,1769796586315000000,1769796646315000000,0
StreamlinedBlobStorage.totalLiveRecordsPayloadBytes,1769796586315000000,1769796646315000000,0
FilePageCacheLockFree.nativeBytesInUse,1769796586315000000,1769796646315000000,0
FilePageCache.maxCacheSizeInBytes,1769796586315000000,1769796646315000000,167796736
FilePageCacheLockFree.totalPagesReclaimed,1769796586315000000,1769796646315000000,0
FilePageCacheLockFree.totalNativeBytesAllocated,1769796586315000000,1769796646315000000,0
FilePageCache.pageLoads,1769796586315000000,1769796646315000000,0
FilePageCacheLockFree.totalPagesRequested,1769796586315000000,1769796646315000000,0
FilePageCache.maxRegisteredFiles,1769796586315000000,1769796646315000000,252
FilePageCacheLockFree.totalHeapBytesReclaimed,1769796586315000000,1769796646315000000,0
FilePageCacheLockFree.totalPagesAllocated,1769796586315000000,1769796646315000000,0
FilePageCacheLockFree.totalPagesRequestsMs,1769796586315000000,1769796646315000000,0
StreamlinedBlobStorage.recordsDeleted,1769796586315000000,1769796646315000000,0
FilePageCacheLockFree.totalClosedStoragesReclaimed,1769796586315000000,1769796646315000000,0
DirectByteBufferAllocator.disposed,1769796586315000000,1769796646315000000,0
FilePageCacheLockFree.totalBytesWritten,1769796586315000000,1769796646315000000,0
IndexesFlusher.totalFlushingTimeUs,1769796586315000000,1769796646315000000,30610
Indexes.stubs.lookups,1769796586315000000,1769796646315000000,0
Indexes.entries.lookups,1769796586315000000,1769796646315000000,0
Indexing.writer_3.totalTimeSpentWritingMs,1769796586315000000,1769796646315000000,0
Indexes.entries.lookupDuration90PMs,1769796586315000000,1769796646315000000,0.0
Indexing.cache.totalCacheAccesses,1769796586315000000,1769796646315000000,0
Indexes.allKeys.lookups,1769796586315000000,1769796646315000000,0
Indexing.cache.totalCacheEvicted,1769796586315000000,1769796646315000000,0
Indexes.entries.lookupDurationAvgMs,1769796586315000000,1769796646315000000,0.0
Indexing.writer_1.totalTimeSpentWritingMs,1769796586315000000,1769796646315000000,0
Indexes.allKeys.lookupDuration90PMs,1769796586315000000,1769796646315000000,0.0
IndexesFlusher.totalFlushes,1769796586315000000,1769796646315000000,60
Indexes.stubs.lookupDurationAvgMs,1769796586315000000,1769796646315000000,0.0
Indexing.writer_0.totalTimeSpentWritingMs,1769796586315000000,1769796646315000000,0
Indexing.cache.totalCacheMisses,1769796586315000000,1769796646315000000,0
Indexing.totalTimeIndexersSleptMs,1769796586315000000,1769796646315000000,0
Indexing.writer_2.totalTimeSpentWritingMs,1769796586315000000,1769796646315000000,0
Indexes.stubs.lookupDurationMaxMs,1769796586315000000,1769796646315000000,0.0
Indexes.stubs.lookupDuration90PMs,1769796586315000000,1769796646315000000,0.0
Indexes.allKeys.lookupDurationAvgMs,1769796586315000000,1769796646315000000,0.0
Indexing.writesQueuedMax,1769796586315000000,1769796646315000000,0
IndexesFlusher.totalFlushesRetried,1769796586315000000,1769796646315000000,0
Indexing.writesQueuedMin,1769796586315000000,1769796646315000000,9223372036854775807
Indexes.entries.lookupDurationMaxMs,1769796586315000000,1769796646315000000,0.0
Indexes.allKeys.lookupDurationMaxMs,1769796586315000000,1769796646315000000,0.0
IndexesFlusher.totalContentionQuotaSpent,1769796586315000000,1769796646315000000,0
WriteAction.executionsCount,1769796586315000000,1769796646315000000,0
AWTEventQueue.dispatchTimeMaxNs,1769796586315000000,1769796646315000000,0
FlushQueue.queueSizeMax,1769796586315000000,1769796646315000000,0
AWTEventQueue.dispatchTimeTotalNS,1769796586315000000,1769796646315000000,69497004
FlushQueue.queueSize90P,1769796586315000000,1769796646315000000,0
FlushQueue.tasksExecuted,1769796586315000000,1769796646315000000,0
NonBlockingReadAction.failedExecutionTimeUs,1769796586315000000,1769796646315000000,0
NonBlockingReadAction.finalizedExecutionsCount,1769796586315000000,1769796646315000000,0
ReadAction.executionsCount,1769796586315000000,1769796646315000000,0
FlushQueue.queueSizeAvg,1769796586315000000,1769796646315000000,0.0
NonBlockingReadAction.finalizedExecutionTimeUs,1769796586315000000,1769796646315000000,0
FlushQueue.waitingTimeAvgNs,1769796586315000000,1769796646315000000,0.0
FlushQueue.waitingTimeMaxNs,1769796586315000000,1769796646315000000,0
FlushQueue.waitingTime90PNs,1769796586315000000,1769796646315000000,0
NonBlockingReadAction.failedExecutionsCount,1769796586315000000,1769796646315000000,0
FlushQueue.executionTime90PNs,1769796586315000000,1769796646315000000,0
AWTEventQueue.dispatchTime90PNs,1769796586315000000,1769796646315000000,0
FlushQueue.executionTimeMaxNs,1769796586315000000,1769796646315000000,0
FlushQueue.executionTimeAvgNs,1769796586315000000,1769796646315000000,0.0
AWTEventQueue.dispatchTimeAvgNs,1769796586315000000,1769796646315000000,0.0
AWTEventQueue.eventsDispatched,1769796586315000000,1769796646315000000,0
JVM.totalBytesAllocated,1769796586315000000,1769796646315000000,27989264
JVM.threadCount,1769796586315000000,1769796646315000000,53
JVM.totalTimeAtSafepointsMs,1769796586315000000,1769796646315000000,0
JVM.GC.collections,1769796586315000000,1769796646315000000,0
OS.loadAverage,1769796586315000000,1769796646315000000,1.685546875
JVM.totalTimeToSafepointsMs,1769796586315000000,1769796646315000000,0
JVM.maxHeapBytes,1769796586315000000,1769796646315000000,4196401152
JVM.newThreadsCount,1769796586315000000,1769796646315000000,1
JVM.totalDirectByteBuffersBytes,1769796586315000000,1769796646315000000,167975661
JVM.totalSafepointCount,1769796586315000000,1769796646315000000,0
JVM.totalCpuTimeMs,1769796586315000000,1769796646315000000,720
JVM.usedHeapBytes,1769796586315000000,1769796646315000000,1267728384
JVM.GC.collectionTimesMs,1769796586315000000,1769796646315000000,0
JVM.maxThreadCount,1769796586315000000,1769796646315000000,145
JVM.usedNativeBytes,1769796586315000000,1769796646315000000,463618304
cacheStateStorage.get.counter,1769796586315000000,1769796646315000000,0
cacheStateStorage.get.duration,1769796586315000000,1769796646315000000,0
cacheStateStorage.set.duration,1769796586315000000,1769796646315000000,0
cacheStateStorage.set.counter,1769796586315000000,1769796646315000000,0
workspaceModel.workspaceFileIndexData.getDirectoriesByPackageName.ms,1769796586315000000,1769796646315000000,0
workspaceModel.entityStorageSnapshotImpl.instances.count,1769796586315000000,1769796646315000000,0
workspaceModel.cachedValueWithParameters.total.get.count,1769796586315000000,1769796646315000000,0
workspaceModel.update.unloaded.entities.ms,1769796586315000000,1769796646315000000,0
workspaceModel.to.snapshot.ms,1769796586315000000,1769796646315000000,0
workspaceModel.workspaceFileIndexData.instances.count,1769796586315000000,1769796646315000000,0
workspaceModel.workspaceFileIndexData.init.ms,1769796586315000000,1769796646315000000,0
workspaceModel.pre.handlers.ms,1769796586315000000,1769796646315000000,0
workspaceModel.collect.changes.ms,1769796586315000000,1769796646315000000,0
workspaceModel.cachedValueWithParameters.calculated.count,1769796586315000000,1769796646315000000,0
workspaceModel.workspaceFileIndexData.visitFileSets.ms,1769796586315000000,1769796646315000000,0
workspaceModel.updates.count,1769796586315000000,1769796646315000000,0
workspaceModel.workspaceFileIndexData.updateDirtyEntities.ms,1769796586315000000,1769796646315000000,0
workspaceModel.workspaceFileIndexData.getPackageName.ms,1769796586315000000,1769796646315000000,0
workspaceModel.initializing.ms,1769796586315000000,1769796646315000000,0
workspaceModel.workspaceFileIndexData.markDirty.ms,1769796586315000000,1769796646315000000,0
workspaceModel.full.replace.project.model.ms,1769796586315000000,1769796646315000000,0
workspaceModel.on.before.changed.ms,1769796586315000000,1769796646315000000,0
workspaceModel.replace.project.model.ms,1769796586315000000,1769796646315000000,0
workspaceModel.workspaceFileIndexData.onEntitiesChanged.ms,1769796586315000000,1769796646315000000,0
workspaceModel.updates.ms,1769796586315000000,1769796646315000000,0
workspaceModel.on.changed.ms,1769796586315000000,1769796646315000000,0
workspaceModel.workspaceFileIndexData.getFileInfo.ms,1769796586315000000,1769796646315000000,0
workspaceModel.workspaceFileIndexContributor.registerFileSets.ms,1769796586315000000,1769796646315000000,0
workspaceModel.loading.total.ms,1769796586315000000,1769796646315000000,0
workspaceModel.init.bridges.ms,1769796586315000000,1769796646315000000,0
workspaceModel.updates.precise.ms,1769796586315000000,1769796646315000000,0
workspaceModel.cachedValueWithParameters.from.cache.count,1769796586315000000,1769796646315000000,0
workspaceModel.cachedValue.from.cache.count,1769796586315000000,1769796646315000000,0
workspaceModel.cachedValue.calculated.count,1769796586315000000,1769796646315000000,0
workspaceModel.check.recursive.update.ms,1769796586315000000,1769796646315000000,0
workspaceModel.cachedValueWithParameters.clear.count,1769796586315000000,1769796646315000000,0
workspaceModel.cachedValue.total.get.count,1769796586315000000,1769796646315000000,0
workspaceModel.workspaceFileIndexData.processFileSets.ms,1769796586315000000,1769796646315000000,0
workspaceModel.cachedValue.clear.count,1769796586315000000,1769796646315000000,0
workspaceModel.loading.from.cache.ms,1769796586315000000,1769796646315000000,0
DiskQueryRelay.tasksExecuted,1769796586315000000,1769796646315000000,0
writeAction.max.wait.ms,1769796586315000000,1769796646315000000,345
writeAction.wait.ms,1769796586315000000,1769796646315000000,0
DiskQueryRelay.taskWaitingTotalTimeUs,1769796586315000000,1769796646315000000,0
DiskQueryRelay.taskExecutionTotalTimeUs,1769796586315000000,1769796646315000000,0
DiskQueryRelay.tasksRequested,1769796586315000000,1769796646315000000,0
writeAction.count,1769796586315000000,1769796646315000000,0
writeAction.median.wait.ms,1769796586315000000,1769796646315000000,400
workspaceModel.mutableEntityStorage.apply.changes.from.ms,1769796586315000000,1769796646315000000,0
workspaceModel.mutableEntityStorage.remove.entity.ms,1769796586315000000,1769796646315000000,0
jps.global.initialize.library.bridges.ms,1769796586315000000,1769796646315000000,0
jps.artifact.entities.serializer.save.entities.ms,1769796586315000000,1769796646315000000,0
jps.project.serializers.load.ms,1769796586315000000,1769796646315000000,0
jps.app.storage.content.writer.save.component.ms,1769796586315000000,1769796646315000000,0
jps.save.global.entities.ms,1769796586315000000,1769796646315000000,0
workspaceModel.mutableEntityStorage.replace.by.source.ms,1769796586315000000,1769796646315000000,0
workspaceModel.global.apply.state.to.project.builder.ms,1769796586315000000,1769796646315000000,0
jps.facet.change.listener.before.change.events.ms,1769796586315000000,1769796646315000000,0
workspaceModel.mutableEntityStorage.changeLog.addReplaceEventForNewParent.ms,1769796586315000000,1769796646315000000,0
workspaceModel.save.cache.to.file.ms,1769796586315000000,1769796646315000000,0
jps.project.serializers.save.ms,1769796586315000000,1769796646315000000,0
jps.global.get.library.ms,1769796586315000000,1769796646315000000,0
workspaceModel.mutableEntityStorage.referrers.ms,1769796586315000000,1769796646315000000,0
jps.global.get.libraries.ms,1769796586315000000,1769796646315000000,0
jps.global.handle.changed.events.ms,1769796586315000000,1769796646315000000,0
workspaceModel.mutableEntityStorage.put.entity.ms,1769796586315000000,1769796646315000000,0
workspaceModel.mutableEntityStorage.entities.ms,1769796586315000000,1769796646315000000,0
workspaceModel.moduleBridge.before.changed.ms,1769796586315000000,1769796646315000000,0
workspaceModel.moduleManagerBridge.get.modules.ms,1769796586315000000,1769796646315000000,0
jps.load.initial.state.ms,1769796586315000000,1769796646315000000,0
workspaceModel.delayed.project.synchronizer.sync.ms,1769796586315000000,1769796646315000000,0
jps.facet.change.listener.init.bridge.ms,1769796586315000000,1769796646315000000,0
jps.library.entities.serializer.load.entities.ms,1769796586315000000,1769796646315000000,0
jps.storage.jps.conf.reader.load.component.ms,1769796586315000000,1769796646315000000,0
jps.facet.change.listener.process.change.events.ms,1769796586315000000,1769796646315000000,0
jps.artifact.entities.serializer.load.entities.ms,1769796586315000000,1769796646315000000,0
jps.apply.loaded.storage.ms,1769796586315000000,1769796646315000000,0
jps.reload.project.entities.ms,1769796586315000000,1769796646315000000,0
workspaceModel.moduleManagerBridge.new.nonPersistent.module.ms,1769796586315000000,1769796646315000000,0
workspaceModel.mutableEntityStorage.changeLog.addReplaceEventForRemovedChild.ms,1769796586315000000,1769796646315000000,0
workspaceModel.mutableEntityStorage.entities.by.source.ms,1769796586315000000,1769796646315000000,0
workspaceModel.mutableEntityStorage.instances.count,1769796586315000000,1769796646315000000,0
jps.global.get.library.by.name.ms,1769796586315000000,1769796646315000000,0
workspaceModel.mutableEntityStorage.resolve.ms,1769796586315000000,1769796646315000000,0
workspaceModel.mutableEntityStorage.mutable.ext.mapping.ms,1769796586315000000,1769796646315000000,0
workspaceModel.moduleManagerBridge.create.module.instance.ms,1769796586315000000,1769796646315000000,0
workspaceModel.moduleBridgeLoader.loading.modules.ms,1769796586315000000,1769796646315000000,0
workspaceModel.moduleManagerBridge.set.unloadedModules.ms,1769796586315000000,1769796646315000000,0
workspaceModel.moduleBridge.update.option.ms,1769796586315000000,1769796646315000000,0
workspaceModel.mutableEntityStorage.add.entity.ms,1769796586315000000,1769796646315000000,0
workspaceModel.moduleManagerBridge.newModule.ms,1769796586315000000,1769796646315000000,0
jps.global.initialize.library.bridges.after.loading.ms,1769796586315000000,1769796646315000000,0
workspaceModel.global.apply.state.to.project.ms,1769796586315000000,1769796646315000000,0
workspaceModel.global.updates.ms,1769796586315000000,1769796646315000000,0
jps.app.storage.content.reader.load.component.ms,1769796586315000000,1769796646315000000,0
jps.save.changed.project.entities.ms,1769796586315000000,1769796646315000000,0
jps.module.iml.entities.serializer.save.entities.ms,1769796586315000000,1769796646315000000,0
jps.global.handle.before.change.events.ms,1769796586315000000,1769796646315000000,0
workspaceModel.global.updates.count,1769796586315000000,1769796646315000000,0
jps.module.iml.entities.serializer.load.entities.ms,1769796586315000000,1769796646315000000,0
jps.load.project.to.empty.storage.ms,1769796586315000000,1769796646315000000,0
workspaceModel.mutableEntityStorage.collect.changes.ms,1769796586315000000,1769796646315000000,0
workspaceModel.do.save.caches.ms,1769796586315000000,1769796646315000000,0
workspaceModel.moduleBridge.facet.initialization.ms,1769796586315000000,1769796646315000000,0
jps.library.entities.serializer.save.entities.ms,1769796586315000000,1769796646315000000,0
workspaceModel.mutableEntityStorage.has.same.entities.ms,1769796586315000000,1769796646315000000,0
workspaceModel.mutableEntityStorage.modify.entity.ms,1769796586315000000,1769796646315000000,0
workspaceModel.load.cache.metadata.from.file.ms,1769796586315000000,1769796646315000000,0
workspaceModel.load.cache.from.file.ms,1769796586315000000,1769796646315000000,0
workspaceModel.sync.entities.ms,1769796586315000000,1769796646315000000,0
workspaceModel.mutableEntityStorage.changeLog.addReplaceEventForRemovedParent.ms,1769796586315000000,1769796646315000000,0
workspaceModel.mutableEntityStorage.changeLog.addReplaceEventForNewChild.ms,1769796586315000000,1769796646315000000,0
workspaceModel.mutableEntityStorage.to.snapshot.ms,1769796586315000000,1769796646315000000,0
jps.module.dependency.index.workspace.model.listener.on.changed.ms,1769796586315000000,1769796646315000000,0
workspaceModel.moduleManagerBridge.load.all.modules.ms,1769796586315000000,1769796646315000000,0
workspaceModel.moduleManagerBridge.load.module.ms,1769796586315000000,1769796646315000000,0
workspaceModel.moduleManagerBridge.build.module.graph.ms,1769796586315000000,1769796646315000000,0
workspaceModel.mutableEntityStorage.mutable.vfurl.index.ms,1769796586315000000,1769796646315000000,0
workspaceModel.orphan.listener.update.ms,1769796586315000000,1769796646315000000,0
VFS.contentStorage.recordsRead,1769796586315000000,1769796646315000000,0
FileNameCache.queries,1769796586315000000,1769796646315000000,0
VFS.contentStorage.recordsStored,1769796586315000000,1769796646315000000,0
VFS.fileByIdCache.hits,1769796586315000000,1769796646315000000,0
VFS.contentStorage.recordsReadDecompressed,1769796586315000000,1769796646315000000,0
VFS.fileByIdCache.misses,1769796586315000000,1769796646315000000,0
VFS.contentStorage.recordsStoredSize,1769796586315000000,1769796646315000000,0
VFS.contentStorage.recordsStoredCompressed,1769796586315000000,1769796646315000000,0
VFS.contentStorage.recordsDeduplicated,1769796586315000000,1769796646315000000,0
VFS.invertedFileNameIndex.requests,1769796586315000000,1769796646315000000,0
VFS.contentStorage.recordsDecompressionTimeUs,1769796586315000000,1769796646315000000,0
VFS.contentStorage.recordsReadSize,1769796586315000000,1769796646315000000,0
FileNameCache.totalMisses,1769796586315000000,1769796646315000000,0
VFS.fileChildByName,1769796586315000000,1769796646315000000,0
VFS.contentStorage.recordsUncompressedSize,1769796586315000000,1769796646315000000,0
FilePageCacheLockFree.housekeeperTurnsSkipped,1769796646315000000,1769796706315000000,0
DirectByteBufferAllocator.reclaimed,1769796646315000000,1769796706315000000,0
StorageLockContext.competingThreads.avg,1769796646315000000,1769796706315000000,0.0
FilePageCacheLockFree.housekeeperTurnsDone,1769796646315000000,1769796706315000000,0
FilePageCache.totalPageLoadsUs,1769796646315000000,1769796706315000000,0
StreamlinedBlobStorage.recordsRelocated,1769796646315000000,1769796706315000000,0
StorageLockContext.competingThreads.90P,1769796646315000000,1769796706315000000,0
FilePageCache.disposedBuffers,1769796646315000000,1769796706315000000,0
MappedFileStorage.totalBytesMapped,1769796646315000000,1769796706315000000,278134784
FilePageCacheLockFree.totalHeapBytesAllocated,1769796646315000000,1769796706315000000,0
FilePageCacheLockFree.totalPagesReadMs,1769796646315000000,1769796706315000000,0
FilePageCacheLockFree.totalPageAllocationsWaited,1769796646315000000,1769796706315000000,0
FilePageCacheLockFree.totalBytesRead,1769796646315000000,1769796706315000000,0
FilePageCache.totalPageDisposalsUs,1769796646315000000,1769796706315000000,0
FilePageCache.pageHits,1769796646315000000,1769796706315000000,0
MappedFileStorage.storages,1769796646315000000,1769796706315000000,16
StreamlinedBlobStorage.recordsAllocated,1769796646315000000,1769796706315000000,0
DirectByteBufferAllocator.misses,1769796646315000000,1769796706315000000,0
DirectByteBufferAllocator.hits,1769796646315000000,1769796706315000000,0
DirectByteBufferAllocator.totalSizeOfBuffersCachedInBytes,1769796646315000000,1769796706315000000,0
StreamlinedBlobStorage.totalLiveRecordsCapacityBytes,1769796646315000000,1769796706315000000,0
FilePageCache.uncachedFileAccess,1769796646315000000,1769796706315000000,0
FilePageCacheLockFree.totalPagesHandedOver,1769796646315000000,1769796706315000000,0
FilePageCacheLockFree.totalBytesRequested,1769796646315000000,1769796706315000000,0
FilePageCacheLockFree.totalPagesWritten,1769796646315000000,1769796706315000000,0
DirectByteBufferAllocator.totalSizeOfBuffersAllocatedInBytes,1769796646315000000,1769796706315000000,167796736
FilePageCache.capacityInBytes,1769796646315000000,1769796706315000000,503316478
StorageLockContext.competingThreads.max,1769796646315000000,1769796706315000000,0
FilePageCacheLockFree.housekeeperTimeSpentMs,1769796646315000000,1769796706315000000,0
FilePageCache.pageLoadsAboveSizeThreshold,1769796646315000000,1769796706315000000,0
FilePageCache.pageFastCacheHits,1769796646315000000,1769796706315000000,0
FilePageCacheLockFree.totalNativeBytesReclaimed,1769796646315000000,1769796706315000000,0
MappedFileStorage.totalTimeSpentOnMappingUs,1769796646315000000,1769796706315000000,12432
FilePageCacheLockFree.heapBytesInUse,1769796646315000000,1769796706315000000,0
FileChannelInterruptsRetryer.totalRetriedAttempts,1769796646315000000,1769796706315000000,0
MappedFileStorage.totalPagesMapped,1769796646315000000,1769796706315000000,22
FilePageCacheLockFree.totalPagesWriteMs,1769796646315000000,1769796706315000000,0
StreamlinedBlobStorage.totalLiveRecordsPayloadBytes,1769796646315000000,1769796706315000000,0
FilePageCacheLockFree.nativeBytesInUse,1769796646315000000,1769796706315000000,0
FilePageCache.maxCacheSizeInBytes,1769796646315000000,1769796706315000000,167796736
FilePageCacheLockFree.totalPagesReclaimed,1769796646315000000,1769796706315000000,0
FilePageCacheLockFree.totalNativeBytesAllocated,1769796646315000000,1769796706315000000,0
FilePageCache.pageLoads,1769796646315000000,1769796706315000000,0
FilePageCacheLockFree.totalPagesRequested,1769796646315000000,1769796706315000000,0
FilePageCache.maxRegisteredFiles,1769796646315000000,1769796706315000000,252
FilePageCacheLockFree.totalHeapBytesReclaimed,1769796646315000000,1769796706315000000,0
FilePageCacheLockFree.totalPagesAllocated,1769796646315000000,1769796706315000000,0
FilePageCacheLockFree.totalPagesRequestsMs,1769796646315000000,1769796706315000000,0
StreamlinedBlobStorage.recordsDeleted,1769796646315000000,1769796706315000000,0
FilePageCacheLockFree.totalClosedStoragesReclaimed,1769796646315000000,1769796706315000000,0
DirectByteBufferAllocator.disposed,1769796646315000000,1769796706315000000,0
FilePageCacheLockFree.totalBytesWritten,1769796646315000000,1769796706315000000,0
IndexesFlusher.totalFlushingTimeUs,1769796646315000000,1769796706315000000,29676
Indexes.stubs.lookups,1769796646315000000,1769796706315000000,0
Indexes.entries.lookups,1769796646315000000,1769796706315000000,0
Indexing.writer_3.totalTimeSpentWritingMs,1769796646315000000,1769796706315000000,0
Indexes.entries.lookupDuration90PMs,1769796646315000000,1769796706315000000,0.0
Indexing.cache.totalCacheAccesses,1769796646315000000,1769796706315000000,0
Indexes.allKeys.lookups,1769796646315000000,1769796706315000000,0
Indexing.cache.totalCacheEvicted,1769796646315000000,1769796706315000000,0
Indexes.entries.lookupDurationAvgMs,1769796646315000000,1769796706315000000,0.0
Indexing.writer_1.totalTimeSpentWritingMs,1769796646315000000,1769796706315000000,0
Indexes.allKeys.lookupDuration90PMs,1769796646315000000,1769796706315000000,0.0
IndexesFlusher.totalFlushes,1769796646315000000,1769796706315000000,60
Indexes.stubs.lookupDurationAvgMs,1769796646315000000,1769796706315000000,0.0
Indexing.writer_0.totalTimeSpentWritingMs,1769796646315000000,1769796706315000000,0
Indexing.cache.totalCacheMisses,1769796646315000000,1769796706315000000,0
Indexing.totalTimeIndexersSleptMs,1769796646315000000,1769796706315000000,0
Indexing.writer_2.totalTimeSpentWritingMs,1769796646315000000,1769796706315000000,0
Indexes.stubs.lookupDurationMaxMs,1769796646315000000,1769796706315000000,0.0
Indexes.stubs.lookupDuration90PMs,1769796646315000000,1769796706315000000,0.0
Indexes.allKeys.lookupDurationAvgMs,1769796646315000000,1769796706315000000,0.0
Indexing.writesQueuedMax,1769796646315000000,1769796706315000000,0
IndexesFlusher.totalFlushesRetried,1769796646315000000,1769796706315000000,0
Indexing.writesQueuedMin,1769796646315000000,1769796706315000000,9223372036854775807
Indexes.entries.lookupDurationMaxMs,1769796646315000000,1769796706315000000,0.0
Indexes.allKeys.lookupDurationMaxMs,1769796646315000000,1769796706315000000,0.0
IndexesFlusher.totalContentionQuotaSpent,1769796646315000000,1769796706315000000,0
WriteAction.executionsCount,1769796646315000000,1769796706315000000,0
AWTEventQueue.dispatchTimeMaxNs,1769796646315000000,1769796706315000000,0
FlushQueue.queueSizeMax,1769796646315000000,1769796706315000000,0
AWTEventQueue.dispatchTimeTotalNS,1769796646315000000,1769796706315000000,72684825
FlushQueue.queueSize90P,1769796646315000000,1769796706315000000,0
FlushQueue.tasksExecuted,1769796646315000000,1769796706315000000,0
NonBlockingReadAction.failedExecutionTimeUs,1769796646315000000,1769796706315000000,0
NonBlockingReadAction.finalizedExecutionsCount,1769796646315000000,1769796706315000000,0
ReadAction.executionsCount,1769796646315000000,1769796706315000000,0
FlushQueue.queueSizeAvg,1769796646315000000,1769796706315000000,0.0
NonBlockingReadAction.finalizedExecutionTimeUs,1769796646315000000,1769796706315000000,0
FlushQueue.waitingTimeAvgNs,1769796646315000000,1769796706315000000,0.0
FlushQueue.waitingTimeMaxNs,1769796646315000000,1769796706315000000,0
FlushQueue.waitingTime90PNs,1769796646315000000,1769796706315000000,0
NonBlockingReadAction.failedExecutionsCount,1769796646315000000,1769796706315000000,0
FlushQueue.executionTime90PNs,1769796646315000000,1769796706315000000,0
AWTEventQueue.dispatchTime90PNs,1769796646315000000,1769796706315000000,0
FlushQueue.executionTimeMaxNs,1769796646315000000,1769796706315000000,0
FlushQueue.executionTimeAvgNs,1769796646315000000,1769796706315000000,0.0
AWTEventQueue.dispatchTimeAvgNs,1769796646315000000,1769796706315000000,0.0
AWTEventQueue.eventsDispatched,1769796646315000000,1769796706315000000,0
JVM.totalBytesAllocated,1769796646315000000,1769796706315000000,28047696
JVM.threadCount,1769796646315000000,1769796706315000000,52
JVM.totalTimeAtSafepointsMs,1769796646315000000,1769796706315000000,0
JVM.GC.collections,1769796646315000000,1769796706315000000,0
OS.loadAverage,1769796646315000000,1769796706315000000,1.84130859375
JVM.totalTimeToSafepointsMs,1769796646315000000,1769796706315000000,0
JVM.maxHeapBytes,1769796646315000000,1769796706315000000,4196401152
JVM.newThreadsCount,1769796646315000000,1769796706315000000,0
JVM.totalDirectByteBuffersBytes,1769796646315000000,1769796706315000000,167975661
JVM.totalSafepointCount,1769796646315000000,1769796706315000000,1
JVM.totalCpuTimeMs,1769796646315000000,1769796706315000000,730
JVM.usedHeapBytes,1769796646315000000,1769796706315000000,1294991360
JVM.GC.collectionTimesMs,1769796646315000000,1769796706315000000,0
JVM.maxThreadCount,1769796646315000000,1769796706315000000,145
JVM.usedNativeBytes,1769796646315000000,1769796706315000000,463675312
cacheStateStorage.get.counter,1769796646315000000,1769796706315000000,0
cacheStateStorage.get.duration,1769796646315000000,1769796706315000000,0
cacheStateStorage.set.duration,1769796646315000000,1769796706315000000,0
cacheStateStorage.set.counter,1769796646315000000,1769796706315000000,0
workspaceModel.workspaceFileIndexData.getDirectoriesByPackageName.ms,1769796646315000000,1769796706315000000,0
workspaceModel.entityStorageSnapshotImpl.instances.count,1769796646315000000,1769796706315000000,0
workspaceModel.cachedValueWithParameters.total.get.count,1769796646315000000,1769796706315000000,0
workspaceModel.update.unloaded.entities.ms,1769796646315000000,1769796706315000000,0
workspaceModel.to.snapshot.ms,1769796646315000000,1769796706315000000,0
workspaceModel.workspaceFileIndexData.instances.count,1769796646315000000,1769796706315000000,0
workspaceModel.workspaceFileIndexData.init.ms,1769796646315000000,1769796706315000000,0
workspaceModel.pre.handlers.ms,1769796646315000000,1769796706315000000,0
workspaceModel.collect.changes.ms,1769796646315000000,1769796706315000000,0
workspaceModel.cachedValueWithParameters.calculated.count,1769796646315000000,1769796706315000000,0
workspaceModel.workspaceFileIndexData.visitFileSets.ms,1769796646315000000,1769796706315000000,0
workspaceModel.updates.count,1769796646315000000,1769796706315000000,0
workspaceModel.workspaceFileIndexData.updateDirtyEntities.ms,1769796646315000000,1769796706315000000,0
workspaceModel.workspaceFileIndexData.getPackageName.ms,1769796646315000000,1769796706315000000,0
workspaceModel.initializing.ms,1769796646315000000,1769796706315000000,0
workspaceModel.workspaceFileIndexData.markDirty.ms,1769796646315000000,1769796706315000000,0
workspaceModel.full.replace.project.model.ms,1769796646315000000,1769796706315000000,0
workspaceModel.on.before.changed.ms,1769796646315000000,1769796706315000000,0
workspaceModel.replace.project.model.ms,1769796646315000000,1769796706315000000,0
workspaceModel.workspaceFileIndexData.onEntitiesChanged.ms,1769796646315000000,1769796706315000000,0
workspaceModel.updates.ms,1769796646315000000,1769796706315000000,0
workspaceModel.on.changed.ms,1769796646315000000,1769796706315000000,0
workspaceModel.workspaceFileIndexData.getFileInfo.ms,1769796646315000000,1769796706315000000,0
workspaceModel.workspaceFileIndexContributor.registerFileSets.ms,1769796646315000000,1769796706315000000,0
workspaceModel.loading.total.ms,1769796646315000000,1769796706315000000,0
workspaceModel.init.bridges.ms,1769796646315000000,1769796706315000000,0
workspaceModel.updates.precise.ms,1769796646315000000,1769796706315000000,0
workspaceModel.cachedValueWithParameters.from.cache.count,1769796646315000000,1769796706315000000,0
workspaceModel.cachedValue.from.cache.count,1769796646315000000,1769796706315000000,0
workspaceModel.cachedValue.calculated.count,1769796646315000000,1769796706315000000,0
workspaceModel.check.recursive.update.ms,1769796646315000000,1769796706315000000,0
workspaceModel.cachedValueWithParameters.clear.count,1769796646315000000,1769796706315000000,0
workspaceModel.cachedValue.total.get.count,1769796646315000000,1769796706315000000,0
workspaceModel.workspaceFileIndexData.processFileSets.ms,1769796646315000000,1769796706315000000,0
workspaceModel.cachedValue.clear.count,1769796646315000000,1769796706315000000,0
workspaceModel.loading.from.cache.ms,1769796646315000000,1769796706315000000,0
DiskQueryRelay.tasksExecuted,1769796646315000000,1769796706315000000,0
writeAction.max.wait.ms,1769796646315000000,1769796706315000000,345
writeAction.wait.ms,1769796646315000000,1769796706315000000,0
DiskQueryRelay.taskWaitingTotalTimeUs,1769796646315000000,1769796706315000000,0
DiskQueryRelay.taskExecutionTotalTimeUs,1769796646315000000,1769796706315000000,0
DiskQueryRelay.tasksRequested,1769796646315000000,1769796706315000000,0
writeAction.count,1769796646315000000,1769796706315000000,0
writeAction.median.wait.ms,1769796646315000000,1769796706315000000,400
workspaceModel.mutableEntityStorage.apply.changes.from.ms,1769796646315000000,1769796706315000000,0
workspaceModel.mutableEntityStorage.remove.entity.ms,1769796646315000000,1769796706315000000,0
jps.global.initialize.library.bridges.ms,1769796646315000000,1769796706315000000,0
jps.artifact.entities.serializer.save.entities.ms,1769796646315000000,1769796706315000000,0
jps.project.serializers.load.ms,1769796646315000000,1769796706315000000,0
jps.app.storage.content.writer.save.component.ms,1769796646315000000,1769796706315000000,0
jps.save.global.entities.ms,1769796646315000000,1769796706315000000,0
workspaceModel.mutableEntityStorage.replace.by.source.ms,1769796646315000000,1769796706315000000,0
workspaceModel.global.apply.state.to.project.builder.ms,1769796646315000000,1769796706315000000,0
jps.facet.change.listener.before.change.events.ms,1769796646315000000,1769796706315000000,0
workspaceModel.mutableEntityStorage.changeLog.addReplaceEventForNewParent.ms,1769796646315000000,1769796706315000000,0
workspaceModel.save.cache.to.file.ms,1769796646315000000,1769796706315000000,0
jps.project.serializers.save.ms,1769796646315000000,1769796706315000000,0
jps.global.get.library.ms,1769796646315000000,1769796706315000000,0
workspaceModel.mutableEntityStorage.referrers.ms,1769796646315000000,1769796706315000000,0
jps.global.get.libraries.ms,1769796646315000000,1769796706315000000,0
jps.global.handle.changed.events.ms,1769796646315000000,1769796706315000000,0
workspaceModel.mutableEntityStorage.put.entity.ms,1769796646315000000,1769796706315000000,0
workspaceModel.mutableEntityStorage.entities.ms,1769796646315000000,1769796706315000000,0
workspaceModel.moduleBridge.before.changed.ms,1769796646315000000,1769796706315000000,0
workspaceModel.moduleManagerBridge.get.modules.ms,1769796646315000000,1769796706315000000,0
jps.load.initial.state.ms,1769796646315000000,1769796706315000000,0
workspaceModel.delayed.project.synchronizer.sync.ms,1769796646315000000,1769796706315000000,0
jps.facet.change.listener.init.bridge.ms,1769796646315000000,1769796706315000000,0
jps.library.entities.serializer.load.entities.ms,1769796646315000000,1769796706315000000,0
jps.storage.jps.conf.reader.load.component.ms,1769796646315000000,1769796706315000000,0
jps.facet.change.listener.process.change.events.ms,1769796646315000000,1769796706315000000,0
jps.artifact.entities.serializer.load.entities.ms,1769796646315000000,1769796706315000000,0
jps.apply.loaded.storage.ms,1769796646315000000,1769796706315000000,0
jps.reload.project.entities.ms,1769796646315000000,1769796706315000000,0
workspaceModel.moduleManagerBridge.new.nonPersistent.module.ms,1769796646315000000,1769796706315000000,0
workspaceModel.mutableEntityStorage.changeLog.addReplaceEventForRemovedChild.ms,1769796646315000000,1769796706315000000,0
workspaceModel.mutableEntityStorage.entities.by.source.ms,1769796646315000000,1769796706315000000,0
workspaceModel.mutableEntityStorage.instances.count,1769796646315000000,1769796706315000000,0
jps.global.get.library.by.name.ms,1769796646315000000,1769796706315000000,0
workspaceModel.mutableEntityStorage.resolve.ms,1769796646315000000,1769796706315000000,0
workspaceModel.mutableEntityStorage.mutable.ext.mapping.ms,1769796646315000000,1769796706315000000,0
workspaceModel.moduleManagerBridge.create.module.instance.ms,1769796646315000000,1769796706315000000,0
workspaceModel.moduleBridgeLoader.loading.modules.ms,1769796646315000000,1769796706315000000,0
workspaceModel.moduleManagerBridge.set.unloadedModules.ms,1769796646315000000,1769796706315000000,0
workspaceModel.moduleBridge.update.option.ms,1769796646315000000,1769796706315000000,0
workspaceModel.mutableEntityStorage.add.entity.ms,1769796646315000000,1769796706315000000,0
workspaceModel.moduleManagerBridge.newModule.ms,1769796646315000000,1769796706315000000,0
jps.global.initialize.library.bridges.after.loading.ms,1769796646315000000,1769796706315000000,0
workspaceModel.global.apply.state.to.project.ms,1769796646315000000,1769796706315000000,0
workspaceModel.global.updates.ms,1769796646315000000,1769796706315000000,0
jps.app.storage.content.reader.load.component.ms,1769796646315000000,1769796706315000000,0
jps.save.changed.project.entities.ms,1769796646315000000,1769796706315000000,0
jps.module.iml.entities.serializer.save.entities.ms,1769796646315000000,1769796706315000000,0
jps.global.handle.before.change.events.ms,1769796646315000000,1769796706315000000,0
workspaceModel.global.updates.count,1769796646315000000,1769796706315000000,0
jps.module.iml.entities.serializer.load.entities.ms,1769796646315000000,1769796706315000000,0
jps.load.project.to.empty.storage.ms,1769796646315000000,1769796706315000000,0
workspaceModel.mutableEntityStorage.collect.changes.ms,1769796646315000000,1769796706315000000,0
workspaceModel.do.save.caches.ms,1769796646315000000,1769796706315000000,0
workspaceModel.moduleBridge.facet.initialization.ms,1769796646315000000,1769796706315000000,0
jps.library.entities.serializer.save.entities.ms,1769796646315000000,1769796706315000000,0
workspaceModel.mutableEntityStorage.has.same.entities.ms,1769796646315000000,1769796706315000000,0
workspaceModel.mutableEntityStorage.modify.entity.ms,1769796646315000000,1769796706315000000,0
workspaceModel.load.cache.metadata.from.file.ms,1769796646315000000,1769796706315000000,0
workspaceModel.load.cache.from.file.ms,1769796646315000000,1769796706315000000,0
workspaceModel.sync.entities.ms,1769796646315000000,1769796706315000000,0
workspaceModel.mutableEntityStorage.changeLog.addReplaceEventForRemovedParent.ms,1769796646315000000,1769796706315000000,0
workspaceModel.mutableEntityStorage.changeLog.addReplaceEventForNewChild.ms,1769796646315000000,1769796706315000000,0
workspaceModel.mutableEntityStorage.to.snapshot.ms,1769796646315000000,1769796706315000000,0
jps.module.dependency.index.workspace.model.listener.on.changed.ms,1769796646315000000,1769796706315000000,0
workspaceModel.moduleManagerBridge.load.all.modules.ms,1769796646315000000,1769796706315000000,0
workspaceModel.moduleManagerBridge.load.module.ms,1769796646315000000,1769796706315000000,0
workspaceModel.moduleManagerBridge.build.module.graph.ms,1769796646315000000,1769796706315000000,0
workspaceModel.mutableEntityStorage.mutable.vfurl.index.ms,1769796646315000000,1769796706315000000,0
workspaceModel.orphan.listener.update.ms,1769796646315000000,1769796706315000000,0
VFS.contentStorage.recordsRead,1769796646315000000,1769796706315000000,0
FileNameCache.queries,1769796646315000000,1769796706315000000,0
VFS.contentStorage.recordsStored,1769796646315000000,1769796706315000000,0
VFS.fileByIdCache.hits,1769796646315000000,1769796706315000000,0
VFS.contentStorage.recordsReadDecompressed,1769796646315000000,1769796706315000000,0
VFS.fileByIdCache.misses,1769796646315000000,1769796706315000000,0
VFS.contentStorage.recordsStoredSize,1769796646315000000,1769796706315000000,0
VFS.contentStorage.recordsStoredCompressed,1769796646315000000,1769796706315000000,0
VFS.contentStorage.recordsDeduplicated,1769796646315000000,1769796706315000000,0
VFS.invertedFileNameIndex.requests,1769796646315000000,1769796706315000000,0
VFS.contentStorage.recordsDecompressionTimeUs,1769796646315000000,1769796706315000000,0
VFS.contentStorage.recordsReadSize,1769796646315000000,1769796706315000000,0
FileNameCache.totalMisses,1769796646315000000,1769796706315000000,0
VFS.fileChildByName,1769796646315000000,1769796706315000000,0
VFS.contentStorage.recordsUncompressedSize,1769796646315000000,1769796706315000000,0
FilePageCacheLockFree.housekeeperTurnsSkipped,1769796706315000000,1769796766315000000,0
DirectByteBufferAllocator.reclaimed,1769796706315000000,1769796766315000000,0
StorageLockContext.competingThreads.avg,1769796706315000000,1769796766315000000,0.0
FilePageCacheLockFree.housekeeperTurnsDone,1769796706315000000,1769796766315000000,0
FilePageCache.totalPageLoadsUs,1769796706315000000,1769796766315000000,0
StreamlinedBlobStorage.recordsRelocated,1769796706315000000,1769796766315000000,0
StorageLockContext.competingThreads.90P,1769796706315000000,1769796766315000000,0
FilePageCache.disposedBuffers,1769796706315000000,1769796766315000000,0
MappedFileStorage.totalBytesMapped,1769796706315000000,1769796766315000000,278134784
FilePageCacheLockFree.totalHeapBytesAllocated,1769796706315000000,1769796766315000000,0
FilePageCacheLockFree.totalPagesReadMs,1769796706315000000,1769796766315000000,0
FilePageCacheLockFree.totalPageAllocationsWaited,1769796706315000000,1769796766315000000,0
FilePageCacheLockFree.totalBytesRead,1769796706315000000,1769796766315000000,0
FilePageCache.totalPageDisposalsUs,1769796706315000000,1769796766315000000,0
FilePageCache.pageHits,1769796706315000000,1769796766315000000,0
MappedFileStorage.storages,1769796706315000000,1769796766315000000,16
StreamlinedBlobStorage.recordsAllocated,1769796706315000000,1769796766315000000,0
DirectByteBufferAllocator.misses,1769796706315000000,1769796766315000000,0
DirectByteBufferAllocator.hits,1769796706315000000,1769796766315000000,0
DirectByteBufferAllocator.totalSizeOfBuffersCachedInBytes,1769796706315000000,1769796766315000000,0
StreamlinedBlobStorage.totalLiveRecordsCapacityBytes,1769796706315000000,1769796766315000000,0
FilePageCache.uncachedFileAccess,1769796706315000000,1769796766315000000,0
FilePageCacheLockFree.totalPagesHandedOver,1769796706315000000,1769796766315000000,0
FilePageCacheLockFree.totalBytesRequested,1769796706315000000,1769796766315000000,0
FilePageCacheLockFree.totalPagesWritten,1769796706315000000,1769796766315000000,0
DirectByteBufferAllocator.totalSizeOfBuffersAllocatedInBytes,1769796706315000000,1769796766315000000,167796736
FilePageCache.capacityInBytes,1769796706315000000,1769796766315000000,503316478
StorageLockContext.competingThreads.max,1769796706315000000,1769796766315000000,0
FilePageCacheLockFree.housekeeperTimeSpentMs,1769796706315000000,1769796766315000000,0
FilePageCache.pageLoadsAboveSizeThreshold,1769796706315000000,1769796766315000000,0
FilePageCache.pageFastCacheHits,1769796706315000000,1769796766315000000,0
FilePageCacheLockFree.totalNativeBytesReclaimed,1769796706315000000,1769796766315000000,0
MappedFileStorage.totalTimeSpentOnMappingUs,1769796706315000000,1769796766315000000,12432
FilePageCacheLockFree.heapBytesInUse,1769796706315000000,1769796766315000000,0
FileChannelInterruptsRetryer.totalRetriedAttempts,1769796706315000000,1769796766315000000,0
MappedFileStorage.totalPagesMapped,1769796706315000000,1769796766315000000,22
FilePageCacheLockFree.totalPagesWriteMs,1769796706315000000,1769796766315000000,0
StreamlinedBlobStorage.totalLiveRecordsPayloadBytes,1769796706315000000,1769796766315000000,0
FilePageCacheLockFree.nativeBytesInUse,1769796706315000000,1769796766315000000,0
FilePageCache.maxCacheSizeInBytes,1769796706315000000,1769796766315000000,167796736
FilePageCacheLockFree.totalPagesReclaimed,1769796706315000000,1769796766315000000,0
FilePageCacheLockFree.totalNativeBytesAllocated,1769796706315000000,1769796766315000000,0
FilePageCache.pageLoads,1769796706315000000,1769796766315000000,0
FilePageCacheLockFree.totalPagesRequested,1769796706315000000,1769796766315000000,0
FilePageCache.maxRegisteredFiles,1769796706315000000,1769796766315000000,252
FilePageCacheLockFree.totalHeapBytesReclaimed,1769796706315000000,1769796766315000000,0
FilePageCacheLockFree.totalPagesAllocated,1769796706315000000,1769796766315000000,0
FilePageCacheLockFree.totalPagesRequestsMs,1769796706315000000,1769796766315000000,0
StreamlinedBlobStorage.recordsDeleted,1769796706315000000,1769796766315000000,0
FilePageCacheLockFree.totalClosedStoragesReclaimed,1769796706315000000,1769796766315000000,0
DirectByteBufferAllocator.disposed,1769796706315000000,1769796766315000000,0
FilePageCacheLockFree.totalBytesWritten,1769796706315000000,1769796766315000000,0
IndexesFlusher.totalFlushingTimeUs,1769796706315000000,1769796766315000000,29865
Indexes.stubs.lookups,1769796706315000000,1769796766315000000,0
Indexes.entries.lookups,1769796706315000000,1769796766315000000,0
Indexing.writer_3.totalTimeSpentWritingMs,1769796706315000000,1769796766315000000,0
Indexes.entries.lookupDuration90PMs,1769796706315000000,1769796766315000000,0.0
Indexing.cache.totalCacheAccesses,1769796706315000000,1769796766315000000,0
Indexes.allKeys.lookups,1769796706315000000,1769796766315000000,0
Indexing.cache.totalCacheEvicted,1769796706315000000,1769796766315000000,0
Indexes.entries.lookupDurationAvgMs,1769796706315000000,1769796766315000000,0.0
Indexing.writer_1.totalTimeSpentWritingMs,1769796706315000000,1769796766315000000,0
Indexes.allKeys.lookupDuration90PMs,1769796706315000000,1769796766315000000,0.0
IndexesFlusher.totalFlushes,1769796706315000000,1769796766315000000,60
Indexes.stubs.lookupDurationAvgMs,1769796706315000000,1769796766315000000,0.0
Indexing.writer_0.totalTimeSpentWritingMs,1769796706315000000,1769796766315000000,0
Indexing.cache.totalCacheMisses,1769796706315000000,1769796766315000000,0
Indexing.totalTimeIndexersSleptMs,1769796706315000000,1769796766315000000,0
Indexing.writer_2.totalTimeSpentWritingMs,1769796706315000000,1769796766315000000,0
Indexes.stubs.lookupDurationMaxMs,1769796706315000000,1769796766315000000,0.0
Indexes.stubs.lookupDuration90PMs,1769796706315000000,1769796766315000000,0.0
Indexes.allKeys.lookupDurationAvgMs,1769796706315000000,1769796766315000000,0.0
Indexing.writesQueuedMax,1769796706315000000,1769796766315000000,0
IndexesFlusher.totalFlushesRetried,1769796706315000000,1769796766315000000,0
Indexing.writesQueuedMin,1769796706315000000,1769796766315000000,9223372036854775807
Indexes.entries.lookupDurationMaxMs,1769796706315000000,1769796766315000000,0.0
Indexes.allKeys.lookupDurationMaxMs,1769796706315000000,1769796766315000000,0.0
IndexesFlusher.totalContentionQuotaSpent,1769796706315000000,1769796766315000000,0
WriteAction.executionsCount,1769796706315000000,1769796766315000000,0
AWTEventQueue.dispatchTimeMaxNs,1769796706315000000,1769796766315000000,0
FlushQueue.queueSizeMax,1769796706315000000,1769796766315000000,0
AWTEventQueue.dispatchTimeTotalNS,1769796706315000000,1769796766315000000,65318184
FlushQueue.queueSize90P,1769796706315000000,1769796766315000000,0
FlushQueue.tasksExecuted,1769796706315000000,1769796766315000000,0
NonBlockingReadAction.failedExecutionTimeUs,1769796706315000000,1769796766315000000,0
NonBlockingReadAction.finalizedExecutionsCount,1769796706315000000,1769796766315000000,2
ReadAction.executionsCount,1769796706315000000,1769796766315000000,12636
FlushQueue.queueSizeAvg,1769796706315000000,1769796766315000000,0.0
NonBlockingReadAction.finalizedExecutionTimeUs,1769796706315000000,1769796766315000000,408
FlushQueue.waitingTimeAvgNs,1769796706315000000,1769796766315000000,0.0
FlushQueue.waitingTimeMaxNs,1769796706315000000,1769796766315000000,0
FlushQueue.waitingTime90PNs,1769796706315000000,1769796766315000000,0
NonBlockingReadAction.failedExecutionsCount,1769796706315000000,1769796766315000000,0
FlushQueue.executionTime90PNs,1769796706315000000,1769796766315000000,0
AWTEventQueue.dispatchTime90PNs,1769796706315000000,1769796766315000000,0
FlushQueue.executionTimeMaxNs,1769796706315000000,1769796766315000000,0
FlushQueue.executionTimeAvgNs,1769796706315000000,1769796766315000000,0.0
AWTEventQueue.dispatchTimeAvgNs,1769796706315000000,1769796766315000000,0.0
AWTEventQueue.eventsDispatched,1769796706315000000,1769796766315000000,0
JVM.totalBytesAllocated,1769796706315000000,1769796766315000000,102105528
JVM.threadCount,1769796706315000000,1769796766315000000,52
JVM.totalTimeAtSafepointsMs,1769796706315000000,1769796766315000000,0
JVM.GC.collections,1769796706315000000,1769796766315000000,0
OS.loadAverage,1769796706315000000,1769796766315000000,1.90869140625
JVM.totalTimeToSafepointsMs,1769796706315000000,1769796766315000000,0
JVM.maxHeapBytes,1769796706315000000,1769796766315000000,4196401152
JVM.newThreadsCount,1769796706315000000,1769796766315000000,4
JVM.totalDirectByteBuffersBytes,1769796706315000000,1769796766315000000,167975661
JVM.totalSafepointCount,1769796706315000000,1769796766315000000,2
JVM.totalCpuTimeMs,1769796706315000000,1769796766315000000,720
JVM.usedHeapBytes,1769796706315000000,1769796766315000000,1397751808
JVM.GC.collectionTimesMs,1769796706315000000,1769796766315000000,0
JVM.maxThreadCount,1769796706315000000,1769796766315000000,145
JVM.usedNativeBytes,1769796706315000000,1769796766315000000,463739352
cacheStateStorage.get.counter,1769796706315000000,1769796766315000000,0
cacheStateStorage.get.duration,1769796706315000000,1769796766315000000,0
cacheStateStorage.set.duration,1769796706315000000,1769796766315000000,0
cacheStateStorage.set.counter,1769796706315000000,1769796766315000000,0
workspaceModel.workspaceFileIndexData.getDirectoriesByPackageName.ms,1769796706315000000,1769796766315000000,0
workspaceModel.entityStorageSnapshotImpl.instances.count,1769796706315000000,1769796766315000000,0
workspaceModel.cachedValueWithParameters.total.get.count,1769796706315000000,1769796766315000000,0
workspaceModel.update.unloaded.entities.ms,1769796706315000000,1769796766315000000,0
workspaceModel.to.snapshot.ms,1769796706315000000,1769796766315000000,0
workspaceModel.workspaceFileIndexData.instances.count,1769796706315000000,1769796766315000000,0
workspaceModel.workspaceFileIndexData.init.ms,1769796706315000000,1769796766315000000,0
workspaceModel.pre.handlers.ms,1769796706315000000,1769796766315000000,0
workspaceModel.collect.changes.ms,1769796706315000000,1769796766315000000,0
workspaceModel.cachedValueWithParameters.calculated.count,1769796706315000000,1769796766315000000,0
workspaceModel.workspaceFileIndexData.visitFileSets.ms,1769796706315000000,1769796766315000000,0
workspaceModel.updates.count,1769796706315000000,1769796766315000000,0
workspaceModel.workspaceFileIndexData.updateDirtyEntities.ms,1769796706315000000,1769796766315000000,0
workspaceModel.workspaceFileIndexData.getPackageName.ms,1769796706315000000,1769796766315000000,0
workspaceModel.initializing.ms,1769796706315000000,1769796766315000000,0
workspaceModel.workspaceFileIndexData.markDirty.ms,1769796706315000000,1769796766315000000,0
workspaceModel.full.replace.project.model.ms,1769796706315000000,1769796766315000000,0
workspaceModel.on.before.changed.ms,1769796706315000000,1769796766315000000,0
workspaceModel.replace.project.model.ms,1769796706315000000,1769796766315000000,0
workspaceModel.workspaceFileIndexData.onEntitiesChanged.ms,1769796706315000000,1769796766315000000,0
workspaceModel.updates.ms,1769796706315000000,1769796766315000000,0
workspaceModel.on.changed.ms,1769796706315000000,1769796766315000000,0
workspaceModel.workspaceFileIndexData.getFileInfo.ms,1769796706315000000,1769796766315000000,2
workspaceModel.workspaceFileIndexContributor.registerFileSets.ms,1769796706315000000,1769796766315000000,0
workspaceModel.loading.total.ms,1769796706315000000,1769796766315000000,0
workspaceModel.init.bridges.ms,1769796706315000000,1769796766315000000,0
workspaceModel.updates.precise.ms,1769796706315000000,1769796766315000000,0
workspaceModel.cachedValueWithParameters.from.cache.count,1769796706315000000,1769796766315000000,0
workspaceModel.cachedValue.from.cache.count,1769796706315000000,1769796766315000000,1
workspaceModel.cachedValue.calculated.count,1769796706315000000,1769796766315000000,0
workspaceModel.check.recursive.update.ms,1769796706315000000,1769796766315000000,0
workspaceModel.cachedValueWithParameters.clear.count,1769796706315000000,1769796766315000000,0
workspaceModel.cachedValue.total.get.count,1769796706315000000,1769796766315000000,1
workspaceModel.workspaceFileIndexData.processFileSets.ms,1769796706315000000,1769796766315000000,0
workspaceModel.cachedValue.clear.count,1769796706315000000,1769796766315000000,0
workspaceModel.loading.from.cache.ms,1769796706315000000,1769796766315000000,0
DiskQueryRelay.tasksExecuted,1769796706315000000,1769796766315000000,0
writeAction.max.wait.ms,1769796706315000000,1769796766315000000,345
writeAction.wait.ms,1769796706315000000,1769796766315000000,0
DiskQueryRelay.taskWaitingTotalTimeUs,1769796706315000000,1769796766315000000,0
DiskQueryRelay.taskExecutionTotalTimeUs,1769796706315000000,1769796766315000000,0
DiskQueryRelay.tasksRequested,1769796706315000000,1769796766315000000,0
writeAction.count,1769796706315000000,1769796766315000000,0
writeAction.median.wait.ms,1769796706315000000,1769796766315000000,400
workspaceModel.mutableEntityStorage.apply.changes.from.ms,1769796706315000000,1769796766315000000,0
workspaceModel.mutableEntityStorage.remove.entity.ms,1769796706315000000,1769796766315000000,0
jps.global.initialize.library.bridges.ms,1769796706315000000,1769796766315000000,0
jps.artifact.entities.serializer.save.entities.ms,1769796706315000000,1769796766315000000,0
jps.project.serializers.load.ms,1769796706315000000,1769796766315000000,0
jps.app.storage.content.writer.save.component.ms,1769796706315000000,1769796766315000000,0
jps.save.global.entities.ms,1769796706315000000,1769796766315000000,0
workspaceModel.mutableEntityStorage.replace.by.source.ms,1769796706315000000,1769796766315000000,0
workspaceModel.global.apply.state.to.project.builder.ms,1769796706315000000,1769796766315000000,0
jps.facet.change.listener.before.change.events.ms,1769796706315000000,1769796766315000000,0
workspaceModel.mutableEntityStorage.changeLog.addReplaceEventForNewParent.ms,1769796706315000000,1769796766315000000,0
workspaceModel.save.cache.to.file.ms,1769796706315000000,1769796766315000000,0
jps.project.serializers.save.ms,1769796706315000000,1769796766315000000,0
jps.global.get.library.ms,1769796706315000000,1769796766315000000,0
workspaceModel.mutableEntityStorage.referrers.ms,1769796706315000000,1769796766315000000,0
jps.global.get.libraries.ms,1769796706315000000,1769796766315000000,0
jps.global.handle.changed.events.ms,1769796706315000000,1769796766315000000,0
workspaceModel.mutableEntityStorage.put.entity.ms,1769796706315000000,1769796766315000000,0
workspaceModel.mutableEntityStorage.entities.ms,1769796706315000000,1769796766315000000,0
workspaceModel.moduleBridge.before.changed.ms,1769796706315000000,1769796766315000000,0
workspaceModel.moduleManagerBridge.get.modules.ms,1769796706315000000,1769796766315000000,0
jps.load.initial.state.ms,1769796706315000000,1769796766315000000,0
workspaceModel.delayed.project.synchronizer.sync.ms,1769796706315000000,1769796766315000000,0
jps.facet.change.listener.init.bridge.ms,1769796706315000000,1769796766315000000,0
jps.library.entities.serializer.load.entities.ms,1769796706315000000,1769796766315000000,0
jps.storage.jps.conf.reader.load.component.ms,1769796706315000000,1769796766315000000,0
jps.facet.change.listener.process.change.events.ms,1769796706315000000,1769796766315000000,0
jps.artifact.entities.serializer.load.entities.ms,1769796706315000000,1769796766315000000,0
jps.apply.loaded.storage.ms,1769796706315000000,1769796766315000000,0
jps.reload.project.entities.ms,1769796706315000000,1769796766315000000,0
workspaceModel.moduleManagerBridge.new.nonPersistent.module.ms,1769796706315000000,1769796766315000000,0
workspaceModel.mutableEntityStorage.changeLog.addReplaceEventForRemovedChild.ms,1769796706315000000,1769796766315000000,0
workspaceModel.mutableEntityStorage.entities.by.source.ms,1769796706315000000,1769796766315000000,0
workspaceModel.mutableEntityStorage.instances.count,1769796706315000000,1769796766315000000,0
jps.global.get.library.by.name.ms,1769796706315000000,1769796766315000000,0
workspaceModel.mutableEntityStorage.resolve.ms,1769796706315000000,1769796766315000000,0
workspaceModel.mutableEntityStorage.mutable.ext.mapping.ms,1769796706315000000,1769796766315000000,0
workspaceModel.moduleManagerBridge.create.module.instance.ms,1769796706315000000,1769796766315000000,0
workspaceModel.moduleBridgeLoader.loading.modules.ms,1769796706315000000,1769796766315000000,0
workspaceModel.moduleManagerBridge.set.unloadedModules.ms,1769796706315000000,1769796766315000000,0
workspaceModel.moduleBridge.update.option.ms,1769796706315000000,1769796766315000000,0
workspaceModel.mutableEntityStorage.add.entity.ms,1769796706315000000,1769796766315000000,0
workspaceModel.moduleManagerBridge.newModule.ms,1769796706315000000,1769796766315000000,0
jps.global.initialize.library.bridges.after.loading.ms,1769796706315000000,1769796766315000000,0
workspaceModel.global.apply.state.to.project.ms,1769796706315000000,1769796766315000000,0
workspaceModel.global.updates.ms,1769796706315000000,1769796766315000000,0
jps.app.storage.content.reader.load.component.ms,1769796706315000000,1769796766315000000,0
jps.save.changed.project.entities.ms,1769796706315000000,1769796766315000000,0
jps.module.iml.entities.serializer.save.entities.ms,1769796706315000000,1769796766315000000,0
jps.global.handle.before.change.events.ms,1769796706315000000,1769796766315000000,0
workspaceModel.global.updates.count,1769796706315000000,1769796766315000000,0
jps.module.iml.entities.serializer.load.entities.ms,1769796706315000000,1769796766315000000,0
jps.load.project.to.empty.storage.ms,1769796706315000000,1769796766315000000,0
workspaceModel.mutableEntityStorage.collect.changes.ms,1769796706315000000,1769796766315000000,0
workspaceModel.do.save.caches.ms,1769796706315000000,1769796766315000000,0
workspaceModel.moduleBridge.facet.initialization.ms,1769796706315000000,1769796766315000000,0
jps.library.entities.serializer.save.entities.ms,1769796706315000000,1769796766315000000,0
workspaceModel.mutableEntityStorage.has.same.entities.ms,1769796706315000000,1769796766315000000,0
workspaceModel.mutableEntityStorage.modify.entity.ms,1769796706315000000,1769796766315000000,0
workspaceModel.load.cache.metadata.from.file.ms,1769796706315000000,1769796766315000000,0
workspaceModel.load.cache.from.file.ms,1769796706315000000,1769796766315000000,0
workspaceModel.sync.entities.ms,1769796706315000000,1769796766315000000,0
workspaceModel.mutableEntityStorage.changeLog.addReplaceEventForRemovedParent.ms,1769796706315000000,1769796766315000000,0
workspaceModel.mutableEntityStorage.changeLog.addReplaceEventForNewChild.ms,1769796706315000000,1769796766315000000,0
workspaceModel.mutableEntityStorage.to.snapshot.ms,1769796706315000000,1769796766315000000,0
jps.module.dependency.index.workspace.model.listener.on.changed.ms,1769796706315000000,1769796766315000000,0
workspaceModel.moduleManagerBridge.load.all.modules.ms,1769796706315000000,1769796766315000000,0
workspaceModel.moduleManagerBridge.load.module.ms,1769796706315000000,1769796766315000000,0
workspaceModel.moduleManagerBridge.build.module.graph.ms,1769796706315000000,1769796766315000000,0
workspaceModel.mutableEntityStorage.mutable.vfurl.index.ms,1769796706315000000,1769796766315000000,0
workspaceModel.orphan.listener.update.ms,1769796706315000000,1769796766315000000,0
VFS.contentStorage.recordsRead,1769796706315000000,1769796766315000000,0
FileNameCache.queries,1769796706315000000,1769796766315000000,0
VFS.contentStorage.recordsStored,1769796706315000000,1769796766315000000,0
VFS.fileByIdCache.hits,1769796706315000000,1769796766315000000,0
VFS.contentStorage.recordsReadDecompressed,1769796706315000000,1769796766315000000,0
VFS.fileByIdCache.misses,1769796706315000000,1769796766315000000,0
VFS.contentStorage.recordsStoredSize,1769796706315000000,1769796766315000000,0
VFS.contentStorage.recordsStoredCompressed,1769796706315000000,1769796766315000000,0
VFS.contentStorage.recordsDeduplicated,1769796706315000000,1769796766315000000,0
VFS.invertedFileNameIndex.requests,1769796706315000000,1769796766315000000,0
VFS.contentStorage.recordsDecompressionTimeUs,1769796706315000000,1769796766315000000,0
VFS.contentStorage.recordsReadSize,1769796706315000000,1769796766315000000,0
FileNameCache.totalMisses,1769796706315000000,1769796766315000000,0
VFS.fileChildByName,1769796706315000000,1769796766315000000,9
VFS.contentStorage.recordsUncompressedSize,1769796706315000000,1769796766315000000,0
FilePageCacheLockFree.housekeeperTurnsSkipped,1769796766315000000,1769796826315000000,0
DirectByteBufferAllocator.reclaimed,1769796766315000000,1769796826315000000,0
StorageLockContext.competingThreads.avg,1769796766315000000,1769796826315000000,0.0
FilePageCacheLockFree.housekeeperTurnsDone,1769796766315000000,1769796826315000000,0
FilePageCache.totalPageLoadsUs,1769796766315000000,1769796826315000000,0
StreamlinedBlobStorage.recordsRelocated,1769796766315000000,1769796826315000000,0
StorageLockContext.competingThreads.90P,1769796766315000000,1769796826315000000,0
FilePageCache.disposedBuffers,1769796766315000000,1769796826315000000,0
MappedFileStorage.totalBytesMapped,1769796766315000000,1769796826315000000,278134784
FilePageCacheLockFree.totalHeapBytesAllocated,1769796766315000000,1769796826315000000,0
FilePageCacheLockFree.totalPagesReadMs,1769796766315000000,1769796826315000000,0
FilePageCacheLockFree.totalPageAllocationsWaited,1769796766315000000,1769796826315000000,0
FilePageCacheLockFree.totalBytesRead,1769796766315000000,1769796826315000000,0
FilePageCache.totalPageDisposalsUs,1769796766315000000,1769796826315000000,0
FilePageCache.pageHits,1769796766315000000,1769796826315000000,0
MappedFileStorage.storages,1769796766315000000,1769796826315000000,16
StreamlinedBlobStorage.recordsAllocated,1769796766315000000,1769796826315000000,0
DirectByteBufferAllocator.misses,1769796766315000000,1769796826315000000,0
DirectByteBufferAllocator.hits,1769796766315000000,1769796826315000000,0
DirectByteBufferAllocator.totalSizeOfBuffersCachedInBytes,1769796766315000000,1769796826315000000,0
StreamlinedBlobStorage.totalLiveRecordsCapacityBytes,1769796766315000000,1769796826315000000,0
FilePageCache.uncachedFileAccess,1769796766315000000,1769796826315000000,0
FilePageCacheLockFree.totalPagesHandedOver,1769796766315000000,1769796826315000000,0
FilePageCacheLockFree.totalBytesRequested,1769796766315000000,1769796826315000000,0
FilePageCacheLockFree.totalPagesWritten,1769796766315000000,1769796826315000000,0
DirectByteBufferAllocator.totalSizeOfBuffersAllocatedInBytes,1769796766315000000,1769796826315000000,167796736
FilePageCache.capacityInBytes,1769796766315000000,1769796826315000000,503316478
StorageLockContext.competingThreads.max,1769796766315000000,1769796826315000000,0
FilePageCacheLockFree.housekeeperTimeSpentMs,1769796766315000000,1769796826315000000,0
FilePageCache.pageLoadsAboveSizeThreshold,1769796766315000000,1769796826315000000,0
FilePageCache.pageFastCacheHits,1769796766315000000,1769796826315000000,0
FilePageCacheLockFree.totalNativeBytesReclaimed,1769796766315000000,1769796826315000000,0
MappedFileStorage.totalTimeSpentOnMappingUs,1769796766315000000,1769796826315000000,12432
FilePageCacheLockFree.heapBytesInUse,1769796766315000000,1769796826315000000,0
FileChannelInterruptsRetryer.totalRetriedAttempts,1769796766315000000,1769796826315000000,0
MappedFileStorage.totalPagesMapped,1769796766315000000,1769796826315000000,22
FilePageCacheLockFree.totalPagesWriteMs,1769796766315000000,1769796826315000000,0
StreamlinedBlobStorage.totalLiveRecordsPayloadBytes,1769796766315000000,1769796826315000000,0
FilePageCacheLockFree.nativeBytesInUse,1769796766315000000,1769796826315000000,0
FilePageCache.maxCacheSizeInBytes,1769796766315000000,1769796826315000000,167796736
FilePageCacheLockFree.totalPagesReclaimed,1769796766315000000,1769796826315000000,0
FilePageCacheLockFree.totalNativeBytesAllocated,1769796766315000000,1769796826315000000,0
FilePageCache.pageLoads,1769796766315000000,1769796826315000000,0
FilePageCacheLockFree.totalPagesRequested,1769796766315000000,1769796826315000000,0
FilePageCache.maxRegisteredFiles,1769796766315000000,1769796826315000000,252
FilePageCacheLockFree.totalHeapBytesReclaimed,1769796766315000000,1769796826315000000,0
FilePageCacheLockFree.totalPagesAllocated,1769796766315000000,1769796826315000000,0
FilePageCacheLockFree.totalPagesRequestsMs,1769796766315000000,1769796826315000000,0
StreamlinedBlobStorage.recordsDeleted,1769796766315000000,1769796826315000000,0
FilePageCacheLockFree.totalClosedStoragesReclaimed,1769796766315000000,1769796826315000000,0
DirectByteBufferAllocator.disposed,1769796766315000000,1769796826315000000,0
FilePageCacheLockFree.totalBytesWritten,1769796766315000000,1769796826315000000,0
IndexesFlusher.totalFlushingTimeUs,1769796766315000000,1769796826315000000,29968
Indexes.stubs.lookups,1769796766315000000,1769796826315000000,0
Indexes.entries.lookups,1769796766315000000,1769796826315000000,0
Indexing.writer_3.totalTimeSpentWritingMs,1769796766315000000,1769796826315000000,0
Indexes.entries.lookupDuration90PMs,1769796766315000000,1769796826315000000,0.0
Indexing.cache.totalCacheAccesses,1769796766315000000,1769796826315000000,0
Indexes.allKeys.lookups,1769796766315000000,1769796826315000000,0
Indexing.cache.totalCacheEvicted,1769796766315000000,1769796826315000000,0
Indexes.entries.lookupDurationAvgMs,1769796766315000000,1769796826315000000,0.0
Indexing.writer_1.totalTimeSpentWritingMs,1769796766315000000,1769796826315000000,0
Indexes.allKeys.lookupDuration90PMs,1769796766315000000,1769796826315000000,0.0
IndexesFlusher.totalFlushes,1769796766315000000,1769796826315000000,60
Indexes.stubs.lookupDurationAvgMs,1769796766315000000,1769796826315000000,0.0
Indexing.writer_0.totalTimeSpentWritingMs,1769796766315000000,1769796826315000000,0
Indexing.cache.totalCacheMisses,1769796766315000000,1769796826315000000,0
Indexing.totalTimeIndexersSleptMs,1769796766315000000,1769796826315000000,0
Indexing.writer_2.totalTimeSpentWritingMs,1769796766315000000,1769796826315000000,0
Indexes.stubs.lookupDurationMaxMs,1769796766315000000,1769796826315000000,0.0
Indexes.stubs.lookupDuration90PMs,1769796766315000000,1769796826315000000,0.0
Indexes.allKeys.lookupDurationAvgMs,1769796766315000000,1769796826315000000,0.0
Indexing.writesQueuedMax,1769796766315000000,1769796826315000000,0
IndexesFlusher.totalFlushesRetried,1769796766315000000,1769796826315000000,0
Indexing.writesQueuedMin,1769796766315000000,1769796826315000000,9223372036854775807
Indexes.entries.lookupDurationMaxMs,1769796766315000000,1769796826315000000,0.0
Indexes.allKeys.lookupDurationMaxMs,1769796766315000000,1769796826315000000,0.0
IndexesFlusher.totalContentionQuotaSpent,1769796766315000000,1769796826315000000,0
WriteAction.executionsCount,1769796766315000000,1769796826315000000,0
AWTEventQueue.dispatchTimeMaxNs,1769796766315000000,1769796826315000000,0
FlushQueue.queueSizeMax,1769796766315000000,1769796826315000000,0
AWTEventQueue.dispatchTimeTotalNS,1769796766315000000,1769796826315000000,65294864
FlushQueue.queueSize90P,1769796766315000000,1769796826315000000,0
FlushQueue.tasksExecuted,1769796766315000000,1769796826315000000,0
NonBlockingReadAction.failedExecutionTimeUs,1769796766315000000,1769796826315000000,0
NonBlockingReadAction.finalizedExecutionsCount,1769796766315000000,1769796826315000000,0
ReadAction.executionsCount,1769796766315000000,1769796826315000000,0
FlushQueue.queueSizeAvg,1769796766315000000,1769796826315000000,0.0
NonBlockingReadAction.finalizedExecutionTimeUs,1769796766315000000,1769796826315000000,0
FlushQueue.waitingTimeAvgNs,1769796766315000000,1769796826315000000,0.0
FlushQueue.waitingTimeMaxNs,1769796766315000000,1769796826315000000,0
FlushQueue.waitingTime90PNs,1769796766315000000,1769796826315000000,0
NonBlockingReadAction.failedExecutionsCount,1769796766315000000,1769796826315000000,0
FlushQueue.executionTime90PNs,1769796766315000000,1769796826315000000,0
AWTEventQueue.dispatchTime90PNs,1769796766315000000,1769796826315000000,0
FlushQueue.executionTimeMaxNs,1769796766315000000,1769796826315000000,0
FlushQueue.executionTimeAvgNs,1769796766315000000,1769796826315000000,0.0
AWTEventQueue.dispatchTimeAvgNs,1769796766315000000,1769796826315000000,0.0
AWTEventQueue.eventsDispatched,1769796766315000000,1769796826315000000,0
JVM.totalBytesAllocated,1769796766315000000,1769796826315000000,27779784
JVM.threadCount,1769796766315000000,1769796826315000000,53
JVM.totalTimeAtSafepointsMs,1769796766315000000,1769796826315000000,0
JVM.GC.collections,1769796766315000000,1769796826315000000,0
OS.loadAverage,1769796766315000000,1769796826315000000,1.83984375
JVM.totalTimeToSafepointsMs,1769796766315000000,1769796826315000000,0
JVM.maxHeapBytes,1769796766315000000,1769796826315000000,4196401152
JVM.newThreadsCount,1769796766315000000,1769796826315000000,1
JVM.totalDirectByteBuffersBytes,1769796766315000000,1769796826315000000,167975661
JVM.totalSafepointCount,1769796766315000000,1769796826315000000,1
JVM.totalCpuTimeMs,1769796766315000000,1769796826315000000,660
JVM.usedHeapBytes,1769796766315000000,1769796826315000000,1427111936
JVM.GC.collectionTimesMs,1769796766315000000,1769796826315000000,0
JVM.maxThreadCount,1769796766315000000,1769796826315000000,145
JVM.usedNativeBytes,1769796766315000000,1769796826315000000,463790664
cacheStateStorage.get.counter,1769796766315000000,1769796826315000000,0
cacheStateStorage.get.duration,1769796766315000000,1769796826315000000,0
cacheStateStorage.set.duration,1769796766315000000,1769796826315000000,0
cacheStateStorage.set.counter,1769796766315000000,1769796826315000000,0
workspaceModel.workspaceFileIndexData.getDirectoriesByPackageName.ms,1769796766315000000,1769796826315000000,0
workspaceModel.entityStorageSnapshotImpl.instances.count,1769796766315000000,1769796826315000000,0
workspaceModel.cachedValueWithParameters.total.get.count,1769796766315000000,1769796826315000000,0
workspaceModel.update.unloaded.entities.ms,1769796766315000000,1769796826315000000,0
workspaceModel.to.snapshot.ms,1769796766315000000,1769796826315000000,0
workspaceModel.workspaceFileIndexData.instances.count,1769796766315000000,1769796826315000000,0
workspaceModel.workspaceFileIndexData.init.ms,1769796766315000000,1769796826315000000,0
workspaceModel.pre.handlers.ms,1769796766315000000,1769796826315000000,0
workspaceModel.collect.changes.ms,1769796766315000000,1769796826315000000,0
workspaceModel.cachedValueWithParameters.calculated.count,1769796766315000000,1769796826315000000,0
workspaceModel.workspaceFileIndexData.visitFileSets.ms,1769796766315000000,1769796826315000000,0
workspaceModel.updates.count,1769796766315000000,1769796826315000000,0
workspaceModel.workspaceFileIndexData.updateDirtyEntities.ms,1769796766315000000,1769796826315000000,0
workspaceModel.workspaceFileIndexData.getPackageName.ms,1769796766315000000,1769796826315000000,0
workspaceModel.initializing.ms,1769796766315000000,1769796826315000000,0
workspaceModel.workspaceFileIndexData.markDirty.ms,1769796766315000000,1769796826315000000,0
workspaceModel.full.replace.project.model.ms,1769796766315000000,1769796826315000000,0
workspaceModel.on.before.changed.ms,1769796766315000000,1769796826315000000,0
workspaceModel.replace.project.model.ms,1769796766315000000,1769796826315000000,0
workspaceModel.workspaceFileIndexData.onEntitiesChanged.ms,1769796766315000000,1769796826315000000,0
workspaceModel.updates.ms,1769796766315000000,1769796826315000000,0
workspaceModel.on.changed.ms,1769796766315000000,1769796826315000000,0
workspaceModel.workspaceFileIndexData.getFileInfo.ms,1769796766315000000,1769796826315000000,0
workspaceModel.workspaceFileIndexContributor.registerFileSets.ms,1769796766315000000,1769796826315000000,0
workspaceModel.loading.total.ms,1769796766315000000,1769796826315000000,0
workspaceModel.init.bridges.ms,1769796766315000000,1769796826315000000,0
workspaceModel.updates.precise.ms,1769796766315000000,1769796826315000000,0
workspaceModel.cachedValueWithParameters.from.cache.count,1769796766315000000,1769796826315000000,0
workspaceModel.cachedValue.from.cache.count,1769796766315000000,1769796826315000000,0
workspaceModel.cachedValue.calculated.count,1769796766315000000,1769796826315000000,0
workspaceModel.check.recursive.update.ms,1769796766315000000,1769796826315000000,0
workspaceModel.cachedValueWithParameters.clear.count,1769796766315000000,1769796826315000000,0
workspaceModel.cachedValue.total.get.count,1769796766315000000,1769796826315000000,0
workspaceModel.workspaceFileIndexData.processFileSets.ms,1769796766315000000,1769796826315000000,0
workspaceModel.cachedValue.clear.count,1769796766315000000,1769796826315000000,0
workspaceModel.loading.from.cache.ms,1769796766315000000,1769796826315000000,0
DiskQueryRelay.tasksExecuted,1769796766315000000,1769796826315000000,0
writeAction.max.wait.ms,1769796766315000000,1769796826315000000,345
writeAction.wait.ms,1769796766315000000,1769796826315000000,0
DiskQueryRelay.taskWaitingTotalTimeUs,1769796766315000000,1769796826315000000,0
DiskQueryRelay.taskExecutionTotalTimeUs,1769796766315000000,1769796826315000000,0
DiskQueryRelay.tasksRequested,1769796766315000000,1769796826315000000,0
writeAction.count,1769796766315000000,1769796826315000000,0
writeAction.median.wait.ms,1769796766315000000,1769796826315000000,400
workspaceModel.mutableEntityStorage.apply.changes.from.ms,1769796766315000000,1769796826315000000,0
workspaceModel.mutableEntityStorage.remove.entity.ms,1769796766315000000,1769796826315000000,0
jps.global.initialize.library.bridges.ms,1769796766315000000,1769796826315000000,0
jps.artifact.entities.serializer.save.entities.ms,1769796766315000000,1769796826315000000,0
jps.project.serializers.load.ms,1769796766315000000,1769796826315000000,0
jps.app.storage.content.writer.save.component.ms,1769796766315000000,1769796826315000000,0
jps.save.global.entities.ms,1769796766315000000,1769796826315000000,0
workspaceModel.mutableEntityStorage.replace.by.source.ms,1769796766315000000,1769796826315000000,0
workspaceModel.global.apply.state.to.project.builder.ms,1769796766315000000,1769796826315000000,0
jps.facet.change.listener.before.change.events.ms,1769796766315000000,1769796826315000000,0
workspaceModel.mutableEntityStorage.changeLog.addReplaceEventForNewParent.ms,1769796766315000000,1769796826315000000,0
workspaceModel.save.cache.to.file.ms,1769796766315000000,1769796826315000000,0
jps.project.serializers.save.ms,1769796766315000000,1769796826315000000,0
jps.global.get.library.ms,1769796766315000000,1769796826315000000,0
workspaceModel.mutableEntityStorage.referrers.ms,1769796766315000000,1769796826315000000,0
jps.global.get.libraries.ms,1769796766315000000,1769796826315000000,0
jps.global.handle.changed.events.ms,1769796766315000000,1769796826315000000,0
workspaceModel.mutableEntityStorage.put.entity.ms,1769796766315000000,1769796826315000000,0
workspaceModel.mutableEntityStorage.entities.ms,1769796766315000000,1769796826315000000,0
workspaceModel.moduleBridge.before.changed.ms,1769796766315000000,1769796826315000000,0
workspaceModel.moduleManagerBridge.get.modules.ms,1769796766315000000,1769796826315000000,0
jps.load.initial.state.ms,1769796766315000000,1769796826315000000,0
workspaceModel.delayed.project.synchronizer.sync.ms,1769796766315000000,1769796826315000000,0
jps.facet.change.listener.init.bridge.ms,1769796766315000000,1769796826315000000,0
jps.library.entities.serializer.load.entities.ms,1769796766315000000,1769796826315000000,0
jps.storage.jps.conf.reader.load.component.ms,1769796766315000000,1769796826315000000,0
jps.facet.change.listener.process.change.events.ms,1769796766315000000,1769796826315000000,0
jps.artifact.entities.serializer.load.entities.ms,1769796766315000000,1769796826315000000,0
jps.apply.loaded.storage.ms,1769796766315000000,1769796826315000000,0
jps.reload.project.entities.ms,1769796766315000000,1769796826315000000,0
workspaceModel.moduleManagerBridge.new.nonPersistent.module.ms,1769796766315000000,1769796826315000000,0
workspaceModel.mutableEntityStorage.changeLog.addReplaceEventForRemovedChild.ms,1769796766315000000,1769796826315000000,0
workspaceModel.mutableEntityStorage.entities.by.source.ms,1769796766315000000,1769796826315000000,0
workspaceModel.mutableEntityStorage.instances.count,1769796766315000000,1769796826315000000,0
jps.global.get.library.by.name.ms,1769796766315000000,1769796826315000000,0
workspaceModel.mutableEntityStorage.resolve.ms,1769796766315000000,1769796826315000000,0
workspaceModel.mutableEntityStorage.mutable.ext.mapping.ms,1769796766315000000,1769796826315000000,0
workspaceModel.moduleManagerBridge.create.module.instance.ms,1769796766315000000,1769796826315000000,0
workspaceModel.moduleBridgeLoader.loading.modules.ms,1769796766315000000,1769796826315000000,0
workspaceModel.moduleManagerBridge.set.unloadedModules.ms,1769796766315000000,1769796826315000000,0
workspaceModel.moduleBridge.update.option.ms,1769796766315000000,1769796826315000000,0
workspaceModel.mutableEntityStorage.add.entity.ms,1769796766315000000,1769796826315000000,0
workspaceModel.moduleManagerBridge.newModule.ms,1769796766315000000,1769796826315000000,0
jps.global.initialize.library.bridges.after.loading.ms,1769796766315000000,1769796826315000000,0
workspaceModel.global.apply.state.to.project.ms,1769796766315000000,1769796826315000000,0
workspaceModel.global.updates.ms,1769796766315000000,1769796826315000000,0
jps.app.storage.content.reader.load.component.ms,1769796766315000000,1769796826315000000,0
jps.save.changed.project.entities.ms,1769796766315000000,1769796826315000000,0
jps.module.iml.entities.serializer.save.entities.ms,1769796766315000000,1769796826315000000,0
jps.global.handle.before.change.events.ms,1769796766315000000,1769796826315000000,0
workspaceModel.global.updates.count,1769796766315000000,1769796826315000000,0
jps.module.iml.entities.serializer.load.entities.ms,1769796766315000000,1769796826315000000,0
jps.load.project.to.empty.storage.ms,1769796766315000000,1769796826315000000,0
workspaceModel.mutableEntityStorage.collect.changes.ms,1769796766315000000,1769796826315000000,0
workspaceModel.do.save.caches.ms,1769796766315000000,1769796826315000000,0
workspaceModel.moduleBridge.facet.initialization.ms,1769796766315000000,1769796826315000000,0
jps.library.entities.serializer.save.entities.ms,1769796766315000000,1769796826315000000,0
workspaceModel.mutableEntityStorage.has.same.entities.ms,1769796766315000000,1769796826315000000,0
workspaceModel.mutableEntityStorage.modify.entity.ms,1769796766315000000,1769796826315000000,0
workspaceModel.load.cache.metadata.from.file.ms,1769796766315000000,1769796826315000000,0
workspaceModel.load.cache.from.file.ms,1769796766315000000,1769796826315000000,0
workspaceModel.sync.entities.ms,1769796766315000000,1769796826315000000,0
workspaceModel.mutableEntityStorage.changeLog.addReplaceEventForRemovedParent.ms,1769796766315000000,1769796826315000000,0
workspaceModel.mutableEntityStorage.changeLog.addReplaceEventForNewChild.ms,1769796766315000000,1769796826315000000,0
workspaceModel.mutableEntityStorage.to.snapshot.ms,1769796766315000000,1769796826315000000,0
jps.module.dependency.index.workspace.model.listener.on.changed.ms,1769796766315000000,1769796826315000000,0
workspaceModel.moduleManagerBridge.load.all.modules.ms,1769796766315000000,1769796826315000000,0
workspaceModel.moduleManagerBridge.load.module.ms,1769796766315000000,1769796826315000000,0
workspaceModel.moduleManagerBridge.build.module.graph.ms,1769796766315000000,1769796826315000000,0
workspaceModel.mutableEntityStorage.mutable.vfurl.index.ms,1769796766315000000,1769796826315000000,0
workspaceModel.orphan.listener.update.ms,1769796766315000000,1769796826315000000,0
VFS.contentStorage.recordsRead,1769796766315000000,1769796826315000000,0
FileNameCache.queries,1769796766315000000,1769796826315000000,0
VFS.contentStorage.recordsStored,1769796766315000000,1769796826315000000,0
VFS.fileByIdCache.hits,1769796766315000000,1769796826315000000,0
VFS.contentStorage.recordsReadDecompressed,1769796766315000000,1769796826315000000,0
VFS.fileByIdCache.misses,1769796766315000000,1769796826315000000,0
VFS.contentStorage.recordsStoredSize,1769796766315000000,1769796826315000000,0
VFS.contentStorage.recordsStoredCompressed,1769796766315000000,1769796826315000000,0
VFS.contentStorage.recordsDeduplicated,1769796766315000000,1769796826315000000,0
VFS.invertedFileNameIndex.requests,1769796766315000000,1769796826315000000,0
VFS.contentStorage.recordsDecompressionTimeUs,1769796766315000000,1769796826315000000,0
VFS.contentStorage.recordsReadSize,1769796766315000000,1769796826315000000,0
FileNameCache.totalMisses,1769796766315000000,1769796826315000000,0
VFS.fileChildByName,1769796766315000000,1769796826315000000,0
VFS.contentStorage.recordsUncompressedSize,1769796766315000000,1769796826315000000,0
FilePageCacheLockFree.housekeeperTurnsSkipped,1769796826315000000,1769796886315000000,0
DirectByteBufferAllocator.reclaimed,1769796826315000000,1769796886315000000,0
StorageLockContext.competingThreads.avg,1769796826315000000,1769796886315000000,0.0
FilePageCacheLockFree.housekeeperTurnsDone,1769796826315000000,1769796886315000000,0
FilePageCache.totalPageLoadsUs,1769796826315000000,1769796886315000000,0
StreamlinedBlobStorage.recordsRelocated,1769796826315000000,1769796886315000000,0
StorageLockContext.competingThreads.90P,1769796826315000000,1769796886315000000,0
FilePageCache.disposedBuffers,1769796826315000000,1769796886315000000,0
MappedFileStorage.totalBytesMapped,1769796826315000000,1769796886315000000,278134784
FilePageCacheLockFree.totalHeapBytesAllocated,1769796826315000000,1769796886315000000,0
FilePageCacheLockFree.totalPagesReadMs,1769796826315000000,1769796886315000000,0
FilePageCacheLockFree.totalPageAllocationsWaited,1769796826315000000,1769796886315000000,0
FilePageCacheLockFree.totalBytesRead,1769796826315000000,1769796886315000000,0
FilePageCache.totalPageDisposalsUs,1769796826315000000,1769796886315000000,0
FilePageCache.pageHits,1769796826315000000,1769796886315000000,0
MappedFileStorage.storages,1769796826315000000,1769796886315000000,16
StreamlinedBlobStorage.recordsAllocated,1769796826315000000,1769796886315000000,0
DirectByteBufferAllocator.misses,1769796826315000000,1769796886315000000,0
DirectByteBufferAllocator.hits,1769796826315000000,1769796886315000000,0
DirectByteBufferAllocator.totalSizeOfBuffersCachedInBytes,1769796826315000000,1769796886315000000,0
StreamlinedBlobStorage.totalLiveRecordsCapacityBytes,1769796826315000000,1769796886315000000,0
FilePageCache.uncachedFileAccess,1769796826315000000,1769796886315000000,0
FilePageCacheLockFree.totalPagesHandedOver,1769796826315000000,1769796886315000000,0
FilePageCacheLockFree.totalBytesRequested,1769796826315000000,1769796886315000000,0
FilePageCacheLockFree.totalPagesWritten,1769796826315000000,1769796886315000000,0
DirectByteBufferAllocator.totalSizeOfBuffersAllocatedInBytes,1769796826315000000,1769796886315000000,167796736
FilePageCache.capacityInBytes,1769796826315000000,1769796886315000000,503316478
StorageLockContext.competingThreads.max,1769796826315000000,1769796886315000000,0
FilePageCacheLockFree.housekeeperTimeSpentMs,1769796826315000000,1769796886315000000,0
FilePageCache.pageLoadsAboveSizeThreshold,1769796826315000000,1769796886315000000,0
FilePageCache.pageFastCacheHits,1769796826315000000,1769796886315000000,0
FilePageCacheLockFree.totalNativeBytesReclaimed,1769796826315000000,1769796886315000000,0
MappedFileStorage.totalTimeSpentOnMappingUs,1769796826315000000,1769796886315000000,12432
FilePageCacheLockFree.heapBytesInUse,1769796826315000000,1769796886315000000,0
FileChannelInterruptsRetryer.totalRetriedAttempts,1769796826315000000,1769796886315000000,0
MappedFileStorage.totalPagesMapped,1769796826315000000,1769796886315000000,22
FilePageCacheLockFree.totalPagesWriteMs,1769796826315000000,1769796886315000000,0
StreamlinedBlobStorage.totalLiveRecordsPayloadBytes,1769796826315000000,1769796886315000000,0
FilePageCacheLockFree.nativeBytesInUse,1769796826315000000,1769796886315000000,0
FilePageCache.maxCacheSizeInBytes,1769796826315000000,1769796886315000000,167796736
FilePageCacheLockFree.totalPagesReclaimed,1769796826315000000,1769796886315000000,0
FilePageCacheLockFree.totalNativeBytesAllocated,1769796826315000000,1769796886315000000,0
FilePageCache.pageLoads,1769796826315000000,1769796886315000000,0
FilePageCacheLockFree.totalPagesRequested,1769796826315000000,1769796886315000000,0
FilePageCache.maxRegisteredFiles,1769796826315000000,1769796886315000000,252
FilePageCacheLockFree.totalHeapBytesReclaimed,1769796826315000000,1769796886315000000,0
FilePageCacheLockFree.totalPagesAllocated,1769796826315000000,1769796886315000000,0
FilePageCacheLockFree.totalPagesRequestsMs,1769796826315000000,1769796886315000000,0
StreamlinedBlobStorage.recordsDeleted,1769796826315000000,1769796886315000000,0
FilePageCacheLockFree.totalClosedStoragesReclaimed,1769796826315000000,1769796886315000000,0
DirectByteBufferAllocator.disposed,1769796826315000000,1769796886315000000,0
FilePageCacheLockFree.totalBytesWritten,1769796826315000000,1769796886315000000,0
IndexesFlusher.totalFlushingTimeUs,1769796826315000000,1769796886315000000,29740
Indexes.stubs.lookups,1769796826315000000,1769796886315000000,0
Indexes.entries.lookups,1769796826315000000,1769796886315000000,0
Indexing.writer_3.totalTimeSpentWritingMs,1769796826315000000,1769796886315000000,0
Indexes.entries.lookupDuration90PMs,1769796826315000000,1769796886315000000,0.0
Indexing.cache.totalCacheAccesses,1769796826315000000,1769796886315000000,0
Indexes.allKeys.lookups,1769796826315000000,1769796886315000000,0
Indexing.cache.totalCacheEvicted,1769796826315000000,1769796886315000000,0
Indexes.entries.lookupDurationAvgMs,1769796826315000000,1769796886315000000,0.0
Indexing.writer_1.totalTimeSpentWritingMs,1769796826315000000,1769796886315000000,0
Indexes.allKeys.lookupDuration90PMs,1769796826315000000,1769796886315000000,0.0
IndexesFlusher.totalFlushes,1769796826315000000,1769796886315000000,60
Indexes.stubs.lookupDurationAvgMs,1769796826315000000,1769796886315000000,0.0
Indexing.writer_0.totalTimeSpentWritingMs,1769796826315000000,1769796886315000000,0
Indexing.cache.totalCacheMisses,1769796826315000000,1769796886315000000,0
Indexing.totalTimeIndexersSleptMs,1769796826315000000,1769796886315000000,0
Indexing.writer_2.totalTimeSpentWritingMs,1769796826315000000,1769796886315000000,0
Indexes.stubs.lookupDurationMaxMs,1769796826315000000,1769796886315000000,0.0
Indexes.stubs.lookupDuration90PMs,1769796826315000000,1769796886315000000,0.0
Indexes.allKeys.lookupDurationAvgMs,1769796826315000000,1769796886315000000,0.0
Indexing.writesQueuedMax,1769796826315000000,1769796886315000000,0
IndexesFlusher.totalFlushesRetried,1769796826315000000,1769796886315000000,0
Indexing.writesQueuedMin,1769796826315000000,1769796886315000000,9223372036854775807
Indexes.entries.lookupDurationMaxMs,1769796826315000000,1769796886315000000,0.0
Indexes.allKeys.lookupDurationMaxMs,1769796826315000000,1769796886315000000,0.0
IndexesFlusher.totalContentionQuotaSpent,1769796826315000000,1769796886315000000,0
WriteAction.executionsCount,1769796826315000000,1769796886315000000,0
AWTEventQueue.dispatchTimeMaxNs,1769796826315000000,1769796886315000000,0
FlushQueue.queueSizeMax,1769796826315000000,1769796886315000000,0
AWTEventQueue.dispatchTimeTotalNS,1769796826315000000,1769796886315000000,65374752
FlushQueue.queueSize90P,1769796826315000000,1769796886315000000,0
FlushQueue.tasksExecuted,1769796826315000000,1769796886315000000,0
NonBlockingReadAction.failedExecutionTimeUs,1769796826315000000,1769796886315000000,0
NonBlockingReadAction.finalizedExecutionsCount,1769796826315000000,1769796886315000000,0
ReadAction.executionsCount,1769796826315000000,1769796886315000000,0
FlushQueue.queueSizeAvg,1769796826315000000,1769796886315000000,0.0
NonBlockingReadAction.finalizedExecutionTimeUs,1769796826315000000,1769796886315000000,0
FlushQueue.waitingTimeAvgNs,1769796826315000000,1769796886315000000,0.0
FlushQueue.waitingTimeMaxNs,1769796826315000000,1769796886315000000,0
FlushQueue.waitingTime90PNs,1769796826315000000,1769796886315000000,0
NonBlockingReadAction.failedExecutionsCount,1769796826315000000,1769796886315000000,0
FlushQueue.executionTime90PNs,1769796826315000000,1769796886315000000,0
AWTEventQueue.dispatchTime90PNs,1769796826315000000,1769796886315000000,0
FlushQueue.executionTimeMaxNs,1769796826315000000,1769796886315000000,0
FlushQueue.executionTimeAvgNs,1769796826315000000,1769796886315000000,0.0
AWTEventQueue.dispatchTimeAvgNs,1769796826315000000,1769796886315000000,0.0
AWTEventQueue.eventsDispatched,1769796826315000000,1769796886315000000,0
JVM.totalBytesAllocated,1769796826315000000,1769796886315000000,27759064
JVM.threadCount,1769796826315000000,1769796886315000000,53
JVM.totalTimeAtSafepointsMs,1769796826315000000,1769796886315000000,36
JVM.GC.collections,1769796826315000000,1769796886315000000,1
OS.loadAverage,1769796826315000000,1769796886315000000,1.98876953125
JVM.totalTimeToSafepointsMs,1769796826315000000,1769796886315000000,0
JVM.maxHeapBytes,1769796826315000000,1769796886315000000,4196401152
JVM.newThreadsCount,1769796826315000000,1769796886315000000,0
JVM.totalDirectByteBuffersBytes,1769796826315000000,1769796886315000000,167975661
JVM.totalSafepointCount,1769796826315000000,1769796886315000000,2
JVM.totalCpuTimeMs,1769796826315000000,1769796886315000000,1020
JVM.usedHeapBytes,1769796826315000000,1769796886315000000,696909888
JVM.GC.collectionTimesMs,1769796826315000000,1769796886315000000,35
JVM.maxThreadCount,1769796826315000000,1769796886315000000,145
JVM.usedNativeBytes,1769796826315000000,1769796886315000000,463894072
cacheStateStorage.get.counter,1769796826315000000,1769796886315000000,0
cacheStateStorage.get.duration,1769796826315000000,1769796886315000000,0
cacheStateStorage.set.duration,1769796826315000000,1769796886315000000,0
cacheStateStorage.set.counter,1769796826315000000,1769796886315000000,0
workspaceModel.workspaceFileIndexData.getDirectoriesByPackageName.ms,1769796826315000000,1769796886315000000,0
workspaceModel.entityStorageSnapshotImpl.instances.count,1769796826315000000,1769796886315000000,0
workspaceModel.cachedValueWithParameters.total.get.count,1769796826315000000,1769796886315000000,0
workspaceModel.update.unloaded.entities.ms,1769796826315000000,1769796886315000000,0
workspaceModel.to.snapshot.ms,1769796826315000000,1769796886315000000,0
workspaceModel.workspaceFileIndexData.instances.count,1769796826315000000,1769796886315000000,0
workspaceModel.workspaceFileIndexData.init.ms,1769796826315000000,1769796886315000000,0
workspaceModel.pre.handlers.ms,1769796826315000000,1769796886315000000,0
workspaceModel.collect.changes.ms,1769796826315000000,1769796886315000000,0
workspaceModel.cachedValueWithParameters.calculated.count,1769796826315000000,1769796886315000000,0
workspaceModel.workspaceFileIndexData.visitFileSets.ms,1769796826315000000,1769796886315000000,0
workspaceModel.updates.count,1769796826315000000,1769796886315000000,0
workspaceModel.workspaceFileIndexData.updateDirtyEntities.ms,1769796826315000000,1769796886315000000,0
workspaceModel.workspaceFileIndexData.getPackageName.ms,1769796826315000000,1769796886315000000,0
workspaceModel.initializing.ms,1769796826315000000,1769796886315000000,0
workspaceModel.workspaceFileIndexData.markDirty.ms,1769796826315000000,1769796886315000000,0
workspaceModel.full.replace.project.model.ms,1769796826315000000,1769796886315000000,0
workspaceModel.on.before.changed.ms,1769796826315000000,1769796886315000000,0
workspaceModel.replace.project.model.ms,1769796826315000000,1769796886315000000,0
workspaceModel.workspaceFileIndexData.onEntitiesChanged.ms,1769796826315000000,1769796886315000000,0
workspaceModel.updates.ms,1769796826315000000,1769796886315000000,0
workspaceModel.on.changed.ms,1769796826315000000,1769796886315000000,0
workspaceModel.workspaceFileIndexData.getFileInfo.ms,1769796826315000000,1769796886315000000,0
workspaceModel.workspaceFileIndexContributor.registerFileSets.ms,1769796826315000000,1769796886315000000,0
workspaceModel.loading.total.ms,1769796826315000000,1769796886315000000,0
workspaceModel.init.bridges.ms,1769796826315000000,1769796886315000000,0
workspaceModel.updates.precise.ms,1769796826315000000,1769796886315000000,0
workspaceModel.cachedValueWithParameters.from.cache.count,1769796826315000000,1769796886315000000,0
workspaceModel.cachedValue.from.cache.count,1769796826315000000,1769796886315000000,0
workspaceModel.cachedValue.calculated.count,1769796826315000000,1769796886315000000,0
workspaceModel.check.recursive.update.ms,1769796826315000000,1769796886315000000,0
workspaceModel.cachedValueWithParameters.clear.count,1769796826315000000,1769796886315000000,0
workspaceModel.cachedValue.total.get.count,1769796826315000000,1769796886315000000,0
workspaceModel.workspaceFileIndexData.processFileSets.ms,1769796826315000000,1769796886315000000,0
workspaceModel.cachedValue.clear.count,1769796826315000000,1769796886315000000,0
workspaceModel.loading.from.cache.ms,1769796826315000000,1769796886315000000,0
DiskQueryRelay.tasksExecuted,1769796826315000000,1769796886315000000,0
writeAction.max.wait.ms,1769796826315000000,1769796886315000000,345
writeAction.wait.ms,1769796826315000000,1769796886315000000,0
DiskQueryRelay.taskWaitingTotalTimeUs,1769796826315000000,1769796886315000000,0
DiskQueryRelay.taskExecutionTotalTimeUs,1769796826315000000,1769796886315000000,0
DiskQueryRelay.tasksRequested,1769796826315000000,1769796886315000000,0
writeAction.count,1769796826315000000,1769796886315000000,0
writeAction.median.wait.ms,1769796826315000000,1769796886315000000,400
workspaceModel.mutableEntityStorage.apply.changes.from.ms,1769796826315000000,1769796886315000000,0
workspaceModel.mutableEntityStorage.remove.entity.ms,1769796826315000000,1769796886315000000,0
jps.global.initialize.library.bridges.ms,1769796826315000000,1769796886315000000,0
jps.artifact.entities.serializer.save.entities.ms,1769796826315000000,1769796886315000000,0
jps.project.serializers.load.ms,1769796826315000000,1769796886315000000,0
jps.app.storage.content.writer.save.component.ms,1769796826315000000,1769796886315000000,0
jps.save.global.entities.ms,1769796826315000000,1769796886315000000,0
workspaceModel.mutableEntityStorage.replace.by.source.ms,1769796826315000000,1769796886315000000,0
workspaceModel.global.apply.state.to.project.builder.ms,1769796826315000000,1769796886315000000,0
jps.facet.change.listener.before.change.events.ms,1769796826315000000,1769796886315000000,0
workspaceModel.mutableEntityStorage.changeLog.addReplaceEventForNewParent.ms,1769796826315000000,1769796886315000000,0
workspaceModel.save.cache.to.file.ms,1769796826315000000,1769796886315000000,0
jps.project.serializers.save.ms,1769796826315000000,1769796886315000000,0
jps.global.get.library.ms,1769796826315000000,1769796886315000000,0
workspaceModel.mutableEntityStorage.referrers.ms,1769796826315000000,1769796886315000000,0
jps.global.get.libraries.ms,1769796826315000000,1769796886315000000,0
jps.global.handle.changed.events.ms,1769796826315000000,1769796886315000000,0
workspaceModel.mutableEntityStorage.put.entity.ms,1769796826315000000,1769796886315000000,0
workspaceModel.mutableEntityStorage.entities.ms,1769796826315000000,1769796886315000000,0
workspaceModel.moduleBridge.before.changed.ms,1769796826315000000,1769796886315000000,0
workspaceModel.moduleManagerBridge.get.modules.ms,1769796826315000000,1769796886315000000,0
jps.load.initial.state.ms,1769796826315000000,1769796886315000000,0
workspaceModel.delayed.project.synchronizer.sync.ms,1769796826315000000,1769796886315000000,0
jps.facet.change.listener.init.bridge.ms,1769796826315000000,1769796886315000000,0
jps.library.entities.serializer.load.entities.ms,1769796826315000000,1769796886315000000,0
jps.storage.jps.conf.reader.load.component.ms,1769796826315000000,1769796886315000000,0
jps.facet.change.listener.process.change.events.ms,1769796826315000000,1769796886315000000,0
jps.artifact.entities.serializer.load.entities.ms,1769796826315000000,1769796886315000000,0
jps.apply.loaded.storage.ms,1769796826315000000,1769796886315000000,0
jps.reload.project.entities.ms,1769796826315000000,1769796886315000000,0
workspaceModel.moduleManagerBridge.new.nonPersistent.module.ms,1769796826315000000,1769796886315000000,0
workspaceModel.mutableEntityStorage.changeLog.addReplaceEventForRemovedChild.ms,1769796826315000000,1769796886315000000,0
workspaceModel.mutableEntityStorage.entities.by.source.ms,1769796826315000000,1769796886315000000,0
workspaceModel.mutableEntityStorage.instances.count,1769796826315000000,1769796886315000000,0
jps.global.get.library.by.name.ms,1769796826315000000,1769796886315000000,0
workspaceModel.mutableEntityStorage.resolve.ms,1769796826315000000,1769796886315000000,0
workspaceModel.mutableEntityStorage.mutable.ext.mapping.ms,1769796826315000000,1769796886315000000,0
workspaceModel.moduleManagerBridge.create.module.instance.ms,1769796826315000000,1769796886315000000,0
workspaceModel.moduleBridgeLoader.loading.modules.ms,1769796826315000000,1769796886315000000,0
workspaceModel.moduleManagerBridge.set.unloadedModules.ms,1769796826315000000,1769796886315000000,0
workspaceModel.moduleBridge.update.option.ms,1769796826315000000,1769796886315000000,0
workspaceModel.mutableEntityStorage.add.entity.ms,1769796826315000000,1769796886315000000,0
workspaceModel.moduleManagerBridge.newModule.ms,1769796826315000000,1769796886315000000,0
jps.global.initialize.library.bridges.after.loading.ms,1769796826315000000,1769796886315000000,0
workspaceModel.global.apply.state.to.project.ms,1769796826315000000,1769796886315000000,0
workspaceModel.global.updates.ms,1769796826315000000,1769796886315000000,0
jps.app.storage.content.reader.load.component.ms,1769796826315000000,1769796886315000000,0
jps.save.changed.project.entities.ms,1769796826315000000,1769796886315000000,0
jps.module.iml.entities.serializer.save.entities.ms,1769796826315000000,1769796886315000000,0
jps.global.handle.before.change.events.ms,1769796826315000000,1769796886315000000,0
workspaceModel.global.updates.count,1769796826315000000,1769796886315000000,0
jps.module.iml.entities.serializer.load.entities.ms,1769796826315000000,1769796886315000000,0
jps.load.project.to.empty.storage.ms,1769796826315000000,1769796886315000000,0
workspaceModel.mutableEntityStorage.collect.changes.ms,1769796826315000000,1769796886315000000,0
workspaceModel.do.save.caches.ms,1769796826315000000,1769796886315000000,0
workspaceModel.moduleBridge.facet.initialization.ms,1769796826315000000,1769796886315000000,0
jps.library.entities.serializer.save.entities.ms,1769796826315000000,1769796886315000000,0
workspaceModel.mutableEntityStorage.has.same.entities.ms,1769796826315000000,1769796886315000000,0
workspaceModel.mutableEntityStorage.modify.entity.ms,1769796826315000000,1769796886315000000,0
workspaceModel.load.cache.metadata.from.file.ms,1769796826315000000,1769796886315000000,0
workspaceModel.load.cache.from.file.ms,1769796826315000000,1769796886315000000,0
workspaceModel.sync.entities.ms,1769796826315000000,1769796886315000000,0
workspaceModel.mutableEntityStorage.changeLog.addReplaceEventForRemovedParent.ms,1769796826315000000,1769796886315000000,0
workspaceModel.mutableEntityStorage.changeLog.addReplaceEventForNewChild.ms,1769796826315000000,1769796886315000000,0
workspaceModel.mutableEntityStorage.to.snapshot.ms,1769796826315000000,1769796886315000000,0
jps.module.dependency.index.workspace.model.listener.on.changed.ms,1769796826315000000,1769796886315000000,0
workspaceModel.moduleManagerBridge.load.all.modules.ms,1769796826315000000,1769796886315000000,0
workspaceModel.moduleManagerBridge.load.module.ms,1769796826315000000,1769796886315000000,0
workspaceModel.moduleManagerBridge.build.module.graph.ms,1769796826315000000,1769796886315000000,0
workspaceModel.mutableEntityStorage.mutable.vfurl.index.ms,1769796826315000000,1769796886315000000,0
workspaceModel.orphan.listener.update.ms,1769796826315000000,1769796886315000000,0
VFS.contentStorage.recordsRead,1769796826315000000,1769796886315000000,0
FileNameCache.queries,1769796826315000000,1769796886315000000,0
VFS.contentStorage.recordsStored,1769796826315000000,1769796886315000000,0
VFS.fileByIdCache.hits,1769796826315000000,1769796886315000000,0
VFS.contentStorage.recordsReadDecompressed,1769796826315000000,1769796886315000000,0
VFS.fileByIdCache.misses,1769796826315000000,1769796886315000000,0
VFS.contentStorage.recordsStoredSize,1769796826315000000,1769796886315000000,0
VFS.contentStorage.recordsStoredCompressed,1769796826315000000,1769796886315000000,0
VFS.contentStorage.recordsDeduplicated,1769796826315000000,1769796886315000000,0
VFS.invertedFileNameIndex.requests,1769796826315000000,1769796886315000000,0
VFS.contentStorage.recordsDecompressionTimeUs,1769796826315000000,1769796886315000000,0
VFS.contentStorage.recordsReadSize,1769796826315000000,1769796886315000000,0
FileNameCache.totalMisses,1769796826315000000,1769796886315000000,0
VFS.fileChildByName,1769796826315000000,1769796886315000000,0
VFS.contentStorage.recordsUncompressedSize,1769796826315000000,1769796886315000000,0
FilePageCacheLockFree.housekeeperTurnsSkipped,1769796886315000000,1769796899928000000,0
DirectByteBufferAllocator.reclaimed,1769796886315000000,1769796899928000000,43
StorageLockContext.competingThreads.avg,1769796886315000000,1769796899928000000,0.0
FilePageCacheLockFree.housekeeperTurnsDone,1769796886315000000,1769796899928000000,0
FilePageCache.totalPageLoadsUs,1769796886315000000,1769796899928000000,0
StorageLockContext.competingThreads.90P,1769796886315000000,1769796899928000000,0
FilePageCache.disposedBuffers,1769796886315000000,1769796899928000000,163
MappedFileStorage.totalBytesMapped,1769796886315000000,1769796899928000000,0
FilePageCacheLockFree.totalHeapBytesAllocated,1769796886315000000,1769796899928000000,0
FilePageCacheLockFree.totalPagesReadMs,1769796886315000000,1769796899928000000,0
FilePageCacheLockFree.totalPageAllocationsWaited,1769796886315000000,1769796899928000000,0
FilePageCacheLockFree.totalBytesRead,1769796886315000000,1769796899928000000,0
FilePageCache.totalPageDisposalsUs,1769796886315000000,1769796899928000000,0
FilePageCache.pageHits,1769796886315000000,1769796899928000000,0
MappedFileStorage.storages,1769796886315000000,1769796899928000000,0
DirectByteBufferAllocator.misses,1769796886315000000,1769796899928000000,0
DirectByteBufferAllocator.hits,1769796886315000000,1769796899928000000,0
DirectByteBufferAllocator.totalSizeOfBuffersCachedInBytes,1769796886315000000,1769796899928000000,41967616
FilePageCache.uncachedFileAccess,1769796886315000000,1769796899928000000,0
FilePageCacheLockFree.totalPagesHandedOver,1769796886315000000,1769796899928000000,0
FilePageCacheLockFree.totalBytesRequested,1769796886315000000,1769796899928000000,0
FilePageCacheLockFree.totalPagesWritten,1769796886315000000,1769796899928000000,0
DirectByteBufferAllocator.totalSizeOfBuffersAllocatedInBytes,1769796886315000000,1769796899928000000,41967616
FilePageCache.capacityInBytes,1769796886315000000,1769796899928000000,503316478
StorageLockContext.competingThreads.max,1769796886315000000,1769796899928000000,0
FilePageCacheLockFree.housekeeperTimeSpentMs,1769796886315000000,1769796899928000000,0
FilePageCache.pageLoadsAboveSizeThreshold,1769796886315000000,1769796899928000000,0
FilePageCache.pageFastCacheHits,1769796886315000000,1769796899928000000,0
FilePageCacheLockFree.totalNativeBytesReclaimed,1769796886315000000,1769796899928000000,0
MappedFileStorage.totalTimeSpentOnMappingUs,1769796886315000000,1769796899928000000,12432
FilePageCacheLockFree.heapBytesInUse,1769796886315000000,1769796899928000000,0
FileChannelInterruptsRetryer.totalRetriedAttempts,1769796886315000000,1769796899928000000,0
MappedFileStorage.totalPagesMapped,1769796886315000000,1769796899928000000,0
FilePageCacheLockFree.totalPagesWriteMs,1769796886315000000,1769796899928000000,0
FilePageCacheLockFree.nativeBytesInUse,1769796886315000000,1769796899928000000,0
FilePageCache.maxCacheSizeInBytes,1769796886315000000,1769796899928000000,167796736
FilePageCacheLockFree.totalPagesReclaimed,1769796886315000000,1769796899928000000,0
FilePageCacheLockFree.totalNativeBytesAllocated,1769796886315000000,1769796899928000000,0
FilePageCache.pageLoads,1769796886315000000,1769796899928000000,0
FilePageCacheLockFree.totalPagesRequested,1769796886315000000,1769796899928000000,0
FilePageCache.maxRegisteredFiles,1769796886315000000,1769796899928000000,252
FilePageCacheLockFree.totalHeapBytesReclaimed,1769796886315000000,1769796899928000000,0
FilePageCacheLockFree.totalPagesAllocated,1769796886315000000,1769796899928000000,0
FilePageCacheLockFree.totalPagesRequestsMs,1769796886315000000,1769796899928000000,0
FilePageCacheLockFree.totalClosedStoragesReclaimed,1769796886315000000,1769796899928000000,0
DirectByteBufferAllocator.disposed,1769796886315000000,1769796899928000000,120
FilePageCacheLockFree.totalBytesWritten,1769796886315000000,1769796899928000000,0
Indexes.stubs.lookups,1769796886315000000,1769796899928000000,0
Indexes.entries.lookups,1769796886315000000,1769796899928000000,0
Indexing.writer_3.totalTimeSpentWritingMs,1769796886315000000,1769796899928000000,0
Indexes.entries.lookupDuration90PMs,1769796886315000000,1769796899928000000,0.0
Indexing.cache.totalCacheAccesses,1769796886315000000,1769796899928000000,0
Indexes.allKeys.lookups,1769796886315000000,1769796899928000000,0
Indexing.cache.totalCacheEvicted,1769796886315000000,1769796899928000000,145
Indexes.entries.lookupDurationAvgMs,1769796886315000000,1769796899928000000,0.0
Indexing.writer_1.totalTimeSpentWritingMs,1769796886315000000,1769796899928000000,0
Indexes.allKeys.lookupDuration90PMs,1769796886315000000,1769796899928000000,0.0
Indexes.stubs.lookupDurationAvgMs,1769796886315000000,1769796899928000000,0.0
Indexing.writer_0.totalTimeSpentWritingMs,1769796886315000000,1769796899928000000,0
Indexing.cache.totalCacheMisses,1769796886315000000,1769796899928000000,0
Indexing.totalTimeIndexersSleptMs,1769796886315000000,1769796899928000000,0
Indexing.writer_2.totalTimeSpentWritingMs,1769796886315000000,1769796899928000000,0
Indexes.stubs.lookupDurationMaxMs,1769796886315000000,1769796899928000000,0.0
Indexes.stubs.lookupDuration90PMs,1769796886315000000,1769796899928000000,0.0
Indexes.allKeys.lookupDurationAvgMs,1769796886315000000,1769796899928000000,0.0
Indexing.writesQueuedMax,1769796886315000000,1769796899928000000,0
Indexing.writesQueuedMin,1769796886315000000,1769796899928000000,9223372036854775807
Indexes.entries.lookupDurationMaxMs,1769796886315000000,1769796899928000000,0.0
Indexes.allKeys.lookupDurationMaxMs,1769796886315000000,1769796899928000000,0.0
WriteAction.executionsCount,1769796886315000000,1769796899928000000,0
AWTEventQueue.dispatchTimeMaxNs,1769796886315000000,1769796899928000000,0
FlushQueue.queueSizeMax,1769796886315000000,1769796899928000000,0
AWTEventQueue.dispatchTimeTotalNS,1769796886315000000,1769796899928000000,16974227
FlushQueue.queueSize90P,1769796886315000000,1769796899928000000,0
FlushQueue.tasksExecuted,1769796886315000000,1769796899928000000,0
NonBlockingReadAction.failedExecutionTimeUs,1769796886315000000,1769796899928000000,0
NonBlockingReadAction.finalizedExecutionsCount,1769796886315000000,1769796899928000000,0
ReadAction.executionsCount,1769796886315000000,1769796899928000000,1
FlushQueue.queueSizeAvg,1769796886315000000,1769796899928000000,0.0
NonBlockingReadAction.finalizedExecutionTimeUs,1769796886315000000,1769796899928000000,0
FlushQueue.waitingTimeAvgNs,1769796886315000000,1769796899928000000,0.0
FlushQueue.waitingTimeMaxNs,1769796886315000000,1769796899928000000,0
FlushQueue.waitingTime90PNs,1769796886315000000,1769796899928000000,0
NonBlockingReadAction.failedExecutionsCount,1769796886315000000,1769796899928000000,0
FlushQueue.executionTime90PNs,1769796886315000000,1769796899928000000,0
AWTEventQueue.dispatchTime90PNs,1769796886315000000,1769796899928000000,0
FlushQueue.executionTimeMaxNs,1769796886315000000,1769796899928000000,0
FlushQueue.executionTimeAvgNs,1769796886315000000,1769796899928000000,0.0
AWTEventQueue.dispatchTimeAvgNs,1769796886315000000,1769796899928000000,0.0
AWTEventQueue.eventsDispatched,1769796886315000000,1769796899928000000,0
JVM.totalBytesAllocated,1769796886315000000,1769796899928000000,8542912
JVM.threadCount,1769796886315000000,1769796899928000000,61
JVM.totalTimeAtSafepointsMs,1769796886315000000,1769796899928000000,0
JVM.GC.collections,1769796886315000000,1769796899928000000,0
OS.loadAverage,1769796886315000000,1769796899928000000,2.12060546875
JVM.totalTimeToSafepointsMs,1769796886315000000,1769796899928000000,0
JVM.maxHeapBytes,1769796886315000000,1769796899928000000,4196401152
JVM.newThreadsCount,1769796886315000000,1769796899928000000,13
JVM.totalDirectByteBuffersBytes,1769796886315000000,1769796899928000000,42146149
JVM.totalSafepointCount,1769796886315000000,1769796899928000000,1
JVM.totalCpuTimeMs,1769796886315000000,1769796899928000000,240
JVM.usedHeapBytes,1769796886315000000,1769796899928000000,713687104
JVM.GC.collectionTimesMs,1769796886315000000,1769796899928000000,0
JVM.maxThreadCount,1769796886315000000,1769796899928000000,145
JVM.usedNativeBytes,1769796886315000000,1769796899928000000,464284040
cacheStateStorage.get.counter,1769796886315000000,1769796899928000000,0
cacheStateStorage.get.duration,1769796886315000000,1769796899928000000,0
cacheStateStorage.set.duration,1769796886315000000,1769796899928000000,0
cacheStateStorage.set.counter,1769796886315000000,1769796899928000000,0
workspaceModel.workspaceFileIndexData.getDirectoriesByPackageName.ms,1769796886315000000,1769796899928000000,0
workspaceModel.entityStorageSnapshotImpl.instances.count,1769796886315000000,1769796899928000000,0
workspaceModel.cachedValueWithParameters.total.get.count,1769796886315000000,1769796899928000000,0
workspaceModel.update.unloaded.entities.ms,1769796886315000000,1769796899928000000,0
workspaceModel.to.snapshot.ms,1769796886315000000,1769796899928000000,0
workspaceModel.workspaceFileIndexData.instances.count,1769796886315000000,1769796899928000000,0
workspaceModel.workspaceFileIndexData.init.ms,1769796886315000000,1769796899928000000,0
workspaceModel.pre.handlers.ms,1769796886315000000,1769796899928000000,0
workspaceModel.collect.changes.ms,1769796886315000000,1769796899928000000,0
workspaceModel.cachedValueWithParameters.calculated.count,1769796886315000000,1769796899928000000,0
workspaceModel.workspaceFileIndexData.visitFileSets.ms,1769796886315000000,1769796899928000000,0
workspaceModel.updates.count,1769796886315000000,1769796899928000000,0
workspaceModel.workspaceFileIndexData.updateDirtyEntities.ms,1769796886315000000,1769796899928000000,0
workspaceModel.workspaceFileIndexData.getPackageName.ms,1769796886315000000,1769796899928000000,0
workspaceModel.initializing.ms,1769796886315000000,1769796899928000000,0
workspaceModel.workspaceFileIndexData.markDirty.ms,1769796886315000000,1769796899928000000,0
workspaceModel.full.replace.project.model.ms,1769796886315000000,1769796899928000000,0
workspaceModel.on.before.changed.ms,1769796886315000000,1769796899928000000,0
workspaceModel.replace.project.model.ms,1769796886315000000,1769796899928000000,0
workspaceModel.workspaceFileIndexData.onEntitiesChanged.ms,1769796886315000000,1769796899928000000,0
workspaceModel.updates.ms,1769796886315000000,1769796899928000000,0
workspaceModel.on.changed.ms,1769796886315000000,1769796899928000000,0
workspaceModel.workspaceFileIndexData.getFileInfo.ms,1769796886315000000,1769796899928000000,0
workspaceModel.workspaceFileIndexContributor.registerFileSets.ms,1769796886315000000,1769796899928000000,0
workspaceModel.loading.total.ms,1769796886315000000,1769796899928000000,0
workspaceModel.init.bridges.ms,1769796886315000000,1769796899928000000,0
workspaceModel.updates.precise.ms,1769796886315000000,1769796899928000000,0
workspaceModel.cachedValueWithParameters.from.cache.count,1769796886315000000,1769796899928000000,0
workspaceModel.cachedValue.from.cache.count,1769796886315000000,1769796899928000000,0
workspaceModel.cachedValue.calculated.count,1769796886315000000,1769796899928000000,0
workspaceModel.check.recursive.update.ms,1769796886315000000,1769796899928000000,0
workspaceModel.cachedValueWithParameters.clear.count,1769796886315000000,1769796899928000000,0
workspaceModel.cachedValue.total.get.count,1769796886315000000,1769796899928000000,0
workspaceModel.workspaceFileIndexData.processFileSets.ms,1769796886315000000,1769796899928000000,0
workspaceModel.cachedValue.clear.count,1769796886315000000,1769796899928000000,0
workspaceModel.loading.from.cache.ms,1769796886315000000,1769796899928000000,0
DiskQueryRelay.tasksExecuted,1769796886315000000,1769796899928000000,0
writeAction.max.wait.ms,1769796886315000000,1769796899928000000,345
writeAction.wait.ms,1769796886315000000,1769796899928000000,0
DiskQueryRelay.taskWaitingTotalTimeUs,1769796886315000000,1769796899928000000,0
DiskQueryRelay.taskExecutionTotalTimeUs,1769796886315000000,1769796899928000000,0
DiskQueryRelay.tasksRequested,1769796886315000000,1769796899928000000,0
writeAction.count,1769796886315000000,1769796899928000000,0
writeAction.median.wait.ms,1769796886315000000,1769796899928000000,400
workspaceModel.mutableEntityStorage.apply.changes.from.ms,1769796886315000000,1769796899928000000,0
workspaceModel.mutableEntityStorage.remove.entity.ms,1769796886315000000,1769796899928000000,0
jps.global.initialize.library.bridges.ms,1769796886315000000,1769796899928000000,0
jps.artifact.entities.serializer.save.entities.ms,1769796886315000000,1769796899928000000,0
jps.project.serializers.load.ms,1769796886315000000,1769796899928000000,0
jps.app.storage.content.writer.save.component.ms,1769796886315000000,1769796899928000000,0
jps.save.global.entities.ms,1769796886315000000,1769796899928000000,0
workspaceModel.mutableEntityStorage.replace.by.source.ms,1769796886315000000,1769796899928000000,0
workspaceModel.global.apply.state.to.project.builder.ms,1769796886315000000,1769796899928000000,0
jps.facet.change.listener.before.change.events.ms,1769796886315000000,1769796899928000000,0
workspaceModel.mutableEntityStorage.changeLog.addReplaceEventForNewParent.ms,1769796886315000000,1769796899928000000,0
workspaceModel.save.cache.to.file.ms,1769796886315000000,1769796899928000000,0
jps.project.serializers.save.ms,1769796886315000000,1769796899928000000,0
jps.global.get.library.ms,1769796886315000000,1769796899928000000,0
workspaceModel.mutableEntityStorage.referrers.ms,1769796886315000000,1769796899928000000,0
jps.global.get.libraries.ms,1769796886315000000,1769796899928000000,0
jps.global.handle.changed.events.ms,1769796886315000000,1769796899928000000,0
workspaceModel.mutableEntityStorage.put.entity.ms,1769796886315000000,1769796899928000000,0
workspaceModel.mutableEntityStorage.entities.ms,1769796886315000000,1769796899928000000,0
workspaceModel.moduleBridge.before.changed.ms,1769796886315000000,1769796899928000000,0
workspaceModel.moduleManagerBridge.get.modules.ms,1769796886315000000,1769796899928000000,0
jps.load.initial.state.ms,1769796886315000000,1769796899928000000,0
workspaceModel.delayed.project.synchronizer.sync.ms,1769796886315000000,1769796899928000000,0
jps.facet.change.listener.init.bridge.ms,1769796886315000000,1769796899928000000,0
jps.library.entities.serializer.load.entities.ms,1769796886315000000,1769796899928000000,0
jps.storage.jps.conf.reader.load.component.ms,1769796886315000000,1769796899928000000,0
jps.facet.change.listener.process.change.events.ms,1769796886315000000,1769796899928000000,0
jps.artifact.entities.serializer.load.entities.ms,1769796886315000000,1769796899928000000,0
jps.apply.loaded.storage.ms,1769796886315000000,1769796899928000000,0
jps.reload.project.entities.ms,1769796886315000000,1769796899928000000,0
workspaceModel.moduleManagerBridge.new.nonPersistent.module.ms,1769796886315000000,1769796899928000000,0
workspaceModel.mutableEntityStorage.changeLog.addReplaceEventForRemovedChild.ms,1769796886315000000,1769796899928000000,0
workspaceModel.mutableEntityStorage.entities.by.source.ms,1769796886315000000,1769796899928000000,0
workspaceModel.mutableEntityStorage.instances.count,1769796886315000000,1769796899928000000,0
jps.global.get.library.by.name.ms,1769796886315000000,1769796899928000000,0
workspaceModel.mutableEntityStorage.resolve.ms,1769796886315000000,1769796899928000000,0
workspaceModel.mutableEntityStorage.mutable.ext.mapping.ms,1769796886315000000,1769796899928000000,0
workspaceModel.moduleManagerBridge.create.module.instance.ms,1769796886315000000,1769796899928000000,0
workspaceModel.moduleBridgeLoader.loading.modules.ms,1769796886315000000,1769796899928000000,0
workspaceModel.moduleManagerBridge.set.unloadedModules.ms,1769796886315000000,1769796899928000000,0
workspaceModel.moduleBridge.update.option.ms,1769796886315000000,1769796899928000000,0
workspaceModel.mutableEntityStorage.add.entity.ms,1769796886315000000,1769796899928000000,0
workspaceModel.moduleManagerBridge.newModule.ms,1769796886315000000,1769796899928000000,0
jps.global.initialize.library.bridges.after.loading.ms,1769796886315000000,1769796899928000000,0
workspaceModel.global.apply.state.to.project.ms,1769796886315000000,1769796899928000000,0
workspaceModel.global.updates.ms,1769796886315000000,1769796899928000000,0
jps.app.storage.content.reader.load.component.ms,1769796886315000000,1769796899928000000,0
jps.save.changed.project.entities.ms,1769796886315000000,1769796899928000000,0
jps.module.iml.entities.serializer.save.entities.ms,1769796886315000000,1769796899928000000,0
jps.global.handle.before.change.events.ms,1769796886315000000,1769796899928000000,0
workspaceModel.global.updates.count,1769796886315000000,1769796899928000000,0
jps.module.iml.entities.serializer.load.entities.ms,1769796886315000000,1769796899928000000,0
jps.load.project.to.empty.storage.ms,1769796886315000000,1769796899928000000,0
workspaceModel.mutableEntityStorage.collect.changes.ms,1769796886315000000,1769796899928000000,0
workspaceModel.do.save.caches.ms,1769796886315000000,1769796899928000000,0
workspaceModel.moduleBridge.facet.initialization.ms,1769796886315000000,1769796899928000000,0
jps.library.entities.serializer.save.entities.ms,1769796886315000000,1769796899928000000,0
workspaceModel.mutableEntityStorage.has.same.entities.ms,1769796886315000000,1769796899928000000,0
workspaceModel.mutableEntityStorage.modify.entity.ms,1769796886315000000,1769796899928000000,0
workspaceModel.load.cache.metadata.from.file.ms,1769796886315000000,1769796899928000000,0
workspaceModel.load.cache.from.file.ms,1769796886315000000,1769796899928000000,0
workspaceModel.sync.entities.ms,1769796886315000000,1769796899928000000,0
workspaceModel.mutableEntityStorage.changeLog.addReplaceEventForRemovedParent.ms,1769796886315000000,1769796899928000000,0
workspaceModel.mutableEntityStorage.changeLog.addReplaceEventForNewChild.ms,1769796886315000000,1769796899928000000,0
workspaceModel.mutableEntityStorage.to.snapshot.ms,1769796886315000000,1769796899928000000,0
jps.module.dependency.index.workspace.model.listener.on.changed.ms,1769796886315000000,1769796899928000000,0
workspaceModel.moduleManagerBridge.load.all.modules.ms,1769796886315000000,1769796899928000000,0
workspaceModel.moduleManagerBridge.load.module.ms,1769796886315000000,1769796899928000000,0
workspaceModel.moduleManagerBridge.build.module.graph.ms,1769796886315000000,1769796899928000000,0
workspaceModel.mutableEntityStorage.mutable.vfurl.index.ms,1769796886315000000,1769796899928000000,0
workspaceModel.orphan.listener.update.ms,1769796886315000000,1769796899928000000,0
VFS.fileByIdCache.hits,1769796886315000000,1769796899928000000,0
VFS.fileByIdCache.misses,1769796886315000000,1769796899928000000,0
VFS.invertedFileNameIndex.requests,1769796886315000000,1769796899928000000,0
VFS.fileChildByName,1769796886315000000,1769796899928000000,0
