# OpenTelemetry Metrics report: .csv, 4 fields: 
# <metric name>, <period start, nanoseconds>, <period end, nanoseconds>, <metric value>
# See CsvMetricsExporter for details.
# 
# NAME, PERIOD_START_NANOS, PERIOD_END_NANOS, VALUE
parser.RELAX-NG.size.bytes,1769611128604000000,1769611188620000000,117
parser.PythonStub.time.ns,1769611128604000000,1769611188620000000,227156972
DiskQueryRelay.tasksExecuted,1769611128604000000,1769611188620000000,11822
parser.HTML.size.bytes,1769611128604000000,1769611188620000000,7988
lexer.Python.size.bytes,1769611128604000000,1769611188620000000,12770216
parser.HTML.time.ns,1769611128604000000,1769611188620000000,14750304
lexer.Requirements.time.ns,1769611128604000000,1769611188620000000,89990
writeAction.median.wait.ms,1769611128604000000,1769611188620000000,0
writeAction.wait.ms,1769611128604000000,1769611188620000000,305
writeAction.max.wait.ms,1769611128604000000,1769611188620000000,265
parser.Requirements.size.bytes,1769611128604000000,1769611188620000000,26
lexer.Requirements.size.bytes,1769611128604000000,1769611188620000000,26
DiskQueryRelay.tasksRequested,1769611128604000000,1769611188620000000,11822
parser.RELAX-NG.time.ns,1769611128604000000,1769611188620000000,1169824
lexer.Python.time.ns,1769611128604000000,1769611188620000000,4201282471
DiskQueryRelay.taskWaitingTotalTimeUs,1769611128604000000,1769611188620000000,1409120
lexer.RELAX-NG.size.bytes,1769611128604000000,1769611188620000000,117
writeAction.count,1769611128604000000,1769611188620000000,568
lexer.PythonStub.time.ns,1769611128604000000,1769611188620000000,183505788
lexer.PythonStub.size.bytes,1769611128604000000,1769611188620000000,290697
lexer.RELAX-NG.time.ns,1769611128604000000,1769611188620000000,724992
parser.Requirements.time.ns,1769611128604000000,1769611188620000000,6137931
lexer.HTML.time.ns,1769611128604000000,1769611188620000000,12446143
parser.Python.size.bytes,1769611128604000000,1769611188620000000,12770216
DiskQueryRelay.taskExecutionTotalTimeUs,1769611128604000000,1769611188620000000,455592
parser.PythonStub.size.bytes,1769611128604000000,1769611188620000000,290697
parser.Python.time.ns,1769611128604000000,1769611188620000000,6483367805
lexer.HTML.size.bytes,1769611128604000000,1769611188620000000,7988
cacheStateStorage.set.counter,1769611128604000000,1769611188620000000,2
cacheStateStorage.get.counter,1769611128604000000,1769611188620000000,87
cacheStateStorage.set.duration,1769611128604000000,1769611188620000000,8
cacheStateStorage.get.duration,1769611128604000000,1769611188620000000,126
workspaceModel.cachedValue.from.cache.count,1769611128604000000,1769611188620000000,7436
workspaceModel.cachedValueWithParameters.calculated.count,1769611128604000000,1769611188620000000,0
workspaceModel.entityStorageSnapshotImpl.instances.count,1769611128604000000,1769611188620000000,19
workspaceModel.full.replace.project.model.ms,1769611128604000000,1769611188620000000,2
workspaceModel.workspaceFileIndexData.instances.count,1769611128604000000,1769611188620000000,1
workspaceModel.pre.handlers.ms,1769611128604000000,1769611188620000000,1
workspaceModel.workspaceFileIndexContributor.registerFileSets.ms,1769611128604000000,1769611188620000000,111
workspaceModel.replace.project.model.ms,1769611128604000000,1769611188620000000,0
workspaceModel.to.snapshot.ms,1769611128604000000,1769611188620000000,0
workspaceModel.workspaceFileIndexData.updateDirtyEntities.ms,1769611128604000000,1769611188620000000,0
workspaceModel.cachedValueWithParameters.clear.count,1769611128604000000,1769611188620000000,0
workspaceModel.workspaceFileIndexData.processFileSets.ms,1769611128604000000,1769611188620000000,0
workspaceModel.on.changed.ms,1769611128604000000,1769611188620000000,7
workspaceModel.collect.changes.ms,1769611128604000000,1769611188620000000,0
workspaceModel.workspaceFileIndexData.visitFileSets.ms,1769611128604000000,1769611188620000000,0
workspaceModel.workspaceFileIndexData.init.ms,1769611128604000000,1769611188620000000,67
workspaceModel.init.bridges.ms,1769611128604000000,1769611188620000000,1
workspaceModel.workspaceFileIndexData.getDirectoriesByPackageName.ms,1769611128604000000,1769611188620000000,0
workspaceModel.updates.precise.ms,1769611128604000000,1769611188620000000,6
workspaceModel.cachedValue.total.get.count,1769611128604000000,1769611188620000000,7445
workspaceModel.updates.ms,1769611128604000000,1769611188620000000,31
workspaceModel.cachedValue.clear.count,1769611128604000000,1769611188620000000,0
workspaceModel.workspaceFileIndexData.getPackageName.ms,1769611128604000000,1769611188620000000,0
workspaceModel.initializing.ms,1769611128604000000,1769611188620000000,1
workspaceModel.cachedValueWithParameters.from.cache.count,1769611128604000000,1769611188620000000,0
workspaceModel.cachedValueWithParameters.total.get.count,1769611128604000000,1769611188620000000,0
workspaceModel.check.recursive.update.ms,1769611128604000000,1769611188620000000,0
workspaceModel.workspaceFileIndexData.onEntitiesChanged.ms,1769611128604000000,1769611188620000000,0
workspaceModel.cachedValue.calculated.count,1769611128604000000,1769611188620000000,9
workspaceModel.workspaceFileIndexData.getFileInfo.ms,1769611128604000000,1769611188620000000,1969
workspaceModel.on.before.changed.ms,1769611128604000000,1769611188620000000,17
workspaceModel.workspaceFileIndexData.markDirty.ms,1769611128604000000,1769611188620000000,0
workspaceModel.update.unloaded.entities.ms,1769611128604000000,1769611188620000000,0
workspaceModel.updates.count,1769611128604000000,1769611188620000000,3
workspaceModel.loading.from.cache.ms,1769611128604000000,1769611188620000000,108
workspaceModel.loading.total.ms,1769611128604000000,1769611188620000000,113
AWTEventQueue.dispatchTimeMaxNs,1769611128604000000,1769611188620000000,0
NonBlockingReadAction.finalizedExecutionTimeUs,1769611128604000000,1769611188620000000,549942
FlushQueue.executionTime90PNs,1769611128604000000,1769611188620000000,0
FlushQueue.waitingTime90PNs,1769611128604000000,1769611188620000000,0
FlushQueue.waitingTimeAvgNs,1769611128604000000,1769611188620000000,0.0
NonBlockingReadAction.failedExecutionsCount,1769611128604000000,1769611188620000000,320
AWTEventQueue.eventsDispatched,1769611128604000000,1769611188620000000,0
FlushQueue.executionTimeMaxNs,1769611128604000000,1769611188620000000,0
FlushQueue.waitingTimeMaxNs,1769611128604000000,1769611188620000000,0
FlushQueue.queueSize90P,1769611128604000000,1769611188620000000,0
AWTEventQueue.dispatchTimeTotalNS,1769611128604000000,1769611188620000000,5652535501
NonBlockingReadAction.finalizedExecutionsCount,1769611128604000000,1769611188620000000,168
FlushQueue.queueSizeMax,1769611128604000000,1769611188620000000,0
AWTEventQueue.dispatchTimeAvgNs,1769611128604000000,1769611188620000000,0.0
FlushQueue.queueSizeAvg,1769611128604000000,1769611188620000000,0.0
AWTEventQueue.dispatchTime90PNs,1769611128604000000,1769611188620000000,0
ReadAction.executionsCount,1769611128604000000,1769611188620000000,130912
FlushQueue.executionTimeAvgNs,1769611128604000000,1769611188620000000,0.0
FlushQueue.tasksExecuted,1769611128604000000,1769611188620000000,0
WriteAction.executionsCount,1769611128604000000,1769611188620000000,568
NonBlockingReadAction.failedExecutionTimeUs,1769611128604000000,1769611188620000000,262470
FilePageCacheLockFree.totalNativeBytesAllocated,1769611128604000000,1769611188620000000,0
MappedFileStorage.storages,1769611128604000000,1769611188620000000,16
FilePageCacheLockFree.totalHeapBytesAllocated,1769611128604000000,1769611188620000000,0
StreamlinedBlobStorage.totalLiveRecordsCapacityBytes,1769611128604000000,1769611188620000000,71268124
MappedFileStorage.totalPagesMapped,1769611128604000000,1769611188620000000,21
FilePageCacheLockFree.housekeeperTurnsSkipped,1769611128604000000,1769611188620000000,0
FilePageCacheLockFree.totalPagesRequestsMs,1769611128604000000,1769611188620000000,0
FilePageCacheLockFree.housekeeperTimeSpentMs,1769611128604000000,1769611188620000000,0
FilePageCache.pageLoadsAboveSizeThreshold,1769611128604000000,1769611188620000000,0
FilePageCacheLockFree.totalPagesHandedOver,1769611128604000000,1769611188620000000,0
FilePageCacheLockFree.totalPagesReadMs,1769611128604000000,1769611188620000000,0
FilePageCacheLockFree.housekeeperTurnsDone,1769611128604000000,1769611188620000000,0
StorageLockContext.competingThreads.90P,1769611128604000000,1769611188620000000,0
FilePageCacheLockFree.totalPageAllocationsWaited,1769611128604000000,1769611188620000000,0
DirectByteBufferAllocator.totalSizeOfBuffersAllocatedInBytes,1769611128604000000,1769611188620000000,139476992
DirectByteBufferAllocator.disposed,1769611128604000000,1769611188620000000,0
MappedFileStorage.totalBytesMapped,1769611128604000000,1769611188620000000,261357568
FilePageCache.pageLoads,1769611128604000000,1769611188620000000,138
FilePageCache.pageFastCacheHits,1769611128604000000,1769611188620000000,15523
StorageLockContext.competingThreads.avg,1769611128604000000,1769611188620000000,0.0
StreamlinedBlobStorage.totalLiveRecordsPayloadBytes,1769611128604000000,1769611188620000000,36511407
FileChannelInterruptsRetryer.totalRetriedAttempts,1769611128604000000,1769611188620000000,0
FilePageCacheLockFree.nativeBytesInUse,1769611128604000000,1769611188620000000,0
FilePageCache.uncachedFileAccess,1769611128604000000,1769611188620000000,93
FilePageCacheLockFree.totalPagesWriteMs,1769611128604000000,1769611188620000000,0
FilePageCacheLockFree.totalBytesWritten,1769611128604000000,1769611188620000000,0
MappedFileStorage.totalTimeSpentOnMappingUs,1769611128604000000,1769611188620000000,13217
FilePageCache.totalPageLoadsUs,1769611128604000000,1769611188620000000,153701
FilePageCache.pageHits,1769611128604000000,1769611188620000000,0
FilePageCache.totalPageDisposalsUs,1769611128604000000,1769611188620000000,430
FilePageCacheLockFree.totalBytesRead,1769611128604000000,1769611188620000000,0
DirectByteBufferAllocator.reclaimed,1769611128604000000,1769611188620000000,3
FilePageCache.disposedBuffers,1769611128604000000,1769611188620000000,3
FilePageCacheLockFree.totalBytesRequested,1769611128604000000,1769611188620000000,0
FilePageCacheLockFree.totalPagesRequested,1769611128604000000,1769611188620000000,0
DirectByteBufferAllocator.totalSizeOfBuffersCachedInBytes,1769611128604000000,1769611188620000000,0
FilePageCacheLockFree.totalPagesReclaimed,1769611128604000000,1769611188620000000,0
FilePageCacheLockFree.totalNativeBytesReclaimed,1769611128604000000,1769611188620000000,0
StreamlinedBlobStorage.recordsRelocated,1769611128604000000,1769611188620000000,0
FilePageCacheLockFree.heapBytesInUse,1769611128604000000,1769611188620000000,0
DirectByteBufferAllocator.hits,1769611128604000000,1769611188620000000,3
DirectByteBufferAllocator.misses,1769611128604000000,1769611188620000000,135
StreamlinedBlobStorage.recordsAllocated,1769611128604000000,1769611188620000000,769390
FilePageCacheLockFree.totalClosedStoragesReclaimed,1769611128604000000,1769611188620000000,0
FilePageCacheLockFree.totalHeapBytesReclaimed,1769611128604000000,1769611188620000000,0
FilePageCacheLockFree.totalPagesAllocated,1769611128604000000,1769611188620000000,0
FilePageCache.capacityInBytes,1769611128604000000,1769611188620000000,503316478
StreamlinedBlobStorage.recordsDeleted,1769611128604000000,1769611188620000000,59
FilePageCache.maxCacheSizeInBytes,1769611128604000000,1769611188620000000,139476992
FilePageCacheLockFree.totalPagesWritten,1769611128604000000,1769611188620000000,0
FilePageCache.maxRegisteredFiles,1769611128604000000,1769611188620000000,252
StorageLockContext.competingThreads.max,1769611128604000000,1769611188620000000,0
Indexing.writer_3.totalTimeSpentWritingMs,1769611128604000000,1769611188620000000,0
Indexes.allKeys.lookupDuration90PMs,1769611128604000000,1769611188620000000,0.0
Indexes.entries.lookupDuration90PMs,1769611128604000000,1769611188620000000,0.0
Indexes.allKeys.lookups,1769611128604000000,1769611188620000000,0
Indexes.allKeys.lookupDurationMaxMs,1769611128604000000,1769611188620000000,0.0
Indexing.writer_2.totalTimeSpentWritingMs,1769611128604000000,1769611188620000000,505
Indexes.stubs.lookupDurationMaxMs,1769611128604000000,1769611188620000000,0.0
Indexes.allKeys.lookupDurationAvgMs,1769611128604000000,1769611188620000000,0.0
Indexing.cache.totalCacheEvicted,1769611128604000000,1769611188620000000,8964
Indexes.stubs.lookupDuration90PMs,1769611128604000000,1769611188620000000,0.0
IndexesFlusher.totalFlushes,1769611128604000000,1769611188620000000,59
Indexing.cache.totalCacheAccesses,1769611128604000000,1769611188620000000,9105
Indexes.stubs.lookups,1769611128604000000,1769611188620000000,0
IndexesFlusher.totalFlushingTimeUs,1769611128604000000,1769611188620000000,71077
Indexes.entries.lookupDurationAvgMs,1769611128604000000,1769611188620000000,0.0
Indexing.totalTimeIndexersSleptMs,1769611128604000000,1769611188620000000,0
Indexes.entries.lookups,1769611128604000000,1769611188620000000,41
Indexing.writesQueuedMin,1769611128604000000,1769611188620000000,9223372036854775807
Indexing.writesQueuedMax,1769611128604000000,1769611188620000000,0
Indexing.writer_0.totalTimeSpentWritingMs,1769611128604000000,1769611188620000000,446
Indexing.writer_1.totalTimeSpentWritingMs,1769611128604000000,1769611188620000000,720
Indexes.entries.lookupDurationMaxMs,1769611128604000000,1769611188620000000,0.0
Indexing.cache.totalCacheMisses,1769611128604000000,1769611188620000000,8986
IndexesFlusher.totalContentionQuotaSpent,1769611128604000000,1769611188620000000,0
Indexes.stubs.lookupDurationAvgMs,1769611128604000000,1769611188620000000,0.0
IndexesFlusher.totalFlushesRetried,1769611128604000000,1769611188620000000,0
jps.artifact.entities.serializer.load.entities.ms,1769611128604000000,1769611188620000000,0
workspaceModel.mutableEntityStorage.changeLog.addReplaceEventForRemovedChild.ms,1769611128604000000,1769611188620000000,0
jps.facet.change.listener.before.change.events.ms,1769611128604000000,1769611188620000000,0
jps.load.initial.state.ms,1769611128604000000,1769611188620000000,43
workspaceModel.mutableEntityStorage.collect.changes.ms,1769611128604000000,1769611188620000000,0
workspaceModel.mutableEntityStorage.modify.entity.ms,1769611128604000000,1769611188620000000,0
jps.global.initialize.library.bridges.ms,1769611128604000000,1769611188620000000,0
workspaceModel.save.cache.to.file.ms,1769611128604000000,1769611188620000000,55
jps.project.serializers.save.ms,1769611128604000000,1769611188620000000,0
jps.global.handle.changed.events.ms,1769611128604000000,1769611188620000000,0
jps.module.dependency.index.workspace.model.listener.on.changed.ms,1769611128604000000,1769611188620000000,1
workspaceModel.moduleManagerBridge.newModule.ms,1769611128604000000,1769611188620000000,0
workspaceModel.mutableEntityStorage.replace.by.source.ms,1769611128604000000,1769611188620000000,7
workspaceModel.orphan.listener.update.ms,1769611128604000000,1769611188620000000,1
jps.facet.change.listener.process.change.events.ms,1769611128604000000,1769611188620000000,1
workspaceModel.moduleManagerBridge.set.unloadedModules.ms,1769611128604000000,1769611188620000000,0
workspaceModel.mutableEntityStorage.to.snapshot.ms,1769611128604000000,1769611188620000000,1
workspaceModel.global.apply.state.to.project.builder.ms,1769611128604000000,1769611188620000000,2
workspaceModel.mutableEntityStorage.has.same.entities.ms,1769611128604000000,1769611188620000000,0
workspaceModel.mutableEntityStorage.instances.count,1769611128604000000,1769611188620000000,27
workspaceModel.moduleBridge.facet.initialization.ms,1769611128604000000,1769611188620000000,0
workspaceModel.moduleManagerBridge.get.modules.ms,1769611128604000000,1769611188620000000,0
workspaceModel.moduleManagerBridge.new.nonPersistent.module.ms,1769611128604000000,1769611188620000000,0
jps.global.get.library.by.name.ms,1769611128604000000,1769611188620000000,0
workspaceModel.mutableEntityStorage.mutable.vfurl.index.ms,1769611128604000000,1769611188620000000,0
workspaceModel.mutableEntityStorage.mutable.ext.mapping.ms,1769611128604000000,1769611188620000000,1
jps.global.get.libraries.ms,1769611128604000000,1769611188620000000,0
jps.module.iml.entities.serializer.load.entities.ms,1769611128604000000,1769611188620000000,16
jps.project.serializers.load.ms,1769611128604000000,1769611188620000000,26
workspaceModel.load.cache.metadata.from.file.ms,1769611128604000000,1769611188620000000,13
workspaceModel.mutableEntityStorage.apply.changes.from.ms,1769611128604000000,1769611188620000000,4
workspaceModel.global.updates.count,1769611128604000000,1769611188620000000,1
jps.save.global.entities.ms,1769611128604000000,1769611188620000000,0
workspaceModel.global.apply.state.to.project.ms,1769611128604000000,1769611188620000000,39
workspaceModel.moduleManagerBridge.load.module.ms,1769611128604000000,1769611188620000000,0
workspaceModel.mutableEntityStorage.changeLog.addReplaceEventForNewParent.ms,1769611128604000000,1769611188620000000,0
jps.module.iml.entities.serializer.save.entities.ms,1769611128604000000,1769611188620000000,0
jps.apply.loaded.storage.ms,1769611128604000000,1769611188620000000,7
jps.global.initialize.library.bridges.after.loading.ms,1769611128604000000,1769611188620000000,1
jps.facet.change.listener.init.bridge.ms,1769611128604000000,1769611188620000000,0
jps.global.handle.before.change.events.ms,1769611128604000000,1769611188620000000,0
workspaceModel.moduleManagerBridge.build.module.graph.ms,1769611128604000000,1769611188620000000,0
workspaceModel.moduleBridgeLoader.loading.modules.ms,1769611128604000000,1769611188620000000,346
jps.library.entities.serializer.load.entities.ms,1769611128604000000,1769611188620000000,0
workspaceModel.load.cache.from.file.ms,1769611128604000000,1769611188620000000,118
jps.save.changed.project.entities.ms,1769611128604000000,1769611188620000000,0
workspaceModel.delayed.project.synchronizer.sync.ms,1769611128604000000,1769611188620000000,40
jps.reload.project.entities.ms,1769611128604000000,1769611188620000000,0
jps.load.project.to.empty.storage.ms,1769611128604000000,1769611188620000000,30
workspaceModel.do.save.caches.ms,1769611128604000000,1769611188620000000,52
workspaceModel.mutableEntityStorage.entities.ms,1769611128604000000,1769611188620000000,0
jps.global.get.library.ms,1769611128604000000,1769611188620000000,0
workspaceModel.moduleBridge.update.option.ms,1769611128604000000,1769611188620000000,0
workspaceModel.moduleManagerBridge.load.all.modules.ms,1769611128604000000,1769611188620000000,23
workspaceModel.mutableEntityStorage.referrers.ms,1769611128604000000,1769611188620000000,0
jps.artifact.entities.serializer.save.entities.ms,1769611128604000000,1769611188620000000,0
jps.app.storage.content.reader.load.component.ms,1769611128604000000,1769611188620000000,8
workspaceModel.mutableEntityStorage.remove.entity.ms,1769611128604000000,1769611188620000000,0
workspaceModel.mutableEntityStorage.changeLog.addReplaceEventForNewChild.ms,1769611128604000000,1769611188620000000,0
workspaceModel.mutableEntityStorage.entities.by.source.ms,1769611128604000000,1769611188620000000,0
workspaceModel.moduleBridge.before.changed.ms,1769611128604000000,1769611188620000000,0
jps.library.entities.serializer.save.entities.ms,1769611128604000000,1769611188620000000,0
workspaceModel.mutableEntityStorage.resolve.ms,1769611128604000000,1769611188620000000,0
workspaceModel.mutableEntityStorage.put.entity.ms,1769611128604000000,1769611188620000000,4
workspaceModel.global.updates.ms,1769611128604000000,1769611188620000000,6
workspaceModel.mutableEntityStorage.changeLog.addReplaceEventForRemovedParent.ms,1769611128604000000,1769611188620000000,0
workspaceModel.sync.entities.ms,1769611128604000000,1769611188620000000,0
workspaceModel.mutableEntityStorage.add.entity.ms,1769611128604000000,1769611188620000000,20
workspaceModel.moduleManagerBridge.create.module.instance.ms,1769611128604000000,1769611188620000000,0
jps.storage.jps.conf.reader.load.component.ms,1769611128604000000,1769611188620000000,4
VFS.fileChildByName,1769611128604000000,1769611188620000000,135864
VFS.contentStorage.recordsStored,1769611128604000000,1769611188620000000,0
VFS.contentStorage.recordsUncompressedSize,1769611128604000000,1769611188620000000,0
VFS.fileByIdCache.misses,1769611128604000000,1769611188620000000,3749
FileNameCache.totalMisses,1769611128604000000,1769611188620000000,3392
VFS.contentStorage.recordsDeduplicated,1769611128604000000,1769611188620000000,0
VFS.contentStorage.recordsReadSize,1769611128604000000,1769611188620000000,2055025
VFS.fileByIdCache.hits,1769611128604000000,1769611188620000000,0
VFS.contentStorage.recordsStoredCompressed,1769611128604000000,1769611188620000000,0
VFS.contentStorage.recordsDecompressionTimeUs,1769611128604000000,1769611188620000000,45515
VFS.invertedFileNameIndex.requests,1769611128604000000,1769611188620000000,0
FileNameCache.queries,1769611128604000000,1769611188620000000,269504
VFS.contentStorage.recordsReadDecompressed,1769611128604000000,1769611188620000000,51
VFS.contentStorage.recordsStoredSize,1769611128604000000,1769611188620000000,0
VFS.contentStorage.recordsRead,1769611128604000000,1769611188620000000,126
JVM.totalTimeAtSafepointsMs,1769611128604000000,1769611188620000000,337
JVM.newThreadsCount,1769611128604000000,1769611188620000000,158
JVM.totalDirectByteBuffersBytes,1769611128604000000,1769611188620000000,145584285
JVM.maxHeapBytes,1769611128604000000,1769611188620000000,4196401152
OS.loadAverage,1769611128604000000,1769611188620000000,1.4482421875
JVM.usedNativeBytes,1769611128604000000,1769611188620000000,342706032
JVM.totalSafepointCount,1769611128604000000,1769611188620000000,335
JVM.totalCpuTimeMs,1769611128604000000,1769611188620000000,68190
JVM.GC.collections,1769611128604000000,1769611188620000000,43
JVM.totalTimeToSafepointsMs,1769611128604000000,1769611188620000000,52
JVM.GC.collectionTimesMs,1769611128604000000,1769611188620000000,279
JVM.threadCount,1769611128604000000,1769611188620000000,149
JVM.totalBytesAllocated,1769611128604000000,1769611188620000000,3670869096
JVM.maxThreadCount,1769611128604000000,1769611188620000000,151
JVM.usedHeapBytes,1769611128604000000,1769611188620000000,623405880
DiskQueryRelay.tasksExecuted,1769611188620000000,1769611248613000000,0
writeAction.median.wait.ms,1769611188620000000,1769611248613000000,0
writeAction.wait.ms,1769611188620000000,1769611248613000000,0
writeAction.max.wait.ms,1769611188620000000,1769611248613000000,265
DiskQueryRelay.tasksRequested,1769611188620000000,1769611248613000000,0
DiskQueryRelay.taskWaitingTotalTimeUs,1769611188620000000,1769611248613000000,0
writeAction.count,1769611188620000000,1769611248613000000,0
DiskQueryRelay.taskExecutionTotalTimeUs,1769611188620000000,1769611248613000000,0
cacheStateStorage.set.counter,1769611188620000000,1769611248613000000,0
cacheStateStorage.get.counter,1769611188620000000,1769611248613000000,1
cacheStateStorage.set.duration,1769611188620000000,1769611248613000000,0
cacheStateStorage.get.duration,1769611188620000000,1769611248613000000,0
workspaceModel.cachedValue.from.cache.count,1769611188620000000,1769611248613000000,2
workspaceModel.cachedValueWithParameters.calculated.count,1769611188620000000,1769611248613000000,0
workspaceModel.entityStorageSnapshotImpl.instances.count,1769611188620000000,1769611248613000000,0
workspaceModel.full.replace.project.model.ms,1769611188620000000,1769611248613000000,0
workspaceModel.workspaceFileIndexData.instances.count,1769611188620000000,1769611248613000000,0
workspaceModel.pre.handlers.ms,1769611188620000000,1769611248613000000,0
workspaceModel.workspaceFileIndexContributor.registerFileSets.ms,1769611188620000000,1769611248613000000,0
workspaceModel.replace.project.model.ms,1769611188620000000,1769611248613000000,0
workspaceModel.to.snapshot.ms,1769611188620000000,1769611248613000000,0
workspaceModel.workspaceFileIndexData.updateDirtyEntities.ms,1769611188620000000,1769611248613000000,0
workspaceModel.cachedValueWithParameters.clear.count,1769611188620000000,1769611248613000000,0
workspaceModel.workspaceFileIndexData.processFileSets.ms,1769611188620000000,1769611248613000000,0
workspaceModel.on.changed.ms,1769611188620000000,1769611248613000000,0
workspaceModel.collect.changes.ms,1769611188620000000,1769611248613000000,0
workspaceModel.workspaceFileIndexData.visitFileSets.ms,1769611188620000000,1769611248613000000,0
workspaceModel.workspaceFileIndexData.init.ms,1769611188620000000,1769611248613000000,0
workspaceModel.init.bridges.ms,1769611188620000000,1769611248613000000,0
workspaceModel.workspaceFileIndexData.getDirectoriesByPackageName.ms,1769611188620000000,1769611248613000000,0
workspaceModel.updates.precise.ms,1769611188620000000,1769611248613000000,0
workspaceModel.cachedValue.total.get.count,1769611188620000000,1769611248613000000,2
workspaceModel.updates.ms,1769611188620000000,1769611248613000000,0
workspaceModel.cachedValue.clear.count,1769611188620000000,1769611248613000000,0
workspaceModel.workspaceFileIndexData.getPackageName.ms,1769611188620000000,1769611248613000000,0
workspaceModel.initializing.ms,1769611188620000000,1769611248613000000,0
workspaceModel.cachedValueWithParameters.from.cache.count,1769611188620000000,1769611248613000000,0
workspaceModel.cachedValueWithParameters.total.get.count,1769611188620000000,1769611248613000000,0
workspaceModel.check.recursive.update.ms,1769611188620000000,1769611248613000000,0
workspaceModel.workspaceFileIndexData.onEntitiesChanged.ms,1769611188620000000,1769611248613000000,0
workspaceModel.cachedValue.calculated.count,1769611188620000000,1769611248613000000,0
workspaceModel.workspaceFileIndexData.getFileInfo.ms,1769611188620000000,1769611248613000000,0
workspaceModel.on.before.changed.ms,1769611188620000000,1769611248613000000,0
workspaceModel.workspaceFileIndexData.markDirty.ms,1769611188620000000,1769611248613000000,0
workspaceModel.update.unloaded.entities.ms,1769611188620000000,1769611248613000000,0
workspaceModel.updates.count,1769611188620000000,1769611248613000000,0
workspaceModel.loading.from.cache.ms,1769611188620000000,1769611248613000000,0
workspaceModel.loading.total.ms,1769611188620000000,1769611248613000000,0
AWTEventQueue.dispatchTimeMaxNs,1769611188620000000,1769611248613000000,0
NonBlockingReadAction.finalizedExecutionTimeUs,1769611188620000000,1769611248613000000,0
FlushQueue.executionTime90PNs,1769611188620000000,1769611248613000000,0
FlushQueue.waitingTime90PNs,1769611188620000000,1769611248613000000,0
FlushQueue.waitingTimeAvgNs,1769611188620000000,1769611248613000000,0.0
NonBlockingReadAction.failedExecutionsCount,1769611188620000000,1769611248613000000,0
AWTEventQueue.eventsDispatched,1769611188620000000,1769611248613000000,0
FlushQueue.executionTimeMaxNs,1769611188620000000,1769611248613000000,0
FlushQueue.waitingTimeMaxNs,1769611188620000000,1769611248613000000,0
FlushQueue.queueSize90P,1769611188620000000,1769611248613000000,0
AWTEventQueue.dispatchTimeTotalNS,1769611188620000000,1769611248613000000,119637507
NonBlockingReadAction.finalizedExecutionsCount,1769611188620000000,1769611248613000000,0
FlushQueue.queueSizeMax,1769611188620000000,1769611248613000000,0
AWTEventQueue.dispatchTimeAvgNs,1769611188620000000,1769611248613000000,0.0
FlushQueue.queueSizeAvg,1769611188620000000,1769611248613000000,0.0
AWTEventQueue.dispatchTime90PNs,1769611188620000000,1769611248613000000,0
ReadAction.executionsCount,1769611188620000000,1769611248613000000,1
FlushQueue.executionTimeAvgNs,1769611188620000000,1769611248613000000,0.0
FlushQueue.tasksExecuted,1769611188620000000,1769611248613000000,0
WriteAction.executionsCount,1769611188620000000,1769611248613000000,0
NonBlockingReadAction.failedExecutionTimeUs,1769611188620000000,1769611248613000000,0
FilePageCacheLockFree.totalNativeBytesAllocated,1769611188620000000,1769611248613000000,0
MappedFileStorage.storages,1769611188620000000,1769611248613000000,16
FilePageCacheLockFree.totalHeapBytesAllocated,1769611188620000000,1769611248613000000,0
StreamlinedBlobStorage.totalLiveRecordsCapacityBytes,1769611188620000000,1769611248613000000,0
MappedFileStorage.totalPagesMapped,1769611188620000000,1769611248613000000,21
FilePageCacheLockFree.housekeeperTurnsSkipped,1769611188620000000,1769611248613000000,0
FilePageCacheLockFree.totalPagesRequestsMs,1769611188620000000,1769611248613000000,0
FilePageCacheLockFree.housekeeperTimeSpentMs,1769611188620000000,1769611248613000000,0
FilePageCache.pageLoadsAboveSizeThreshold,1769611188620000000,1769611248613000000,0
FilePageCacheLockFree.totalPagesHandedOver,1769611188620000000,1769611248613000000,0
FilePageCacheLockFree.totalPagesReadMs,1769611188620000000,1769611248613000000,0
FilePageCacheLockFree.housekeeperTurnsDone,1769611188620000000,1769611248613000000,0
StorageLockContext.competingThreads.90P,1769611188620000000,1769611248613000000,0
FilePageCacheLockFree.totalPageAllocationsWaited,1769611188620000000,1769611248613000000,0
DirectByteBufferAllocator.totalSizeOfBuffersAllocatedInBytes,1769611188620000000,1769611248613000000,139476992
DirectByteBufferAllocator.disposed,1769611188620000000,1769611248613000000,0
MappedFileStorage.totalBytesMapped,1769611188620000000,1769611248613000000,261357568
FilePageCache.pageLoads,1769611188620000000,1769611248613000000,0
FilePageCache.pageFastCacheHits,1769611188620000000,1769611248613000000,0
StorageLockContext.competingThreads.avg,1769611188620000000,1769611248613000000,0.0
StreamlinedBlobStorage.totalLiveRecordsPayloadBytes,1769611188620000000,1769611248613000000,0
FileChannelInterruptsRetryer.totalRetriedAttempts,1769611188620000000,1769611248613000000,0
FilePageCacheLockFree.nativeBytesInUse,1769611188620000000,1769611248613000000,0
FilePageCache.uncachedFileAccess,1769611188620000000,1769611248613000000,0
FilePageCacheLockFree.totalPagesWriteMs,1769611188620000000,1769611248613000000,0
FilePageCacheLockFree.totalBytesWritten,1769611188620000000,1769611248613000000,0
MappedFileStorage.totalTimeSpentOnMappingUs,1769611188620000000,1769611248613000000,13217
FilePageCache.totalPageLoadsUs,1769611188620000000,1769611248613000000,0
FilePageCache.pageHits,1769611188620000000,1769611248613000000,0
FilePageCache.totalPageDisposalsUs,1769611188620000000,1769611248613000000,0
FilePageCacheLockFree.totalBytesRead,1769611188620000000,1769611248613000000,0
DirectByteBufferAllocator.reclaimed,1769611188620000000,1769611248613000000,0
FilePageCache.disposedBuffers,1769611188620000000,1769611248613000000,0
FilePageCacheLockFree.totalBytesRequested,1769611188620000000,1769611248613000000,0
FilePageCacheLockFree.totalPagesRequested,1769611188620000000,1769611248613000000,0
DirectByteBufferAllocator.totalSizeOfBuffersCachedInBytes,1769611188620000000,1769611248613000000,0
FilePageCacheLockFree.totalPagesReclaimed,1769611188620000000,1769611248613000000,0
FilePageCacheLockFree.totalNativeBytesReclaimed,1769611188620000000,1769611248613000000,0
StreamlinedBlobStorage.recordsRelocated,1769611188620000000,1769611248613000000,0
FilePageCacheLockFree.heapBytesInUse,1769611188620000000,1769611248613000000,0
DirectByteBufferAllocator.hits,1769611188620000000,1769611248613000000,0
DirectByteBufferAllocator.misses,1769611188620000000,1769611248613000000,0
StreamlinedBlobStorage.recordsAllocated,1769611188620000000,1769611248613000000,0
FilePageCacheLockFree.totalClosedStoragesReclaimed,1769611188620000000,1769611248613000000,0
FilePageCacheLockFree.totalHeapBytesReclaimed,1769611188620000000,1769611248613000000,0
FilePageCacheLockFree.totalPagesAllocated,1769611188620000000,1769611248613000000,0
FilePageCache.capacityInBytes,1769611188620000000,1769611248613000000,503316478
StreamlinedBlobStorage.recordsDeleted,1769611188620000000,1769611248613000000,0
FilePageCache.maxCacheSizeInBytes,1769611188620000000,1769611248613000000,139476992
FilePageCacheLockFree.totalPagesWritten,1769611188620000000,1769611248613000000,0
FilePageCache.maxRegisteredFiles,1769611188620000000,1769611248613000000,252
StorageLockContext.competingThreads.max,1769611188620000000,1769611248613000000,0
Indexing.writer_3.totalTimeSpentWritingMs,1769611188620000000,1769611248613000000,0
Indexes.allKeys.lookupDuration90PMs,1769611188620000000,1769611248613000000,0.0
Indexes.entries.lookupDuration90PMs,1769611188620000000,1769611248613000000,0.0
Indexes.allKeys.lookups,1769611188620000000,1769611248613000000,0
Indexes.allKeys.lookupDurationMaxMs,1769611188620000000,1769611248613000000,0.0
Indexing.writer_2.totalTimeSpentWritingMs,1769611188620000000,1769611248613000000,0
Indexes.stubs.lookupDurationMaxMs,1769611188620000000,1769611248613000000,0.0
Indexes.allKeys.lookupDurationAvgMs,1769611188620000000,1769611248613000000,0.0
Indexing.cache.totalCacheEvicted,1769611188620000000,1769611248613000000,0
Indexes.stubs.lookupDuration90PMs,1769611188620000000,1769611248613000000,0.0
IndexesFlusher.totalFlushes,1769611188620000000,1769611248613000000,60
Indexing.cache.totalCacheAccesses,1769611188620000000,1769611248613000000,0
Indexes.stubs.lookups,1769611188620000000,1769611248613000000,0
IndexesFlusher.totalFlushingTimeUs,1769611188620000000,1769611248613000000,41634
Indexes.entries.lookupDurationAvgMs,1769611188620000000,1769611248613000000,0.0
Indexing.totalTimeIndexersSleptMs,1769611188620000000,1769611248613000000,0
Indexes.entries.lookups,1769611188620000000,1769611248613000000,0
Indexing.writesQueuedMin,1769611188620000000,1769611248613000000,9223372036854775807
Indexing.writesQueuedMax,1769611188620000000,1769611248613000000,0
Indexing.writer_0.totalTimeSpentWritingMs,1769611188620000000,1769611248613000000,0
Indexing.writer_1.totalTimeSpentWritingMs,1769611188620000000,1769611248613000000,0
Indexes.entries.lookupDurationMaxMs,1769611188620000000,1769611248613000000,0.0
Indexing.cache.totalCacheMisses,1769611188620000000,1769611248613000000,0
IndexesFlusher.totalContentionQuotaSpent,1769611188620000000,1769611248613000000,0
Indexes.stubs.lookupDurationAvgMs,1769611188620000000,1769611248613000000,0.0
IndexesFlusher.totalFlushesRetried,1769611188620000000,1769611248613000000,0
jps.artifact.entities.serializer.load.entities.ms,1769611188620000000,1769611248613000000,0
workspaceModel.mutableEntityStorage.changeLog.addReplaceEventForRemovedChild.ms,1769611188620000000,1769611248613000000,0
jps.facet.change.listener.before.change.events.ms,1769611188620000000,1769611248613000000,0
jps.load.initial.state.ms,1769611188620000000,1769611248613000000,0
workspaceModel.mutableEntityStorage.collect.changes.ms,1769611188620000000,1769611248613000000,0
workspaceModel.mutableEntityStorage.modify.entity.ms,1769611188620000000,1769611248613000000,0
jps.global.initialize.library.bridges.ms,1769611188620000000,1769611248613000000,0
workspaceModel.save.cache.to.file.ms,1769611188620000000,1769611248613000000,0
jps.project.serializers.save.ms,1769611188620000000,1769611248613000000,0
jps.global.handle.changed.events.ms,1769611188620000000,1769611248613000000,0
jps.module.dependency.index.workspace.model.listener.on.changed.ms,1769611188620000000,1769611248613000000,0
workspaceModel.moduleManagerBridge.newModule.ms,1769611188620000000,1769611248613000000,0
workspaceModel.mutableEntityStorage.replace.by.source.ms,1769611188620000000,1769611248613000000,0
workspaceModel.orphan.listener.update.ms,1769611188620000000,1769611248613000000,0
jps.facet.change.listener.process.change.events.ms,1769611188620000000,1769611248613000000,0
workspaceModel.moduleManagerBridge.set.unloadedModules.ms,1769611188620000000,1769611248613000000,0
workspaceModel.mutableEntityStorage.to.snapshot.ms,1769611188620000000,1769611248613000000,0
workspaceModel.global.apply.state.to.project.builder.ms,1769611188620000000,1769611248613000000,0
workspaceModel.mutableEntityStorage.has.same.entities.ms,1769611188620000000,1769611248613000000,0
workspaceModel.mutableEntityStorage.instances.count,1769611188620000000,1769611248613000000,0
workspaceModel.moduleBridge.facet.initialization.ms,1769611188620000000,1769611248613000000,0
workspaceModel.moduleManagerBridge.get.modules.ms,1769611188620000000,1769611248613000000,0
workspaceModel.moduleManagerBridge.new.nonPersistent.module.ms,1769611188620000000,1769611248613000000,0
jps.global.get.library.by.name.ms,1769611188620000000,1769611248613000000,0
workspaceModel.mutableEntityStorage.mutable.vfurl.index.ms,1769611188620000000,1769611248613000000,0
workspaceModel.mutableEntityStorage.mutable.ext.mapping.ms,1769611188620000000,1769611248613000000,0
jps.global.get.libraries.ms,1769611188620000000,1769611248613000000,0
jps.module.iml.entities.serializer.load.entities.ms,1769611188620000000,1769611248613000000,0
jps.project.serializers.load.ms,1769611188620000000,1769611248613000000,0
workspaceModel.load.cache.metadata.from.file.ms,1769611188620000000,1769611248613000000,0
workspaceModel.mutableEntityStorage.apply.changes.from.ms,1769611188620000000,1769611248613000000,0
workspaceModel.global.updates.count,1769611188620000000,1769611248613000000,0
jps.save.global.entities.ms,1769611188620000000,1769611248613000000,0
workspaceModel.global.apply.state.to.project.ms,1769611188620000000,1769611248613000000,0
workspaceModel.moduleManagerBridge.load.module.ms,1769611188620000000,1769611248613000000,0
workspaceModel.mutableEntityStorage.changeLog.addReplaceEventForNewParent.ms,1769611188620000000,1769611248613000000,0
jps.module.iml.entities.serializer.save.entities.ms,1769611188620000000,1769611248613000000,0
jps.apply.loaded.storage.ms,1769611188620000000,1769611248613000000,0
jps.global.initialize.library.bridges.after.loading.ms,1769611188620000000,1769611248613000000,0
jps.facet.change.listener.init.bridge.ms,1769611188620000000,1769611248613000000,0
jps.global.handle.before.change.events.ms,1769611188620000000,1769611248613000000,0
workspaceModel.moduleManagerBridge.build.module.graph.ms,1769611188620000000,1769611248613000000,0
workspaceModel.moduleBridgeLoader.loading.modules.ms,1769611188620000000,1769611248613000000,0
jps.library.entities.serializer.load.entities.ms,1769611188620000000,1769611248613000000,0
workspaceModel.load.cache.from.file.ms,1769611188620000000,1769611248613000000,0
jps.save.changed.project.entities.ms,1769611188620000000,1769611248613000000,0
workspaceModel.delayed.project.synchronizer.sync.ms,1769611188620000000,1769611248613000000,0
jps.reload.project.entities.ms,1769611188620000000,1769611248613000000,0
jps.load.project.to.empty.storage.ms,1769611188620000000,1769611248613000000,0
workspaceModel.do.save.caches.ms,1769611188620000000,1769611248613000000,0
workspaceModel.mutableEntityStorage.entities.ms,1769611188620000000,1769611248613000000,0
jps.global.get.library.ms,1769611188620000000,1769611248613000000,0
workspaceModel.moduleBridge.update.option.ms,1769611188620000000,1769611248613000000,0
workspaceModel.moduleManagerBridge.load.all.modules.ms,1769611188620000000,1769611248613000000,0
workspaceModel.mutableEntityStorage.referrers.ms,1769611188620000000,1769611248613000000,0
jps.artifact.entities.serializer.save.entities.ms,1769611188620000000,1769611248613000000,0
jps.app.storage.content.reader.load.component.ms,1769611188620000000,1769611248613000000,0
workspaceModel.mutableEntityStorage.remove.entity.ms,1769611188620000000,1769611248613000000,0
workspaceModel.mutableEntityStorage.changeLog.addReplaceEventForNewChild.ms,1769611188620000000,1769611248613000000,0
workspaceModel.mutableEntityStorage.entities.by.source.ms,1769611188620000000,1769611248613000000,0
workspaceModel.moduleBridge.before.changed.ms,1769611188620000000,1769611248613000000,0
jps.library.entities.serializer.save.entities.ms,1769611188620000000,1769611248613000000,0
workspaceModel.mutableEntityStorage.resolve.ms,1769611188620000000,1769611248613000000,0
workspaceModel.mutableEntityStorage.put.entity.ms,1769611188620000000,1769611248613000000,0
workspaceModel.global.updates.ms,1769611188620000000,1769611248613000000,0
workspaceModel.mutableEntityStorage.changeLog.addReplaceEventForRemovedParent.ms,1769611188620000000,1769611248613000000,0
workspaceModel.sync.entities.ms,1769611188620000000,1769611248613000000,0
workspaceModel.mutableEntityStorage.add.entity.ms,1769611188620000000,1769611248613000000,0
workspaceModel.moduleManagerBridge.create.module.instance.ms,1769611188620000000,1769611248613000000,0
jps.storage.jps.conf.reader.load.component.ms,1769611188620000000,1769611248613000000,0
VFS.fileChildByName,1769611188620000000,1769611248613000000,0
VFS.contentStorage.recordsStored,1769611188620000000,1769611248613000000,0
VFS.contentStorage.recordsUncompressedSize,1769611188620000000,1769611248613000000,0
VFS.fileByIdCache.misses,1769611188620000000,1769611248613000000,0
FileNameCache.totalMisses,1769611188620000000,1769611248613000000,0
VFS.contentStorage.recordsDeduplicated,1769611188620000000,1769611248613000000,0
VFS.contentStorage.recordsReadSize,1769611188620000000,1769611248613000000,0
VFS.fileByIdCache.hits,1769611188620000000,1769611248613000000,0
VFS.contentStorage.recordsStoredCompressed,1769611188620000000,1769611248613000000,0
VFS.contentStorage.recordsDecompressionTimeUs,1769611188620000000,1769611248613000000,0
VFS.invertedFileNameIndex.requests,1769611188620000000,1769611248613000000,0
FileNameCache.queries,1769611188620000000,1769611248613000000,0
VFS.contentStorage.recordsReadDecompressed,1769611188620000000,1769611248613000000,0
VFS.contentStorage.recordsStoredSize,1769611188620000000,1769611248613000000,0
VFS.contentStorage.recordsRead,1769611188620000000,1769611248613000000,0
JVM.totalTimeAtSafepointsMs,1769611188620000000,1769611248613000000,1
JVM.newThreadsCount,1769611188620000000,1769611248613000000,2
JVM.totalDirectByteBuffersBytes,1769611188620000000,1769611248613000000,141076225
JVM.maxHeapBytes,1769611188620000000,1769611248613000000,4196401152
OS.loadAverage,1769611188620000000,1769611248613000000,1.48291015625
JVM.usedNativeBytes,1769611188620000000,1769611248613000000,346254728
JVM.totalSafepointCount,1769611188620000000,1769611248613000000,33
JVM.totalCpuTimeMs,1769611188620000000,1769611248613000000,1750
JVM.GC.collections,1769611188620000000,1769611248613000000,0
JVM.totalTimeToSafepointsMs,1769611188620000000,1769611248613000000,1
JVM.GC.collectionTimesMs,1769611188620000000,1769611248613000000,0
JVM.threadCount,1769611188620000000,1769611248613000000,51
JVM.totalBytesAllocated,1769611188620000000,1769611248613000000,43219864
JVM.maxThreadCount,1769611188620000000,1769611248613000000,151
JVM.usedHeapBytes,1769611188620000000,1769611248613000000,675834680
DiskQueryRelay.tasksExecuted,1769611248613000000,1769611308609000000,4572
parser.HTML.size.bytes,1769611248613000000,1769611308609000000,7302
lexer.Python.size.bytes,1769611248613000000,1769611308609000000,74098
parser.HTML.time.ns,1769611248613000000,1769611308609000000,1997713
writeAction.median.wait.ms,1769611248613000000,1769611308609000000,0
writeAction.wait.ms,1769611248613000000,1769611308609000000,0
writeAction.max.wait.ms,1769611248613000000,1769611308609000000,265
DiskQueryRelay.tasksRequested,1769611248613000000,1769611308609000000,4572
lexer.Python.time.ns,1769611248613000000,1769611308609000000,20825639
DiskQueryRelay.taskWaitingTotalTimeUs,1769611248613000000,1769611308609000000,76055
writeAction.count,1769611248613000000,1769611308609000000,3
lexer.HTML.time.ns,1769611248613000000,1769611308609000000,1664772
parser.Python.size.bytes,1769611248613000000,1769611308609000000,74098
DiskQueryRelay.taskExecutionTotalTimeUs,1769611248613000000,1769611308609000000,74163
parser.Python.time.ns,1769611248613000000,1769611308609000000,79947287
lexer.HTML.size.bytes,1769611248613000000,1769611308609000000,7302
cacheStateStorage.set.counter,1769611248613000000,1769611308609000000,0
cacheStateStorage.get.counter,1769611248613000000,1769611308609000000,0
cacheStateStorage.set.duration,1769611248613000000,1769611308609000000,0
cacheStateStorage.get.duration,1769611248613000000,1769611308609000000,0
workspaceModel.cachedValue.from.cache.count,1769611248613000000,1769611308609000000,4486
workspaceModel.cachedValueWithParameters.calculated.count,1769611248613000000,1769611308609000000,0
workspaceModel.entityStorageSnapshotImpl.instances.count,1769611248613000000,1769611308609000000,0
workspaceModel.full.replace.project.model.ms,1769611248613000000,1769611308609000000,0
workspaceModel.workspaceFileIndexData.instances.count,1769611248613000000,1769611308609000000,0
workspaceModel.pre.handlers.ms,1769611248613000000,1769611308609000000,0
workspaceModel.workspaceFileIndexContributor.registerFileSets.ms,1769611248613000000,1769611308609000000,0
workspaceModel.replace.project.model.ms,1769611248613000000,1769611308609000000,0
workspaceModel.to.snapshot.ms,1769611248613000000,1769611308609000000,0
workspaceModel.workspaceFileIndexData.updateDirtyEntities.ms,1769611248613000000,1769611308609000000,0
workspaceModel.cachedValueWithParameters.clear.count,1769611248613000000,1769611308609000000,0
workspaceModel.workspaceFileIndexData.processFileSets.ms,1769611248613000000,1769611308609000000,0
workspaceModel.on.changed.ms,1769611248613000000,1769611308609000000,0
workspaceModel.collect.changes.ms,1769611248613000000,1769611308609000000,0
workspaceModel.workspaceFileIndexData.visitFileSets.ms,1769611248613000000,1769611308609000000,0
workspaceModel.workspaceFileIndexData.init.ms,1769611248613000000,1769611308609000000,0
workspaceModel.init.bridges.ms,1769611248613000000,1769611308609000000,0
workspaceModel.workspaceFileIndexData.getDirectoriesByPackageName.ms,1769611248613000000,1769611308609000000,0
workspaceModel.updates.precise.ms,1769611248613000000,1769611308609000000,0
workspaceModel.cachedValue.total.get.count,1769611248613000000,1769611308609000000,4486
workspaceModel.updates.ms,1769611248613000000,1769611308609000000,0
workspaceModel.cachedValue.clear.count,1769611248613000000,1769611308609000000,0
workspaceModel.workspaceFileIndexData.getPackageName.ms,1769611248613000000,1769611308609000000,0
workspaceModel.initializing.ms,1769611248613000000,1769611308609000000,0
workspaceModel.cachedValueWithParameters.from.cache.count,1769611248613000000,1769611308609000000,0
workspaceModel.cachedValueWithParameters.total.get.count,1769611248613000000,1769611308609000000,0
workspaceModel.check.recursive.update.ms,1769611248613000000,1769611308609000000,0
workspaceModel.workspaceFileIndexData.onEntitiesChanged.ms,1769611248613000000,1769611308609000000,0
workspaceModel.cachedValue.calculated.count,1769611248613000000,1769611308609000000,0
workspaceModel.workspaceFileIndexData.getFileInfo.ms,1769611248613000000,1769611308609000000,22
workspaceModel.on.before.changed.ms,1769611248613000000,1769611308609000000,0
workspaceModel.workspaceFileIndexData.markDirty.ms,1769611248613000000,1769611308609000000,0
workspaceModel.update.unloaded.entities.ms,1769611248613000000,1769611308609000000,0
workspaceModel.updates.count,1769611248613000000,1769611308609000000,0
workspaceModel.loading.from.cache.ms,1769611248613000000,1769611308609000000,0
workspaceModel.loading.total.ms,1769611248613000000,1769611308609000000,0
AWTEventQueue.dispatchTimeMaxNs,1769611248613000000,1769611308609000000,0
NonBlockingReadAction.finalizedExecutionTimeUs,1769611248613000000,1769611308609000000,23060
FlushQueue.executionTime90PNs,1769611248613000000,1769611308609000000,0
FlushQueue.waitingTime90PNs,1769611248613000000,1769611308609000000,0
FlushQueue.waitingTimeAvgNs,1769611248613000000,1769611308609000000,0.0
NonBlockingReadAction.failedExecutionsCount,1769611248613000000,1769611308609000000,0
AWTEventQueue.eventsDispatched,1769611248613000000,1769611308609000000,0
FlushQueue.executionTimeMaxNs,1769611248613000000,1769611308609000000,0
FlushQueue.waitingTimeMaxNs,1769611248613000000,1769611308609000000,0
FlushQueue.queueSize90P,1769611248613000000,1769611308609000000,0
AWTEventQueue.dispatchTimeTotalNS,1769611248613000000,1769611308609000000,333504471
NonBlockingReadAction.finalizedExecutionsCount,1769611248613000000,1769611308609000000,24
FlushQueue.queueSizeMax,1769611248613000000,1769611308609000000,0
AWTEventQueue.dispatchTimeAvgNs,1769611248613000000,1769611308609000000,0.0
FlushQueue.queueSizeAvg,1769611248613000000,1769611308609000000,0.0
AWTEventQueue.dispatchTime90PNs,1769611248613000000,1769611308609000000,0
ReadAction.executionsCount,1769611248613000000,1769611308609000000,27802
FlushQueue.executionTimeAvgNs,1769611248613000000,1769611308609000000,0.0
FlushQueue.tasksExecuted,1769611248613000000,1769611308609000000,0
WriteAction.executionsCount,1769611248613000000,1769611308609000000,3
NonBlockingReadAction.failedExecutionTimeUs,1769611248613000000,1769611308609000000,0
FilePageCacheLockFree.totalNativeBytesAllocated,1769611248613000000,1769611308609000000,0
MappedFileStorage.storages,1769611248613000000,1769611308609000000,16
FilePageCacheLockFree.totalHeapBytesAllocated,1769611248613000000,1769611308609000000,0
StreamlinedBlobStorage.totalLiveRecordsCapacityBytes,1769611248613000000,1769611308609000000,0
MappedFileStorage.totalPagesMapped,1769611248613000000,1769611308609000000,21
FilePageCacheLockFree.housekeeperTurnsSkipped,1769611248613000000,1769611308609000000,0
FilePageCacheLockFree.totalPagesRequestsMs,1769611248613000000,1769611308609000000,0
FilePageCacheLockFree.housekeeperTimeSpentMs,1769611248613000000,1769611308609000000,0
FilePageCache.pageLoadsAboveSizeThreshold,1769611248613000000,1769611308609000000,0
FilePageCacheLockFree.totalPagesHandedOver,1769611248613000000,1769611308609000000,0
FilePageCacheLockFree.totalPagesReadMs,1769611248613000000,1769611308609000000,0
FilePageCacheLockFree.housekeeperTurnsDone,1769611248613000000,1769611308609000000,0
StorageLockContext.competingThreads.90P,1769611248613000000,1769611308609000000,0
FilePageCacheLockFree.totalPageAllocationsWaited,1769611248613000000,1769611308609000000,0
DirectByteBufferAllocator.totalSizeOfBuffersAllocatedInBytes,1769611248613000000,1769611308609000000,141582336
DirectByteBufferAllocator.disposed,1769611248613000000,1769611308609000000,0
MappedFileStorage.totalBytesMapped,1769611248613000000,1769611308609000000,261357568
FilePageCache.pageLoads,1769611248613000000,1769611308609000000,3
FilePageCache.pageFastCacheHits,1769611248613000000,1769611308609000000,375
StorageLockContext.competingThreads.avg,1769611248613000000,1769611308609000000,0.0
StreamlinedBlobStorage.totalLiveRecordsPayloadBytes,1769611248613000000,1769611308609000000,0
FileChannelInterruptsRetryer.totalRetriedAttempts,1769611248613000000,1769611308609000000,0
FilePageCacheLockFree.nativeBytesInUse,1769611248613000000,1769611308609000000,0
FilePageCache.uncachedFileAccess,1769611248613000000,1769611308609000000,4
FilePageCacheLockFree.totalPagesWriteMs,1769611248613000000,1769611308609000000,0
FilePageCacheLockFree.totalBytesWritten,1769611248613000000,1769611308609000000,0
MappedFileStorage.totalTimeSpentOnMappingUs,1769611248613000000,1769611308609000000,13217
FilePageCache.totalPageLoadsUs,1769611248613000000,1769611308609000000,1584
FilePageCache.pageHits,1769611248613000000,1769611308609000000,12
FilePageCache.totalPageDisposalsUs,1769611248613000000,1769611308609000000,7
FilePageCacheLockFree.totalBytesRead,1769611248613000000,1769611308609000000,0
DirectByteBufferAllocator.reclaimed,1769611248613000000,1769611308609000000,0
FilePageCache.disposedBuffers,1769611248613000000,1769611308609000000,0
FilePageCacheLockFree.totalBytesRequested,1769611248613000000,1769611308609000000,0
FilePageCacheLockFree.totalPagesRequested,1769611248613000000,1769611308609000000,0
DirectByteBufferAllocator.totalSizeOfBuffersCachedInBytes,1769611248613000000,1769611308609000000,0
FilePageCacheLockFree.totalPagesReclaimed,1769611248613000000,1769611308609000000,0
FilePageCacheLockFree.totalNativeBytesReclaimed,1769611248613000000,1769611308609000000,0
StreamlinedBlobStorage.recordsRelocated,1769611248613000000,1769611308609000000,0
FilePageCacheLockFree.heapBytesInUse,1769611248613000000,1769611308609000000,0
DirectByteBufferAllocator.hits,1769611248613000000,1769611308609000000,0
DirectByteBufferAllocator.misses,1769611248613000000,1769611308609000000,3
StreamlinedBlobStorage.recordsAllocated,1769611248613000000,1769611308609000000,0
FilePageCacheLockFree.totalClosedStoragesReclaimed,1769611248613000000,1769611308609000000,0
FilePageCacheLockFree.totalHeapBytesReclaimed,1769611248613000000,1769611308609000000,0
FilePageCacheLockFree.totalPagesAllocated,1769611248613000000,1769611308609000000,0
FilePageCache.capacityInBytes,1769611248613000000,1769611308609000000,503316478
StreamlinedBlobStorage.recordsDeleted,1769611248613000000,1769611308609000000,0
FilePageCache.maxCacheSizeInBytes,1769611248613000000,1769611308609000000,141582336
FilePageCacheLockFree.totalPagesWritten,1769611248613000000,1769611308609000000,0
FilePageCache.maxRegisteredFiles,1769611248613000000,1769611308609000000,252
StorageLockContext.competingThreads.max,1769611248613000000,1769611308609000000,0
Indexing.writer_3.totalTimeSpentWritingMs,1769611248613000000,1769611308609000000,0
Indexes.allKeys.lookupDuration90PMs,1769611248613000000,1769611308609000000,0.0
Indexes.entries.lookupDuration90PMs,1769611248613000000,1769611308609000000,0.0
Indexes.allKeys.lookups,1769611248613000000,1769611308609000000,0
Indexes.allKeys.lookupDurationMaxMs,1769611248613000000,1769611308609000000,0.0
Indexing.writer_2.totalTimeSpentWritingMs,1769611248613000000,1769611308609000000,0
Indexes.stubs.lookupDurationMaxMs,1769611248613000000,1769611308609000000,0.0
Indexes.allKeys.lookupDurationAvgMs,1769611248613000000,1769611308609000000,0.0
Indexing.cache.totalCacheEvicted,1769611248613000000,1769611308609000000,99
Indexes.stubs.lookupDuration90PMs,1769611248613000000,1769611308609000000,0.0
IndexesFlusher.totalFlushes,1769611248613000000,1769611308609000000,59
Indexing.cache.totalCacheAccesses,1769611248613000000,1769611308609000000,146
Indexes.stubs.lookups,1769611248613000000,1769611308609000000,0
IndexesFlusher.totalFlushingTimeUs,1769611248613000000,1769611308609000000,43814
Indexes.entries.lookupDurationAvgMs,1769611248613000000,1769611308609000000,0.0
Indexing.totalTimeIndexersSleptMs,1769611248613000000,1769611308609000000,0
Indexes.entries.lookups,1769611248613000000,1769611308609000000,25
Indexing.writesQueuedMin,1769611248613000000,1769611308609000000,9223372036854775807
Indexing.writesQueuedMax,1769611248613000000,1769611308609000000,0
Indexing.writer_0.totalTimeSpentWritingMs,1769611248613000000,1769611308609000000,0
Indexing.writer_1.totalTimeSpentWritingMs,1769611248613000000,1769611308609000000,0
Indexes.entries.lookupDurationMaxMs,1769611248613000000,1769611308609000000,0.0
Indexing.cache.totalCacheMisses,1769611248613000000,1769611308609000000,99
IndexesFlusher.totalContentionQuotaSpent,1769611248613000000,1769611308609000000,0
Indexes.stubs.lookupDurationAvgMs,1769611248613000000,1769611308609000000,0.0
IndexesFlusher.totalFlushesRetried,1769611248613000000,1769611308609000000,0
jps.artifact.entities.serializer.load.entities.ms,1769611248613000000,1769611308609000000,0
workspaceModel.mutableEntityStorage.changeLog.addReplaceEventForRemovedChild.ms,1769611248613000000,1769611308609000000,0
jps.facet.change.listener.before.change.events.ms,1769611248613000000,1769611308609000000,0
jps.load.initial.state.ms,1769611248613000000,1769611308609000000,0
workspaceModel.mutableEntityStorage.collect.changes.ms,1769611248613000000,1769611308609000000,0
workspaceModel.mutableEntityStorage.modify.entity.ms,1769611248613000000,1769611308609000000,0
jps.global.initialize.library.bridges.ms,1769611248613000000,1769611308609000000,0
workspaceModel.save.cache.to.file.ms,1769611248613000000,1769611308609000000,0
jps.project.serializers.save.ms,1769611248613000000,1769611308609000000,1
jps.global.handle.changed.events.ms,1769611248613000000,1769611308609000000,0
jps.module.dependency.index.workspace.model.listener.on.changed.ms,1769611248613000000,1769611308609000000,0
workspaceModel.moduleManagerBridge.newModule.ms,1769611248613000000,1769611308609000000,0
workspaceModel.mutableEntityStorage.replace.by.source.ms,1769611248613000000,1769611308609000000,0
workspaceModel.orphan.listener.update.ms,1769611248613000000,1769611308609000000,0
jps.facet.change.listener.process.change.events.ms,1769611248613000000,1769611308609000000,0
workspaceModel.moduleManagerBridge.set.unloadedModules.ms,1769611248613000000,1769611308609000000,0
workspaceModel.mutableEntityStorage.to.snapshot.ms,1769611248613000000,1769611308609000000,0
workspaceModel.global.apply.state.to.project.builder.ms,1769611248613000000,1769611308609000000,0
workspaceModel.mutableEntityStorage.has.same.entities.ms,1769611248613000000,1769611308609000000,0
workspaceModel.mutableEntityStorage.instances.count,1769611248613000000,1769611308609000000,0
workspaceModel.moduleBridge.facet.initialization.ms,1769611248613000000,1769611308609000000,0
workspaceModel.moduleManagerBridge.get.modules.ms,1769611248613000000,1769611308609000000,0
workspaceModel.moduleManagerBridge.new.nonPersistent.module.ms,1769611248613000000,1769611308609000000,0
jps.global.get.library.by.name.ms,1769611248613000000,1769611308609000000,0
workspaceModel.mutableEntityStorage.mutable.vfurl.index.ms,1769611248613000000,1769611308609000000,0
workspaceModel.mutableEntityStorage.mutable.ext.mapping.ms,1769611248613000000,1769611308609000000,0
jps.global.get.libraries.ms,1769611248613000000,1769611308609000000,0
jps.module.iml.entities.serializer.load.entities.ms,1769611248613000000,1769611308609000000,0
jps.project.serializers.load.ms,1769611248613000000,1769611308609000000,0
workspaceModel.load.cache.metadata.from.file.ms,1769611248613000000,1769611308609000000,0
workspaceModel.mutableEntityStorage.apply.changes.from.ms,1769611248613000000,1769611308609000000,0
workspaceModel.global.updates.count,1769611248613000000,1769611308609000000,0
jps.save.global.entities.ms,1769611248613000000,1769611308609000000,20
workspaceModel.global.apply.state.to.project.ms,1769611248613000000,1769611308609000000,0
workspaceModel.moduleManagerBridge.load.module.ms,1769611248613000000,1769611308609000000,0
workspaceModel.mutableEntityStorage.changeLog.addReplaceEventForNewParent.ms,1769611248613000000,1769611308609000000,0
jps.module.iml.entities.serializer.save.entities.ms,1769611248613000000,1769611308609000000,0
jps.apply.loaded.storage.ms,1769611248613000000,1769611308609000000,0
jps.global.initialize.library.bridges.after.loading.ms,1769611248613000000,1769611308609000000,0
jps.facet.change.listener.init.bridge.ms,1769611248613000000,1769611308609000000,0
jps.global.handle.before.change.events.ms,1769611248613000000,1769611308609000000,0
workspaceModel.moduleManagerBridge.build.module.graph.ms,1769611248613000000,1769611308609000000,0
workspaceModel.moduleBridgeLoader.loading.modules.ms,1769611248613000000,1769611308609000000,0
jps.library.entities.serializer.load.entities.ms,1769611248613000000,1769611308609000000,0
workspaceModel.load.cache.from.file.ms,1769611248613000000,1769611308609000000,0
jps.save.changed.project.entities.ms,1769611248613000000,1769611308609000000,1
workspaceModel.delayed.project.synchronizer.sync.ms,1769611248613000000,1769611308609000000,0
jps.reload.project.entities.ms,1769611248613000000,1769611308609000000,0
jps.load.project.to.empty.storage.ms,1769611248613000000,1769611308609000000,0
workspaceModel.do.save.caches.ms,1769611248613000000,1769611308609000000,0
workspaceModel.mutableEntityStorage.entities.ms,1769611248613000000,1769611308609000000,0
jps.global.get.library.ms,1769611248613000000,1769611308609000000,0
workspaceModel.moduleBridge.update.option.ms,1769611248613000000,1769611308609000000,0
workspaceModel.moduleManagerBridge.load.all.modules.ms,1769611248613000000,1769611308609000000,0
workspaceModel.mutableEntityStorage.referrers.ms,1769611248613000000,1769611308609000000,0
jps.artifact.entities.serializer.save.entities.ms,1769611248613000000,1769611308609000000,0
jps.app.storage.content.reader.load.component.ms,1769611248613000000,1769611308609000000,0
workspaceModel.mutableEntityStorage.remove.entity.ms,1769611248613000000,1769611308609000000,0
workspaceModel.mutableEntityStorage.changeLog.addReplaceEventForNewChild.ms,1769611248613000000,1769611308609000000,0
workspaceModel.mutableEntityStorage.entities.by.source.ms,1769611248613000000,1769611308609000000,0
workspaceModel.moduleBridge.before.changed.ms,1769611248613000000,1769611308609000000,0
jps.library.entities.serializer.save.entities.ms,1769611248613000000,1769611308609000000,0
workspaceModel.mutableEntityStorage.resolve.ms,1769611248613000000,1769611308609000000,0
workspaceModel.mutableEntityStorage.put.entity.ms,1769611248613000000,1769611308609000000,0
workspaceModel.global.updates.ms,1769611248613000000,1769611308609000000,0
workspaceModel.mutableEntityStorage.changeLog.addReplaceEventForRemovedParent.ms,1769611248613000000,1769611308609000000,0
workspaceModel.sync.entities.ms,1769611248613000000,1769611308609000000,0
jps.app.storage.content.writer.save.component.ms,1769611248613000000,1769611308609000000,5
workspaceModel.mutableEntityStorage.add.entity.ms,1769611248613000000,1769611308609000000,0
workspaceModel.moduleManagerBridge.create.module.instance.ms,1769611248613000000,1769611308609000000,0
jps.storage.jps.conf.reader.load.component.ms,1769611248613000000,1769611308609000000,0
VFS.fileChildByName,1769611248613000000,1769611308609000000,6038
VFS.contentStorage.recordsStored,1769611248613000000,1769611308609000000,1
VFS.contentStorage.recordsUncompressedSize,1769611248613000000,1769611308609000000,2394
VFS.fileByIdCache.misses,1769611248613000000,1769611308609000000,2179
FileNameCache.totalMisses,1769611248613000000,1769611308609000000,0
VFS.contentStorage.recordsDeduplicated,1769611248613000000,1769611308609000000,0
VFS.contentStorage.recordsReadSize,1769611248613000000,1769611308609000000,47512
VFS.fileByIdCache.hits,1769611248613000000,1769611308609000000,0
VFS.contentStorage.recordsStoredCompressed,1769611248613000000,1769611308609000000,0
VFS.contentStorage.recordsDecompressionTimeUs,1769611248613000000,1769611308609000000,0
VFS.invertedFileNameIndex.requests,1769611248613000000,1769611308609000000,0
FileNameCache.queries,1769611248613000000,1769611308609000000,57024
VFS.contentStorage.recordsReadDecompressed,1769611248613000000,1769611308609000000,0
VFS.contentStorage.recordsStoredSize,1769611248613000000,1769611308609000000,2394
VFS.contentStorage.recordsRead,1769611248613000000,1769611308609000000,19
JVM.totalTimeAtSafepointsMs,1769611248613000000,1769611308609000000,36
JVM.newThreadsCount,1769611248613000000,1769611308609000000,42
JVM.totalDirectByteBuffersBytes,1769611248613000000,1769611308609000000,142711247
JVM.maxHeapBytes,1769611248613000000,1769611308609000000,4196401152
OS.loadAverage,1769611248613000000,1769611308609000000,2.02880859375
JVM.usedNativeBytes,1769611248613000000,1769611308609000000,355682808
JVM.totalSafepointCount,1769611248613000000,1769611308609000000,51
JVM.totalCpuTimeMs,1769611248613000000,1769611308609000000,5230
JVM.GC.collections,1769611248613000000,1769611308609000000,2
JVM.totalTimeToSafepointsMs,1769611248613000000,1769611308609000000,4
JVM.GC.collectionTimesMs,1769611248613000000,1769611308609000000,35
JVM.threadCount,1769611248613000000,1769611308609000000,86
JVM.totalBytesAllocated,1769611248613000000,1769611308609000000,318804616
JVM.maxThreadCount,1769611248613000000,1769611308609000000,151
JVM.usedHeapBytes,1769611248613000000,1769611308609000000,490781496
DiskQueryRelay.tasksExecuted,1769611308609000000,1769611368609000000,0
writeAction.median.wait.ms,1769611308609000000,1769611368609000000,0
writeAction.wait.ms,1769611308609000000,1769611368609000000,0
writeAction.max.wait.ms,1769611308609000000,1769611368609000000,265
DiskQueryRelay.tasksRequested,1769611308609000000,1769611368609000000,0
DiskQueryRelay.taskWaitingTotalTimeUs,1769611308609000000,1769611368609000000,0
writeAction.count,1769611308609000000,1769611368609000000,0
DiskQueryRelay.taskExecutionTotalTimeUs,1769611308609000000,1769611368609000000,0
cacheStateStorage.set.counter,1769611308609000000,1769611368609000000,0
cacheStateStorage.get.counter,1769611308609000000,1769611368609000000,0
cacheStateStorage.set.duration,1769611308609000000,1769611368609000000,0
cacheStateStorage.get.duration,1769611308609000000,1769611368609000000,0
workspaceModel.cachedValue.from.cache.count,1769611308609000000,1769611368609000000,0
workspaceModel.cachedValueWithParameters.calculated.count,1769611308609000000,1769611368609000000,0
workspaceModel.entityStorageSnapshotImpl.instances.count,1769611308609000000,1769611368609000000,0
workspaceModel.full.replace.project.model.ms,1769611308609000000,1769611368609000000,0
workspaceModel.workspaceFileIndexData.instances.count,1769611308609000000,1769611368609000000,0
workspaceModel.pre.handlers.ms,1769611308609000000,1769611368609000000,0
workspaceModel.workspaceFileIndexContributor.registerFileSets.ms,1769611308609000000,1769611368609000000,0
workspaceModel.replace.project.model.ms,1769611308609000000,1769611368609000000,0
workspaceModel.to.snapshot.ms,1769611308609000000,1769611368609000000,0
workspaceModel.workspaceFileIndexData.updateDirtyEntities.ms,1769611308609000000,1769611368609000000,0
workspaceModel.cachedValueWithParameters.clear.count,1769611308609000000,1769611368609000000,0
workspaceModel.workspaceFileIndexData.processFileSets.ms,1769611308609000000,1769611368609000000,0
workspaceModel.on.changed.ms,1769611308609000000,1769611368609000000,0
workspaceModel.collect.changes.ms,1769611308609000000,1769611368609000000,0
workspaceModel.workspaceFileIndexData.visitFileSets.ms,1769611308609000000,1769611368609000000,0
workspaceModel.workspaceFileIndexData.init.ms,1769611308609000000,1769611368609000000,0
workspaceModel.init.bridges.ms,1769611308609000000,1769611368609000000,0
workspaceModel.workspaceFileIndexData.getDirectoriesByPackageName.ms,1769611308609000000,1769611368609000000,0
workspaceModel.updates.precise.ms,1769611308609000000,1769611368609000000,0
workspaceModel.cachedValue.total.get.count,1769611308609000000,1769611368609000000,0
workspaceModel.updates.ms,1769611308609000000,1769611368609000000,0
workspaceModel.cachedValue.clear.count,1769611308609000000,1769611368609000000,0
workspaceModel.workspaceFileIndexData.getPackageName.ms,1769611308609000000,1769611368609000000,0
workspaceModel.initializing.ms,1769611308609000000,1769611368609000000,0
workspaceModel.cachedValueWithParameters.from.cache.count,1769611308609000000,1769611368609000000,0
workspaceModel.cachedValueWithParameters.total.get.count,1769611308609000000,1769611368609000000,0
workspaceModel.check.recursive.update.ms,1769611308609000000,1769611368609000000,0
workspaceModel.workspaceFileIndexData.onEntitiesChanged.ms,1769611308609000000,1769611368609000000,0
workspaceModel.cachedValue.calculated.count,1769611308609000000,1769611368609000000,0
workspaceModel.workspaceFileIndexData.getFileInfo.ms,1769611308609000000,1769611368609000000,0
workspaceModel.on.before.changed.ms,1769611308609000000,1769611368609000000,0
workspaceModel.workspaceFileIndexData.markDirty.ms,1769611308609000000,1769611368609000000,0
workspaceModel.update.unloaded.entities.ms,1769611308609000000,1769611368609000000,0
workspaceModel.updates.count,1769611308609000000,1769611368609000000,0
workspaceModel.loading.from.cache.ms,1769611308609000000,1769611368609000000,0
workspaceModel.loading.total.ms,1769611308609000000,1769611368609000000,0
AWTEventQueue.dispatchTimeMaxNs,1769611308609000000,1769611368609000000,0
NonBlockingReadAction.finalizedExecutionTimeUs,1769611308609000000,1769611368609000000,0
FlushQueue.executionTime90PNs,1769611308609000000,1769611368609000000,0
FlushQueue.waitingTime90PNs,1769611308609000000,1769611368609000000,0
FlushQueue.waitingTimeAvgNs,1769611308609000000,1769611368609000000,0.0
NonBlockingReadAction.failedExecutionsCount,1769611308609000000,1769611368609000000,0
AWTEventQueue.eventsDispatched,1769611308609000000,1769611368609000000,0
FlushQueue.executionTimeMaxNs,1769611308609000000,1769611368609000000,0
FlushQueue.waitingTimeMaxNs,1769611308609000000,1769611368609000000,0
FlushQueue.queueSize90P,1769611308609000000,1769611368609000000,0
AWTEventQueue.dispatchTimeTotalNS,1769611308609000000,1769611368609000000,100811952
NonBlockingReadAction.finalizedExecutionsCount,1769611308609000000,1769611368609000000,0
FlushQueue.queueSizeMax,1769611308609000000,1769611368609000000,0
AWTEventQueue.dispatchTimeAvgNs,1769611308609000000,1769611368609000000,0.0
FlushQueue.queueSizeAvg,1769611308609000000,1769611368609000000,0.0
AWTEventQueue.dispatchTime90PNs,1769611308609000000,1769611368609000000,0
ReadAction.executionsCount,1769611308609000000,1769611368609000000,0
FlushQueue.executionTimeAvgNs,1769611308609000000,1769611368609000000,0.0
FlushQueue.tasksExecuted,1769611308609000000,1769611368609000000,0
WriteAction.executionsCount,1769611308609000000,1769611368609000000,0
NonBlockingReadAction.failedExecutionTimeUs,1769611308609000000,1769611368609000000,0
FilePageCacheLockFree.totalNativeBytesAllocated,1769611308609000000,1769611368609000000,0
MappedFileStorage.storages,1769611308609000000,1769611368609000000,16
FilePageCacheLockFree.totalHeapBytesAllocated,1769611308609000000,1769611368609000000,0
StreamlinedBlobStorage.totalLiveRecordsCapacityBytes,1769611308609000000,1769611368609000000,0
MappedFileStorage.totalPagesMapped,1769611308609000000,1769611368609000000,21
FilePageCacheLockFree.housekeeperTurnsSkipped,1769611308609000000,1769611368609000000,0
FilePageCacheLockFree.totalPagesRequestsMs,1769611308609000000,1769611368609000000,0
FilePageCacheLockFree.housekeeperTimeSpentMs,1769611308609000000,1769611368609000000,0
FilePageCache.pageLoadsAboveSizeThreshold,1769611308609000000,1769611368609000000,0
FilePageCacheLockFree.totalPagesHandedOver,1769611308609000000,1769611368609000000,0
FilePageCacheLockFree.totalPagesReadMs,1769611308609000000,1769611368609000000,0
FilePageCacheLockFree.housekeeperTurnsDone,1769611308609000000,1769611368609000000,0
StorageLockContext.competingThreads.90P,1769611308609000000,1769611368609000000,0
FilePageCacheLockFree.totalPageAllocationsWaited,1769611308609000000,1769611368609000000,0
DirectByteBufferAllocator.totalSizeOfBuffersAllocatedInBytes,1769611308609000000,1769611368609000000,141582336
DirectByteBufferAllocator.disposed,1769611308609000000,1769611368609000000,0
MappedFileStorage.totalBytesMapped,1769611308609000000,1769611368609000000,261357568
FilePageCache.pageLoads,1769611308609000000,1769611368609000000,0
FilePageCache.pageFastCacheHits,1769611308609000000,1769611368609000000,0
StorageLockContext.competingThreads.avg,1769611308609000000,1769611368609000000,0.0
StreamlinedBlobStorage.totalLiveRecordsPayloadBytes,1769611308609000000,1769611368609000000,0
FileChannelInterruptsRetryer.totalRetriedAttempts,1769611308609000000,1769611368609000000,0
FilePageCacheLockFree.nativeBytesInUse,1769611308609000000,1769611368609000000,0
FilePageCache.uncachedFileAccess,1769611308609000000,1769611368609000000,0
FilePageCacheLockFree.totalPagesWriteMs,1769611308609000000,1769611368609000000,0
FilePageCacheLockFree.totalBytesWritten,1769611308609000000,1769611368609000000,0
MappedFileStorage.totalTimeSpentOnMappingUs,1769611308609000000,1769611368609000000,13217
FilePageCache.totalPageLoadsUs,1769611308609000000,1769611368609000000,0
FilePageCache.pageHits,1769611308609000000,1769611368609000000,0
FilePageCache.totalPageDisposalsUs,1769611308609000000,1769611368609000000,0
FilePageCacheLockFree.totalBytesRead,1769611308609000000,1769611368609000000,0
DirectByteBufferAllocator.reclaimed,1769611308609000000,1769611368609000000,0
FilePageCache.disposedBuffers,1769611308609000000,1769611368609000000,0
FilePageCacheLockFree.totalBytesRequested,1769611308609000000,1769611368609000000,0
FilePageCacheLockFree.totalPagesRequested,1769611308609000000,1769611368609000000,0
DirectByteBufferAllocator.totalSizeOfBuffersCachedInBytes,1769611308609000000,1769611368609000000,0
FilePageCacheLockFree.totalPagesReclaimed,1769611308609000000,1769611368609000000,0
FilePageCacheLockFree.totalNativeBytesReclaimed,1769611308609000000,1769611368609000000,0
StreamlinedBlobStorage.recordsRelocated,1769611308609000000,1769611368609000000,0
FilePageCacheLockFree.heapBytesInUse,1769611308609000000,1769611368609000000,0
DirectByteBufferAllocator.hits,1769611308609000000,1769611368609000000,0
DirectByteBufferAllocator.misses,1769611308609000000,1769611368609000000,0
StreamlinedBlobStorage.recordsAllocated,1769611308609000000,1769611368609000000,0
FilePageCacheLockFree.totalClosedStoragesReclaimed,1769611308609000000,1769611368609000000,0
FilePageCacheLockFree.totalHeapBytesReclaimed,1769611308609000000,1769611368609000000,0
FilePageCacheLockFree.totalPagesAllocated,1769611308609000000,1769611368609000000,0
FilePageCache.capacityInBytes,1769611308609000000,1769611368609000000,503316478
StreamlinedBlobStorage.recordsDeleted,1769611308609000000,1769611368609000000,0
FilePageCache.maxCacheSizeInBytes,1769611308609000000,1769611368609000000,141582336
FilePageCacheLockFree.totalPagesWritten,1769611308609000000,1769611368609000000,0
FilePageCache.maxRegisteredFiles,1769611308609000000,1769611368609000000,252
StorageLockContext.competingThreads.max,1769611308609000000,1769611368609000000,0
Indexing.writer_3.totalTimeSpentWritingMs,1769611308609000000,1769611368609000000,0
Indexes.allKeys.lookupDuration90PMs,1769611308609000000,1769611368609000000,0.0
Indexes.entries.lookupDuration90PMs,1769611308609000000,1769611368609000000,0.0
Indexes.allKeys.lookups,1769611308609000000,1769611368609000000,0
Indexes.allKeys.lookupDurationMaxMs,1769611308609000000,1769611368609000000,0.0
Indexing.writer_2.totalTimeSpentWritingMs,1769611308609000000,1769611368609000000,0
Indexes.stubs.lookupDurationMaxMs,1769611308609000000,1769611368609000000,0.0
Indexes.allKeys.lookupDurationAvgMs,1769611308609000000,1769611368609000000,0.0
Indexing.cache.totalCacheEvicted,1769611308609000000,1769611368609000000,0
Indexes.stubs.lookupDuration90PMs,1769611308609000000,1769611368609000000,0.0
IndexesFlusher.totalFlushes,1769611308609000000,1769611368609000000,60
Indexing.cache.totalCacheAccesses,1769611308609000000,1769611368609000000,0
Indexes.stubs.lookups,1769611308609000000,1769611368609000000,0
IndexesFlusher.totalFlushingTimeUs,1769611308609000000,1769611368609000000,36388
Indexes.entries.lookupDurationAvgMs,1769611308609000000,1769611368609000000,0.0
Indexing.totalTimeIndexersSleptMs,1769611308609000000,1769611368609000000,0
Indexes.entries.lookups,1769611308609000000,1769611368609000000,0
Indexing.writesQueuedMin,1769611308609000000,1769611368609000000,9223372036854775807
Indexing.writesQueuedMax,1769611308609000000,1769611368609000000,0
Indexing.writer_0.totalTimeSpentWritingMs,1769611308609000000,1769611368609000000,0
Indexing.writer_1.totalTimeSpentWritingMs,1769611308609000000,1769611368609000000,0
Indexes.entries.lookupDurationMaxMs,1769611308609000000,1769611368609000000,0.0
Indexing.cache.totalCacheMisses,1769611308609000000,1769611368609000000,0
IndexesFlusher.totalContentionQuotaSpent,1769611308609000000,1769611368609000000,0
Indexes.stubs.lookupDurationAvgMs,1769611308609000000,1769611368609000000,0.0
IndexesFlusher.totalFlushesRetried,1769611308609000000,1769611368609000000,0
jps.artifact.entities.serializer.load.entities.ms,1769611308609000000,1769611368609000000,0
workspaceModel.mutableEntityStorage.changeLog.addReplaceEventForRemovedChild.ms,1769611308609000000,1769611368609000000,0
jps.facet.change.listener.before.change.events.ms,1769611308609000000,1769611368609000000,0
jps.load.initial.state.ms,1769611308609000000,1769611368609000000,0
workspaceModel.mutableEntityStorage.collect.changes.ms,1769611308609000000,1769611368609000000,0
workspaceModel.mutableEntityStorage.modify.entity.ms,1769611308609000000,1769611368609000000,0
jps.global.initialize.library.bridges.ms,1769611308609000000,1769611368609000000,0
workspaceModel.save.cache.to.file.ms,1769611308609000000,1769611368609000000,0
jps.project.serializers.save.ms,1769611308609000000,1769611368609000000,0
jps.global.handle.changed.events.ms,1769611308609000000,1769611368609000000,0
jps.module.dependency.index.workspace.model.listener.on.changed.ms,1769611308609000000,1769611368609000000,0
workspaceModel.moduleManagerBridge.newModule.ms,1769611308609000000,1769611368609000000,0
workspaceModel.mutableEntityStorage.replace.by.source.ms,1769611308609000000,1769611368609000000,0
workspaceModel.orphan.listener.update.ms,1769611308609000000,1769611368609000000,0
jps.facet.change.listener.process.change.events.ms,1769611308609000000,1769611368609000000,0
workspaceModel.moduleManagerBridge.set.unloadedModules.ms,1769611308609000000,1769611368609000000,0
workspaceModel.mutableEntityStorage.to.snapshot.ms,1769611308609000000,1769611368609000000,0
workspaceModel.global.apply.state.to.project.builder.ms,1769611308609000000,1769611368609000000,0
workspaceModel.mutableEntityStorage.has.same.entities.ms,1769611308609000000,1769611368609000000,0
workspaceModel.mutableEntityStorage.instances.count,1769611308609000000,1769611368609000000,0
workspaceModel.moduleBridge.facet.initialization.ms,1769611308609000000,1769611368609000000,0
workspaceModel.moduleManagerBridge.get.modules.ms,1769611308609000000,1769611368609000000,0
workspaceModel.moduleManagerBridge.new.nonPersistent.module.ms,1769611308609000000,1769611368609000000,0
jps.global.get.library.by.name.ms,1769611308609000000,1769611368609000000,0
workspaceModel.mutableEntityStorage.mutable.vfurl.index.ms,1769611308609000000,1769611368609000000,0
workspaceModel.mutableEntityStorage.mutable.ext.mapping.ms,1769611308609000000,1769611368609000000,0
jps.global.get.libraries.ms,1769611308609000000,1769611368609000000,0
jps.module.iml.entities.serializer.load.entities.ms,1769611308609000000,1769611368609000000,0
jps.project.serializers.load.ms,1769611308609000000,1769611368609000000,0
workspaceModel.load.cache.metadata.from.file.ms,1769611308609000000,1769611368609000000,0
workspaceModel.mutableEntityStorage.apply.changes.from.ms,1769611308609000000,1769611368609000000,0
workspaceModel.global.updates.count,1769611308609000000,1769611368609000000,0
jps.save.global.entities.ms,1769611308609000000,1769611368609000000,0
workspaceModel.global.apply.state.to.project.ms,1769611308609000000,1769611368609000000,0
workspaceModel.moduleManagerBridge.load.module.ms,1769611308609000000,1769611368609000000,0
workspaceModel.mutableEntityStorage.changeLog.addReplaceEventForNewParent.ms,1769611308609000000,1769611368609000000,0
jps.module.iml.entities.serializer.save.entities.ms,1769611308609000000,1769611368609000000,0
jps.apply.loaded.storage.ms,1769611308609000000,1769611368609000000,0
jps.global.initialize.library.bridges.after.loading.ms,1769611308609000000,1769611368609000000,0
jps.facet.change.listener.init.bridge.ms,1769611308609000000,1769611368609000000,0
jps.global.handle.before.change.events.ms,1769611308609000000,1769611368609000000,0
workspaceModel.moduleManagerBridge.build.module.graph.ms,1769611308609000000,1769611368609000000,0
workspaceModel.moduleBridgeLoader.loading.modules.ms,1769611308609000000,1769611368609000000,0
jps.library.entities.serializer.load.entities.ms,1769611308609000000,1769611368609000000,0
workspaceModel.load.cache.from.file.ms,1769611308609000000,1769611368609000000,0
jps.save.changed.project.entities.ms,1769611308609000000,1769611368609000000,0
workspaceModel.delayed.project.synchronizer.sync.ms,1769611308609000000,1769611368609000000,0
jps.reload.project.entities.ms,1769611308609000000,1769611368609000000,0
jps.load.project.to.empty.storage.ms,1769611308609000000,1769611368609000000,0
workspaceModel.do.save.caches.ms,1769611308609000000,1769611368609000000,0
workspaceModel.mutableEntityStorage.entities.ms,1769611308609000000,1769611368609000000,0
jps.global.get.library.ms,1769611308609000000,1769611368609000000,0
workspaceModel.moduleBridge.update.option.ms,1769611308609000000,1769611368609000000,0
workspaceModel.moduleManagerBridge.load.all.modules.ms,1769611308609000000,1769611368609000000,0
workspaceModel.mutableEntityStorage.referrers.ms,1769611308609000000,1769611368609000000,0
jps.artifact.entities.serializer.save.entities.ms,1769611308609000000,1769611368609000000,0
jps.app.storage.content.reader.load.component.ms,1769611308609000000,1769611368609000000,0
workspaceModel.mutableEntityStorage.remove.entity.ms,1769611308609000000,1769611368609000000,0
workspaceModel.mutableEntityStorage.changeLog.addReplaceEventForNewChild.ms,1769611308609000000,1769611368609000000,0
workspaceModel.mutableEntityStorage.entities.by.source.ms,1769611308609000000,1769611368609000000,0
workspaceModel.moduleBridge.before.changed.ms,1769611308609000000,1769611368609000000,0
jps.library.entities.serializer.save.entities.ms,1769611308609000000,1769611368609000000,0
workspaceModel.mutableEntityStorage.resolve.ms,1769611308609000000,1769611368609000000,0
workspaceModel.mutableEntityStorage.put.entity.ms,1769611308609000000,1769611368609000000,0
workspaceModel.global.updates.ms,1769611308609000000,1769611368609000000,0
workspaceModel.mutableEntityStorage.changeLog.addReplaceEventForRemovedParent.ms,1769611308609000000,1769611368609000000,0
workspaceModel.sync.entities.ms,1769611308609000000,1769611368609000000,0
jps.app.storage.content.writer.save.component.ms,1769611308609000000,1769611368609000000,0
workspaceModel.mutableEntityStorage.add.entity.ms,1769611308609000000,1769611368609000000,0
workspaceModel.moduleManagerBridge.create.module.instance.ms,1769611308609000000,1769611368609000000,0
jps.storage.jps.conf.reader.load.component.ms,1769611308609000000,1769611368609000000,0
VFS.fileChildByName,1769611308609000000,1769611368609000000,0
VFS.contentStorage.recordsStored,1769611308609000000,1769611368609000000,0
VFS.contentStorage.recordsUncompressedSize,1769611308609000000,1769611368609000000,0
VFS.fileByIdCache.misses,1769611308609000000,1769611368609000000,0
FileNameCache.totalMisses,1769611308609000000,1769611368609000000,0
VFS.contentStorage.recordsDeduplicated,1769611308609000000,1769611368609000000,0
VFS.contentStorage.recordsReadSize,1769611308609000000,1769611368609000000,0
VFS.fileByIdCache.hits,1769611308609000000,1769611368609000000,0
VFS.contentStorage.recordsStoredCompressed,1769611308609000000,1769611368609000000,0
VFS.contentStorage.recordsDecompressionTimeUs,1769611308609000000,1769611368609000000,0
VFS.invertedFileNameIndex.requests,1769611308609000000,1769611368609000000,0
FileNameCache.queries,1769611308609000000,1769611368609000000,0
VFS.contentStorage.recordsReadDecompressed,1769611308609000000,1769611368609000000,0
VFS.contentStorage.recordsStoredSize,1769611308609000000,1769611368609000000,0
VFS.contentStorage.recordsRead,1769611308609000000,1769611368609000000,0
JVM.totalTimeAtSafepointsMs,1769611308609000000,1769611368609000000,0
JVM.newThreadsCount,1769611308609000000,1769611368609000000,0
JVM.totalDirectByteBuffersBytes,1769611308609000000,1769611368609000000,142663881
JVM.maxHeapBytes,1769611308609000000,1769611368609000000,4196401152
OS.loadAverage,1769611308609000000,1769611368609000000,1.5703125
JVM.usedNativeBytes,1769611308609000000,1769611368609000000,356399752
JVM.totalSafepointCount,1769611308609000000,1769611368609000000,16
JVM.totalCpuTimeMs,1769611308609000000,1769611368609000000,960
JVM.GC.collections,1769611308609000000,1769611368609000000,0
JVM.totalTimeToSafepointsMs,1769611308609000000,1769611368609000000,1
JVM.GC.collectionTimesMs,1769611308609000000,1769611368609000000,0
JVM.threadCount,1769611308609000000,1769611368609000000,59
JVM.totalBytesAllocated,1769611308609000000,1769611368609000000,29485920
JVM.maxThreadCount,1769611308609000000,1769611368609000000,151
JVM.usedHeapBytes,1769611308609000000,1769611368609000000,520141624
DiskQueryRelay.tasksExecuted,1769611368609000000,1769611428609000000,0
writeAction.median.wait.ms,1769611368609000000,1769611428609000000,0
writeAction.wait.ms,1769611368609000000,1769611428609000000,0
writeAction.max.wait.ms,1769611368609000000,1769611428609000000,265
DiskQueryRelay.tasksRequested,1769611368609000000,1769611428609000000,0
DiskQueryRelay.taskWaitingTotalTimeUs,1769611368609000000,1769611428609000000,0
writeAction.count,1769611368609000000,1769611428609000000,0
DiskQueryRelay.taskExecutionTotalTimeUs,1769611368609000000,1769611428609000000,0
cacheStateStorage.set.counter,1769611368609000000,1769611428609000000,0
cacheStateStorage.get.counter,1769611368609000000,1769611428609000000,0
cacheStateStorage.set.duration,1769611368609000000,1769611428609000000,0
cacheStateStorage.get.duration,1769611368609000000,1769611428609000000,0
workspaceModel.cachedValue.from.cache.count,1769611368609000000,1769611428609000000,0
workspaceModel.cachedValueWithParameters.calculated.count,1769611368609000000,1769611428609000000,0
workspaceModel.entityStorageSnapshotImpl.instances.count,1769611368609000000,1769611428609000000,0
workspaceModel.full.replace.project.model.ms,1769611368609000000,1769611428609000000,0
workspaceModel.workspaceFileIndexData.instances.count,1769611368609000000,1769611428609000000,0
workspaceModel.pre.handlers.ms,1769611368609000000,1769611428609000000,0
workspaceModel.workspaceFileIndexContributor.registerFileSets.ms,1769611368609000000,1769611428609000000,0
workspaceModel.replace.project.model.ms,1769611368609000000,1769611428609000000,0
workspaceModel.to.snapshot.ms,1769611368609000000,1769611428609000000,0
workspaceModel.workspaceFileIndexData.updateDirtyEntities.ms,1769611368609000000,1769611428609000000,0
workspaceModel.cachedValueWithParameters.clear.count,1769611368609000000,1769611428609000000,0
workspaceModel.workspaceFileIndexData.processFileSets.ms,1769611368609000000,1769611428609000000,0
workspaceModel.on.changed.ms,1769611368609000000,1769611428609000000,0
workspaceModel.collect.changes.ms,1769611368609000000,1769611428609000000,0
workspaceModel.workspaceFileIndexData.visitFileSets.ms,1769611368609000000,1769611428609000000,0
workspaceModel.workspaceFileIndexData.init.ms,1769611368609000000,1769611428609000000,0
workspaceModel.init.bridges.ms,1769611368609000000,1769611428609000000,0
workspaceModel.workspaceFileIndexData.getDirectoriesByPackageName.ms,1769611368609000000,1769611428609000000,0
workspaceModel.updates.precise.ms,1769611368609000000,1769611428609000000,0
workspaceModel.cachedValue.total.get.count,1769611368609000000,1769611428609000000,0
workspaceModel.updates.ms,1769611368609000000,1769611428609000000,0
workspaceModel.cachedValue.clear.count,1769611368609000000,1769611428609000000,0
workspaceModel.workspaceFileIndexData.getPackageName.ms,1769611368609000000,1769611428609000000,0
workspaceModel.initializing.ms,1769611368609000000,1769611428609000000,0
workspaceModel.cachedValueWithParameters.from.cache.count,1769611368609000000,1769611428609000000,0
workspaceModel.cachedValueWithParameters.total.get.count,1769611368609000000,1769611428609000000,0
workspaceModel.check.recursive.update.ms,1769611368609000000,1769611428609000000,0
workspaceModel.workspaceFileIndexData.onEntitiesChanged.ms,1769611368609000000,1769611428609000000,0
workspaceModel.cachedValue.calculated.count,1769611368609000000,1769611428609000000,0
workspaceModel.workspaceFileIndexData.getFileInfo.ms,1769611368609000000,1769611428609000000,0
workspaceModel.on.before.changed.ms,1769611368609000000,1769611428609000000,0
workspaceModel.workspaceFileIndexData.markDirty.ms,1769611368609000000,1769611428609000000,0
workspaceModel.update.unloaded.entities.ms,1769611368609000000,1769611428609000000,0
workspaceModel.updates.count,1769611368609000000,1769611428609000000,0
workspaceModel.loading.from.cache.ms,1769611368609000000,1769611428609000000,0
workspaceModel.loading.total.ms,1769611368609000000,1769611428609000000,0
AWTEventQueue.dispatchTimeMaxNs,1769611368609000000,1769611428609000000,0
NonBlockingReadAction.finalizedExecutionTimeUs,1769611368609000000,1769611428609000000,0
FlushQueue.executionTime90PNs,1769611368609000000,1769611428609000000,0
FlushQueue.waitingTime90PNs,1769611368609000000,1769611428609000000,0
FlushQueue.waitingTimeAvgNs,1769611368609000000,1769611428609000000,0.0
NonBlockingReadAction.failedExecutionsCount,1769611368609000000,1769611428609000000,0
AWTEventQueue.eventsDispatched,1769611368609000000,1769611428609000000,0
FlushQueue.executionTimeMaxNs,1769611368609000000,1769611428609000000,0
FlushQueue.waitingTimeMaxNs,1769611368609000000,1769611428609000000,0
FlushQueue.queueSize90P,1769611368609000000,1769611428609000000,0
AWTEventQueue.dispatchTimeTotalNS,1769611368609000000,1769611428609000000,96856179
NonBlockingReadAction.finalizedExecutionsCount,1769611368609000000,1769611428609000000,0
FlushQueue.queueSizeMax,1769611368609000000,1769611428609000000,0
AWTEventQueue.dispatchTimeAvgNs,1769611368609000000,1769611428609000000,0.0
FlushQueue.queueSizeAvg,1769611368609000000,1769611428609000000,0.0
AWTEventQueue.dispatchTime90PNs,1769611368609000000,1769611428609000000,0
ReadAction.executionsCount,1769611368609000000,1769611428609000000,0
FlushQueue.executionTimeAvgNs,1769611368609000000,1769611428609000000,0.0
FlushQueue.tasksExecuted,1769611368609000000,1769611428609000000,0
WriteAction.executionsCount,1769611368609000000,1769611428609000000,0
NonBlockingReadAction.failedExecutionTimeUs,1769611368609000000,1769611428609000000,0
FilePageCacheLockFree.totalNativeBytesAllocated,1769611368609000000,1769611428609000000,0
MappedFileStorage.storages,1769611368609000000,1769611428609000000,16
FilePageCacheLockFree.totalHeapBytesAllocated,1769611368609000000,1769611428609000000,0
StreamlinedBlobStorage.totalLiveRecordsCapacityBytes,1769611368609000000,1769611428609000000,0
MappedFileStorage.totalPagesMapped,1769611368609000000,1769611428609000000,21
FilePageCacheLockFree.housekeeperTurnsSkipped,1769611368609000000,1769611428609000000,0
FilePageCacheLockFree.totalPagesRequestsMs,1769611368609000000,1769611428609000000,0
FilePageCacheLockFree.housekeeperTimeSpentMs,1769611368609000000,1769611428609000000,0
FilePageCache.pageLoadsAboveSizeThreshold,1769611368609000000,1769611428609000000,0
FilePageCacheLockFree.totalPagesHandedOver,1769611368609000000,1769611428609000000,0
FilePageCacheLockFree.totalPagesReadMs,1769611368609000000,1769611428609000000,0
FilePageCacheLockFree.housekeeperTurnsDone,1769611368609000000,1769611428609000000,0
StorageLockContext.competingThreads.90P,1769611368609000000,1769611428609000000,0
FilePageCacheLockFree.totalPageAllocationsWaited,1769611368609000000,1769611428609000000,0
DirectByteBufferAllocator.totalSizeOfBuffersAllocatedInBytes,1769611368609000000,1769611428609000000,141582336
DirectByteBufferAllocator.disposed,1769611368609000000,1769611428609000000,0
MappedFileStorage.totalBytesMapped,1769611368609000000,1769611428609000000,261357568
FilePageCache.pageLoads,1769611368609000000,1769611428609000000,0
FilePageCache.pageFastCacheHits,1769611368609000000,1769611428609000000,0
StorageLockContext.competingThreads.avg,1769611368609000000,1769611428609000000,0.0
StreamlinedBlobStorage.totalLiveRecordsPayloadBytes,1769611368609000000,1769611428609000000,0
FileChannelInterruptsRetryer.totalRetriedAttempts,1769611368609000000,1769611428609000000,0
FilePageCacheLockFree.nativeBytesInUse,1769611368609000000,1769611428609000000,0
FilePageCache.uncachedFileAccess,1769611368609000000,1769611428609000000,0
FilePageCacheLockFree.totalPagesWriteMs,1769611368609000000,1769611428609000000,0
FilePageCacheLockFree.totalBytesWritten,1769611368609000000,1769611428609000000,0
MappedFileStorage.totalTimeSpentOnMappingUs,1769611368609000000,1769611428609000000,13217
FilePageCache.totalPageLoadsUs,1769611368609000000,1769611428609000000,0
FilePageCache.pageHits,1769611368609000000,1769611428609000000,0
FilePageCache.totalPageDisposalsUs,1769611368609000000,1769611428609000000,0
FilePageCacheLockFree.totalBytesRead,1769611368609000000,1769611428609000000,0
DirectByteBufferAllocator.reclaimed,1769611368609000000,1769611428609000000,0
FilePageCache.disposedBuffers,1769611368609000000,1769611428609000000,0
FilePageCacheLockFree.totalBytesRequested,1769611368609000000,1769611428609000000,0
FilePageCacheLockFree.totalPagesRequested,1769611368609000000,1769611428609000000,0
DirectByteBufferAllocator.totalSizeOfBuffersCachedInBytes,1769611368609000000,1769611428609000000,0
FilePageCacheLockFree.totalPagesReclaimed,1769611368609000000,1769611428609000000,0
FilePageCacheLockFree.totalNativeBytesReclaimed,1769611368609000000,1769611428609000000,0
StreamlinedBlobStorage.recordsRelocated,1769611368609000000,1769611428609000000,0
FilePageCacheLockFree.heapBytesInUse,1769611368609000000,1769611428609000000,0
DirectByteBufferAllocator.hits,1769611368609000000,1769611428609000000,0
DirectByteBufferAllocator.misses,1769611368609000000,1769611428609000000,0
StreamlinedBlobStorage.recordsAllocated,1769611368609000000,1769611428609000000,0
FilePageCacheLockFree.totalClosedStoragesReclaimed,1769611368609000000,1769611428609000000,0
FilePageCacheLockFree.totalHeapBytesReclaimed,1769611368609000000,1769611428609000000,0
FilePageCacheLockFree.totalPagesAllocated,1769611368609000000,1769611428609000000,0
FilePageCache.capacityInBytes,1769611368609000000,1769611428609000000,503316478
StreamlinedBlobStorage.recordsDeleted,1769611368609000000,1769611428609000000,0
FilePageCache.maxCacheSizeInBytes,1769611368609000000,1769611428609000000,141582336
FilePageCacheLockFree.totalPagesWritten,1769611368609000000,1769611428609000000,0
FilePageCache.maxRegisteredFiles,1769611368609000000,1769611428609000000,252
StorageLockContext.competingThreads.max,1769611368609000000,1769611428609000000,0
Indexing.writer_3.totalTimeSpentWritingMs,1769611368609000000,1769611428609000000,0
Indexes.allKeys.lookupDuration90PMs,1769611368609000000,1769611428609000000,0.0
Indexes.entries.lookupDuration90PMs,1769611368609000000,1769611428609000000,0.0
Indexes.allKeys.lookups,1769611368609000000,1769611428609000000,0
Indexes.allKeys.lookupDurationMaxMs,1769611368609000000,1769611428609000000,0.0
Indexing.writer_2.totalTimeSpentWritingMs,1769611368609000000,1769611428609000000,0
Indexes.stubs.lookupDurationMaxMs,1769611368609000000,1769611428609000000,0.0
Indexes.allKeys.lookupDurationAvgMs,1769611368609000000,1769611428609000000,0.0
Indexing.cache.totalCacheEvicted,1769611368609000000,1769611428609000000,0
Indexes.stubs.lookupDuration90PMs,1769611368609000000,1769611428609000000,0.0
IndexesFlusher.totalFlushes,1769611368609000000,1769611428609000000,60
Indexing.cache.totalCacheAccesses,1769611368609000000,1769611428609000000,0
Indexes.stubs.lookups,1769611368609000000,1769611428609000000,0
IndexesFlusher.totalFlushingTimeUs,1769611368609000000,1769611428609000000,32735
Indexes.entries.lookupDurationAvgMs,1769611368609000000,1769611428609000000,0.0
Indexing.totalTimeIndexersSleptMs,1769611368609000000,1769611428609000000,0
Indexes.entries.lookups,1769611368609000000,1769611428609000000,0
Indexing.writesQueuedMin,1769611368609000000,1769611428609000000,9223372036854775807
Indexing.writesQueuedMax,1769611368609000000,1769611428609000000,0
Indexing.writer_0.totalTimeSpentWritingMs,1769611368609000000,1769611428609000000,0
Indexing.writer_1.totalTimeSpentWritingMs,1769611368609000000,1769611428609000000,0
Indexes.entries.lookupDurationMaxMs,1769611368609000000,1769611428609000000,0.0
Indexing.cache.totalCacheMisses,1769611368609000000,1769611428609000000,0
IndexesFlusher.totalContentionQuotaSpent,1769611368609000000,1769611428609000000,0
Indexes.stubs.lookupDurationAvgMs,1769611368609000000,1769611428609000000,0.0
IndexesFlusher.totalFlushesRetried,1769611368609000000,1769611428609000000,0
jps.artifact.entities.serializer.load.entities.ms,1769611368609000000,1769611428609000000,0
workspaceModel.mutableEntityStorage.changeLog.addReplaceEventForRemovedChild.ms,1769611368609000000,1769611428609000000,0
jps.facet.change.listener.before.change.events.ms,1769611368609000000,1769611428609000000,0
jps.load.initial.state.ms,1769611368609000000,1769611428609000000,0
workspaceModel.mutableEntityStorage.collect.changes.ms,1769611368609000000,1769611428609000000,0
workspaceModel.mutableEntityStorage.modify.entity.ms,1769611368609000000,1769611428609000000,0
jps.global.initialize.library.bridges.ms,1769611368609000000,1769611428609000000,0
workspaceModel.save.cache.to.file.ms,1769611368609000000,1769611428609000000,0
jps.project.serializers.save.ms,1769611368609000000,1769611428609000000,0
jps.global.handle.changed.events.ms,1769611368609000000,1769611428609000000,0
jps.module.dependency.index.workspace.model.listener.on.changed.ms,1769611368609000000,1769611428609000000,0
workspaceModel.moduleManagerBridge.newModule.ms,1769611368609000000,1769611428609000000,0
workspaceModel.mutableEntityStorage.replace.by.source.ms,1769611368609000000,1769611428609000000,0
workspaceModel.orphan.listener.update.ms,1769611368609000000,1769611428609000000,0
jps.facet.change.listener.process.change.events.ms,1769611368609000000,1769611428609000000,0
workspaceModel.moduleManagerBridge.set.unloadedModules.ms,1769611368609000000,1769611428609000000,0
workspaceModel.mutableEntityStorage.to.snapshot.ms,1769611368609000000,1769611428609000000,0
workspaceModel.global.apply.state.to.project.builder.ms,1769611368609000000,1769611428609000000,0
workspaceModel.mutableEntityStorage.has.same.entities.ms,1769611368609000000,1769611428609000000,0
workspaceModel.mutableEntityStorage.instances.count,1769611368609000000,1769611428609000000,0
workspaceModel.moduleBridge.facet.initialization.ms,1769611368609000000,1769611428609000000,0
workspaceModel.moduleManagerBridge.get.modules.ms,1769611368609000000,1769611428609000000,0
workspaceModel.moduleManagerBridge.new.nonPersistent.module.ms,1769611368609000000,1769611428609000000,0
jps.global.get.library.by.name.ms,1769611368609000000,1769611428609000000,0
workspaceModel.mutableEntityStorage.mutable.vfurl.index.ms,1769611368609000000,1769611428609000000,0
workspaceModel.mutableEntityStorage.mutable.ext.mapping.ms,1769611368609000000,1769611428609000000,0
jps.global.get.libraries.ms,1769611368609000000,1769611428609000000,0
jps.module.iml.entities.serializer.load.entities.ms,1769611368609000000,1769611428609000000,0
jps.project.serializers.load.ms,1769611368609000000,1769611428609000000,0
workspaceModel.load.cache.metadata.from.file.ms,1769611368609000000,1769611428609000000,0
workspaceModel.mutableEntityStorage.apply.changes.from.ms,1769611368609000000,1769611428609000000,0
workspaceModel.global.updates.count,1769611368609000000,1769611428609000000,0
jps.save.global.entities.ms,1769611368609000000,1769611428609000000,0
workspaceModel.global.apply.state.to.project.ms,1769611368609000000,1769611428609000000,0
workspaceModel.moduleManagerBridge.load.module.ms,1769611368609000000,1769611428609000000,0
workspaceModel.mutableEntityStorage.changeLog.addReplaceEventForNewParent.ms,1769611368609000000,1769611428609000000,0
jps.module.iml.entities.serializer.save.entities.ms,1769611368609000000,1769611428609000000,0
jps.apply.loaded.storage.ms,1769611368609000000,1769611428609000000,0
jps.global.initialize.library.bridges.after.loading.ms,1769611368609000000,1769611428609000000,0
jps.facet.change.listener.init.bridge.ms,1769611368609000000,1769611428609000000,0
jps.global.handle.before.change.events.ms,1769611368609000000,1769611428609000000,0
workspaceModel.moduleManagerBridge.build.module.graph.ms,1769611368609000000,1769611428609000000,0
workspaceModel.moduleBridgeLoader.loading.modules.ms,1769611368609000000,1769611428609000000,0
jps.library.entities.serializer.load.entities.ms,1769611368609000000,1769611428609000000,0
workspaceModel.load.cache.from.file.ms,1769611368609000000,1769611428609000000,0
jps.save.changed.project.entities.ms,1769611368609000000,1769611428609000000,0
workspaceModel.delayed.project.synchronizer.sync.ms,1769611368609000000,1769611428609000000,0
jps.reload.project.entities.ms,1769611368609000000,1769611428609000000,0
jps.load.project.to.empty.storage.ms,1769611368609000000,1769611428609000000,0
workspaceModel.do.save.caches.ms,1769611368609000000,1769611428609000000,0
workspaceModel.mutableEntityStorage.entities.ms,1769611368609000000,1769611428609000000,0
jps.global.get.library.ms,1769611368609000000,1769611428609000000,0
workspaceModel.moduleBridge.update.option.ms,1769611368609000000,1769611428609000000,0
workspaceModel.moduleManagerBridge.load.all.modules.ms,1769611368609000000,1769611428609000000,0
workspaceModel.mutableEntityStorage.referrers.ms,1769611368609000000,1769611428609000000,0
jps.artifact.entities.serializer.save.entities.ms,1769611368609000000,1769611428609000000,0
jps.app.storage.content.reader.load.component.ms,1769611368609000000,1769611428609000000,0
workspaceModel.mutableEntityStorage.remove.entity.ms,1769611368609000000,1769611428609000000,0
workspaceModel.mutableEntityStorage.changeLog.addReplaceEventForNewChild.ms,1769611368609000000,1769611428609000000,0
workspaceModel.mutableEntityStorage.entities.by.source.ms,1769611368609000000,1769611428609000000,0
workspaceModel.moduleBridge.before.changed.ms,1769611368609000000,1769611428609000000,0
jps.library.entities.serializer.save.entities.ms,1769611368609000000,1769611428609000000,0
workspaceModel.mutableEntityStorage.resolve.ms,1769611368609000000,1769611428609000000,0
workspaceModel.mutableEntityStorage.put.entity.ms,1769611368609000000,1769611428609000000,0
workspaceModel.global.updates.ms,1769611368609000000,1769611428609000000,0
workspaceModel.mutableEntityStorage.changeLog.addReplaceEventForRemovedParent.ms,1769611368609000000,1769611428609000000,0
workspaceModel.sync.entities.ms,1769611368609000000,1769611428609000000,0
jps.app.storage.content.writer.save.component.ms,1769611368609000000,1769611428609000000,0
workspaceModel.mutableEntityStorage.add.entity.ms,1769611368609000000,1769611428609000000,0
workspaceModel.moduleManagerBridge.create.module.instance.ms,1769611368609000000,1769611428609000000,0
jps.storage.jps.conf.reader.load.component.ms,1769611368609000000,1769611428609000000,0
VFS.fileChildByName,1769611368609000000,1769611428609000000,0
VFS.contentStorage.recordsStored,1769611368609000000,1769611428609000000,0
VFS.contentStorage.recordsUncompressedSize,1769611368609000000,1769611428609000000,0
VFS.fileByIdCache.misses,1769611368609000000,1769611428609000000,0
FileNameCache.totalMisses,1769611368609000000,1769611428609000000,0
VFS.contentStorage.recordsDeduplicated,1769611368609000000,1769611428609000000,0
VFS.contentStorage.recordsReadSize,1769611368609000000,1769611428609000000,0
VFS.fileByIdCache.hits,1769611368609000000,1769611428609000000,0
VFS.contentStorage.recordsStoredCompressed,1769611368609000000,1769611428609000000,0
VFS.contentStorage.recordsDecompressionTimeUs,1769611368609000000,1769611428609000000,0
VFS.invertedFileNameIndex.requests,1769611368609000000,1769611428609000000,0
FileNameCache.queries,1769611368609000000,1769611428609000000,0
VFS.contentStorage.recordsReadDecompressed,1769611368609000000,1769611428609000000,0
VFS.contentStorage.recordsStoredSize,1769611368609000000,1769611428609000000,0
VFS.contentStorage.recordsRead,1769611368609000000,1769611428609000000,0
JVM.totalTimeAtSafepointsMs,1769611368609000000,1769611428609000000,0
JVM.newThreadsCount,1769611368609000000,1769611428609000000,0
JVM.totalDirectByteBuffersBytes,1769611368609000000,1769611428609000000,142663881
JVM.maxHeapBytes,1769611368609000000,1769611428609000000,4196401152
OS.loadAverage,1769611368609000000,1769611428609000000,1.38037109375
JVM.usedNativeBytes,1769611368609000000,1769611428609000000,356988864
JVM.totalSafepointCount,1769611368609000000,1769611428609000000,11
JVM.totalCpuTimeMs,1769611368609000000,1769611428609000000,860
JVM.GC.collections,1769611368609000000,1769611428609000000,0
JVM.totalTimeToSafepointsMs,1769611368609000000,1769611428609000000,0
JVM.GC.collectionTimesMs,1769611368609000000,1769611428609000000,0
JVM.threadCount,1769611368609000000,1769611428609000000,50
JVM.totalBytesAllocated,1769611368609000000,1769611428609000000,29171112
JVM.maxThreadCount,1769611368609000000,1769611428609000000,151
JVM.usedHeapBytes,1769611368609000000,1769611428609000000,551598904
parser.PythonStub.time.ns,1769611428609000000,1769611488609000000,29873198
DiskQueryRelay.tasksExecuted,1769611428609000000,1769611488609000000,909
lexer.Python.size.bytes,1769611428609000000,1769611488609000000,6230
writeAction.median.wait.ms,1769611428609000000,1769611488609000000,0
writeAction.wait.ms,1769611428609000000,1769611488609000000,0
writeAction.max.wait.ms,1769611428609000000,1769611488609000000,265
DiskQueryRelay.tasksRequested,1769611428609000000,1769611488609000000,909
lexer.Python.time.ns,1769611428609000000,1769611488609000000,325256
DiskQueryRelay.taskWaitingTotalTimeUs,1769611428609000000,1769611488609000000,64765
writeAction.count,1769611428609000000,1769611488609000000,0
lexer.PythonStub.time.ns,1769611428609000000,1769611488609000000,6586520
lexer.PythonStub.size.bytes,1769611428609000000,1769611488609000000,126557
parser.Python.size.bytes,1769611428609000000,1769611488609000000,6230
DiskQueryRelay.taskExecutionTotalTimeUs,1769611428609000000,1769611488609000000,63103
parser.PythonStub.size.bytes,1769611428609000000,1769611488609000000,126557
parser.Python.time.ns,1769611428609000000,1769611488609000000,1256198
cacheStateStorage.set.counter,1769611428609000000,1769611488609000000,0
cacheStateStorage.get.counter,1769611428609000000,1769611488609000000,0
cacheStateStorage.set.duration,1769611428609000000,1769611488609000000,0
cacheStateStorage.get.duration,1769611428609000000,1769611488609000000,0
workspaceModel.cachedValue.from.cache.count,1769611428609000000,1769611488609000000,71
workspaceModel.cachedValueWithParameters.calculated.count,1769611428609000000,1769611488609000000,0
workspaceModel.entityStorageSnapshotImpl.instances.count,1769611428609000000,1769611488609000000,0
workspaceModel.full.replace.project.model.ms,1769611428609000000,1769611488609000000,0
workspaceModel.workspaceFileIndexData.instances.count,1769611428609000000,1769611488609000000,0
workspaceModel.pre.handlers.ms,1769611428609000000,1769611488609000000,0
workspaceModel.workspaceFileIndexContributor.registerFileSets.ms,1769611428609000000,1769611488609000000,0
workspaceModel.replace.project.model.ms,1769611428609000000,1769611488609000000,0
workspaceModel.to.snapshot.ms,1769611428609000000,1769611488609000000,0
workspaceModel.workspaceFileIndexData.updateDirtyEntities.ms,1769611428609000000,1769611488609000000,0
workspaceModel.cachedValueWithParameters.clear.count,1769611428609000000,1769611488609000000,0
workspaceModel.workspaceFileIndexData.processFileSets.ms,1769611428609000000,1769611488609000000,0
workspaceModel.on.changed.ms,1769611428609000000,1769611488609000000,0
workspaceModel.collect.changes.ms,1769611428609000000,1769611488609000000,0
workspaceModel.workspaceFileIndexData.visitFileSets.ms,1769611428609000000,1769611488609000000,0
workspaceModel.workspaceFileIndexData.init.ms,1769611428609000000,1769611488609000000,0
workspaceModel.init.bridges.ms,1769611428609000000,1769611488609000000,0
workspaceModel.workspaceFileIndexData.getDirectoriesByPackageName.ms,1769611428609000000,1769611488609000000,0
workspaceModel.updates.precise.ms,1769611428609000000,1769611488609000000,0
workspaceModel.cachedValue.total.get.count,1769611428609000000,1769611488609000000,73
workspaceModel.updates.ms,1769611428609000000,1769611488609000000,0
workspaceModel.cachedValue.clear.count,1769611428609000000,1769611488609000000,0
workspaceModel.workspaceFileIndexData.getPackageName.ms,1769611428609000000,1769611488609000000,0
workspaceModel.initializing.ms,1769611428609000000,1769611488609000000,0
workspaceModel.cachedValueWithParameters.from.cache.count,1769611428609000000,1769611488609000000,0
workspaceModel.cachedValueWithParameters.total.get.count,1769611428609000000,1769611488609000000,0
workspaceModel.check.recursive.update.ms,1769611428609000000,1769611488609000000,0
workspaceModel.workspaceFileIndexData.onEntitiesChanged.ms,1769611428609000000,1769611488609000000,0
workspaceModel.cachedValue.calculated.count,1769611428609000000,1769611488609000000,2
workspaceModel.workspaceFileIndexData.getFileInfo.ms,1769611428609000000,1769611488609000000,15
workspaceModel.on.before.changed.ms,1769611428609000000,1769611488609000000,0
workspaceModel.workspaceFileIndexData.markDirty.ms,1769611428609000000,1769611488609000000,0
workspaceModel.update.unloaded.entities.ms,1769611428609000000,1769611488609000000,0
workspaceModel.updates.count,1769611428609000000,1769611488609000000,0
workspaceModel.loading.from.cache.ms,1769611428609000000,1769611488609000000,0
workspaceModel.loading.total.ms,1769611428609000000,1769611488609000000,0
AWTEventQueue.dispatchTimeMaxNs,1769611428609000000,1769611488609000000,196607
NonBlockingReadAction.finalizedExecutionTimeUs,1769611428609000000,1769611488609000000,66229
FlushQueue.executionTime90PNs,1769611428609000000,1769611488609000000,0
FlushQueue.waitingTime90PNs,1769611428609000000,1769611488609000000,0
FlushQueue.waitingTimeAvgNs,1769611428609000000,1769611488609000000,0.0
NonBlockingReadAction.failedExecutionsCount,1769611428609000000,1769611488609000000,1
AWTEventQueue.eventsDispatched,1769611428609000000,1769611488609000000,2
FlushQueue.executionTimeMaxNs,1769611428609000000,1769611488609000000,0
FlushQueue.waitingTimeMaxNs,1769611428609000000,1769611488609000000,0
FlushQueue.queueSize90P,1769611428609000000,1769611488609000000,0
AWTEventQueue.dispatchTimeTotalNS,1769611428609000000,1769611488609000000,1256798196
NonBlockingReadAction.finalizedExecutionsCount,1769611428609000000,1769611488609000000,633
FlushQueue.queueSizeMax,1769611428609000000,1769611488609000000,0
AWTEventQueue.dispatchTimeAvgNs,1769611428609000000,1769611488609000000,178688.0
FlushQueue.queueSizeAvg,1769611428609000000,1769611488609000000,0.0
AWTEventQueue.dispatchTime90PNs,1769611428609000000,1769611488609000000,196607
ReadAction.executionsCount,1769611428609000000,1769611488609000000,124654
FlushQueue.executionTimeAvgNs,1769611428609000000,1769611488609000000,0.0
FlushQueue.tasksExecuted,1769611428609000000,1769611488609000000,0
WriteAction.executionsCount,1769611428609000000,1769611488609000000,0
NonBlockingReadAction.failedExecutionTimeUs,1769611428609000000,1769611488609000000,275
FilePageCacheLockFree.totalNativeBytesAllocated,1769611428609000000,1769611488609000000,0
MappedFileStorage.storages,1769611428609000000,1769611488609000000,16
FilePageCacheLockFree.totalHeapBytesAllocated,1769611428609000000,1769611488609000000,0
StreamlinedBlobStorage.totalLiveRecordsCapacityBytes,1769611428609000000,1769611488609000000,0
MappedFileStorage.totalPagesMapped,1769611428609000000,1769611488609000000,21
FilePageCacheLockFree.housekeeperTurnsSkipped,1769611428609000000,1769611488609000000,0
FilePageCacheLockFree.totalPagesRequestsMs,1769611428609000000,1769611488609000000,0
FilePageCacheLockFree.housekeeperTimeSpentMs,1769611428609000000,1769611488609000000,0
FilePageCache.pageLoadsAboveSizeThreshold,1769611428609000000,1769611488609000000,0
FilePageCacheLockFree.totalPagesHandedOver,1769611428609000000,1769611488609000000,0
FilePageCacheLockFree.totalPagesReadMs,1769611428609000000,1769611488609000000,0
FilePageCacheLockFree.housekeeperTurnsDone,1769611428609000000,1769611488609000000,0
StorageLockContext.competingThreads.90P,1769611428609000000,1769611488609000000,0
FilePageCacheLockFree.totalPageAllocationsWaited,1769611428609000000,1769611488609000000,0
DirectByteBufferAllocator.totalSizeOfBuffersAllocatedInBytes,1769611428609000000,1769611488609000000,141582336
DirectByteBufferAllocator.disposed,1769611428609000000,1769611488609000000,0
MappedFileStorage.totalBytesMapped,1769611428609000000,1769611488609000000,261357568
FilePageCache.pageLoads,1769611428609000000,1769611488609000000,0
FilePageCache.pageFastCacheHits,1769611428609000000,1769611488609000000,1
StorageLockContext.competingThreads.avg,1769611428609000000,1769611488609000000,0.0
StreamlinedBlobStorage.totalLiveRecordsPayloadBytes,1769611428609000000,1769611488609000000,0
FileChannelInterruptsRetryer.totalRetriedAttempts,1769611428609000000,1769611488609000000,0
FilePageCacheLockFree.nativeBytesInUse,1769611428609000000,1769611488609000000,0
FilePageCache.uncachedFileAccess,1769611428609000000,1769611488609000000,0
FilePageCacheLockFree.totalPagesWriteMs,1769611428609000000,1769611488609000000,0
FilePageCacheLockFree.totalBytesWritten,1769611428609000000,1769611488609000000,0
MappedFileStorage.totalTimeSpentOnMappingUs,1769611428609000000,1769611488609000000,13217
FilePageCache.totalPageLoadsUs,1769611428609000000,1769611488609000000,0
FilePageCache.pageHits,1769611428609000000,1769611488609000000,0
FilePageCache.totalPageDisposalsUs,1769611428609000000,1769611488609000000,0
FilePageCacheLockFree.totalBytesRead,1769611428609000000,1769611488609000000,0
DirectByteBufferAllocator.reclaimed,1769611428609000000,1769611488609000000,0
FilePageCache.disposedBuffers,1769611428609000000,1769611488609000000,0
FilePageCacheLockFree.totalBytesRequested,1769611428609000000,1769611488609000000,0
FilePageCacheLockFree.totalPagesRequested,1769611428609000000,1769611488609000000,0
DirectByteBufferAllocator.totalSizeOfBuffersCachedInBytes,1769611428609000000,1769611488609000000,0
FilePageCacheLockFree.totalPagesReclaimed,1769611428609000000,1769611488609000000,0
FilePageCacheLockFree.totalNativeBytesReclaimed,1769611428609000000,1769611488609000000,0
StreamlinedBlobStorage.recordsRelocated,1769611428609000000,1769611488609000000,0
FilePageCacheLockFree.heapBytesInUse,1769611428609000000,1769611488609000000,0
DirectByteBufferAllocator.hits,1769611428609000000,1769611488609000000,0
DirectByteBufferAllocator.misses,1769611428609000000,1769611488609000000,0
StreamlinedBlobStorage.recordsAllocated,1769611428609000000,1769611488609000000,0
FilePageCacheLockFree.totalClosedStoragesReclaimed,1769611428609000000,1769611488609000000,0
FilePageCacheLockFree.totalHeapBytesReclaimed,1769611428609000000,1769611488609000000,0
FilePageCacheLockFree.totalPagesAllocated,1769611428609000000,1769611488609000000,0
FilePageCache.capacityInBytes,1769611428609000000,1769611488609000000,503316478
StreamlinedBlobStorage.recordsDeleted,1769611428609000000,1769611488609000000,0
FilePageCache.maxCacheSizeInBytes,1769611428609000000,1769611488609000000,141582336
FilePageCacheLockFree.totalPagesWritten,1769611428609000000,1769611488609000000,0
FilePageCache.maxRegisteredFiles,1769611428609000000,1769611488609000000,252
StorageLockContext.competingThreads.max,1769611428609000000,1769611488609000000,0
Indexing.writer_3.totalTimeSpentWritingMs,1769611428609000000,1769611488609000000,0
Indexes.allKeys.lookupDuration90PMs,1769611428609000000,1769611488609000000,0.0
Indexes.entries.lookupDuration90PMs,1769611428609000000,1769611488609000000,0.0
Indexes.allKeys.lookups,1769611428609000000,1769611488609000000,0
Indexes.allKeys.lookupDurationMaxMs,1769611428609000000,1769611488609000000,0.0
Indexing.writer_2.totalTimeSpentWritingMs,1769611428609000000,1769611488609000000,0
Indexes.stubs.lookupDurationMaxMs,1769611428609000000,1769611488609000000,0.0
Indexes.allKeys.lookupDurationAvgMs,1769611428609000000,1769611488609000000,0.0
Indexing.cache.totalCacheEvicted,1769611428609000000,1769611488609000000,1
Indexes.stubs.lookupDuration90PMs,1769611428609000000,1769611488609000000,0.0
IndexesFlusher.totalFlushes,1769611428609000000,1769611488609000000,60
Indexing.cache.totalCacheAccesses,1769611428609000000,1769611488609000000,1
Indexes.stubs.lookups,1769611428609000000,1769611488609000000,0
IndexesFlusher.totalFlushingTimeUs,1769611428609000000,1769611488609000000,30273
Indexes.entries.lookupDurationAvgMs,1769611428609000000,1769611488609000000,0.0
Indexing.totalTimeIndexersSleptMs,1769611428609000000,1769611488609000000,0
Indexes.entries.lookups,1769611428609000000,1769611488609000000,1
Indexing.writesQueuedMin,1769611428609000000,1769611488609000000,9223372036854775807
Indexing.writesQueuedMax,1769611428609000000,1769611488609000000,0
Indexing.writer_0.totalTimeSpentWritingMs,1769611428609000000,1769611488609000000,0
Indexing.writer_1.totalTimeSpentWritingMs,1769611428609000000,1769611488609000000,0
Indexes.entries.lookupDurationMaxMs,1769611428609000000,1769611488609000000,0.0
Indexing.cache.totalCacheMisses,1769611428609000000,1769611488609000000,1
IndexesFlusher.totalContentionQuotaSpent,1769611428609000000,1769611488609000000,0
Indexes.stubs.lookupDurationAvgMs,1769611428609000000,1769611488609000000,0.0
IndexesFlusher.totalFlushesRetried,1769611428609000000,1769611488609000000,0
jps.artifact.entities.serializer.load.entities.ms,1769611428609000000,1769611488609000000,0
workspaceModel.mutableEntityStorage.changeLog.addReplaceEventForRemovedChild.ms,1769611428609000000,1769611488609000000,0
jps.facet.change.listener.before.change.events.ms,1769611428609000000,1769611488609000000,0
jps.load.initial.state.ms,1769611428609000000,1769611488609000000,0
workspaceModel.mutableEntityStorage.collect.changes.ms,1769611428609000000,1769611488609000000,0
workspaceModel.mutableEntityStorage.modify.entity.ms,1769611428609000000,1769611488609000000,0
jps.global.initialize.library.bridges.ms,1769611428609000000,1769611488609000000,0
workspaceModel.save.cache.to.file.ms,1769611428609000000,1769611488609000000,0
jps.project.serializers.save.ms,1769611428609000000,1769611488609000000,0
jps.global.handle.changed.events.ms,1769611428609000000,1769611488609000000,0
jps.module.dependency.index.workspace.model.listener.on.changed.ms,1769611428609000000,1769611488609000000,0
workspaceModel.moduleManagerBridge.newModule.ms,1769611428609000000,1769611488609000000,0
workspaceModel.mutableEntityStorage.replace.by.source.ms,1769611428609000000,1769611488609000000,0
workspaceModel.orphan.listener.update.ms,1769611428609000000,1769611488609000000,0
jps.facet.change.listener.process.change.events.ms,1769611428609000000,1769611488609000000,0
workspaceModel.moduleManagerBridge.set.unloadedModules.ms,1769611428609000000,1769611488609000000,0
workspaceModel.mutableEntityStorage.to.snapshot.ms,1769611428609000000,1769611488609000000,0
workspaceModel.global.apply.state.to.project.builder.ms,1769611428609000000,1769611488609000000,0
workspaceModel.mutableEntityStorage.has.same.entities.ms,1769611428609000000,1769611488609000000,0
workspaceModel.mutableEntityStorage.instances.count,1769611428609000000,1769611488609000000,0
workspaceModel.moduleBridge.facet.initialization.ms,1769611428609000000,1769611488609000000,0
workspaceModel.moduleManagerBridge.get.modules.ms,1769611428609000000,1769611488609000000,0
workspaceModel.moduleManagerBridge.new.nonPersistent.module.ms,1769611428609000000,1769611488609000000,0
jps.global.get.library.by.name.ms,1769611428609000000,1769611488609000000,0
workspaceModel.mutableEntityStorage.mutable.vfurl.index.ms,1769611428609000000,1769611488609000000,0
workspaceModel.mutableEntityStorage.mutable.ext.mapping.ms,1769611428609000000,1769611488609000000,0
jps.global.get.libraries.ms,1769611428609000000,1769611488609000000,0
jps.module.iml.entities.serializer.load.entities.ms,1769611428609000000,1769611488609000000,0
jps.project.serializers.load.ms,1769611428609000000,1769611488609000000,0
workspaceModel.load.cache.metadata.from.file.ms,1769611428609000000,1769611488609000000,0
workspaceModel.mutableEntityStorage.apply.changes.from.ms,1769611428609000000,1769611488609000000,0
workspaceModel.global.updates.count,1769611428609000000,1769611488609000000,0
jps.save.global.entities.ms,1769611428609000000,1769611488609000000,0
workspaceModel.global.apply.state.to.project.ms,1769611428609000000,1769611488609000000,0
workspaceModel.moduleManagerBridge.load.module.ms,1769611428609000000,1769611488609000000,0
workspaceModel.mutableEntityStorage.changeLog.addReplaceEventForNewParent.ms,1769611428609000000,1769611488609000000,0
jps.module.iml.entities.serializer.save.entities.ms,1769611428609000000,1769611488609000000,0
jps.apply.loaded.storage.ms,1769611428609000000,1769611488609000000,0
jps.global.initialize.library.bridges.after.loading.ms,1769611428609000000,1769611488609000000,0
jps.facet.change.listener.init.bridge.ms,1769611428609000000,1769611488609000000,0
jps.global.handle.before.change.events.ms,1769611428609000000,1769611488609000000,0
workspaceModel.moduleManagerBridge.build.module.graph.ms,1769611428609000000,1769611488609000000,1
workspaceModel.moduleBridgeLoader.loading.modules.ms,1769611428609000000,1769611488609000000,0
jps.library.entities.serializer.load.entities.ms,1769611428609000000,1769611488609000000,0
workspaceModel.load.cache.from.file.ms,1769611428609000000,1769611488609000000,0
jps.save.changed.project.entities.ms,1769611428609000000,1769611488609000000,0
workspaceModel.delayed.project.synchronizer.sync.ms,1769611428609000000,1769611488609000000,0
jps.reload.project.entities.ms,1769611428609000000,1769611488609000000,0
jps.load.project.to.empty.storage.ms,1769611428609000000,1769611488609000000,0
workspaceModel.do.save.caches.ms,1769611428609000000,1769611488609000000,0
workspaceModel.mutableEntityStorage.entities.ms,1769611428609000000,1769611488609000000,0
jps.global.get.library.ms,1769611428609000000,1769611488609000000,0
workspaceModel.moduleBridge.update.option.ms,1769611428609000000,1769611488609000000,0
workspaceModel.moduleManagerBridge.load.all.modules.ms,1769611428609000000,1769611488609000000,0
workspaceModel.mutableEntityStorage.referrers.ms,1769611428609000000,1769611488609000000,0
jps.artifact.entities.serializer.save.entities.ms,1769611428609000000,1769611488609000000,0
jps.app.storage.content.reader.load.component.ms,1769611428609000000,1769611488609000000,0
workspaceModel.mutableEntityStorage.remove.entity.ms,1769611428609000000,1769611488609000000,0
workspaceModel.mutableEntityStorage.changeLog.addReplaceEventForNewChild.ms,1769611428609000000,1769611488609000000,0
workspaceModel.mutableEntityStorage.entities.by.source.ms,1769611428609000000,1769611488609000000,0
workspaceModel.moduleBridge.before.changed.ms,1769611428609000000,1769611488609000000,0
jps.library.entities.serializer.save.entities.ms,1769611428609000000,1769611488609000000,0
workspaceModel.mutableEntityStorage.resolve.ms,1769611428609000000,1769611488609000000,0
workspaceModel.mutableEntityStorage.put.entity.ms,1769611428609000000,1769611488609000000,0
workspaceModel.global.updates.ms,1769611428609000000,1769611488609000000,0
workspaceModel.mutableEntityStorage.changeLog.addReplaceEventForRemovedParent.ms,1769611428609000000,1769611488609000000,0
workspaceModel.sync.entities.ms,1769611428609000000,1769611488609000000,0
jps.app.storage.content.writer.save.component.ms,1769611428609000000,1769611488609000000,0
workspaceModel.mutableEntityStorage.add.entity.ms,1769611428609000000,1769611488609000000,0
workspaceModel.moduleManagerBridge.create.module.instance.ms,1769611428609000000,1769611488609000000,0
jps.storage.jps.conf.reader.load.component.ms,1769611428609000000,1769611488609000000,0
VFS.fileChildByName,1769611428609000000,1769611488609000000,1681
VFS.contentStorage.recordsStored,1769611428609000000,1769611488609000000,1
VFS.contentStorage.recordsUncompressedSize,1769611428609000000,1769611488609000000,6234
VFS.fileByIdCache.misses,1769611428609000000,1769611488609000000,166
FileNameCache.totalMisses,1769611428609000000,1769611488609000000,3776
VFS.contentStorage.recordsDeduplicated,1769611428609000000,1769611488609000000,0
VFS.contentStorage.recordsReadSize,1769611428609000000,1769611488609000000,0
VFS.fileByIdCache.hits,1769611428609000000,1769611488609000000,0
VFS.contentStorage.recordsStoredCompressed,1769611428609000000,1769611488609000000,0
VFS.contentStorage.recordsDecompressionTimeUs,1769611428609000000,1769611488609000000,0
VFS.invertedFileNameIndex.requests,1769611428609000000,1769611488609000000,0
FileNameCache.queries,1769611428609000000,1769611488609000000,111424
VFS.contentStorage.recordsReadDecompressed,1769611428609000000,1769611488609000000,0
VFS.contentStorage.recordsStoredSize,1769611428609000000,1769611488609000000,6234
VFS.contentStorage.recordsRead,1769611428609000000,1769611488609000000,0
JVM.totalTimeAtSafepointsMs,1769611428609000000,1769611488609000000,32
JVM.newThreadsCount,1769611428609000000,1769611488609000000,24
JVM.totalDirectByteBuffersBytes,1769611428609000000,1769611488609000000,142709684
JVM.maxHeapBytes,1769611428609000000,1769611488609000000,4196401152
OS.loadAverage,1769611428609000000,1769611488609000000,1.19921875
JVM.usedNativeBytes,1769611428609000000,1769611488609000000,384110368
JVM.totalSafepointCount,1769611428609000000,1769611488609000000,43
JVM.totalCpuTimeMs,1769611428609000000,1769611488609000000,8150
JVM.GC.collections,1769611428609000000,1769611488609000000,3
JVM.totalTimeToSafepointsMs,1769611428609000000,1769611488609000000,0
JVM.GC.collectionTimesMs,1769611428609000000,1769611488609000000,31
JVM.threadCount,1769611428609000000,1769611488609000000,69
JVM.totalBytesAllocated,1769611428609000000,1769611488609000000,317820648
JVM.maxThreadCount,1769611428609000000,1769611488609000000,151
JVM.usedHeapBytes,1769611428609000000,1769611488609000000,604094072
parser.RELAX-NG.size.bytes,1769611488609000000,1769611548609000000,85717
DiskQueryRelay.tasksExecuted,1769611488609000000,1769611548609000000,55
writeAction.median.wait.ms,1769611488609000000,1769611548609000000,0
lexer.XML.size.bytes,1769611488609000000,1769611548609000000,5
writeAction.wait.ms,1769611488609000000,1769611548609000000,0
writeAction.max.wait.ms,1769611488609000000,1769611548609000000,265
DiskQueryRelay.tasksRequested,1769611488609000000,1769611548609000000,55
parser.RELAX-NG.time.ns,1769611488609000000,1769611548609000000,21412010
DiskQueryRelay.taskWaitingTotalTimeUs,1769611488609000000,1769611548609000000,1054
lexer.RELAX-NG.size.bytes,1769611488609000000,1769611548609000000,85717
writeAction.count,1769611488609000000,1769611548609000000,1
lexer.XML.time.ns,1769611488609000000,1769611548609000000,79941
lexer.RELAX-NG.time.ns,1769611488609000000,1769611548609000000,32420923
parser.XML.time.ns,1769611488609000000,1769611548609000000,587793
DiskQueryRelay.taskExecutionTotalTimeUs,1769611488609000000,1769611548609000000,858
parser.XML.size.bytes,1769611488609000000,1769611548609000000,5
cacheStateStorage.set.counter,1769611488609000000,1769611548609000000,4
cacheStateStorage.get.counter,1769611488609000000,1769611548609000000,4
cacheStateStorage.set.duration,1769611488609000000,1769611548609000000,3
cacheStateStorage.get.duration,1769611488609000000,1769611548609000000,50
workspaceModel.cachedValue.from.cache.count,1769611488609000000,1769611548609000000,129
workspaceModel.cachedValueWithParameters.calculated.count,1769611488609000000,1769611548609000000,0
workspaceModel.entityStorageSnapshotImpl.instances.count,1769611488609000000,1769611548609000000,0
workspaceModel.full.replace.project.model.ms,1769611488609000000,1769611548609000000,0
workspaceModel.workspaceFileIndexData.instances.count,1769611488609000000,1769611548609000000,0
workspaceModel.pre.handlers.ms,1769611488609000000,1769611548609000000,0
workspaceModel.workspaceFileIndexContributor.registerFileSets.ms,1769611488609000000,1769611548609000000,0
workspaceModel.replace.project.model.ms,1769611488609000000,1769611548609000000,0
workspaceModel.to.snapshot.ms,1769611488609000000,1769611548609000000,0
workspaceModel.workspaceFileIndexData.updateDirtyEntities.ms,1769611488609000000,1769611548609000000,0
workspaceModel.cachedValueWithParameters.clear.count,1769611488609000000,1769611548609000000,0
workspaceModel.workspaceFileIndexData.processFileSets.ms,1769611488609000000,1769611548609000000,0
workspaceModel.on.changed.ms,1769611488609000000,1769611548609000000,0
workspaceModel.collect.changes.ms,1769611488609000000,1769611548609000000,0
workspaceModel.workspaceFileIndexData.visitFileSets.ms,1769611488609000000,1769611548609000000,0
workspaceModel.workspaceFileIndexData.init.ms,1769611488609000000,1769611548609000000,0
workspaceModel.init.bridges.ms,1769611488609000000,1769611548609000000,0
workspaceModel.workspaceFileIndexData.getDirectoriesByPackageName.ms,1769611488609000000,1769611548609000000,0
workspaceModel.updates.precise.ms,1769611488609000000,1769611548609000000,0
workspaceModel.cachedValue.total.get.count,1769611488609000000,1769611548609000000,129
workspaceModel.updates.ms,1769611488609000000,1769611548609000000,0
workspaceModel.cachedValue.clear.count,1769611488609000000,1769611548609000000,0
workspaceModel.workspaceFileIndexData.getPackageName.ms,1769611488609000000,1769611548609000000,0
workspaceModel.initializing.ms,1769611488609000000,1769611548609000000,0
workspaceModel.cachedValueWithParameters.from.cache.count,1769611488609000000,1769611548609000000,0
workspaceModel.cachedValueWithParameters.total.get.count,1769611488609000000,1769611548609000000,0
workspaceModel.check.recursive.update.ms,1769611488609000000,1769611548609000000,0
workspaceModel.workspaceFileIndexData.onEntitiesChanged.ms,1769611488609000000,1769611548609000000,0
workspaceModel.cachedValue.calculated.count,1769611488609000000,1769611548609000000,0
workspaceModel.workspaceFileIndexData.getFileInfo.ms,1769611488609000000,1769611548609000000,1
workspaceModel.on.before.changed.ms,1769611488609000000,1769611548609000000,0
workspaceModel.workspaceFileIndexData.markDirty.ms,1769611488609000000,1769611548609000000,0
workspaceModel.update.unloaded.entities.ms,1769611488609000000,1769611548609000000,0
workspaceModel.updates.count,1769611488609000000,1769611548609000000,0
workspaceModel.loading.from.cache.ms,1769611488609000000,1769611548609000000,0
workspaceModel.loading.total.ms,1769611488609000000,1769611548609000000,0
AWTEventQueue.dispatchTimeMaxNs,1769611488609000000,1769611548609000000,0
NonBlockingReadAction.finalizedExecutionTimeUs,1769611488609000000,1769611548609000000,59211
FlushQueue.executionTime90PNs,1769611488609000000,1769611548609000000,0
FlushQueue.waitingTime90PNs,1769611488609000000,1769611548609000000,0
FlushQueue.waitingTimeAvgNs,1769611488609000000,1769611548609000000,0.0
NonBlockingReadAction.failedExecutionsCount,1769611488609000000,1769611548609000000,0
AWTEventQueue.eventsDispatched,1769611488609000000,1769611548609000000,0
FlushQueue.executionTimeMaxNs,1769611488609000000,1769611548609000000,0
FlushQueue.waitingTimeMaxNs,1769611488609000000,1769611548609000000,0
FlushQueue.queueSize90P,1769611488609000000,1769611548609000000,0
AWTEventQueue.dispatchTimeTotalNS,1769611488609000000,1769611548609000000,2034582812
NonBlockingReadAction.finalizedExecutionsCount,1769611488609000000,1769611548609000000,632
FlushQueue.queueSizeMax,1769611488609000000,1769611548609000000,0
AWTEventQueue.dispatchTimeAvgNs,1769611488609000000,1769611548609000000,0.0
FlushQueue.queueSizeAvg,1769611488609000000,1769611548609000000,0.0
AWTEventQueue.dispatchTime90PNs,1769611488609000000,1769611548609000000,0
ReadAction.executionsCount,1769611488609000000,1769611548609000000,295162
FlushQueue.executionTimeAvgNs,1769611488609000000,1769611548609000000,0.0
FlushQueue.tasksExecuted,1769611488609000000,1769611548609000000,0
WriteAction.executionsCount,1769611488609000000,1769611548609000000,1
NonBlockingReadAction.failedExecutionTimeUs,1769611488609000000,1769611548609000000,0
FilePageCacheLockFree.totalNativeBytesAllocated,1769611488609000000,1769611548609000000,0
MappedFileStorage.storages,1769611488609000000,1769611548609000000,16
FilePageCacheLockFree.totalHeapBytesAllocated,1769611488609000000,1769611548609000000,0
StreamlinedBlobStorage.totalLiveRecordsCapacityBytes,1769611488609000000,1769611548609000000,0
MappedFileStorage.totalPagesMapped,1769611488609000000,1769611548609000000,21
FilePageCacheLockFree.housekeeperTurnsSkipped,1769611488609000000,1769611548609000000,0
FilePageCacheLockFree.totalPagesRequestsMs,1769611488609000000,1769611548609000000,0
FilePageCacheLockFree.housekeeperTimeSpentMs,1769611488609000000,1769611548609000000,0
FilePageCache.pageLoadsAboveSizeThreshold,1769611488609000000,1769611548609000000,0
FilePageCacheLockFree.totalPagesHandedOver,1769611488609000000,1769611548609000000,0
FilePageCacheLockFree.totalPagesReadMs,1769611488609000000,1769611548609000000,0
FilePageCacheLockFree.housekeeperTurnsDone,1769611488609000000,1769611548609000000,0
StorageLockContext.competingThreads.90P,1769611488609000000,1769611548609000000,0
FilePageCacheLockFree.totalPageAllocationsWaited,1769611488609000000,1769611548609000000,0
DirectByteBufferAllocator.totalSizeOfBuffersAllocatedInBytes,1769611488609000000,1769611548609000000,141582336
DirectByteBufferAllocator.disposed,1769611488609000000,1769611548609000000,0
MappedFileStorage.totalBytesMapped,1769611488609000000,1769611548609000000,261357568
FilePageCache.pageLoads,1769611488609000000,1769611548609000000,0
FilePageCache.pageFastCacheHits,1769611488609000000,1769611548609000000,20
StorageLockContext.competingThreads.avg,1769611488609000000,1769611548609000000,0.0
StreamlinedBlobStorage.totalLiveRecordsPayloadBytes,1769611488609000000,1769611548609000000,0
FileChannelInterruptsRetryer.totalRetriedAttempts,1769611488609000000,1769611548609000000,0
FilePageCacheLockFree.nativeBytesInUse,1769611488609000000,1769611548609000000,0
FilePageCache.uncachedFileAccess,1769611488609000000,1769611548609000000,3
FilePageCacheLockFree.totalPagesWriteMs,1769611488609000000,1769611548609000000,0
FilePageCacheLockFree.totalBytesWritten,1769611488609000000,1769611548609000000,0
MappedFileStorage.totalTimeSpentOnMappingUs,1769611488609000000,1769611548609000000,13217
FilePageCache.totalPageLoadsUs,1769611488609000000,1769611548609000000,0
FilePageCache.pageHits,1769611488609000000,1769611548609000000,0
FilePageCache.totalPageDisposalsUs,1769611488609000000,1769611548609000000,0
FilePageCacheLockFree.totalBytesRead,1769611488609000000,1769611548609000000,0
DirectByteBufferAllocator.reclaimed,1769611488609000000,1769611548609000000,0
FilePageCache.disposedBuffers,1769611488609000000,1769611548609000000,0
FilePageCacheLockFree.totalBytesRequested,1769611488609000000,1769611548609000000,0
FilePageCacheLockFree.totalPagesRequested,1769611488609000000,1769611548609000000,0
DirectByteBufferAllocator.totalSizeOfBuffersCachedInBytes,1769611488609000000,1769611548609000000,0
FilePageCacheLockFree.totalPagesReclaimed,1769611488609000000,1769611548609000000,0
FilePageCacheLockFree.totalNativeBytesReclaimed,1769611488609000000,1769611548609000000,0
StreamlinedBlobStorage.recordsRelocated,1769611488609000000,1769611548609000000,0
FilePageCacheLockFree.heapBytesInUse,1769611488609000000,1769611548609000000,0
DirectByteBufferAllocator.hits,1769611488609000000,1769611548609000000,0
DirectByteBufferAllocator.misses,1769611488609000000,1769611548609000000,0
StreamlinedBlobStorage.recordsAllocated,1769611488609000000,1769611548609000000,0
FilePageCacheLockFree.totalClosedStoragesReclaimed,1769611488609000000,1769611548609000000,0
FilePageCacheLockFree.totalHeapBytesReclaimed,1769611488609000000,1769611548609000000,0
FilePageCacheLockFree.totalPagesAllocated,1769611488609000000,1769611548609000000,0
FilePageCache.capacityInBytes,1769611488609000000,1769611548609000000,503316478
StreamlinedBlobStorage.recordsDeleted,1769611488609000000,1769611548609000000,0
FilePageCache.maxCacheSizeInBytes,1769611488609000000,1769611548609000000,141582336
FilePageCacheLockFree.totalPagesWritten,1769611488609000000,1769611548609000000,0
FilePageCache.maxRegisteredFiles,1769611488609000000,1769611548609000000,252
StorageLockContext.competingThreads.max,1769611488609000000,1769611548609000000,0
Indexing.writer_3.totalTimeSpentWritingMs,1769611488609000000,1769611548609000000,0
Indexes.allKeys.lookupDuration90PMs,1769611488609000000,1769611548609000000,0.0
Indexes.entries.lookupDuration90PMs,1769611488609000000,1769611548609000000,0.0
Indexes.allKeys.lookups,1769611488609000000,1769611548609000000,1
Indexes.allKeys.lookupDurationMaxMs,1769611488609000000,1769611548609000000,0.0
Indexing.writer_2.totalTimeSpentWritingMs,1769611488609000000,1769611548609000000,0
Indexes.stubs.lookupDurationMaxMs,1769611488609000000,1769611548609000000,0.0
Indexes.allKeys.lookupDurationAvgMs,1769611488609000000,1769611548609000000,0.0
Indexing.cache.totalCacheEvicted,1769611488609000000,1769611548609000000,1
Indexes.stubs.lookupDuration90PMs,1769611488609000000,1769611548609000000,0.0
IndexesFlusher.totalFlushes,1769611488609000000,1769611548609000000,60
Indexing.cache.totalCacheAccesses,1769611488609000000,1769611548609000000,1
Indexes.stubs.lookups,1769611488609000000,1769611548609000000,0
IndexesFlusher.totalFlushingTimeUs,1769611488609000000,1769611548609000000,29465
Indexes.entries.lookupDurationAvgMs,1769611488609000000,1769611548609000000,0.0
Indexing.totalTimeIndexersSleptMs,1769611488609000000,1769611548609000000,0
Indexes.entries.lookups,1769611488609000000,1769611548609000000,0
Indexing.writesQueuedMin,1769611488609000000,1769611548609000000,9223372036854775807
Indexing.writesQueuedMax,1769611488609000000,1769611548609000000,0
Indexing.writer_0.totalTimeSpentWritingMs,1769611488609000000,1769611548609000000,0
Indexing.writer_1.totalTimeSpentWritingMs,1769611488609000000,1769611548609000000,0
Indexes.entries.lookupDurationMaxMs,1769611488609000000,1769611548609000000,0.0
Indexing.cache.totalCacheMisses,1769611488609000000,1769611548609000000,1
IndexesFlusher.totalContentionQuotaSpent,1769611488609000000,1769611548609000000,0
Indexes.stubs.lookupDurationAvgMs,1769611488609000000,1769611548609000000,0.0
IndexesFlusher.totalFlushesRetried,1769611488609000000,1769611548609000000,0
jps.artifact.entities.serializer.load.entities.ms,1769611488609000000,1769611548609000000,0
workspaceModel.mutableEntityStorage.changeLog.addReplaceEventForRemovedChild.ms,1769611488609000000,1769611548609000000,0
jps.facet.change.listener.before.change.events.ms,1769611488609000000,1769611548609000000,0
jps.load.initial.state.ms,1769611488609000000,1769611548609000000,0
workspaceModel.mutableEntityStorage.collect.changes.ms,1769611488609000000,1769611548609000000,0
workspaceModel.mutableEntityStorage.modify.entity.ms,1769611488609000000,1769611548609000000,0
jps.global.initialize.library.bridges.ms,1769611488609000000,1769611548609000000,0
workspaceModel.save.cache.to.file.ms,1769611488609000000,1769611548609000000,0
jps.project.serializers.save.ms,1769611488609000000,1769611548609000000,1
jps.global.handle.changed.events.ms,1769611488609000000,1769611548609000000,0
jps.module.dependency.index.workspace.model.listener.on.changed.ms,1769611488609000000,1769611548609000000,0
workspaceModel.moduleManagerBridge.newModule.ms,1769611488609000000,1769611548609000000,0
workspaceModel.mutableEntityStorage.replace.by.source.ms,1769611488609000000,1769611548609000000,0
workspaceModel.orphan.listener.update.ms,1769611488609000000,1769611548609000000,0
jps.facet.change.listener.process.change.events.ms,1769611488609000000,1769611548609000000,0
workspaceModel.moduleManagerBridge.set.unloadedModules.ms,1769611488609000000,1769611548609000000,0
workspaceModel.mutableEntityStorage.to.snapshot.ms,1769611488609000000,1769611548609000000,0
workspaceModel.global.apply.state.to.project.builder.ms,1769611488609000000,1769611548609000000,0
workspaceModel.mutableEntityStorage.has.same.entities.ms,1769611488609000000,1769611548609000000,0
workspaceModel.mutableEntityStorage.instances.count,1769611488609000000,1769611548609000000,0
workspaceModel.moduleBridge.facet.initialization.ms,1769611488609000000,1769611548609000000,0
workspaceModel.moduleManagerBridge.get.modules.ms,1769611488609000000,1769611548609000000,0
workspaceModel.moduleManagerBridge.new.nonPersistent.module.ms,1769611488609000000,1769611548609000000,0
jps.global.get.library.by.name.ms,1769611488609000000,1769611548609000000,0
workspaceModel.mutableEntityStorage.mutable.vfurl.index.ms,1769611488609000000,1769611548609000000,0
workspaceModel.mutableEntityStorage.mutable.ext.mapping.ms,1769611488609000000,1769611548609000000,0
jps.global.get.libraries.ms,1769611488609000000,1769611548609000000,0
jps.module.iml.entities.serializer.load.entities.ms,1769611488609000000,1769611548609000000,0
jps.project.serializers.load.ms,1769611488609000000,1769611548609000000,0
workspaceModel.load.cache.metadata.from.file.ms,1769611488609000000,1769611548609000000,0
workspaceModel.mutableEntityStorage.apply.changes.from.ms,1769611488609000000,1769611548609000000,0
workspaceModel.global.updates.count,1769611488609000000,1769611548609000000,0
jps.save.global.entities.ms,1769611488609000000,1769611548609000000,3
workspaceModel.global.apply.state.to.project.ms,1769611488609000000,1769611548609000000,0
workspaceModel.moduleManagerBridge.load.module.ms,1769611488609000000,1769611548609000000,0
workspaceModel.mutableEntityStorage.changeLog.addReplaceEventForNewParent.ms,1769611488609000000,1769611548609000000,0
jps.module.iml.entities.serializer.save.entities.ms,1769611488609000000,1769611548609000000,0
jps.apply.loaded.storage.ms,1769611488609000000,1769611548609000000,0
jps.global.initialize.library.bridges.after.loading.ms,1769611488609000000,1769611548609000000,0
jps.facet.change.listener.init.bridge.ms,1769611488609000000,1769611548609000000,0
jps.global.handle.before.change.events.ms,1769611488609000000,1769611548609000000,0
workspaceModel.moduleManagerBridge.build.module.graph.ms,1769611488609000000,1769611548609000000,0
workspaceModel.moduleBridgeLoader.loading.modules.ms,1769611488609000000,1769611548609000000,0
jps.library.entities.serializer.load.entities.ms,1769611488609000000,1769611548609000000,0
workspaceModel.load.cache.from.file.ms,1769611488609000000,1769611548609000000,0
jps.save.changed.project.entities.ms,1769611488609000000,1769611548609000000,1
workspaceModel.delayed.project.synchronizer.sync.ms,1769611488609000000,1769611548609000000,0
jps.reload.project.entities.ms,1769611488609000000,1769611548609000000,0
jps.load.project.to.empty.storage.ms,1769611488609000000,1769611548609000000,0
workspaceModel.do.save.caches.ms,1769611488609000000,1769611548609000000,0
workspaceModel.mutableEntityStorage.entities.ms,1769611488609000000,1769611548609000000,0
jps.global.get.library.ms,1769611488609000000,1769611548609000000,0
workspaceModel.moduleBridge.update.option.ms,1769611488609000000,1769611548609000000,0
workspaceModel.moduleManagerBridge.load.all.modules.ms,1769611488609000000,1769611548609000000,0
workspaceModel.mutableEntityStorage.referrers.ms,1769611488609000000,1769611548609000000,0
jps.artifact.entities.serializer.save.entities.ms,1769611488609000000,1769611548609000000,0
jps.app.storage.content.reader.load.component.ms,1769611488609000000,1769611548609000000,0
workspaceModel.mutableEntityStorage.remove.entity.ms,1769611488609000000,1769611548609000000,0
workspaceModel.mutableEntityStorage.changeLog.addReplaceEventForNewChild.ms,1769611488609000000,1769611548609000000,0
workspaceModel.mutableEntityStorage.entities.by.source.ms,1769611488609000000,1769611548609000000,0
workspaceModel.moduleBridge.before.changed.ms,1769611488609000000,1769611548609000000,0
jps.library.entities.serializer.save.entities.ms,1769611488609000000,1769611548609000000,0
workspaceModel.mutableEntityStorage.resolve.ms,1769611488609000000,1769611548609000000,0
workspaceModel.mutableEntityStorage.put.entity.ms,1769611488609000000,1769611548609000000,0
workspaceModel.global.updates.ms,1769611488609000000,1769611548609000000,0
workspaceModel.mutableEntityStorage.changeLog.addReplaceEventForRemovedParent.ms,1769611488609000000,1769611548609000000,0
workspaceModel.sync.entities.ms,1769611488609000000,1769611548609000000,0
jps.app.storage.content.writer.save.component.ms,1769611488609000000,1769611548609000000,2
workspaceModel.mutableEntityStorage.add.entity.ms,1769611488609000000,1769611548609000000,0
workspaceModel.moduleManagerBridge.create.module.instance.ms,1769611488609000000,1769611548609000000,0
jps.storage.jps.conf.reader.load.component.ms,1769611488609000000,1769611548609000000,0
VFS.fileChildByName,1769611488609000000,1769611548609000000,2746
VFS.contentStorage.recordsStored,1769611488609000000,1769611548609000000,0
VFS.contentStorage.recordsUncompressedSize,1769611488609000000,1769611548609000000,0
VFS.fileByIdCache.misses,1769611488609000000,1769611548609000000,0
FileNameCache.totalMisses,1769611488609000000,1769611548609000000,0
VFS.contentStorage.recordsDeduplicated,1769611488609000000,1769611548609000000,0
VFS.contentStorage.recordsReadSize,1769611488609000000,1769611548609000000,88111
VFS.fileByIdCache.hits,1769611488609000000,1769611548609000000,0
VFS.contentStorage.recordsStoredCompressed,1769611488609000000,1769611548609000000,0
VFS.contentStorage.recordsDecompressionTimeUs,1769611488609000000,1769611548609000000,134
VFS.invertedFileNameIndex.requests,1769611488609000000,1769611548609000000,0
FileNameCache.queries,1769611488609000000,1769611548609000000,64
VFS.contentStorage.recordsReadDecompressed,1769611488609000000,1769611548609000000,5
VFS.contentStorage.recordsStoredSize,1769611488609000000,1769611548609000000,0
VFS.contentStorage.recordsRead,1769611488609000000,1769611548609000000,9
JVM.totalTimeAtSafepointsMs,1769611488609000000,1769611548609000000,40
JVM.newThreadsCount,1769611488609000000,1769611548609000000,19
JVM.totalDirectByteBuffersBytes,1769611488609000000,1769611548609000000,142708823
JVM.maxHeapBytes,1769611488609000000,1769611548609000000,4196401152
OS.loadAverage,1769611488609000000,1769611548609000000,1.2060546875
JVM.usedNativeBytes,1769611488609000000,1769611548609000000,395771872
JVM.totalSafepointCount,1769611488609000000,1769611548609000000,44
JVM.totalCpuTimeMs,1769611488609000000,1769611548609000000,12340
JVM.GC.collections,1769611488609000000,1769611548609000000,5
JVM.totalTimeToSafepointsMs,1769611488609000000,1769611548609000000,1
JVM.GC.collectionTimesMs,1769611488609000000,1769611548609000000,37
JVM.threadCount,1769611488609000000,1769611548609000000,73
JVM.totalBytesAllocated,1769611488609000000,1769611548609000000,743797264
JVM.maxThreadCount,1769611488609000000,1769611548609000000,151
JVM.usedHeapBytes,1769611488609000000,1769611548609000000,701141048
parser.DTD.time.ns,1769611548609000000,1769611608609000000,1916108
parser.RELAX-NG.size.bytes,1769611548609000000,1769611608609000000,155652
DiskQueryRelay.tasksExecuted,1769611548609000000,1769611608609000000,47
parser.HTML.size.bytes,1769611548609000000,1769611608609000000,6641
parser.DTD.size.bytes,1769611548609000000,1769611608609000000,2226
parser.HTML.time.ns,1769611548609000000,1769611608609000000,1448672
writeAction.median.wait.ms,1769611548609000000,1769611608609000000,0
lexer.XML.size.bytes,1769611548609000000,1769611608609000000,91
writeAction.wait.ms,1769611548609000000,1769611608609000000,0
writeAction.max.wait.ms,1769611548609000000,1769611608609000000,265
DiskQueryRelay.tasksRequested,1769611548609000000,1769611608609000000,47
parser.RELAX-NG.time.ns,1769611548609000000,1769611608609000000,12137000
DiskQueryRelay.taskWaitingTotalTimeUs,1769611548609000000,1769611608609000000,947
lexer.RELAX-NG.size.bytes,1769611548609000000,1769611608609000000,155652
writeAction.count,1769611548609000000,1769611608609000000,10
lexer.DTD.size.bytes,1769611548609000000,1769611608609000000,2226
lexer.XML.time.ns,1769611548609000000,1769611608609000000,70031
lexer.RELAX-NG.time.ns,1769611548609000000,1769611608609000000,18567192
lexer.HTML.time.ns,1769611548609000000,1769611608609000000,1722963
parser.XML.time.ns,1769611548609000000,1769611608609000000,73389
lexer.DTD.time.ns,1769611548609000000,1769611608609000000,359411
DiskQueryRelay.taskExecutionTotalTimeUs,1769611548609000000,1769611608609000000,921
lexer.HTML.size.bytes,1769611548609000000,1769611608609000000,6641
parser.XML.size.bytes,1769611548609000000,1769611608609000000,91
cacheStateStorage.set.counter,1769611548609000000,1769611608609000000,0
cacheStateStorage.get.counter,1769611548609000000,1769611608609000000,0
cacheStateStorage.set.duration,1769611548609000000,1769611608609000000,0
cacheStateStorage.get.duration,1769611548609000000,1769611608609000000,0
workspaceModel.cachedValue.from.cache.count,1769611548609000000,1769611608609000000,304
workspaceModel.cachedValueWithParameters.calculated.count,1769611548609000000,1769611608609000000,0
workspaceModel.entityStorageSnapshotImpl.instances.count,1769611548609000000,1769611608609000000,0
workspaceModel.full.replace.project.model.ms,1769611548609000000,1769611608609000000,0
workspaceModel.workspaceFileIndexData.instances.count,1769611548609000000,1769611608609000000,0
workspaceModel.pre.handlers.ms,1769611548609000000,1769611608609000000,0
workspaceModel.workspaceFileIndexContributor.registerFileSets.ms,1769611548609000000,1769611608609000000,0
workspaceModel.replace.project.model.ms,1769611548609000000,1769611608609000000,0
workspaceModel.to.snapshot.ms,1769611548609000000,1769611608609000000,0
workspaceModel.workspaceFileIndexData.updateDirtyEntities.ms,1769611548609000000,1769611608609000000,0
workspaceModel.cachedValueWithParameters.clear.count,1769611548609000000,1769611608609000000,0
workspaceModel.workspaceFileIndexData.processFileSets.ms,1769611548609000000,1769611608609000000,0
workspaceModel.on.changed.ms,1769611548609000000,1769611608609000000,0
workspaceModel.collect.changes.ms,1769611548609000000,1769611608609000000,0
workspaceModel.workspaceFileIndexData.visitFileSets.ms,1769611548609000000,1769611608609000000,0
workspaceModel.workspaceFileIndexData.init.ms,1769611548609000000,1769611608609000000,0
workspaceModel.init.bridges.ms,1769611548609000000,1769611608609000000,0
workspaceModel.workspaceFileIndexData.getDirectoriesByPackageName.ms,1769611548609000000,1769611608609000000,0
workspaceModel.updates.precise.ms,1769611548609000000,1769611608609000000,0
workspaceModel.cachedValue.total.get.count,1769611548609000000,1769611608609000000,304
workspaceModel.updates.ms,1769611548609000000,1769611608609000000,0
workspaceModel.cachedValue.clear.count,1769611548609000000,1769611608609000000,0
workspaceModel.workspaceFileIndexData.getPackageName.ms,1769611548609000000,1769611608609000000,0
workspaceModel.initializing.ms,1769611548609000000,1769611608609000000,0
workspaceModel.cachedValueWithParameters.from.cache.count,1769611548609000000,1769611608609000000,0
workspaceModel.cachedValueWithParameters.total.get.count,1769611548609000000,1769611608609000000,0
workspaceModel.check.recursive.update.ms,1769611548609000000,1769611608609000000,0
workspaceModel.workspaceFileIndexData.onEntitiesChanged.ms,1769611548609000000,1769611608609000000,0
workspaceModel.cachedValue.calculated.count,1769611548609000000,1769611608609000000,0
workspaceModel.workspaceFileIndexData.getFileInfo.ms,1769611548609000000,1769611608609000000,2
workspaceModel.on.before.changed.ms,1769611548609000000,1769611608609000000,0
workspaceModel.workspaceFileIndexData.markDirty.ms,1769611548609000000,1769611608609000000,0
workspaceModel.update.unloaded.entities.ms,1769611548609000000,1769611608609000000,0
workspaceModel.updates.count,1769611548609000000,1769611608609000000,0
workspaceModel.loading.from.cache.ms,1769611548609000000,1769611608609000000,0
workspaceModel.loading.total.ms,1769611548609000000,1769611608609000000,0
AWTEventQueue.dispatchTimeMaxNs,1769611548609000000,1769611608609000000,0
NonBlockingReadAction.finalizedExecutionTimeUs,1769611548609000000,1769611608609000000,88653
FlushQueue.executionTime90PNs,1769611548609000000,1769611608609000000,0
FlushQueue.waitingTime90PNs,1769611548609000000,1769611608609000000,0
FlushQueue.waitingTimeAvgNs,1769611548609000000,1769611608609000000,0.0
NonBlockingReadAction.failedExecutionsCount,1769611548609000000,1769611608609000000,3
AWTEventQueue.eventsDispatched,1769611548609000000,1769611608609000000,0
FlushQueue.executionTimeMaxNs,1769611548609000000,1769611608609000000,0
FlushQueue.waitingTimeMaxNs,1769611548609000000,1769611608609000000,0
FlushQueue.queueSize90P,1769611548609000000,1769611608609000000,0
AWTEventQueue.dispatchTimeTotalNS,1769611548609000000,1769611608609000000,2955732746
NonBlockingReadAction.finalizedExecutionsCount,1769611548609000000,1769611608609000000,946
FlushQueue.queueSizeMax,1769611548609000000,1769611608609000000,0
AWTEventQueue.dispatchTimeAvgNs,1769611548609000000,1769611608609000000,0.0
FlushQueue.queueSizeAvg,1769611548609000000,1769611608609000000,0.0
AWTEventQueue.dispatchTime90PNs,1769611548609000000,1769611608609000000,0
ReadAction.executionsCount,1769611548609000000,1769611608609000000,667752
FlushQueue.executionTimeAvgNs,1769611548609000000,1769611608609000000,0.0
FlushQueue.tasksExecuted,1769611548609000000,1769611608609000000,0
WriteAction.executionsCount,1769611548609000000,1769611608609000000,10
NonBlockingReadAction.failedExecutionTimeUs,1769611548609000000,1769611608609000000,519
FilePageCacheLockFree.totalNativeBytesAllocated,1769611548609000000,1769611608609000000,0
MappedFileStorage.storages,1769611548609000000,1769611608609000000,16
FilePageCacheLockFree.totalHeapBytesAllocated,1769611548609000000,1769611608609000000,0
StreamlinedBlobStorage.totalLiveRecordsCapacityBytes,1769611548609000000,1769611608609000000,0
MappedFileStorage.totalPagesMapped,1769611548609000000,1769611608609000000,21
FilePageCacheLockFree.housekeeperTurnsSkipped,1769611548609000000,1769611608609000000,0
FilePageCacheLockFree.totalPagesRequestsMs,1769611548609000000,1769611608609000000,0
FilePageCacheLockFree.housekeeperTimeSpentMs,1769611548609000000,1769611608609000000,0
FilePageCache.pageLoadsAboveSizeThreshold,1769611548609000000,1769611608609000000,0
FilePageCacheLockFree.totalPagesHandedOver,1769611548609000000,1769611608609000000,0
FilePageCacheLockFree.totalPagesReadMs,1769611548609000000,1769611608609000000,0
FilePageCacheLockFree.housekeeperTurnsDone,1769611548609000000,1769611608609000000,0
StorageLockContext.competingThreads.90P,1769611548609000000,1769611608609000000,0
FilePageCacheLockFree.totalPageAllocationsWaited,1769611548609000000,1769611608609000000,0
DirectByteBufferAllocator.totalSizeOfBuffersAllocatedInBytes,1769611548609000000,1769611608609000000,141582336
DirectByteBufferAllocator.disposed,1769611548609000000,1769611608609000000,0
MappedFileStorage.totalBytesMapped,1769611548609000000,1769611608609000000,261357568
FilePageCache.pageLoads,1769611548609000000,1769611608609000000,0
FilePageCache.pageFastCacheHits,1769611548609000000,1769611608609000000,23
StorageLockContext.competingThreads.avg,1769611548609000000,1769611608609000000,0.0
StreamlinedBlobStorage.totalLiveRecordsPayloadBytes,1769611548609000000,1769611608609000000,0
FileChannelInterruptsRetryer.totalRetriedAttempts,1769611548609000000,1769611608609000000,0
FilePageCacheLockFree.nativeBytesInUse,1769611548609000000,1769611608609000000,0
FilePageCache.uncachedFileAccess,1769611548609000000,1769611608609000000,3
FilePageCacheLockFree.totalPagesWriteMs,1769611548609000000,1769611608609000000,0
FilePageCacheLockFree.totalBytesWritten,1769611548609000000,1769611608609000000,0
MappedFileStorage.totalTimeSpentOnMappingUs,1769611548609000000,1769611608609000000,13217
FilePageCache.totalPageLoadsUs,1769611548609000000,1769611608609000000,0
FilePageCache.pageHits,1769611548609000000,1769611608609000000,0
FilePageCache.totalPageDisposalsUs,1769611548609000000,1769611608609000000,0
FilePageCacheLockFree.totalBytesRead,1769611548609000000,1769611608609000000,0
DirectByteBufferAllocator.reclaimed,1769611548609000000,1769611608609000000,0
FilePageCache.disposedBuffers,1769611548609000000,1769611608609000000,0
FilePageCacheLockFree.totalBytesRequested,1769611548609000000,1769611608609000000,0
FilePageCacheLockFree.totalPagesRequested,1769611548609000000,1769611608609000000,0
DirectByteBufferAllocator.totalSizeOfBuffersCachedInBytes,1769611548609000000,1769611608609000000,0
FilePageCacheLockFree.totalPagesReclaimed,1769611548609000000,1769611608609000000,0
FilePageCacheLockFree.totalNativeBytesReclaimed,1769611548609000000,1769611608609000000,0
StreamlinedBlobStorage.recordsRelocated,1769611548609000000,1769611608609000000,0
FilePageCacheLockFree.heapBytesInUse,1769611548609000000,1769611608609000000,0
DirectByteBufferAllocator.hits,1769611548609000000,1769611608609000000,0
DirectByteBufferAllocator.misses,1769611548609000000,1769611608609000000,0
StreamlinedBlobStorage.recordsAllocated,1769611548609000000,1769611608609000000,0
FilePageCacheLockFree.totalClosedStoragesReclaimed,1769611548609000000,1769611608609000000,0
FilePageCacheLockFree.totalHeapBytesReclaimed,1769611548609000000,1769611608609000000,0
FilePageCacheLockFree.totalPagesAllocated,1769611548609000000,1769611608609000000,0
FilePageCache.capacityInBytes,1769611548609000000,1769611608609000000,503316478
StreamlinedBlobStorage.recordsDeleted,1769611548609000000,1769611608609000000,0
FilePageCache.maxCacheSizeInBytes,1769611548609000000,1769611608609000000,141582336
FilePageCacheLockFree.totalPagesWritten,1769611548609000000,1769611608609000000,0
FilePageCache.maxRegisteredFiles,1769611548609000000,1769611608609000000,252
StorageLockContext.competingThreads.max,1769611548609000000,1769611608609000000,0
Indexing.writer_3.totalTimeSpentWritingMs,1769611548609000000,1769611608609000000,0
Indexes.allKeys.lookupDuration90PMs,1769611548609000000,1769611608609000000,0.0
Indexes.entries.lookupDuration90PMs,1769611548609000000,1769611608609000000,0.0
Indexes.allKeys.lookups,1769611548609000000,1769611608609000000,3
Indexes.allKeys.lookupDurationMaxMs,1769611548609000000,1769611608609000000,0.0
Indexing.writer_2.totalTimeSpentWritingMs,1769611548609000000,1769611608609000000,0
Indexes.stubs.lookupDurationMaxMs,1769611548609000000,1769611608609000000,0.0
Indexes.allKeys.lookupDurationAvgMs,1769611548609000000,1769611608609000000,0.0
Indexing.cache.totalCacheEvicted,1769611548609000000,1769611608609000000,3
Indexes.stubs.lookupDuration90PMs,1769611548609000000,1769611608609000000,0.0
IndexesFlusher.totalFlushes,1769611548609000000,1769611608609000000,60
Indexing.cache.totalCacheAccesses,1769611548609000000,1769611608609000000,3
Indexes.stubs.lookups,1769611548609000000,1769611608609000000,0
IndexesFlusher.totalFlushingTimeUs,1769611548609000000,1769611608609000000,30723
Indexes.entries.lookupDurationAvgMs,1769611548609000000,1769611608609000000,0.0
Indexing.totalTimeIndexersSleptMs,1769611548609000000,1769611608609000000,0
Indexes.entries.lookups,1769611548609000000,1769611608609000000,0
Indexing.writesQueuedMin,1769611548609000000,1769611608609000000,9223372036854775807
Indexing.writesQueuedMax,1769611548609000000,1769611608609000000,0
Indexing.writer_0.totalTimeSpentWritingMs,1769611548609000000,1769611608609000000,0
Indexing.writer_1.totalTimeSpentWritingMs,1769611548609000000,1769611608609000000,0
Indexes.entries.lookupDurationMaxMs,1769611548609000000,1769611608609000000,0.0
Indexing.cache.totalCacheMisses,1769611548609000000,1769611608609000000,3
IndexesFlusher.totalContentionQuotaSpent,1769611548609000000,1769611608609000000,0
Indexes.stubs.lookupDurationAvgMs,1769611548609000000,1769611608609000000,0.0
IndexesFlusher.totalFlushesRetried,1769611548609000000,1769611608609000000,0
jps.artifact.entities.serializer.load.entities.ms,1769611548609000000,1769611608609000000,0
workspaceModel.mutableEntityStorage.changeLog.addReplaceEventForRemovedChild.ms,1769611548609000000,1769611608609000000,0
jps.facet.change.listener.before.change.events.ms,1769611548609000000,1769611608609000000,0
jps.load.initial.state.ms,1769611548609000000,1769611608609000000,0
workspaceModel.mutableEntityStorage.collect.changes.ms,1769611548609000000,1769611608609000000,0
workspaceModel.mutableEntityStorage.modify.entity.ms,1769611548609000000,1769611608609000000,0
jps.global.initialize.library.bridges.ms,1769611548609000000,1769611608609000000,0
workspaceModel.save.cache.to.file.ms,1769611548609000000,1769611608609000000,0
jps.project.serializers.save.ms,1769611548609000000,1769611608609000000,0
jps.global.handle.changed.events.ms,1769611548609000000,1769611608609000000,0
jps.module.dependency.index.workspace.model.listener.on.changed.ms,1769611548609000000,1769611608609000000,0
workspaceModel.moduleManagerBridge.newModule.ms,1769611548609000000,1769611608609000000,0
workspaceModel.mutableEntityStorage.replace.by.source.ms,1769611548609000000,1769611608609000000,0
workspaceModel.orphan.listener.update.ms,1769611548609000000,1769611608609000000,0
jps.facet.change.listener.process.change.events.ms,1769611548609000000,1769611608609000000,0
workspaceModel.moduleManagerBridge.set.unloadedModules.ms,1769611548609000000,1769611608609000000,0
workspaceModel.mutableEntityStorage.to.snapshot.ms,1769611548609000000,1769611608609000000,0
workspaceModel.global.apply.state.to.project.builder.ms,1769611548609000000,1769611608609000000,0
workspaceModel.mutableEntityStorage.has.same.entities.ms,1769611548609000000,1769611608609000000,0
workspaceModel.mutableEntityStorage.instances.count,1769611548609000000,1769611608609000000,0
workspaceModel.moduleBridge.facet.initialization.ms,1769611548609000000,1769611608609000000,0
workspaceModel.moduleManagerBridge.get.modules.ms,1769611548609000000,1769611608609000000,0
workspaceModel.moduleManagerBridge.new.nonPersistent.module.ms,1769611548609000000,1769611608609000000,0
jps.global.get.library.by.name.ms,1769611548609000000,1769611608609000000,0
workspaceModel.mutableEntityStorage.mutable.vfurl.index.ms,1769611548609000000,1769611608609000000,0
workspaceModel.mutableEntityStorage.mutable.ext.mapping.ms,1769611548609000000,1769611608609000000,0
jps.global.get.libraries.ms,1769611548609000000,1769611608609000000,0
jps.module.iml.entities.serializer.load.entities.ms,1769611548609000000,1769611608609000000,0
jps.project.serializers.load.ms,1769611548609000000,1769611608609000000,0
workspaceModel.load.cache.metadata.from.file.ms,1769611548609000000,1769611608609000000,0
workspaceModel.mutableEntityStorage.apply.changes.from.ms,1769611548609000000,1769611608609000000,0
workspaceModel.global.updates.count,1769611548609000000,1769611608609000000,0
jps.save.global.entities.ms,1769611548609000000,1769611608609000000,4
workspaceModel.global.apply.state.to.project.ms,1769611548609000000,1769611608609000000,0
workspaceModel.moduleManagerBridge.load.module.ms,1769611548609000000,1769611608609000000,0
workspaceModel.mutableEntityStorage.changeLog.addReplaceEventForNewParent.ms,1769611548609000000,1769611608609000000,0
jps.module.iml.entities.serializer.save.entities.ms,1769611548609000000,1769611608609000000,0
jps.apply.loaded.storage.ms,1769611548609000000,1769611608609000000,0
jps.global.initialize.library.bridges.after.loading.ms,1769611548609000000,1769611608609000000,0
jps.facet.change.listener.init.bridge.ms,1769611548609000000,1769611608609000000,0
jps.global.handle.before.change.events.ms,1769611548609000000,1769611608609000000,0
workspaceModel.moduleManagerBridge.build.module.graph.ms,1769611548609000000,1769611608609000000,0
workspaceModel.moduleBridgeLoader.loading.modules.ms,1769611548609000000,1769611608609000000,0
jps.library.entities.serializer.load.entities.ms,1769611548609000000,1769611608609000000,0
workspaceModel.load.cache.from.file.ms,1769611548609000000,1769611608609000000,0
jps.save.changed.project.entities.ms,1769611548609000000,1769611608609000000,0
workspaceModel.delayed.project.synchronizer.sync.ms,1769611548609000000,1769611608609000000,0
jps.reload.project.entities.ms,1769611548609000000,1769611608609000000,0
jps.load.project.to.empty.storage.ms,1769611548609000000,1769611608609000000,0
workspaceModel.do.save.caches.ms,1769611548609000000,1769611608609000000,0
workspaceModel.mutableEntityStorage.entities.ms,1769611548609000000,1769611608609000000,0
jps.global.get.library.ms,1769611548609000000,1769611608609000000,0
workspaceModel.moduleBridge.update.option.ms,1769611548609000000,1769611608609000000,0
workspaceModel.moduleManagerBridge.load.all.modules.ms,1769611548609000000,1769611608609000000,0
workspaceModel.mutableEntityStorage.referrers.ms,1769611548609000000,1769611608609000000,0
jps.artifact.entities.serializer.save.entities.ms,1769611548609000000,1769611608609000000,0
jps.app.storage.content.reader.load.component.ms,1769611548609000000,1769611608609000000,0
workspaceModel.mutableEntityStorage.remove.entity.ms,1769611548609000000,1769611608609000000,0
workspaceModel.mutableEntityStorage.changeLog.addReplaceEventForNewChild.ms,1769611548609000000,1769611608609000000,0
workspaceModel.mutableEntityStorage.entities.by.source.ms,1769611548609000000,1769611608609000000,0
workspaceModel.moduleBridge.before.changed.ms,1769611548609000000,1769611608609000000,0
jps.library.entities.serializer.save.entities.ms,1769611548609000000,1769611608609000000,0
workspaceModel.mutableEntityStorage.resolve.ms,1769611548609000000,1769611608609000000,0
workspaceModel.mutableEntityStorage.put.entity.ms,1769611548609000000,1769611608609000000,0
workspaceModel.global.updates.ms,1769611548609000000,1769611608609000000,0
workspaceModel.mutableEntityStorage.changeLog.addReplaceEventForRemovedParent.ms,1769611548609000000,1769611608609000000,0
workspaceModel.sync.entities.ms,1769611548609000000,1769611608609000000,0
jps.app.storage.content.writer.save.component.ms,1769611548609000000,1769611608609000000,2
workspaceModel.mutableEntityStorage.add.entity.ms,1769611548609000000,1769611608609000000,0
workspaceModel.moduleManagerBridge.create.module.instance.ms,1769611548609000000,1769611608609000000,0
jps.storage.jps.conf.reader.load.component.ms,1769611548609000000,1769611608609000000,0
VFS.fileChildByName,1769611548609000000,1769611608609000000,8074
VFS.contentStorage.recordsStored,1769611548609000000,1769611608609000000,1
VFS.contentStorage.recordsUncompressedSize,1769611548609000000,1769611608609000000,2395
VFS.fileByIdCache.misses,1769611548609000000,1769611608609000000,0
FileNameCache.totalMisses,1769611548609000000,1769611608609000000,0
VFS.contentStorage.recordsDeduplicated,1769611548609000000,1769611608609000000,0
VFS.contentStorage.recordsReadSize,1769611548609000000,1769611608609000000,169848
VFS.fileByIdCache.hits,1769611548609000000,1769611608609000000,0
VFS.contentStorage.recordsStoredCompressed,1769611548609000000,1769611608609000000,0
VFS.contentStorage.recordsDecompressionTimeUs,1769611548609000000,1769611608609000000,262
VFS.invertedFileNameIndex.requests,1769611548609000000,1769611608609000000,0
FileNameCache.queries,1769611548609000000,1769611608609000000,640
VFS.contentStorage.recordsReadDecompressed,1769611548609000000,1769611608609000000,8
VFS.contentStorage.recordsStoredSize,1769611548609000000,1769611608609000000,2395
VFS.contentStorage.recordsRead,1769611548609000000,1769611608609000000,23
JVM.totalTimeAtSafepointsMs,1769611548609000000,1769611608609000000,45
JVM.newThreadsCount,1769611548609000000,1769611608609000000,0
JVM.totalDirectByteBuffersBytes,1769611548609000000,1769611608609000000,142708921
JVM.maxHeapBytes,1769611548609000000,1769611608609000000,4196401152
OS.loadAverage,1769611548609000000,1769611608609000000,1.33251953125
JVM.usedNativeBytes,1769611548609000000,1769611608609000000,408641656
JVM.totalSafepointCount,1769611548609000000,1769611608609000000,45
JVM.totalCpuTimeMs,1769611548609000000,1769611608609000000,13850
JVM.GC.collections,1769611548609000000,1769611608609000000,5
JVM.totalTimeToSafepointsMs,1769611548609000000,1769611608609000000,1
JVM.GC.collectionTimesMs,1769611548609000000,1769611608609000000,42
JVM.threadCount,1769611548609000000,1769611608609000000,73
JVM.totalBytesAllocated,1769611548609000000,1769611608609000000,651616800
JVM.maxThreadCount,1769611548609000000,1769611608609000000,151
JVM.usedHeapBytes,1769611548609000000,1769611608609000000,571208472
parser.RELAX-NG.size.bytes,1769611608609000000,1769611668609000000,17573
DiskQueryRelay.tasksExecuted,1769611608609000000,1769611668609000000,46
parser.HTML.size.bytes,1769611608609000000,1769611668609000000,2854
parser.HTML.time.ns,1769611608609000000,1769611668609000000,646936
writeAction.median.wait.ms,1769611608609000000,1769611668609000000,0
writeAction.wait.ms,1769611608609000000,1769611668609000000,0
writeAction.max.wait.ms,1769611608609000000,1769611668609000000,265
DiskQueryRelay.tasksRequested,1769611608609000000,1769611668609000000,46
parser.RELAX-NG.time.ns,1769611608609000000,1769611668609000000,1233977
DiskQueryRelay.taskWaitingTotalTimeUs,1769611608609000000,1769611668609000000,703
lexer.RELAX-NG.size.bytes,1769611608609000000,1769611668609000000,17573
writeAction.count,1769611608609000000,1769611668609000000,0
lexer.RELAX-NG.time.ns,1769611608609000000,1769611668609000000,1616561
lexer.HTML.time.ns,1769611608609000000,1769611668609000000,635122
DiskQueryRelay.taskExecutionTotalTimeUs,1769611608609000000,1769611668609000000,685
lexer.HTML.size.bytes,1769611608609000000,1769611668609000000,2854
cacheStateStorage.set.counter,1769611608609000000,1769611668609000000,0
cacheStateStorage.get.counter,1769611608609000000,1769611668609000000,1
cacheStateStorage.set.duration,1769611608609000000,1769611668609000000,0
cacheStateStorage.get.duration,1769611608609000000,1769611668609000000,4
workspaceModel.cachedValue.from.cache.count,1769611608609000000,1769611668609000000,117
workspaceModel.cachedValueWithParameters.calculated.count,1769611608609000000,1769611668609000000,0
workspaceModel.entityStorageSnapshotImpl.instances.count,1769611608609000000,1769611668609000000,0
workspaceModel.full.replace.project.model.ms,1769611608609000000,1769611668609000000,0
workspaceModel.workspaceFileIndexData.instances.count,1769611608609000000,1769611668609000000,0
workspaceModel.pre.handlers.ms,1769611608609000000,1769611668609000000,0
workspaceModel.workspaceFileIndexContributor.registerFileSets.ms,1769611608609000000,1769611668609000000,0
workspaceModel.replace.project.model.ms,1769611608609000000,1769611668609000000,0
workspaceModel.to.snapshot.ms,1769611608609000000,1769611668609000000,0
workspaceModel.workspaceFileIndexData.updateDirtyEntities.ms,1769611608609000000,1769611668609000000,0
workspaceModel.cachedValueWithParameters.clear.count,1769611608609000000,1769611668609000000,0
workspaceModel.workspaceFileIndexData.processFileSets.ms,1769611608609000000,1769611668609000000,0
workspaceModel.on.changed.ms,1769611608609000000,1769611668609000000,0
workspaceModel.collect.changes.ms,1769611608609000000,1769611668609000000,0
workspaceModel.workspaceFileIndexData.visitFileSets.ms,1769611608609000000,1769611668609000000,0
workspaceModel.workspaceFileIndexData.init.ms,1769611608609000000,1769611668609000000,0
workspaceModel.init.bridges.ms,1769611608609000000,1769611668609000000,0
workspaceModel.workspaceFileIndexData.getDirectoriesByPackageName.ms,1769611608609000000,1769611668609000000,0
workspaceModel.updates.precise.ms,1769611608609000000,1769611668609000000,0
workspaceModel.cachedValue.total.get.count,1769611608609000000,1769611668609000000,117
workspaceModel.updates.ms,1769611608609000000,1769611668609000000,0
workspaceModel.cachedValue.clear.count,1769611608609000000,1769611668609000000,0
workspaceModel.workspaceFileIndexData.getPackageName.ms,1769611608609000000,1769611668609000000,0
workspaceModel.initializing.ms,1769611608609000000,1769611668609000000,0
workspaceModel.cachedValueWithParameters.from.cache.count,1769611608609000000,1769611668609000000,0
workspaceModel.cachedValueWithParameters.total.get.count,1769611608609000000,1769611668609000000,0
workspaceModel.check.recursive.update.ms,1769611608609000000,1769611668609000000,0
workspaceModel.workspaceFileIndexData.onEntitiesChanged.ms,1769611608609000000,1769611668609000000,0
workspaceModel.cachedValue.calculated.count,1769611608609000000,1769611668609000000,0
workspaceModel.workspaceFileIndexData.getFileInfo.ms,1769611608609000000,1769611668609000000,1
workspaceModel.on.before.changed.ms,1769611608609000000,1769611668609000000,0
workspaceModel.workspaceFileIndexData.markDirty.ms,1769611608609000000,1769611668609000000,0
workspaceModel.update.unloaded.entities.ms,1769611608609000000,1769611668609000000,0
workspaceModel.updates.count,1769611608609000000,1769611668609000000,0
workspaceModel.loading.from.cache.ms,1769611608609000000,1769611668609000000,0
workspaceModel.loading.total.ms,1769611608609000000,1769611668609000000,0
AWTEventQueue.dispatchTimeMaxNs,1769611608609000000,1769611668609000000,0
NonBlockingReadAction.finalizedExecutionTimeUs,1769611608609000000,1769611668609000000,12721
FlushQueue.executionTime90PNs,1769611608609000000,1769611668609000000,0
FlushQueue.waitingTime90PNs,1769611608609000000,1769611668609000000,0
FlushQueue.waitingTimeAvgNs,1769611608609000000,1769611668609000000,0.0
NonBlockingReadAction.failedExecutionsCount,1769611608609000000,1769611668609000000,0
AWTEventQueue.eventsDispatched,1769611608609000000,1769611668609000000,0
FlushQueue.executionTimeMaxNs,1769611608609000000,1769611668609000000,0
FlushQueue.waitingTimeMaxNs,1769611608609000000,1769611668609000000,0
FlushQueue.queueSize90P,1769611608609000000,1769611668609000000,0
AWTEventQueue.dispatchTimeTotalNS,1769611608609000000,1769611668609000000,449280709
NonBlockingReadAction.finalizedExecutionsCount,1769611608609000000,1769611668609000000,110
FlushQueue.queueSizeMax,1769611608609000000,1769611668609000000,0
AWTEventQueue.dispatchTimeAvgNs,1769611608609000000,1769611668609000000,0.0
FlushQueue.queueSizeAvg,1769611608609000000,1769611668609000000,0.0
AWTEventQueue.dispatchTime90PNs,1769611608609000000,1769611668609000000,0
ReadAction.executionsCount,1769611608609000000,1769611668609000000,44501
FlushQueue.executionTimeAvgNs,1769611608609000000,1769611668609000000,0.0
FlushQueue.tasksExecuted,1769611608609000000,1769611668609000000,0
WriteAction.executionsCount,1769611608609000000,1769611668609000000,0
NonBlockingReadAction.failedExecutionTimeUs,1769611608609000000,1769611668609000000,0
FilePageCacheLockFree.totalNativeBytesAllocated,1769611608609000000,1769611668609000000,0
MappedFileStorage.storages,1769611608609000000,1769611668609000000,16
FilePageCacheLockFree.totalHeapBytesAllocated,1769611608609000000,1769611668609000000,0
StreamlinedBlobStorage.totalLiveRecordsCapacityBytes,1769611608609000000,1769611668609000000,0
MappedFileStorage.totalPagesMapped,1769611608609000000,1769611668609000000,21
FilePageCacheLockFree.housekeeperTurnsSkipped,1769611608609000000,1769611668609000000,0
FilePageCacheLockFree.totalPagesRequestsMs,1769611608609000000,1769611668609000000,0
FilePageCacheLockFree.housekeeperTimeSpentMs,1769611608609000000,1769611668609000000,0
FilePageCache.pageLoadsAboveSizeThreshold,1769611608609000000,1769611668609000000,0
FilePageCacheLockFree.totalPagesHandedOver,1769611608609000000,1769611668609000000,0
FilePageCacheLockFree.totalPagesReadMs,1769611608609000000,1769611668609000000,0
FilePageCacheLockFree.housekeeperTurnsDone,1769611608609000000,1769611668609000000,0
StorageLockContext.competingThreads.90P,1769611608609000000,1769611668609000000,0
FilePageCacheLockFree.totalPageAllocationsWaited,1769611608609000000,1769611668609000000,0
DirectByteBufferAllocator.totalSizeOfBuffersAllocatedInBytes,1769611608609000000,1769611668609000000,141582336
DirectByteBufferAllocator.disposed,1769611608609000000,1769611668609000000,0
MappedFileStorage.totalBytesMapped,1769611608609000000,1769611668609000000,261357568
FilePageCache.pageLoads,1769611608609000000,1769611668609000000,0
FilePageCache.pageFastCacheHits,1769611608609000000,1769611668609000000,1
StorageLockContext.competingThreads.avg,1769611608609000000,1769611668609000000,0.0
StreamlinedBlobStorage.totalLiveRecordsPayloadBytes,1769611608609000000,1769611668609000000,0
FileChannelInterruptsRetryer.totalRetriedAttempts,1769611608609000000,1769611668609000000,0
FilePageCacheLockFree.nativeBytesInUse,1769611608609000000,1769611668609000000,0
FilePageCache.uncachedFileAccess,1769611608609000000,1769611668609000000,0
FilePageCacheLockFree.totalPagesWriteMs,1769611608609000000,1769611668609000000,0
FilePageCacheLockFree.totalBytesWritten,1769611608609000000,1769611668609000000,0
MappedFileStorage.totalTimeSpentOnMappingUs,1769611608609000000,1769611668609000000,13217
FilePageCache.totalPageLoadsUs,1769611608609000000,1769611668609000000,0
FilePageCache.pageHits,1769611608609000000,1769611668609000000,0
FilePageCache.totalPageDisposalsUs,1769611608609000000,1769611668609000000,0
FilePageCacheLockFree.totalBytesRead,1769611608609000000,1769611668609000000,0
DirectByteBufferAllocator.reclaimed,1769611608609000000,1769611668609000000,0
FilePageCache.disposedBuffers,1769611608609000000,1769611668609000000,0
FilePageCacheLockFree.totalBytesRequested,1769611608609000000,1769611668609000000,0
FilePageCacheLockFree.totalPagesRequested,1769611608609000000,1769611668609000000,0
DirectByteBufferAllocator.totalSizeOfBuffersCachedInBytes,1769611608609000000,1769611668609000000,0
FilePageCacheLockFree.totalPagesReclaimed,1769611608609000000,1769611668609000000,0
FilePageCacheLockFree.totalNativeBytesReclaimed,1769611608609000000,1769611668609000000,0
StreamlinedBlobStorage.recordsRelocated,1769611608609000000,1769611668609000000,0
FilePageCacheLockFree.heapBytesInUse,1769611608609000000,1769611668609000000,0
DirectByteBufferAllocator.hits,1769611608609000000,1769611668609000000,0
DirectByteBufferAllocator.misses,1769611608609000000,1769611668609000000,0
StreamlinedBlobStorage.recordsAllocated,1769611608609000000,1769611668609000000,0
FilePageCacheLockFree.totalClosedStoragesReclaimed,1769611608609000000,1769611668609000000,0
FilePageCacheLockFree.totalHeapBytesReclaimed,1769611608609000000,1769611668609000000,0
FilePageCacheLockFree.totalPagesAllocated,1769611608609000000,1769611668609000000,0
FilePageCache.capacityInBytes,1769611608609000000,1769611668609000000,503316478
StreamlinedBlobStorage.recordsDeleted,1769611608609000000,1769611668609000000,0
FilePageCache.maxCacheSizeInBytes,1769611608609000000,1769611668609000000,141582336
FilePageCacheLockFree.totalPagesWritten,1769611608609000000,1769611668609000000,0
FilePageCache.maxRegisteredFiles,1769611608609000000,1769611668609000000,252
StorageLockContext.competingThreads.max,1769611608609000000,1769611668609000000,0
Indexing.writer_3.totalTimeSpentWritingMs,1769611608609000000,1769611668609000000,0
Indexes.allKeys.lookupDuration90PMs,1769611608609000000,1769611668609000000,0.0
Indexes.entries.lookupDuration90PMs,1769611608609000000,1769611668609000000,0.0
Indexes.allKeys.lookups,1769611608609000000,1769611668609000000,0
Indexes.allKeys.lookupDurationMaxMs,1769611608609000000,1769611668609000000,0.0
Indexing.writer_2.totalTimeSpentWritingMs,1769611608609000000,1769611668609000000,0
Indexes.stubs.lookupDurationMaxMs,1769611608609000000,1769611668609000000,0.0
Indexes.allKeys.lookupDurationAvgMs,1769611608609000000,1769611668609000000,0.0
Indexing.cache.totalCacheEvicted,1769611608609000000,1769611668609000000,2
Indexes.stubs.lookupDuration90PMs,1769611608609000000,1769611668609000000,0.0
IndexesFlusher.totalFlushes,1769611608609000000,1769611668609000000,60
Indexing.cache.totalCacheAccesses,1769611608609000000,1769611668609000000,2
Indexes.stubs.lookups,1769611608609000000,1769611668609000000,0
IndexesFlusher.totalFlushingTimeUs,1769611608609000000,1769611668609000000,30813
Indexes.entries.lookupDurationAvgMs,1769611608609000000,1769611668609000000,0.0
Indexing.totalTimeIndexersSleptMs,1769611608609000000,1769611668609000000,0
Indexes.entries.lookups,1769611608609000000,1769611668609000000,0
Indexing.writesQueuedMin,1769611608609000000,1769611668609000000,9223372036854775807
Indexing.writesQueuedMax,1769611608609000000,1769611668609000000,0
Indexing.writer_0.totalTimeSpentWritingMs,1769611608609000000,1769611668609000000,0
Indexing.writer_1.totalTimeSpentWritingMs,1769611608609000000,1769611668609000000,0
Indexes.entries.lookupDurationMaxMs,1769611608609000000,1769611668609000000,0.0
Indexing.cache.totalCacheMisses,1769611608609000000,1769611668609000000,2
IndexesFlusher.totalContentionQuotaSpent,1769611608609000000,1769611668609000000,0
Indexes.stubs.lookupDurationAvgMs,1769611608609000000,1769611668609000000,0.0
IndexesFlusher.totalFlushesRetried,1769611608609000000,1769611668609000000,0
jps.artifact.entities.serializer.load.entities.ms,1769611608609000000,1769611668609000000,0
workspaceModel.mutableEntityStorage.changeLog.addReplaceEventForRemovedChild.ms,1769611608609000000,1769611668609000000,0
jps.facet.change.listener.before.change.events.ms,1769611608609000000,1769611668609000000,0
jps.load.initial.state.ms,1769611608609000000,1769611668609000000,0
workspaceModel.mutableEntityStorage.collect.changes.ms,1769611608609000000,1769611668609000000,0
workspaceModel.mutableEntityStorage.modify.entity.ms,1769611608609000000,1769611668609000000,0
jps.global.initialize.library.bridges.ms,1769611608609000000,1769611668609000000,0
workspaceModel.save.cache.to.file.ms,1769611608609000000,1769611668609000000,0
jps.project.serializers.save.ms,1769611608609000000,1769611668609000000,0
jps.global.handle.changed.events.ms,1769611608609000000,1769611668609000000,0
jps.module.dependency.index.workspace.model.listener.on.changed.ms,1769611608609000000,1769611668609000000,0
workspaceModel.moduleManagerBridge.newModule.ms,1769611608609000000,1769611668609000000,0
workspaceModel.mutableEntityStorage.replace.by.source.ms,1769611608609000000,1769611668609000000,0
workspaceModel.orphan.listener.update.ms,1769611608609000000,1769611668609000000,0
jps.facet.change.listener.process.change.events.ms,1769611608609000000,1769611668609000000,0
workspaceModel.moduleManagerBridge.set.unloadedModules.ms,1769611608609000000,1769611668609000000,0
workspaceModel.mutableEntityStorage.to.snapshot.ms,1769611608609000000,1769611668609000000,0
workspaceModel.global.apply.state.to.project.builder.ms,1769611608609000000,1769611668609000000,0
workspaceModel.mutableEntityStorage.has.same.entities.ms,1769611608609000000,1769611668609000000,0
workspaceModel.mutableEntityStorage.instances.count,1769611608609000000,1769611668609000000,0
workspaceModel.moduleBridge.facet.initialization.ms,1769611608609000000,1769611668609000000,0
workspaceModel.moduleManagerBridge.get.modules.ms,1769611608609000000,1769611668609000000,0
workspaceModel.moduleManagerBridge.new.nonPersistent.module.ms,1769611608609000000,1769611668609000000,0
jps.global.get.library.by.name.ms,1769611608609000000,1769611668609000000,0
workspaceModel.mutableEntityStorage.mutable.vfurl.index.ms,1769611608609000000,1769611668609000000,0
workspaceModel.mutableEntityStorage.mutable.ext.mapping.ms,1769611608609000000,1769611668609000000,0
jps.global.get.libraries.ms,1769611608609000000,1769611668609000000,0
jps.module.iml.entities.serializer.load.entities.ms,1769611608609000000,1769611668609000000,0
jps.project.serializers.load.ms,1769611608609000000,1769611668609000000,0
workspaceModel.load.cache.metadata.from.file.ms,1769611608609000000,1769611668609000000,0
workspaceModel.mutableEntityStorage.apply.changes.from.ms,1769611608609000000,1769611668609000000,0
workspaceModel.global.updates.count,1769611608609000000,1769611668609000000,0
jps.save.global.entities.ms,1769611608609000000,1769611668609000000,2
workspaceModel.global.apply.state.to.project.ms,1769611608609000000,1769611668609000000,0
workspaceModel.moduleManagerBridge.load.module.ms,1769611608609000000,1769611668609000000,0
workspaceModel.mutableEntityStorage.changeLog.addReplaceEventForNewParent.ms,1769611608609000000,1769611668609000000,0
jps.module.iml.entities.serializer.save.entities.ms,1769611608609000000,1769611668609000000,0
jps.apply.loaded.storage.ms,1769611608609000000,1769611668609000000,0
jps.global.initialize.library.bridges.after.loading.ms,1769611608609000000,1769611668609000000,0
jps.facet.change.listener.init.bridge.ms,1769611608609000000,1769611668609000000,0
jps.global.handle.before.change.events.ms,1769611608609000000,1769611668609000000,0
workspaceModel.moduleManagerBridge.build.module.graph.ms,1769611608609000000,1769611668609000000,0
workspaceModel.moduleBridgeLoader.loading.modules.ms,1769611608609000000,1769611668609000000,0
jps.library.entities.serializer.load.entities.ms,1769611608609000000,1769611668609000000,0
workspaceModel.load.cache.from.file.ms,1769611608609000000,1769611668609000000,0
jps.save.changed.project.entities.ms,1769611608609000000,1769611668609000000,0
workspaceModel.delayed.project.synchronizer.sync.ms,1769611608609000000,1769611668609000000,0
jps.reload.project.entities.ms,1769611608609000000,1769611668609000000,0
jps.load.project.to.empty.storage.ms,1769611608609000000,1769611668609000000,0
workspaceModel.do.save.caches.ms,1769611608609000000,1769611668609000000,0
workspaceModel.mutableEntityStorage.entities.ms,1769611608609000000,1769611668609000000,0
jps.global.get.library.ms,1769611608609000000,1769611668609000000,0
workspaceModel.moduleBridge.update.option.ms,1769611608609000000,1769611668609000000,0
workspaceModel.moduleManagerBridge.load.all.modules.ms,1769611608609000000,1769611668609000000,0
workspaceModel.mutableEntityStorage.referrers.ms,1769611608609000000,1769611668609000000,0
jps.artifact.entities.serializer.save.entities.ms,1769611608609000000,1769611668609000000,0
jps.app.storage.content.reader.load.component.ms,1769611608609000000,1769611668609000000,0
workspaceModel.mutableEntityStorage.remove.entity.ms,1769611608609000000,1769611668609000000,0
workspaceModel.mutableEntityStorage.changeLog.addReplaceEventForNewChild.ms,1769611608609000000,1769611668609000000,0
workspaceModel.mutableEntityStorage.entities.by.source.ms,1769611608609000000,1769611668609000000,0
workspaceModel.moduleBridge.before.changed.ms,1769611608609000000,1769611668609000000,0
jps.library.entities.serializer.save.entities.ms,1769611608609000000,1769611668609000000,0
workspaceModel.mutableEntityStorage.resolve.ms,1769611608609000000,1769611668609000000,0
workspaceModel.mutableEntityStorage.put.entity.ms,1769611608609000000,1769611668609000000,0
workspaceModel.global.updates.ms,1769611608609000000,1769611668609000000,0
workspaceModel.mutableEntityStorage.changeLog.addReplaceEventForRemovedParent.ms,1769611608609000000,1769611668609000000,0
workspaceModel.sync.entities.ms,1769611608609000000,1769611668609000000,0
jps.app.storage.content.writer.save.component.ms,1769611608609000000,1769611668609000000,1
workspaceModel.mutableEntityStorage.add.entity.ms,1769611608609000000,1769611668609000000,0
workspaceModel.moduleManagerBridge.create.module.instance.ms,1769611608609000000,1769611668609000000,0
jps.storage.jps.conf.reader.load.component.ms,1769611608609000000,1769611668609000000,0
VFS.fileChildByName,1769611608609000000,1769611668609000000,1867
VFS.contentStorage.recordsStored,1769611608609000000,1769611668609000000,0
VFS.contentStorage.recordsUncompressedSize,1769611608609000000,1769611668609000000,0
VFS.fileByIdCache.misses,1769611608609000000,1769611668609000000,0
FileNameCache.totalMisses,1769611608609000000,1769611668609000000,0
VFS.contentStorage.recordsDeduplicated,1769611608609000000,1769611668609000000,0
VFS.contentStorage.recordsReadSize,1769611608609000000,1769611668609000000,18330
VFS.fileByIdCache.hits,1769611608609000000,1769611668609000000,0
VFS.contentStorage.recordsStoredCompressed,1769611608609000000,1769611668609000000,0
VFS.contentStorage.recordsDecompressionTimeUs,1769611608609000000,1769611668609000000,46
VFS.invertedFileNameIndex.requests,1769611608609000000,1769611668609000000,0
FileNameCache.queries,1769611608609000000,1769611668609000000,0
VFS.contentStorage.recordsReadDecompressed,1769611608609000000,1769611668609000000,1
VFS.contentStorage.recordsStoredSize,1769611608609000000,1769611668609000000,0
VFS.contentStorage.recordsRead,1769611608609000000,1769611668609000000,2
JVM.totalTimeAtSafepointsMs,1769611608609000000,1769611668609000000,0
JVM.newThreadsCount,1769611608609000000,1769611668609000000,0
JVM.totalDirectByteBuffersBytes,1769611608609000000,1769611668609000000,142716921
JVM.maxHeapBytes,1769611608609000000,1769611668609000000,4196401152
OS.loadAverage,1769611608609000000,1769611668609000000,1.2744140625
JVM.usedNativeBytes,1769611608609000000,1769611668609000000,411998664
JVM.totalSafepointCount,1769611608609000000,1769611668609000000,17
JVM.totalCpuTimeMs,1769611608609000000,1769611668609000000,2530
JVM.GC.collections,1769611608609000000,1769611668609000000,0
JVM.totalTimeToSafepointsMs,1769611608609000000,1769611668609000000,0
JVM.GC.collectionTimesMs,1769611608609000000,1769611668609000000,0
JVM.threadCount,1769611608609000000,1769611668609000000,73
JVM.totalBytesAllocated,1769611608609000000,1769611668609000000,126679984
JVM.maxThreadCount,1769611608609000000,1769611668609000000,151
JVM.usedHeapBytes,1769611608609000000,1769611668609000000,699134744
DiskQueryRelay.tasksExecuted,1769611668609000000,1769611728608000000,0
writeAction.median.wait.ms,1769611668609000000,1769611728608000000,0
writeAction.wait.ms,1769611668609000000,1769611728608000000,0
writeAction.max.wait.ms,1769611668609000000,1769611728608000000,265
DiskQueryRelay.tasksRequested,1769611668609000000,1769611728608000000,0
DiskQueryRelay.taskWaitingTotalTimeUs,1769611668609000000,1769611728608000000,0
writeAction.count,1769611668609000000,1769611728608000000,0
DiskQueryRelay.taskExecutionTotalTimeUs,1769611668609000000,1769611728608000000,0
cacheStateStorage.set.counter,1769611668609000000,1769611728608000000,0
cacheStateStorage.get.counter,1769611668609000000,1769611728608000000,0
cacheStateStorage.set.duration,1769611668609000000,1769611728608000000,0
cacheStateStorage.get.duration,1769611668609000000,1769611728608000000,0
workspaceModel.cachedValue.from.cache.count,1769611668609000000,1769611728608000000,0
workspaceModel.cachedValueWithParameters.calculated.count,1769611668609000000,1769611728608000000,0
workspaceModel.entityStorageSnapshotImpl.instances.count,1769611668609000000,1769611728608000000,0
workspaceModel.full.replace.project.model.ms,1769611668609000000,1769611728608000000,0
workspaceModel.workspaceFileIndexData.instances.count,1769611668609000000,1769611728608000000,0
workspaceModel.pre.handlers.ms,1769611668609000000,1769611728608000000,0
workspaceModel.workspaceFileIndexContributor.registerFileSets.ms,1769611668609000000,1769611728608000000,0
workspaceModel.replace.project.model.ms,1769611668609000000,1769611728608000000,0
workspaceModel.to.snapshot.ms,1769611668609000000,1769611728608000000,0
workspaceModel.workspaceFileIndexData.updateDirtyEntities.ms,1769611668609000000,1769611728608000000,0
workspaceModel.cachedValueWithParameters.clear.count,1769611668609000000,1769611728608000000,0
workspaceModel.workspaceFileIndexData.processFileSets.ms,1769611668609000000,1769611728608000000,0
workspaceModel.on.changed.ms,1769611668609000000,1769611728608000000,0
workspaceModel.collect.changes.ms,1769611668609000000,1769611728608000000,0
workspaceModel.workspaceFileIndexData.visitFileSets.ms,1769611668609000000,1769611728608000000,0
workspaceModel.workspaceFileIndexData.init.ms,1769611668609000000,1769611728608000000,0
workspaceModel.init.bridges.ms,1769611668609000000,1769611728608000000,0
workspaceModel.workspaceFileIndexData.getDirectoriesByPackageName.ms,1769611668609000000,1769611728608000000,0
workspaceModel.updates.precise.ms,1769611668609000000,1769611728608000000,0
workspaceModel.cachedValue.total.get.count,1769611668609000000,1769611728608000000,0
workspaceModel.updates.ms,1769611668609000000,1769611728608000000,0
workspaceModel.cachedValue.clear.count,1769611668609000000,1769611728608000000,0
workspaceModel.workspaceFileIndexData.getPackageName.ms,1769611668609000000,1769611728608000000,0
workspaceModel.initializing.ms,1769611668609000000,1769611728608000000,0
workspaceModel.cachedValueWithParameters.from.cache.count,1769611668609000000,1769611728608000000,0
workspaceModel.cachedValueWithParameters.total.get.count,1769611668609000000,1769611728608000000,0
workspaceModel.check.recursive.update.ms,1769611668609000000,1769611728608000000,0
workspaceModel.workspaceFileIndexData.onEntitiesChanged.ms,1769611668609000000,1769611728608000000,0
workspaceModel.cachedValue.calculated.count,1769611668609000000,1769611728608000000,0
workspaceModel.workspaceFileIndexData.getFileInfo.ms,1769611668609000000,1769611728608000000,0
workspaceModel.on.before.changed.ms,1769611668609000000,1769611728608000000,0
workspaceModel.workspaceFileIndexData.markDirty.ms,1769611668609000000,1769611728608000000,0
workspaceModel.update.unloaded.entities.ms,1769611668609000000,1769611728608000000,0
workspaceModel.updates.count,1769611668609000000,1769611728608000000,0
workspaceModel.loading.from.cache.ms,1769611668609000000,1769611728608000000,0
workspaceModel.loading.total.ms,1769611668609000000,1769611728608000000,0
AWTEventQueue.dispatchTimeMaxNs,1769611668609000000,1769611728608000000,0
NonBlockingReadAction.finalizedExecutionTimeUs,1769611668609000000,1769611728608000000,0
FlushQueue.executionTime90PNs,1769611668609000000,1769611728608000000,0
FlushQueue.waitingTime90PNs,1769611668609000000,1769611728608000000,0
FlushQueue.waitingTimeAvgNs,1769611668609000000,1769611728608000000,0.0
NonBlockingReadAction.failedExecutionsCount,1769611668609000000,1769611728608000000,0
AWTEventQueue.eventsDispatched,1769611668609000000,1769611728608000000,0
FlushQueue.executionTimeMaxNs,1769611668609000000,1769611728608000000,0
FlushQueue.waitingTimeMaxNs,1769611668609000000,1769611728608000000,0
FlushQueue.queueSize90P,1769611668609000000,1769611728608000000,0
AWTEventQueue.dispatchTimeTotalNS,1769611668609000000,1769611728608000000,69530312
NonBlockingReadAction.finalizedExecutionsCount,1769611668609000000,1769611728608000000,0
FlushQueue.queueSizeMax,1769611668609000000,1769611728608000000,0
AWTEventQueue.dispatchTimeAvgNs,1769611668609000000,1769611728608000000,0.0
FlushQueue.queueSizeAvg,1769611668609000000,1769611728608000000,0.0
AWTEventQueue.dispatchTime90PNs,1769611668609000000,1769611728608000000,0
ReadAction.executionsCount,1769611668609000000,1769611728608000000,0
FlushQueue.executionTimeAvgNs,1769611668609000000,1769611728608000000,0.0
FlushQueue.tasksExecuted,1769611668609000000,1769611728608000000,0
WriteAction.executionsCount,1769611668609000000,1769611728608000000,0
NonBlockingReadAction.failedExecutionTimeUs,1769611668609000000,1769611728608000000,0
FilePageCacheLockFree.totalNativeBytesAllocated,1769611668609000000,1769611728608000000,0
MappedFileStorage.storages,1769611668609000000,1769611728608000000,16
FilePageCacheLockFree.totalHeapBytesAllocated,1769611668609000000,1769611728608000000,0
StreamlinedBlobStorage.totalLiveRecordsCapacityBytes,1769611668609000000,1769611728608000000,0
MappedFileStorage.totalPagesMapped,1769611668609000000,1769611728608000000,21
FilePageCacheLockFree.housekeeperTurnsSkipped,1769611668609000000,1769611728608000000,0
FilePageCacheLockFree.totalPagesRequestsMs,1769611668609000000,1769611728608000000,0
FilePageCacheLockFree.housekeeperTimeSpentMs,1769611668609000000,1769611728608000000,0
FilePageCache.pageLoadsAboveSizeThreshold,1769611668609000000,1769611728608000000,0
FilePageCacheLockFree.totalPagesHandedOver,1769611668609000000,1769611728608000000,0
FilePageCacheLockFree.totalPagesReadMs,1769611668609000000,1769611728608000000,0
FilePageCacheLockFree.housekeeperTurnsDone,1769611668609000000,1769611728608000000,0
StorageLockContext.competingThreads.90P,1769611668609000000,1769611728608000000,0
FilePageCacheLockFree.totalPageAllocationsWaited,1769611668609000000,1769611728608000000,0
DirectByteBufferAllocator.totalSizeOfBuffersAllocatedInBytes,1769611668609000000,1769611728608000000,141582336
DirectByteBufferAllocator.disposed,1769611668609000000,1769611728608000000,0
MappedFileStorage.totalBytesMapped,1769611668609000000,1769611728608000000,261357568
FilePageCache.pageLoads,1769611668609000000,1769611728608000000,0
FilePageCache.pageFastCacheHits,1769611668609000000,1769611728608000000,0
StorageLockContext.competingThreads.avg,1769611668609000000,1769611728608000000,0.0
StreamlinedBlobStorage.totalLiveRecordsPayloadBytes,1769611668609000000,1769611728608000000,0
FileChannelInterruptsRetryer.totalRetriedAttempts,1769611668609000000,1769611728608000000,0
FilePageCacheLockFree.nativeBytesInUse,1769611668609000000,1769611728608000000,0
FilePageCache.uncachedFileAccess,1769611668609000000,1769611728608000000,0
FilePageCacheLockFree.totalPagesWriteMs,1769611668609000000,1769611728608000000,0
FilePageCacheLockFree.totalBytesWritten,1769611668609000000,1769611728608000000,0
MappedFileStorage.totalTimeSpentOnMappingUs,1769611668609000000,1769611728608000000,13217
FilePageCache.totalPageLoadsUs,1769611668609000000,1769611728608000000,0
FilePageCache.pageHits,1769611668609000000,1769611728608000000,0
FilePageCache.totalPageDisposalsUs,1769611668609000000,1769611728608000000,0
FilePageCacheLockFree.totalBytesRead,1769611668609000000,1769611728608000000,0
DirectByteBufferAllocator.reclaimed,1769611668609000000,1769611728608000000,0
FilePageCache.disposedBuffers,1769611668609000000,1769611728608000000,0
FilePageCacheLockFree.totalBytesRequested,1769611668609000000,1769611728608000000,0
FilePageCacheLockFree.totalPagesRequested,1769611668609000000,1769611728608000000,0
DirectByteBufferAllocator.totalSizeOfBuffersCachedInBytes,1769611668609000000,1769611728608000000,0
FilePageCacheLockFree.totalPagesReclaimed,1769611668609000000,1769611728608000000,0
FilePageCacheLockFree.totalNativeBytesReclaimed,1769611668609000000,1769611728608000000,0
StreamlinedBlobStorage.recordsRelocated,1769611668609000000,1769611728608000000,0
FilePageCacheLockFree.heapBytesInUse,1769611668609000000,1769611728608000000,0
DirectByteBufferAllocator.hits,1769611668609000000,1769611728608000000,0
DirectByteBufferAllocator.misses,1769611668609000000,1769611728608000000,0
StreamlinedBlobStorage.recordsAllocated,1769611668609000000,1769611728608000000,0
FilePageCacheLockFree.totalClosedStoragesReclaimed,1769611668609000000,1769611728608000000,0
FilePageCacheLockFree.totalHeapBytesReclaimed,1769611668609000000,1769611728608000000,0
FilePageCacheLockFree.totalPagesAllocated,1769611668609000000,1769611728608000000,0
FilePageCache.capacityInBytes,1769611668609000000,1769611728608000000,503316478
StreamlinedBlobStorage.recordsDeleted,1769611668609000000,1769611728608000000,0
FilePageCache.maxCacheSizeInBytes,1769611668609000000,1769611728608000000,141582336
FilePageCacheLockFree.totalPagesWritten,1769611668609000000,1769611728608000000,0
FilePageCache.maxRegisteredFiles,1769611668609000000,1769611728608000000,252
StorageLockContext.competingThreads.max,1769611668609000000,1769611728608000000,0
Indexing.writer_3.totalTimeSpentWritingMs,1769611668609000000,1769611728608000000,0
Indexes.allKeys.lookupDuration90PMs,1769611668609000000,1769611728608000000,0.0
Indexes.entries.lookupDuration90PMs,1769611668609000000,1769611728608000000,0.0
Indexes.allKeys.lookups,1769611668609000000,1769611728608000000,0
Indexes.allKeys.lookupDurationMaxMs,1769611668609000000,1769611728608000000,0.0
Indexing.writer_2.totalTimeSpentWritingMs,1769611668609000000,1769611728608000000,0
Indexes.stubs.lookupDurationMaxMs,1769611668609000000,1769611728608000000,0.0
Indexes.allKeys.lookupDurationAvgMs,1769611668609000000,1769611728608000000,0.0
Indexing.cache.totalCacheEvicted,1769611668609000000,1769611728608000000,0
Indexes.stubs.lookupDuration90PMs,1769611668609000000,1769611728608000000,0.0
IndexesFlusher.totalFlushes,1769611668609000000,1769611728608000000,60
Indexing.cache.totalCacheAccesses,1769611668609000000,1769611728608000000,0
Indexes.stubs.lookups,1769611668609000000,1769611728608000000,0
IndexesFlusher.totalFlushingTimeUs,1769611668609000000,1769611728608000000,28901
Indexes.entries.lookupDurationAvgMs,1769611668609000000,1769611728608000000,0.0
Indexing.totalTimeIndexersSleptMs,1769611668609000000,1769611728608000000,0
Indexes.entries.lookups,1769611668609000000,1769611728608000000,0
Indexing.writesQueuedMin,1769611668609000000,1769611728608000000,9223372036854775807
Indexing.writesQueuedMax,1769611668609000000,1769611728608000000,0
Indexing.writer_0.totalTimeSpentWritingMs,1769611668609000000,1769611728608000000,0
Indexing.writer_1.totalTimeSpentWritingMs,1769611668609000000,1769611728608000000,0
Indexes.entries.lookupDurationMaxMs,1769611668609000000,1769611728608000000,0.0
Indexing.cache.totalCacheMisses,1769611668609000000,1769611728608000000,0
IndexesFlusher.totalContentionQuotaSpent,1769611668609000000,1769611728608000000,0
Indexes.stubs.lookupDurationAvgMs,1769611668609000000,1769611728608000000,0.0
IndexesFlusher.totalFlushesRetried,1769611668609000000,1769611728608000000,0
jps.artifact.entities.serializer.load.entities.ms,1769611668609000000,1769611728608000000,0
workspaceModel.mutableEntityStorage.changeLog.addReplaceEventForRemovedChild.ms,1769611668609000000,1769611728608000000,0
jps.facet.change.listener.before.change.events.ms,1769611668609000000,1769611728608000000,0
jps.load.initial.state.ms,1769611668609000000,1769611728608000000,0
workspaceModel.mutableEntityStorage.collect.changes.ms,1769611668609000000,1769611728608000000,0
workspaceModel.mutableEntityStorage.modify.entity.ms,1769611668609000000,1769611728608000000,0
jps.global.initialize.library.bridges.ms,1769611668609000000,1769611728608000000,0
workspaceModel.save.cache.to.file.ms,1769611668609000000,1769611728608000000,0
jps.project.serializers.save.ms,1769611668609000000,1769611728608000000,0
jps.global.handle.changed.events.ms,1769611668609000000,1769611728608000000,0
jps.module.dependency.index.workspace.model.listener.on.changed.ms,1769611668609000000,1769611728608000000,0
workspaceModel.moduleManagerBridge.newModule.ms,1769611668609000000,1769611728608000000,0
workspaceModel.mutableEntityStorage.replace.by.source.ms,1769611668609000000,1769611728608000000,0
workspaceModel.orphan.listener.update.ms,1769611668609000000,1769611728608000000,0
jps.facet.change.listener.process.change.events.ms,1769611668609000000,1769611728608000000,0
workspaceModel.moduleManagerBridge.set.unloadedModules.ms,1769611668609000000,1769611728608000000,0
workspaceModel.mutableEntityStorage.to.snapshot.ms,1769611668609000000,1769611728608000000,0
workspaceModel.global.apply.state.to.project.builder.ms,1769611668609000000,1769611728608000000,0
workspaceModel.mutableEntityStorage.has.same.entities.ms,1769611668609000000,1769611728608000000,0
workspaceModel.mutableEntityStorage.instances.count,1769611668609000000,1769611728608000000,0
workspaceModel.moduleBridge.facet.initialization.ms,1769611668609000000,1769611728608000000,0
workspaceModel.moduleManagerBridge.get.modules.ms,1769611668609000000,1769611728608000000,0
workspaceModel.moduleManagerBridge.new.nonPersistent.module.ms,1769611668609000000,1769611728608000000,0
jps.global.get.library.by.name.ms,1769611668609000000,1769611728608000000,0
workspaceModel.mutableEntityStorage.mutable.vfurl.index.ms,1769611668609000000,1769611728608000000,0
workspaceModel.mutableEntityStorage.mutable.ext.mapping.ms,1769611668609000000,1769611728608000000,0
jps.global.get.libraries.ms,1769611668609000000,1769611728608000000,0
jps.module.iml.entities.serializer.load.entities.ms,1769611668609000000,1769611728608000000,0
jps.project.serializers.load.ms,1769611668609000000,1769611728608000000,0
workspaceModel.load.cache.metadata.from.file.ms,1769611668609000000,1769611728608000000,0
workspaceModel.mutableEntityStorage.apply.changes.from.ms,1769611668609000000,1769611728608000000,0
workspaceModel.global.updates.count,1769611668609000000,1769611728608000000,0
jps.save.global.entities.ms,1769611668609000000,1769611728608000000,0
workspaceModel.global.apply.state.to.project.ms,1769611668609000000,1769611728608000000,0
workspaceModel.moduleManagerBridge.load.module.ms,1769611668609000000,1769611728608000000,0
workspaceModel.mutableEntityStorage.changeLog.addReplaceEventForNewParent.ms,1769611668609000000,1769611728608000000,0
jps.module.iml.entities.serializer.save.entities.ms,1769611668609000000,1769611728608000000,0
jps.apply.loaded.storage.ms,1769611668609000000,1769611728608000000,0
jps.global.initialize.library.bridges.after.loading.ms,1769611668609000000,1769611728608000000,0
jps.facet.change.listener.init.bridge.ms,1769611668609000000,1769611728608000000,0
jps.global.handle.before.change.events.ms,1769611668609000000,1769611728608000000,0
workspaceModel.moduleManagerBridge.build.module.graph.ms,1769611668609000000,1769611728608000000,0
workspaceModel.moduleBridgeLoader.loading.modules.ms,1769611668609000000,1769611728608000000,0
jps.library.entities.serializer.load.entities.ms,1769611668609000000,1769611728608000000,0
workspaceModel.load.cache.from.file.ms,1769611668609000000,1769611728608000000,0
jps.save.changed.project.entities.ms,1769611668609000000,1769611728608000000,0
workspaceModel.delayed.project.synchronizer.sync.ms,1769611668609000000,1769611728608000000,0
jps.reload.project.entities.ms,1769611668609000000,1769611728608000000,0
jps.load.project.to.empty.storage.ms,1769611668609000000,1769611728608000000,0
workspaceModel.do.save.caches.ms,1769611668609000000,1769611728608000000,0
workspaceModel.mutableEntityStorage.entities.ms,1769611668609000000,1769611728608000000,0
jps.global.get.library.ms,1769611668609000000,1769611728608000000,0
workspaceModel.moduleBridge.update.option.ms,1769611668609000000,1769611728608000000,0
workspaceModel.moduleManagerBridge.load.all.modules.ms,1769611668609000000,1769611728608000000,0
workspaceModel.mutableEntityStorage.referrers.ms,1769611668609000000,1769611728608000000,0
jps.artifact.entities.serializer.save.entities.ms,1769611668609000000,1769611728608000000,0
jps.app.storage.content.reader.load.component.ms,1769611668609000000,1769611728608000000,0
workspaceModel.mutableEntityStorage.remove.entity.ms,1769611668609000000,1769611728608000000,0
workspaceModel.mutableEntityStorage.changeLog.addReplaceEventForNewChild.ms,1769611668609000000,1769611728608000000,0
workspaceModel.mutableEntityStorage.entities.by.source.ms,1769611668609000000,1769611728608000000,0
workspaceModel.moduleBridge.before.changed.ms,1769611668609000000,1769611728608000000,0
jps.library.entities.serializer.save.entities.ms,1769611668609000000,1769611728608000000,0
workspaceModel.mutableEntityStorage.resolve.ms,1769611668609000000,1769611728608000000,0
workspaceModel.mutableEntityStorage.put.entity.ms,1769611668609000000,1769611728608000000,0
workspaceModel.global.updates.ms,1769611668609000000,1769611728608000000,0
workspaceModel.mutableEntityStorage.changeLog.addReplaceEventForRemovedParent.ms,1769611668609000000,1769611728608000000,0
workspaceModel.sync.entities.ms,1769611668609000000,1769611728608000000,0
jps.app.storage.content.writer.save.component.ms,1769611668609000000,1769611728608000000,0
workspaceModel.mutableEntityStorage.add.entity.ms,1769611668609000000,1769611728608000000,0
workspaceModel.moduleManagerBridge.create.module.instance.ms,1769611668609000000,1769611728608000000,0
jps.storage.jps.conf.reader.load.component.ms,1769611668609000000,1769611728608000000,0
VFS.fileChildByName,1769611668609000000,1769611728608000000,0
VFS.contentStorage.recordsStored,1769611668609000000,1769611728608000000,0
VFS.contentStorage.recordsUncompressedSize,1769611668609000000,1769611728608000000,0
VFS.fileByIdCache.misses,1769611668609000000,1769611728608000000,0
FileNameCache.totalMisses,1769611668609000000,1769611728608000000,0
VFS.contentStorage.recordsDeduplicated,1769611668609000000,1769611728608000000,0
VFS.contentStorage.recordsReadSize,1769611668609000000,1769611728608000000,0
VFS.fileByIdCache.hits,1769611668609000000,1769611728608000000,0
VFS.contentStorage.recordsStoredCompressed,1769611668609000000,1769611728608000000,0
VFS.contentStorage.recordsDecompressionTimeUs,1769611668609000000,1769611728608000000,0
VFS.invertedFileNameIndex.requests,1769611668609000000,1769611728608000000,0
FileNameCache.queries,1769611668609000000,1769611728608000000,0
VFS.contentStorage.recordsReadDecompressed,1769611668609000000,1769611728608000000,0
VFS.contentStorage.recordsStoredSize,1769611668609000000,1769611728608000000,0
VFS.contentStorage.recordsRead,1769611668609000000,1769611728608000000,0
JVM.totalTimeAtSafepointsMs,1769611668609000000,1769611728608000000,0
JVM.newThreadsCount,1769611668609000000,1769611728608000000,1
JVM.totalDirectByteBuffersBytes,1769611668609000000,1769611728608000000,142546190
JVM.maxHeapBytes,1769611668609000000,1769611728608000000,4196401152
OS.loadAverage,1769611668609000000,1769611728608000000,1.4375
JVM.usedNativeBytes,1769611668609000000,1769611728608000000,412241408
JVM.totalSafepointCount,1769611668609000000,1769611728608000000,2
JVM.totalCpuTimeMs,1769611668609000000,1769611728608000000,570
JVM.GC.collections,1769611668609000000,1769611728608000000,0
JVM.totalTimeToSafepointsMs,1769611668609000000,1769611728608000000,0
JVM.GC.collectionTimesMs,1769611668609000000,1769611728608000000,0
JVM.threadCount,1769611668609000000,1769611728608000000,52
JVM.totalBytesAllocated,1769611668609000000,1769611728608000000,28209184
JVM.maxThreadCount,1769611668609000000,1769611728608000000,151
JVM.usedHeapBytes,1769611668609000000,1769611728608000000,726397720
parser.RELAX-NG.size.bytes,1769611728608000000,1769611788609000000,17573
DiskQueryRelay.tasksExecuted,1769611728608000000,1769611788609000000,49
parser.HTML.size.bytes,1769611728608000000,1769611788609000000,6659
parser.HTML.time.ns,1769611728608000000,1769611788609000000,1105142
writeAction.median.wait.ms,1769611728608000000,1769611788609000000,0
writeAction.wait.ms,1769611728608000000,1769611788609000000,1
writeAction.max.wait.ms,1769611728608000000,1769611788609000000,265
DiskQueryRelay.tasksRequested,1769611728608000000,1769611788609000000,49
parser.RELAX-NG.time.ns,1769611728608000000,1769611788609000000,1558511
DiskQueryRelay.taskWaitingTotalTimeUs,1769611728608000000,1769611788609000000,894
lexer.RELAX-NG.size.bytes,1769611728608000000,1769611788609000000,17573
writeAction.count,1769611728608000000,1769611788609000000,8
lexer.RELAX-NG.time.ns,1769611728608000000,1769611788609000000,1516962
lexer.HTML.time.ns,1769611728608000000,1769611788609000000,1154806
DiskQueryRelay.taskExecutionTotalTimeUs,1769611728608000000,1769611788609000000,778
lexer.HTML.size.bytes,1769611728608000000,1769611788609000000,6659
cacheStateStorage.set.counter,1769611728608000000,1769611788609000000,6
cacheStateStorage.get.counter,1769611728608000000,1769611788609000000,1
cacheStateStorage.set.duration,1769611728608000000,1769611788609000000,0
cacheStateStorage.get.duration,1769611728608000000,1769611788609000000,0
workspaceModel.cachedValue.from.cache.count,1769611728608000000,1769611788609000000,247
workspaceModel.cachedValueWithParameters.calculated.count,1769611728608000000,1769611788609000000,0
workspaceModel.entityStorageSnapshotImpl.instances.count,1769611728608000000,1769611788609000000,0
workspaceModel.full.replace.project.model.ms,1769611728608000000,1769611788609000000,0
workspaceModel.workspaceFileIndexData.instances.count,1769611728608000000,1769611788609000000,0
workspaceModel.pre.handlers.ms,1769611728608000000,1769611788609000000,0
workspaceModel.workspaceFileIndexContributor.registerFileSets.ms,1769611728608000000,1769611788609000000,0
workspaceModel.replace.project.model.ms,1769611728608000000,1769611788609000000,0
workspaceModel.to.snapshot.ms,1769611728608000000,1769611788609000000,0
workspaceModel.workspaceFileIndexData.updateDirtyEntities.ms,1769611728608000000,1769611788609000000,0
workspaceModel.cachedValueWithParameters.clear.count,1769611728608000000,1769611788609000000,0
workspaceModel.workspaceFileIndexData.processFileSets.ms,1769611728608000000,1769611788609000000,0
workspaceModel.on.changed.ms,1769611728608000000,1769611788609000000,0
workspaceModel.collect.changes.ms,1769611728608000000,1769611788609000000,0
workspaceModel.workspaceFileIndexData.visitFileSets.ms,1769611728608000000,1769611788609000000,0
workspaceModel.workspaceFileIndexData.init.ms,1769611728608000000,1769611788609000000,0
workspaceModel.init.bridges.ms,1769611728608000000,1769611788609000000,0
workspaceModel.workspaceFileIndexData.getDirectoriesByPackageName.ms,1769611728608000000,1769611788609000000,0
workspaceModel.updates.precise.ms,1769611728608000000,1769611788609000000,0
workspaceModel.cachedValue.total.get.count,1769611728608000000,1769611788609000000,247
workspaceModel.updates.ms,1769611728608000000,1769611788609000000,0
workspaceModel.cachedValue.clear.count,1769611728608000000,1769611788609000000,0
workspaceModel.workspaceFileIndexData.getPackageName.ms,1769611728608000000,1769611788609000000,0
workspaceModel.initializing.ms,1769611728608000000,1769611788609000000,0
workspaceModel.cachedValueWithParameters.from.cache.count,1769611728608000000,1769611788609000000,0
workspaceModel.cachedValueWithParameters.total.get.count,1769611728608000000,1769611788609000000,0
workspaceModel.check.recursive.update.ms,1769611728608000000,1769611788609000000,0
workspaceModel.workspaceFileIndexData.onEntitiesChanged.ms,1769611728608000000,1769611788609000000,0
workspaceModel.cachedValue.calculated.count,1769611728608000000,1769611788609000000,0
workspaceModel.workspaceFileIndexData.getFileInfo.ms,1769611728608000000,1769611788609000000,4
workspaceModel.on.before.changed.ms,1769611728608000000,1769611788609000000,0
workspaceModel.workspaceFileIndexData.markDirty.ms,1769611728608000000,1769611788609000000,0
workspaceModel.update.unloaded.entities.ms,1769611728608000000,1769611788609000000,0
workspaceModel.updates.count,1769611728608000000,1769611788609000000,0
workspaceModel.loading.from.cache.ms,1769611728608000000,1769611788609000000,0
workspaceModel.loading.total.ms,1769611728608000000,1769611788609000000,0
AWTEventQueue.dispatchTimeMaxNs,1769611728608000000,1769611788609000000,0
NonBlockingReadAction.finalizedExecutionTimeUs,1769611728608000000,1769611788609000000,45728
FlushQueue.executionTime90PNs,1769611728608000000,1769611788609000000,0
FlushQueue.waitingTime90PNs,1769611728608000000,1769611788609000000,0
FlushQueue.waitingTimeAvgNs,1769611728608000000,1769611788609000000,0.0
NonBlockingReadAction.failedExecutionsCount,1769611728608000000,1769611788609000000,0
AWTEventQueue.eventsDispatched,1769611728608000000,1769611788609000000,0
FlushQueue.executionTimeMaxNs,1769611728608000000,1769611788609000000,0
FlushQueue.waitingTimeMaxNs,1769611728608000000,1769611788609000000,0
FlushQueue.queueSize90P,1769611728608000000,1769611788609000000,0
AWTEventQueue.dispatchTimeTotalNS,1769611728608000000,1769611788609000000,1809333596
NonBlockingReadAction.finalizedExecutionsCount,1769611728608000000,1769611788609000000,814
FlushQueue.queueSizeMax,1769611728608000000,1769611788609000000,0
AWTEventQueue.dispatchTimeAvgNs,1769611728608000000,1769611788609000000,0.0
FlushQueue.queueSizeAvg,1769611728608000000,1769611788609000000,0.0
AWTEventQueue.dispatchTime90PNs,1769611728608000000,1769611788609000000,0
ReadAction.executionsCount,1769611728608000000,1769611788609000000,412346
FlushQueue.executionTimeAvgNs,1769611728608000000,1769611788609000000,0.0
FlushQueue.tasksExecuted,1769611728608000000,1769611788609000000,0
WriteAction.executionsCount,1769611728608000000,1769611788609000000,8
NonBlockingReadAction.failedExecutionTimeUs,1769611728608000000,1769611788609000000,0
FilePageCacheLockFree.totalNativeBytesAllocated,1769611728608000000,1769611788609000000,0
MappedFileStorage.storages,1769611728608000000,1769611788609000000,16
FilePageCacheLockFree.totalHeapBytesAllocated,1769611728608000000,1769611788609000000,0
StreamlinedBlobStorage.totalLiveRecordsCapacityBytes,1769611728608000000,1769611788609000000,0
MappedFileStorage.totalPagesMapped,1769611728608000000,1769611788609000000,21
FilePageCacheLockFree.housekeeperTurnsSkipped,1769611728608000000,1769611788609000000,0
FilePageCacheLockFree.totalPagesRequestsMs,1769611728608000000,1769611788609000000,0
FilePageCacheLockFree.housekeeperTimeSpentMs,1769611728608000000,1769611788609000000,0
FilePageCache.pageLoadsAboveSizeThreshold,1769611728608000000,1769611788609000000,0
FilePageCacheLockFree.totalPagesHandedOver,1769611728608000000,1769611788609000000,0
FilePageCacheLockFree.totalPagesReadMs,1769611728608000000,1769611788609000000,0
FilePageCacheLockFree.housekeeperTurnsDone,1769611728608000000,1769611788609000000,0
StorageLockContext.competingThreads.90P,1769611728608000000,1769611788609000000,0
FilePageCacheLockFree.totalPageAllocationsWaited,1769611728608000000,1769611788609000000,0
DirectByteBufferAllocator.totalSizeOfBuffersAllocatedInBytes,1769611728608000000,1769611788609000000,141582336
DirectByteBufferAllocator.disposed,1769611728608000000,1769611788609000000,0
MappedFileStorage.totalBytesMapped,1769611728608000000,1769611788609000000,261357568
FilePageCache.pageLoads,1769611728608000000,1769611788609000000,0
FilePageCache.pageFastCacheHits,1769611728608000000,1769611788609000000,44
StorageLockContext.competingThreads.avg,1769611728608000000,1769611788609000000,0.0
StreamlinedBlobStorage.totalLiveRecordsPayloadBytes,1769611728608000000,1769611788609000000,0
FileChannelInterruptsRetryer.totalRetriedAttempts,1769611728608000000,1769611788609000000,0
FilePageCacheLockFree.nativeBytesInUse,1769611728608000000,1769611788609000000,0
FilePageCache.uncachedFileAccess,1769611728608000000,1769611788609000000,3
FilePageCacheLockFree.totalPagesWriteMs,1769611728608000000,1769611788609000000,0
FilePageCacheLockFree.totalBytesWritten,1769611728608000000,1769611788609000000,0
MappedFileStorage.totalTimeSpentOnMappingUs,1769611728608000000,1769611788609000000,13217
FilePageCache.totalPageLoadsUs,1769611728608000000,1769611788609000000,0
FilePageCache.pageHits,1769611728608000000,1769611788609000000,0
FilePageCache.totalPageDisposalsUs,1769611728608000000,1769611788609000000,0
FilePageCacheLockFree.totalBytesRead,1769611728608000000,1769611788609000000,0
DirectByteBufferAllocator.reclaimed,1769611728608000000,1769611788609000000,0
FilePageCache.disposedBuffers,1769611728608000000,1769611788609000000,0
FilePageCacheLockFree.totalBytesRequested,1769611728608000000,1769611788609000000,0
FilePageCacheLockFree.totalPagesRequested,1769611728608000000,1769611788609000000,0
DirectByteBufferAllocator.totalSizeOfBuffersCachedInBytes,1769611728608000000,1769611788609000000,0
FilePageCacheLockFree.totalPagesReclaimed,1769611728608000000,1769611788609000000,0
FilePageCacheLockFree.totalNativeBytesReclaimed,1769611728608000000,1769611788609000000,0
StreamlinedBlobStorage.recordsRelocated,1769611728608000000,1769611788609000000,0
FilePageCacheLockFree.heapBytesInUse,1769611728608000000,1769611788609000000,0
DirectByteBufferAllocator.hits,1769611728608000000,1769611788609000000,0
DirectByteBufferAllocator.misses,1769611728608000000,1769611788609000000,0
StreamlinedBlobStorage.recordsAllocated,1769611728608000000,1769611788609000000,0
FilePageCacheLockFree.totalClosedStoragesReclaimed,1769611728608000000,1769611788609000000,0
FilePageCacheLockFree.totalHeapBytesReclaimed,1769611728608000000,1769611788609000000,0
FilePageCacheLockFree.totalPagesAllocated,1769611728608000000,1769611788609000000,0
FilePageCache.capacityInBytes,1769611728608000000,1769611788609000000,503316478
StreamlinedBlobStorage.recordsDeleted,1769611728608000000,1769611788609000000,0
FilePageCache.maxCacheSizeInBytes,1769611728608000000,1769611788609000000,141582336
FilePageCacheLockFree.totalPagesWritten,1769611728608000000,1769611788609000000,0
FilePageCache.maxRegisteredFiles,1769611728608000000,1769611788609000000,252
StorageLockContext.competingThreads.max,1769611728608000000,1769611788609000000,0
Indexing.writer_3.totalTimeSpentWritingMs,1769611728608000000,1769611788609000000,0
Indexes.allKeys.lookupDuration90PMs,1769611728608000000,1769611788609000000,0.0
Indexes.entries.lookupDuration90PMs,1769611728608000000,1769611788609000000,0.0
Indexes.allKeys.lookups,1769611728608000000,1769611788609000000,2
Indexes.allKeys.lookupDurationMaxMs,1769611728608000000,1769611788609000000,0.0
Indexing.writer_2.totalTimeSpentWritingMs,1769611728608000000,1769611788609000000,0
Indexes.stubs.lookupDurationMaxMs,1769611728608000000,1769611788609000000,0.0
Indexes.allKeys.lookupDurationAvgMs,1769611728608000000,1769611788609000000,0.0
Indexing.cache.totalCacheEvicted,1769611728608000000,1769611788609000000,2
Indexes.stubs.lookupDuration90PMs,1769611728608000000,1769611788609000000,0.0
IndexesFlusher.totalFlushes,1769611728608000000,1769611788609000000,60
Indexing.cache.totalCacheAccesses,1769611728608000000,1769611788609000000,3
Indexes.stubs.lookups,1769611728608000000,1769611788609000000,0
IndexesFlusher.totalFlushingTimeUs,1769611728608000000,1769611788609000000,30779
Indexes.entries.lookupDurationAvgMs,1769611728608000000,1769611788609000000,0.0
Indexing.totalTimeIndexersSleptMs,1769611728608000000,1769611788609000000,0
Indexes.entries.lookups,1769611728608000000,1769611788609000000,0
Indexing.writesQueuedMin,1769611728608000000,1769611788609000000,9223372036854775807
Indexing.writesQueuedMax,1769611728608000000,1769611788609000000,0
Indexing.writer_0.totalTimeSpentWritingMs,1769611728608000000,1769611788609000000,0
Indexing.writer_1.totalTimeSpentWritingMs,1769611728608000000,1769611788609000000,0
Indexes.entries.lookupDurationMaxMs,1769611728608000000,1769611788609000000,0.0
Indexing.cache.totalCacheMisses,1769611728608000000,1769611788609000000,2
IndexesFlusher.totalContentionQuotaSpent,1769611728608000000,1769611788609000000,0
Indexes.stubs.lookupDurationAvgMs,1769611728608000000,1769611788609000000,0.0
IndexesFlusher.totalFlushesRetried,1769611728608000000,1769611788609000000,0
jps.artifact.entities.serializer.load.entities.ms,1769611728608000000,1769611788609000000,0
workspaceModel.mutableEntityStorage.changeLog.addReplaceEventForRemovedChild.ms,1769611728608000000,1769611788609000000,0
jps.facet.change.listener.before.change.events.ms,1769611728608000000,1769611788609000000,0
jps.load.initial.state.ms,1769611728608000000,1769611788609000000,0
workspaceModel.mutableEntityStorage.collect.changes.ms,1769611728608000000,1769611788609000000,0
workspaceModel.mutableEntityStorage.modify.entity.ms,1769611728608000000,1769611788609000000,0
jps.global.initialize.library.bridges.ms,1769611728608000000,1769611788609000000,0
workspaceModel.save.cache.to.file.ms,1769611728608000000,1769611788609000000,0
jps.project.serializers.save.ms,1769611728608000000,1769611788609000000,0
jps.global.handle.changed.events.ms,1769611728608000000,1769611788609000000,0
jps.module.dependency.index.workspace.model.listener.on.changed.ms,1769611728608000000,1769611788609000000,0
workspaceModel.moduleManagerBridge.newModule.ms,1769611728608000000,1769611788609000000,0
workspaceModel.mutableEntityStorage.replace.by.source.ms,1769611728608000000,1769611788609000000,0
workspaceModel.orphan.listener.update.ms,1769611728608000000,1769611788609000000,0
jps.facet.change.listener.process.change.events.ms,1769611728608000000,1769611788609000000,0
workspaceModel.moduleManagerBridge.set.unloadedModules.ms,1769611728608000000,1769611788609000000,0
workspaceModel.mutableEntityStorage.to.snapshot.ms,1769611728608000000,1769611788609000000,0
workspaceModel.global.apply.state.to.project.builder.ms,1769611728608000000,1769611788609000000,0
workspaceModel.mutableEntityStorage.has.same.entities.ms,1769611728608000000,1769611788609000000,0
workspaceModel.mutableEntityStorage.instances.count,1769611728608000000,1769611788609000000,0
workspaceModel.moduleBridge.facet.initialization.ms,1769611728608000000,1769611788609000000,0
workspaceModel.moduleManagerBridge.get.modules.ms,1769611728608000000,1769611788609000000,0
workspaceModel.moduleManagerBridge.new.nonPersistent.module.ms,1769611728608000000,1769611788609000000,0
jps.global.get.library.by.name.ms,1769611728608000000,1769611788609000000,0
workspaceModel.mutableEntityStorage.mutable.vfurl.index.ms,1769611728608000000,1769611788609000000,0
workspaceModel.mutableEntityStorage.mutable.ext.mapping.ms,1769611728608000000,1769611788609000000,0
jps.global.get.libraries.ms,1769611728608000000,1769611788609000000,0
jps.module.iml.entities.serializer.load.entities.ms,1769611728608000000,1769611788609000000,0
jps.project.serializers.load.ms,1769611728608000000,1769611788609000000,0
workspaceModel.load.cache.metadata.from.file.ms,1769611728608000000,1769611788609000000,0
workspaceModel.mutableEntityStorage.apply.changes.from.ms,1769611728608000000,1769611788609000000,0
workspaceModel.global.updates.count,1769611728608000000,1769611788609000000,0
jps.save.global.entities.ms,1769611728608000000,1769611788609000000,7
workspaceModel.global.apply.state.to.project.ms,1769611728608000000,1769611788609000000,0
workspaceModel.moduleManagerBridge.load.module.ms,1769611728608000000,1769611788609000000,0
workspaceModel.mutableEntityStorage.changeLog.addReplaceEventForNewParent.ms,1769611728608000000,1769611788609000000,0
jps.module.iml.entities.serializer.save.entities.ms,1769611728608000000,1769611788609000000,0
jps.apply.loaded.storage.ms,1769611728608000000,1769611788609000000,0
jps.global.initialize.library.bridges.after.loading.ms,1769611728608000000,1769611788609000000,0
jps.facet.change.listener.init.bridge.ms,1769611728608000000,1769611788609000000,0
jps.global.handle.before.change.events.ms,1769611728608000000,1769611788609000000,0
workspaceModel.moduleManagerBridge.build.module.graph.ms,1769611728608000000,1769611788609000000,0
workspaceModel.moduleBridgeLoader.loading.modules.ms,1769611728608000000,1769611788609000000,0
jps.library.entities.serializer.load.entities.ms,1769611728608000000,1769611788609000000,0
workspaceModel.load.cache.from.file.ms,1769611728608000000,1769611788609000000,0
jps.save.changed.project.entities.ms,1769611728608000000,1769611788609000000,0
workspaceModel.delayed.project.synchronizer.sync.ms,1769611728608000000,1769611788609000000,0
jps.reload.project.entities.ms,1769611728608000000,1769611788609000000,0
jps.load.project.to.empty.storage.ms,1769611728608000000,1769611788609000000,0
workspaceModel.do.save.caches.ms,1769611728608000000,1769611788609000000,0
workspaceModel.mutableEntityStorage.entities.ms,1769611728608000000,1769611788609000000,0
jps.global.get.library.ms,1769611728608000000,1769611788609000000,0
workspaceModel.moduleBridge.update.option.ms,1769611728608000000,1769611788609000000,0
workspaceModel.moduleManagerBridge.load.all.modules.ms,1769611728608000000,1769611788609000000,0
workspaceModel.mutableEntityStorage.referrers.ms,1769611728608000000,1769611788609000000,0
jps.artifact.entities.serializer.save.entities.ms,1769611728608000000,1769611788609000000,0
jps.app.storage.content.reader.load.component.ms,1769611728608000000,1769611788609000000,0
workspaceModel.mutableEntityStorage.remove.entity.ms,1769611728608000000,1769611788609000000,0
workspaceModel.mutableEntityStorage.changeLog.addReplaceEventForNewChild.ms,1769611728608000000,1769611788609000000,0
workspaceModel.mutableEntityStorage.entities.by.source.ms,1769611728608000000,1769611788609000000,0
workspaceModel.moduleBridge.before.changed.ms,1769611728608000000,1769611788609000000,0
jps.library.entities.serializer.save.entities.ms,1769611728608000000,1769611788609000000,0
workspaceModel.mutableEntityStorage.resolve.ms,1769611728608000000,1769611788609000000,0
workspaceModel.mutableEntityStorage.put.entity.ms,1769611728608000000,1769611788609000000,0
workspaceModel.global.updates.ms,1769611728608000000,1769611788609000000,0
workspaceModel.mutableEntityStorage.changeLog.addReplaceEventForRemovedParent.ms,1769611728608000000,1769611788609000000,0
workspaceModel.sync.entities.ms,1769611728608000000,1769611788609000000,0
jps.app.storage.content.writer.save.component.ms,1769611728608000000,1769611788609000000,3
workspaceModel.mutableEntityStorage.add.entity.ms,1769611728608000000,1769611788609000000,0
workspaceModel.moduleManagerBridge.create.module.instance.ms,1769611728608000000,1769611788609000000,0
jps.storage.jps.conf.reader.load.component.ms,1769611728608000000,1769611788609000000,0
VFS.fileChildByName,1769611728608000000,1769611788609000000,7274
VFS.contentStorage.recordsStored,1769611728608000000,1769611788609000000,1
VFS.contentStorage.recordsUncompressedSize,1769611728608000000,1769611788609000000,2411
VFS.fileByIdCache.misses,1769611728608000000,1769611788609000000,0
FileNameCache.totalMisses,1769611728608000000,1769611788609000000,0
VFS.contentStorage.recordsDeduplicated,1769611728608000000,1769611788609000000,0
VFS.contentStorage.recordsReadSize,1769611728608000000,1769611788609000000,27153
VFS.fileByIdCache.hits,1769611728608000000,1769611788609000000,0
VFS.contentStorage.recordsStoredCompressed,1769611728608000000,1769611788609000000,0
VFS.contentStorage.recordsDecompressionTimeUs,1769611728608000000,1769611788609000000,48
VFS.invertedFileNameIndex.requests,1769611728608000000,1769611788609000000,0
FileNameCache.queries,1769611728608000000,1769611788609000000,704
VFS.contentStorage.recordsReadDecompressed,1769611728608000000,1769611788609000000,1
VFS.contentStorage.recordsStoredSize,1769611728608000000,1769611788609000000,2411
VFS.contentStorage.recordsRead,1769611728608000000,1769611788609000000,5
JVM.totalTimeAtSafepointsMs,1769611728608000000,1769611788609000000,28
JVM.newThreadsCount,1769611728608000000,1769611788609000000,26
JVM.totalDirectByteBuffersBytes,1769611728608000000,1769611788609000000,142607461
JVM.maxHeapBytes,1769611728608000000,1769611788609000000,4196401152
OS.loadAverage,1769611728608000000,1769611788609000000,1.412109375
JVM.usedNativeBytes,1769611728608000000,1769611788609000000,405257360
JVM.totalSafepointCount,1769611728608000000,1769611788609000000,34
JVM.totalCpuTimeMs,1769611728608000000,1769611788609000000,6620
JVM.GC.collections,1769611728608000000,1769611788609000000,5
JVM.totalTimeToSafepointsMs,1769611728608000000,1769611788609000000,0
JVM.GC.collectionTimesMs,1769611728608000000,1769611788609000000,27
JVM.threadCount,1769611728608000000,1769611788609000000,72
JVM.totalBytesAllocated,1769611728608000000,1769611788609000000,479660640
JVM.maxThreadCount,1769611728608000000,1769611788609000000,151
JVM.usedHeapBytes,1769611728608000000,1769611788609000000,627612480
DiskQueryRelay.tasksExecuted,1769611788609000000,1769611848609000000,45
writeAction.median.wait.ms,1769611788609000000,1769611848609000000,0
writeAction.wait.ms,1769611788609000000,1769611848609000000,0
writeAction.max.wait.ms,1769611788609000000,1769611848609000000,265
DiskQueryRelay.tasksRequested,1769611788609000000,1769611848609000000,45
DiskQueryRelay.taskWaitingTotalTimeUs,1769611788609000000,1769611848609000000,710
writeAction.count,1769611788609000000,1769611848609000000,0
DiskQueryRelay.taskExecutionTotalTimeUs,1769611788609000000,1769611848609000000,668
cacheStateStorage.set.counter,1769611788609000000,1769611848609000000,0
cacheStateStorage.get.counter,1769611788609000000,1769611848609000000,0
cacheStateStorage.set.duration,1769611788609000000,1769611848609000000,0
cacheStateStorage.get.duration,1769611788609000000,1769611848609000000,0
workspaceModel.cachedValue.from.cache.count,1769611788609000000,1769611848609000000,49
workspaceModel.cachedValueWithParameters.calculated.count,1769611788609000000,1769611848609000000,0
workspaceModel.entityStorageSnapshotImpl.instances.count,1769611788609000000,1769611848609000000,0
workspaceModel.full.replace.project.model.ms,1769611788609000000,1769611848609000000,0
workspaceModel.workspaceFileIndexData.instances.count,1769611788609000000,1769611848609000000,0
workspaceModel.pre.handlers.ms,1769611788609000000,1769611848609000000,0
workspaceModel.workspaceFileIndexContributor.registerFileSets.ms,1769611788609000000,1769611848609000000,0
workspaceModel.replace.project.model.ms,1769611788609000000,1769611848609000000,0
workspaceModel.to.snapshot.ms,1769611788609000000,1769611848609000000,0
workspaceModel.workspaceFileIndexData.updateDirtyEntities.ms,1769611788609000000,1769611848609000000,0
workspaceModel.cachedValueWithParameters.clear.count,1769611788609000000,1769611848609000000,0
workspaceModel.workspaceFileIndexData.processFileSets.ms,1769611788609000000,1769611848609000000,0
workspaceModel.on.changed.ms,1769611788609000000,1769611848609000000,0
workspaceModel.collect.changes.ms,1769611788609000000,1769611848609000000,0
workspaceModel.workspaceFileIndexData.visitFileSets.ms,1769611788609000000,1769611848609000000,0
workspaceModel.workspaceFileIndexData.init.ms,1769611788609000000,1769611848609000000,0
workspaceModel.init.bridges.ms,1769611788609000000,1769611848609000000,0
workspaceModel.workspaceFileIndexData.getDirectoriesByPackageName.ms,1769611788609000000,1769611848609000000,0
workspaceModel.updates.precise.ms,1769611788609000000,1769611848609000000,0
workspaceModel.cachedValue.total.get.count,1769611788609000000,1769611848609000000,49
workspaceModel.updates.ms,1769611788609000000,1769611848609000000,0
workspaceModel.cachedValue.clear.count,1769611788609000000,1769611848609000000,0
workspaceModel.workspaceFileIndexData.getPackageName.ms,1769611788609000000,1769611848609000000,0
workspaceModel.initializing.ms,1769611788609000000,1769611848609000000,0
workspaceModel.cachedValueWithParameters.from.cache.count,1769611788609000000,1769611848609000000,0
workspaceModel.cachedValueWithParameters.total.get.count,1769611788609000000,1769611848609000000,0
workspaceModel.check.recursive.update.ms,1769611788609000000,1769611848609000000,0
workspaceModel.workspaceFileIndexData.onEntitiesChanged.ms,1769611788609000000,1769611848609000000,0
workspaceModel.cachedValue.calculated.count,1769611788609000000,1769611848609000000,0
workspaceModel.workspaceFileIndexData.getFileInfo.ms,1769611788609000000,1769611848609000000,0
workspaceModel.on.before.changed.ms,1769611788609000000,1769611848609000000,0
workspaceModel.workspaceFileIndexData.markDirty.ms,1769611788609000000,1769611848609000000,0
workspaceModel.update.unloaded.entities.ms,1769611788609000000,1769611848609000000,0
workspaceModel.updates.count,1769611788609000000,1769611848609000000,0
workspaceModel.loading.from.cache.ms,1769611788609000000,1769611848609000000,0
workspaceModel.loading.total.ms,1769611788609000000,1769611848609000000,0
AWTEventQueue.dispatchTimeMaxNs,1769611788609000000,1769611848609000000,0
NonBlockingReadAction.finalizedExecutionTimeUs,1769611788609000000,1769611848609000000,2800
FlushQueue.executionTime90PNs,1769611788609000000,1769611848609000000,0
FlushQueue.waitingTime90PNs,1769611788609000000,1769611848609000000,0
FlushQueue.waitingTimeAvgNs,1769611788609000000,1769611848609000000,0.0
NonBlockingReadAction.failedExecutionsCount,1769611788609000000,1769611848609000000,0
AWTEventQueue.eventsDispatched,1769611788609000000,1769611848609000000,0
FlushQueue.executionTimeMaxNs,1769611788609000000,1769611848609000000,0
FlushQueue.waitingTimeMaxNs,1769611788609000000,1769611848609000000,0
FlushQueue.queueSize90P,1769611788609000000,1769611848609000000,0
AWTEventQueue.dispatchTimeTotalNS,1769611788609000000,1769611848609000000,756931606
NonBlockingReadAction.finalizedExecutionsCount,1769611788609000000,1769611848609000000,122
FlushQueue.queueSizeMax,1769611788609000000,1769611848609000000,0
AWTEventQueue.dispatchTimeAvgNs,1769611788609000000,1769611848609000000,0.0
FlushQueue.queueSizeAvg,1769611788609000000,1769611848609000000,0.0
AWTEventQueue.dispatchTime90PNs,1769611788609000000,1769611848609000000,0
ReadAction.executionsCount,1769611788609000000,1769611848609000000,31727
FlushQueue.executionTimeAvgNs,1769611788609000000,1769611848609000000,0.0
FlushQueue.tasksExecuted,1769611788609000000,1769611848609000000,0
WriteAction.executionsCount,1769611788609000000,1769611848609000000,0
NonBlockingReadAction.failedExecutionTimeUs,1769611788609000000,1769611848609000000,0
FilePageCacheLockFree.totalNativeBytesAllocated,1769611788609000000,1769611848609000000,0
MappedFileStorage.storages,1769611788609000000,1769611848609000000,16
FilePageCacheLockFree.totalHeapBytesAllocated,1769611788609000000,1769611848609000000,0
StreamlinedBlobStorage.totalLiveRecordsCapacityBytes,1769611788609000000,1769611848609000000,0
MappedFileStorage.totalPagesMapped,1769611788609000000,1769611848609000000,21
FilePageCacheLockFree.housekeeperTurnsSkipped,1769611788609000000,1769611848609000000,0
FilePageCacheLockFree.totalPagesRequestsMs,1769611788609000000,1769611848609000000,0
FilePageCacheLockFree.housekeeperTimeSpentMs,1769611788609000000,1769611848609000000,0
FilePageCache.pageLoadsAboveSizeThreshold,1769611788609000000,1769611848609000000,0
FilePageCacheLockFree.totalPagesHandedOver,1769611788609000000,1769611848609000000,0
FilePageCacheLockFree.totalPagesReadMs,1769611788609000000,1769611848609000000,0
FilePageCacheLockFree.housekeeperTurnsDone,1769611788609000000,1769611848609000000,0
StorageLockContext.competingThreads.90P,1769611788609000000,1769611848609000000,0
FilePageCacheLockFree.totalPageAllocationsWaited,1769611788609000000,1769611848609000000,0
DirectByteBufferAllocator.totalSizeOfBuffersAllocatedInBytes,1769611788609000000,1769611848609000000,141582336
DirectByteBufferAllocator.disposed,1769611788609000000,1769611848609000000,0
MappedFileStorage.totalBytesMapped,1769611788609000000,1769611848609000000,261357568
FilePageCache.pageLoads,1769611788609000000,1769611848609000000,0
FilePageCache.pageFastCacheHits,1769611788609000000,1769611848609000000,0
StorageLockContext.competingThreads.avg,1769611788609000000,1769611848609000000,0.0
StreamlinedBlobStorage.totalLiveRecordsPayloadBytes,1769611788609000000,1769611848609000000,0
FileChannelInterruptsRetryer.totalRetriedAttempts,1769611788609000000,1769611848609000000,0
FilePageCacheLockFree.nativeBytesInUse,1769611788609000000,1769611848609000000,0
FilePageCache.uncachedFileAccess,1769611788609000000,1769611848609000000,0
FilePageCacheLockFree.totalPagesWriteMs,1769611788609000000,1769611848609000000,0
FilePageCacheLockFree.totalBytesWritten,1769611788609000000,1769611848609000000,0
MappedFileStorage.totalTimeSpentOnMappingUs,1769611788609000000,1769611848609000000,13217
FilePageCache.totalPageLoadsUs,1769611788609000000,1769611848609000000,0
FilePageCache.pageHits,1769611788609000000,1769611848609000000,0
FilePageCache.totalPageDisposalsUs,1769611788609000000,1769611848609000000,0
FilePageCacheLockFree.totalBytesRead,1769611788609000000,1769611848609000000,0
DirectByteBufferAllocator.reclaimed,1769611788609000000,1769611848609000000,0
FilePageCache.disposedBuffers,1769611788609000000,1769611848609000000,0
FilePageCacheLockFree.totalBytesRequested,1769611788609000000,1769611848609000000,0
FilePageCacheLockFree.totalPagesRequested,1769611788609000000,1769611848609000000,0
DirectByteBufferAllocator.totalSizeOfBuffersCachedInBytes,1769611788609000000,1769611848609000000,0
FilePageCacheLockFree.totalPagesReclaimed,1769611788609000000,1769611848609000000,0
FilePageCacheLockFree.totalNativeBytesReclaimed,1769611788609000000,1769611848609000000,0
StreamlinedBlobStorage.recordsRelocated,1769611788609000000,1769611848609000000,0
FilePageCacheLockFree.heapBytesInUse,1769611788609000000,1769611848609000000,0
DirectByteBufferAllocator.hits,1769611788609000000,1769611848609000000,0
DirectByteBufferAllocator.misses,1769611788609000000,1769611848609000000,0
StreamlinedBlobStorage.recordsAllocated,1769611788609000000,1769611848609000000,0
FilePageCacheLockFree.totalClosedStoragesReclaimed,1769611788609000000,1769611848609000000,0
FilePageCacheLockFree.totalHeapBytesReclaimed,1769611788609000000,1769611848609000000,0
FilePageCacheLockFree.totalPagesAllocated,1769611788609000000,1769611848609000000,0
FilePageCache.capacityInBytes,1769611788609000000,1769611848609000000,503316478
StreamlinedBlobStorage.recordsDeleted,1769611788609000000,1769611848609000000,0
FilePageCache.maxCacheSizeInBytes,1769611788609000000,1769611848609000000,141582336
FilePageCacheLockFree.totalPagesWritten,1769611788609000000,1769611848609000000,0
FilePageCache.maxRegisteredFiles,1769611788609000000,1769611848609000000,252
StorageLockContext.competingThreads.max,1769611788609000000,1769611848609000000,0
Indexing.writer_3.totalTimeSpentWritingMs,1769611788609000000,1769611848609000000,0
Indexes.allKeys.lookupDuration90PMs,1769611788609000000,1769611848609000000,0.0
Indexes.entries.lookupDuration90PMs,1769611788609000000,1769611848609000000,0.0
Indexes.allKeys.lookups,1769611788609000000,1769611848609000000,0
Indexes.allKeys.lookupDurationMaxMs,1769611788609000000,1769611848609000000,0.0
Indexing.writer_2.totalTimeSpentWritingMs,1769611788609000000,1769611848609000000,0
Indexes.stubs.lookupDurationMaxMs,1769611788609000000,1769611848609000000,0.0
Indexes.allKeys.lookupDurationAvgMs,1769611788609000000,1769611848609000000,0.0
Indexing.cache.totalCacheEvicted,1769611788609000000,1769611848609000000,0
Indexes.stubs.lookupDuration90PMs,1769611788609000000,1769611848609000000,0.0
IndexesFlusher.totalFlushes,1769611788609000000,1769611848609000000,60
Indexing.cache.totalCacheAccesses,1769611788609000000,1769611848609000000,0
Indexes.stubs.lookups,1769611788609000000,1769611848609000000,0
IndexesFlusher.totalFlushingTimeUs,1769611788609000000,1769611848609000000,30590
Indexes.entries.lookupDurationAvgMs,1769611788609000000,1769611848609000000,0.0
Indexing.totalTimeIndexersSleptMs,1769611788609000000,1769611848609000000,0
Indexes.entries.lookups,1769611788609000000,1769611848609000000,0
Indexing.writesQueuedMin,1769611788609000000,1769611848609000000,9223372036854775807
Indexing.writesQueuedMax,1769611788609000000,1769611848609000000,0
Indexing.writer_0.totalTimeSpentWritingMs,1769611788609000000,1769611848609000000,0
Indexing.writer_1.totalTimeSpentWritingMs,1769611788609000000,1769611848609000000,0
Indexes.entries.lookupDurationMaxMs,1769611788609000000,1769611848609000000,0.0
Indexing.cache.totalCacheMisses,1769611788609000000,1769611848609000000,0
IndexesFlusher.totalContentionQuotaSpent,1769611788609000000,1769611848609000000,0
Indexes.stubs.lookupDurationAvgMs,1769611788609000000,1769611848609000000,0.0
IndexesFlusher.totalFlushesRetried,1769611788609000000,1769611848609000000,0
jps.artifact.entities.serializer.load.entities.ms,1769611788609000000,1769611848609000000,0
workspaceModel.mutableEntityStorage.changeLog.addReplaceEventForRemovedChild.ms,1769611788609000000,1769611848609000000,0
jps.facet.change.listener.before.change.events.ms,1769611788609000000,1769611848609000000,0
jps.load.initial.state.ms,1769611788609000000,1769611848609000000,0
workspaceModel.mutableEntityStorage.collect.changes.ms,1769611788609000000,1769611848609000000,0
workspaceModel.mutableEntityStorage.modify.entity.ms,1769611788609000000,1769611848609000000,0
jps.global.initialize.library.bridges.ms,1769611788609000000,1769611848609000000,0
workspaceModel.save.cache.to.file.ms,1769611788609000000,1769611848609000000,0
jps.project.serializers.save.ms,1769611788609000000,1769611848609000000,0
jps.global.handle.changed.events.ms,1769611788609000000,1769611848609000000,0
jps.module.dependency.index.workspace.model.listener.on.changed.ms,1769611788609000000,1769611848609000000,0
workspaceModel.moduleManagerBridge.newModule.ms,1769611788609000000,1769611848609000000,0
workspaceModel.mutableEntityStorage.replace.by.source.ms,1769611788609000000,1769611848609000000,0
workspaceModel.orphan.listener.update.ms,1769611788609000000,1769611848609000000,0
jps.facet.change.listener.process.change.events.ms,1769611788609000000,1769611848609000000,0
workspaceModel.moduleManagerBridge.set.unloadedModules.ms,1769611788609000000,1769611848609000000,0
workspaceModel.mutableEntityStorage.to.snapshot.ms,1769611788609000000,1769611848609000000,0
workspaceModel.global.apply.state.to.project.builder.ms,1769611788609000000,1769611848609000000,0
workspaceModel.mutableEntityStorage.has.same.entities.ms,1769611788609000000,1769611848609000000,0
workspaceModel.mutableEntityStorage.instances.count,1769611788609000000,1769611848609000000,0
workspaceModel.moduleBridge.facet.initialization.ms,1769611788609000000,1769611848609000000,0
workspaceModel.moduleManagerBridge.get.modules.ms,1769611788609000000,1769611848609000000,0
workspaceModel.moduleManagerBridge.new.nonPersistent.module.ms,1769611788609000000,1769611848609000000,0
jps.global.get.library.by.name.ms,1769611788609000000,1769611848609000000,0
workspaceModel.mutableEntityStorage.mutable.vfurl.index.ms,1769611788609000000,1769611848609000000,0
workspaceModel.mutableEntityStorage.mutable.ext.mapping.ms,1769611788609000000,1769611848609000000,0
jps.global.get.libraries.ms,1769611788609000000,1769611848609000000,0
jps.module.iml.entities.serializer.load.entities.ms,1769611788609000000,1769611848609000000,0
jps.project.serializers.load.ms,1769611788609000000,1769611848609000000,0
workspaceModel.load.cache.metadata.from.file.ms,1769611788609000000,1769611848609000000,0
workspaceModel.mutableEntityStorage.apply.changes.from.ms,1769611788609000000,1769611848609000000,0
workspaceModel.global.updates.count,1769611788609000000,1769611848609000000,0
jps.save.global.entities.ms,1769611788609000000,1769611848609000000,0
workspaceModel.global.apply.state.to.project.ms,1769611788609000000,1769611848609000000,0
workspaceModel.moduleManagerBridge.load.module.ms,1769611788609000000,1769611848609000000,0
workspaceModel.mutableEntityStorage.changeLog.addReplaceEventForNewParent.ms,1769611788609000000,1769611848609000000,0
jps.module.iml.entities.serializer.save.entities.ms,1769611788609000000,1769611848609000000,0
jps.apply.loaded.storage.ms,1769611788609000000,1769611848609000000,0
jps.global.initialize.library.bridges.after.loading.ms,1769611788609000000,1769611848609000000,0
jps.facet.change.listener.init.bridge.ms,1769611788609000000,1769611848609000000,0
jps.global.handle.before.change.events.ms,1769611788609000000,1769611848609000000,0
workspaceModel.moduleManagerBridge.build.module.graph.ms,1769611788609000000,1769611848609000000,0
workspaceModel.moduleBridgeLoader.loading.modules.ms,1769611788609000000,1769611848609000000,0
jps.library.entities.serializer.load.entities.ms,1769611788609000000,1769611848609000000,0
workspaceModel.load.cache.from.file.ms,1769611788609000000,1769611848609000000,0
jps.save.changed.project.entities.ms,1769611788609000000,1769611848609000000,0
workspaceModel.delayed.project.synchronizer.sync.ms,1769611788609000000,1769611848609000000,0
jps.reload.project.entities.ms,1769611788609000000,1769611848609000000,0
jps.load.project.to.empty.storage.ms,1769611788609000000,1769611848609000000,0
workspaceModel.do.save.caches.ms,1769611788609000000,1769611848609000000,0
workspaceModel.mutableEntityStorage.entities.ms,1769611788609000000,1769611848609000000,0
jps.global.get.library.ms,1769611788609000000,1769611848609000000,0
workspaceModel.moduleBridge.update.option.ms,1769611788609000000,1769611848609000000,0
workspaceModel.moduleManagerBridge.load.all.modules.ms,1769611788609000000,1769611848609000000,0
workspaceModel.mutableEntityStorage.referrers.ms,1769611788609000000,1769611848609000000,0
jps.artifact.entities.serializer.save.entities.ms,1769611788609000000,1769611848609000000,0
jps.app.storage.content.reader.load.component.ms,1769611788609000000,1769611848609000000,0
workspaceModel.mutableEntityStorage.remove.entity.ms,1769611788609000000,1769611848609000000,0
workspaceModel.mutableEntityStorage.changeLog.addReplaceEventForNewChild.ms,1769611788609000000,1769611848609000000,0
workspaceModel.mutableEntityStorage.entities.by.source.ms,1769611788609000000,1769611848609000000,0
workspaceModel.moduleBridge.before.changed.ms,1769611788609000000,1769611848609000000,0
jps.library.entities.serializer.save.entities.ms,1769611788609000000,1769611848609000000,0
workspaceModel.mutableEntityStorage.resolve.ms,1769611788609000000,1769611848609000000,0
workspaceModel.mutableEntityStorage.put.entity.ms,1769611788609000000,1769611848609000000,0
workspaceModel.global.updates.ms,1769611788609000000,1769611848609000000,0
workspaceModel.mutableEntityStorage.changeLog.addReplaceEventForRemovedParent.ms,1769611788609000000,1769611848609000000,0
workspaceModel.sync.entities.ms,1769611788609000000,1769611848609000000,0
jps.app.storage.content.writer.save.component.ms,1769611788609000000,1769611848609000000,0
workspaceModel.mutableEntityStorage.add.entity.ms,1769611788609000000,1769611848609000000,0
workspaceModel.moduleManagerBridge.create.module.instance.ms,1769611788609000000,1769611848609000000,0
jps.storage.jps.conf.reader.load.component.ms,1769611788609000000,1769611848609000000,0
VFS.fileChildByName,1769611788609000000,1769611848609000000,906
VFS.contentStorage.recordsStored,1769611788609000000,1769611848609000000,0
VFS.contentStorage.recordsUncompressedSize,1769611788609000000,1769611848609000000,0
VFS.fileByIdCache.misses,1769611788609000000,1769611848609000000,0
FileNameCache.totalMisses,1769611788609000000,1769611848609000000,0
VFS.contentStorage.recordsDeduplicated,1769611788609000000,1769611848609000000,0
VFS.contentStorage.recordsReadSize,1769611788609000000,1769611848609000000,0
VFS.fileByIdCache.hits,1769611788609000000,1769611848609000000,0
VFS.contentStorage.recordsStoredCompressed,1769611788609000000,1769611848609000000,0
VFS.contentStorage.recordsDecompressionTimeUs,1769611788609000000,1769611848609000000,0
VFS.invertedFileNameIndex.requests,1769611788609000000,1769611848609000000,0
FileNameCache.queries,1769611788609000000,1769611848609000000,0
VFS.contentStorage.recordsReadDecompressed,1769611788609000000,1769611848609000000,0
VFS.contentStorage.recordsStoredSize,1769611788609000000,1769611848609000000,0
VFS.contentStorage.recordsRead,1769611788609000000,1769611848609000000,0
JVM.totalTimeAtSafepointsMs,1769611788609000000,1769611848609000000,5
JVM.newThreadsCount,1769611788609000000,1769611848609000000,0
JVM.totalDirectByteBuffersBytes,1769611788609000000,1769611848609000000,142607461
JVM.maxHeapBytes,1769611788609000000,1769611848609000000,4196401152
OS.loadAverage,1769611788609000000,1769611848609000000,1.42431640625
JVM.usedNativeBytes,1769611788609000000,1769611848609000000,408338304
JVM.totalSafepointCount,1769611788609000000,1769611848609000000,26
JVM.totalCpuTimeMs,1769611788609000000,1769611848609000000,3290
JVM.GC.collections,1769611788609000000,1769611848609000000,1
JVM.totalTimeToSafepointsMs,1769611788609000000,1769611848609000000,1
JVM.GC.collectionTimesMs,1769611788609000000,1769611848609000000,4
JVM.threadCount,1769611788609000000,1769611848609000000,70
JVM.totalBytesAllocated,1769611788609000000,1769611848609000000,194049512
JVM.maxThreadCount,1769611788609000000,1769611848609000000,151
JVM.usedHeapBytes,1769611788609000000,1769611848609000000,533301560
DiskQueryRelay.tasksExecuted,1769611848609000000,1769611908608000000,23
writeAction.median.wait.ms,1769611848609000000,1769611908608000000,0
writeAction.wait.ms,1769611848609000000,1769611908608000000,0
writeAction.max.wait.ms,1769611848609000000,1769611908608000000,265
DiskQueryRelay.tasksRequested,1769611848609000000,1769611908608000000,23
DiskQueryRelay.taskWaitingTotalTimeUs,1769611848609000000,1769611908608000000,374
writeAction.count,1769611848609000000,1769611908608000000,0
DiskQueryRelay.taskExecutionTotalTimeUs,1769611848609000000,1769611908608000000,345
cacheStateStorage.set.counter,1769611848609000000,1769611908608000000,0
cacheStateStorage.get.counter,1769611848609000000,1769611908608000000,0
cacheStateStorage.set.duration,1769611848609000000,1769611908608000000,0
cacheStateStorage.get.duration,1769611848609000000,1769611908608000000,0
workspaceModel.cachedValue.from.cache.count,1769611848609000000,1769611908608000000,4
workspaceModel.cachedValueWithParameters.calculated.count,1769611848609000000,1769611908608000000,0
workspaceModel.entityStorageSnapshotImpl.instances.count,1769611848609000000,1769611908608000000,0
workspaceModel.full.replace.project.model.ms,1769611848609000000,1769611908608000000,0
workspaceModel.workspaceFileIndexData.instances.count,1769611848609000000,1769611908608000000,0
workspaceModel.pre.handlers.ms,1769611848609000000,1769611908608000000,0
workspaceModel.workspaceFileIndexContributor.registerFileSets.ms,1769611848609000000,1769611908608000000,0
workspaceModel.replace.project.model.ms,1769611848609000000,1769611908608000000,0
workspaceModel.to.snapshot.ms,1769611848609000000,1769611908608000000,0
workspaceModel.workspaceFileIndexData.updateDirtyEntities.ms,1769611848609000000,1769611908608000000,0
workspaceModel.cachedValueWithParameters.clear.count,1769611848609000000,1769611908608000000,0
workspaceModel.workspaceFileIndexData.processFileSets.ms,1769611848609000000,1769611908608000000,0
workspaceModel.on.changed.ms,1769611848609000000,1769611908608000000,0
workspaceModel.collect.changes.ms,1769611848609000000,1769611908608000000,0
workspaceModel.workspaceFileIndexData.visitFileSets.ms,1769611848609000000,1769611908608000000,0
workspaceModel.workspaceFileIndexData.init.ms,1769611848609000000,1769611908608000000,0
workspaceModel.init.bridges.ms,1769611848609000000,1769611908608000000,0
workspaceModel.workspaceFileIndexData.getDirectoriesByPackageName.ms,1769611848609000000,1769611908608000000,0
workspaceModel.updates.precise.ms,1769611848609000000,1769611908608000000,0
workspaceModel.cachedValue.total.get.count,1769611848609000000,1769611908608000000,4
workspaceModel.updates.ms,1769611848609000000,1769611908608000000,0
workspaceModel.cachedValue.clear.count,1769611848609000000,1769611908608000000,0
workspaceModel.workspaceFileIndexData.getPackageName.ms,1769611848609000000,1769611908608000000,0
workspaceModel.initializing.ms,1769611848609000000,1769611908608000000,0
workspaceModel.cachedValueWithParameters.from.cache.count,1769611848609000000,1769611908608000000,0
workspaceModel.cachedValueWithParameters.total.get.count,1769611848609000000,1769611908608000000,0
workspaceModel.check.recursive.update.ms,1769611848609000000,1769611908608000000,0
workspaceModel.workspaceFileIndexData.onEntitiesChanged.ms,1769611848609000000,1769611908608000000,0
workspaceModel.cachedValue.calculated.count,1769611848609000000,1769611908608000000,0
workspaceModel.workspaceFileIndexData.getFileInfo.ms,1769611848609000000,1769611908608000000,0
workspaceModel.on.before.changed.ms,1769611848609000000,1769611908608000000,0
workspaceModel.workspaceFileIndexData.markDirty.ms,1769611848609000000,1769611908608000000,0
workspaceModel.update.unloaded.entities.ms,1769611848609000000,1769611908608000000,0
workspaceModel.updates.count,1769611848609000000,1769611908608000000,0
workspaceModel.loading.from.cache.ms,1769611848609000000,1769611908608000000,0
workspaceModel.loading.total.ms,1769611848609000000,1769611908608000000,0
AWTEventQueue.dispatchTimeMaxNs,1769611848609000000,1769611908608000000,0
NonBlockingReadAction.finalizedExecutionTimeUs,1769611848609000000,1769611908608000000,122
FlushQueue.executionTime90PNs,1769611848609000000,1769611908608000000,0
FlushQueue.waitingTime90PNs,1769611848609000000,1769611908608000000,0
FlushQueue.waitingTimeAvgNs,1769611848609000000,1769611908608000000,0.0
NonBlockingReadAction.failedExecutionsCount,1769611848609000000,1769611908608000000,0
AWTEventQueue.eventsDispatched,1769611848609000000,1769611908608000000,0
FlushQueue.executionTimeMaxNs,1769611848609000000,1769611908608000000,0
FlushQueue.waitingTimeMaxNs,1769611848609000000,1769611908608000000,0
FlushQueue.queueSize90P,1769611848609000000,1769611908608000000,0
AWTEventQueue.dispatchTimeTotalNS,1769611848609000000,1769611908608000000,105412886
NonBlockingReadAction.finalizedExecutionsCount,1769611848609000000,1769611908608000000,17
FlushQueue.queueSizeMax,1769611848609000000,1769611908608000000,0
AWTEventQueue.dispatchTimeAvgNs,1769611848609000000,1769611908608000000,0.0
FlushQueue.queueSizeAvg,1769611848609000000,1769611908608000000,0.0
AWTEventQueue.dispatchTime90PNs,1769611848609000000,1769611908608000000,0
ReadAction.executionsCount,1769611848609000000,1769611908608000000,4204
FlushQueue.executionTimeAvgNs,1769611848609000000,1769611908608000000,0.0
FlushQueue.tasksExecuted,1769611848609000000,1769611908608000000,0
WriteAction.executionsCount,1769611848609000000,1769611908608000000,0
NonBlockingReadAction.failedExecutionTimeUs,1769611848609000000,1769611908608000000,0
FilePageCacheLockFree.totalNativeBytesAllocated,1769611848609000000,1769611908608000000,0
MappedFileStorage.storages,1769611848609000000,1769611908608000000,16
FilePageCacheLockFree.totalHeapBytesAllocated,1769611848609000000,1769611908608000000,0
StreamlinedBlobStorage.totalLiveRecordsCapacityBytes,1769611848609000000,1769611908608000000,0
MappedFileStorage.totalPagesMapped,1769611848609000000,1769611908608000000,21
FilePageCacheLockFree.housekeeperTurnsSkipped,1769611848609000000,1769611908608000000,0
FilePageCacheLockFree.totalPagesRequestsMs,1769611848609000000,1769611908608000000,0
FilePageCacheLockFree.housekeeperTimeSpentMs,1769611848609000000,1769611908608000000,0
FilePageCache.pageLoadsAboveSizeThreshold,1769611848609000000,1769611908608000000,0
FilePageCacheLockFree.totalPagesHandedOver,1769611848609000000,1769611908608000000,0
FilePageCacheLockFree.totalPagesReadMs,1769611848609000000,1769611908608000000,0
FilePageCacheLockFree.housekeeperTurnsDone,1769611848609000000,1769611908608000000,0
StorageLockContext.competingThreads.90P,1769611848609000000,1769611908608000000,0
FilePageCacheLockFree.totalPageAllocationsWaited,1769611848609000000,1769611908608000000,0
DirectByteBufferAllocator.totalSizeOfBuffersAllocatedInBytes,1769611848609000000,1769611908608000000,141582336
DirectByteBufferAllocator.disposed,1769611848609000000,1769611908608000000,0
MappedFileStorage.totalBytesMapped,1769611848609000000,1769611908608000000,261357568
FilePageCache.pageLoads,1769611848609000000,1769611908608000000,0
FilePageCache.pageFastCacheHits,1769611848609000000,1769611908608000000,0
StorageLockContext.competingThreads.avg,1769611848609000000,1769611908608000000,0.0
StreamlinedBlobStorage.totalLiveRecordsPayloadBytes,1769611848609000000,1769611908608000000,0
FileChannelInterruptsRetryer.totalRetriedAttempts,1769611848609000000,1769611908608000000,0
FilePageCacheLockFree.nativeBytesInUse,1769611848609000000,1769611908608000000,0
FilePageCache.uncachedFileAccess,1769611848609000000,1769611908608000000,0
FilePageCacheLockFree.totalPagesWriteMs,1769611848609000000,1769611908608000000,0
FilePageCacheLockFree.totalBytesWritten,1769611848609000000,1769611908608000000,0
MappedFileStorage.totalTimeSpentOnMappingUs,1769611848609000000,1769611908608000000,13217
FilePageCache.totalPageLoadsUs,1769611848609000000,1769611908608000000,0
FilePageCache.pageHits,1769611848609000000,1769611908608000000,0
FilePageCache.totalPageDisposalsUs,1769611848609000000,1769611908608000000,0
FilePageCacheLockFree.totalBytesRead,1769611848609000000,1769611908608000000,0
DirectByteBufferAllocator.reclaimed,1769611848609000000,1769611908608000000,0
FilePageCache.disposedBuffers,1769611848609000000,1769611908608000000,0
FilePageCacheLockFree.totalBytesRequested,1769611848609000000,1769611908608000000,0
FilePageCacheLockFree.totalPagesRequested,1769611848609000000,1769611908608000000,0
DirectByteBufferAllocator.totalSizeOfBuffersCachedInBytes,1769611848609000000,1769611908608000000,0
FilePageCacheLockFree.totalPagesReclaimed,1769611848609000000,1769611908608000000,0
FilePageCacheLockFree.totalNativeBytesReclaimed,1769611848609000000,1769611908608000000,0
StreamlinedBlobStorage.recordsRelocated,1769611848609000000,1769611908608000000,0
FilePageCacheLockFree.heapBytesInUse,1769611848609000000,1769611908608000000,0
DirectByteBufferAllocator.hits,1769611848609000000,1769611908608000000,0
DirectByteBufferAllocator.misses,1769611848609000000,1769611908608000000,0
StreamlinedBlobStorage.recordsAllocated,1769611848609000000,1769611908608000000,0
FilePageCacheLockFree.totalClosedStoragesReclaimed,1769611848609000000,1769611908608000000,0
FilePageCacheLockFree.totalHeapBytesReclaimed,1769611848609000000,1769611908608000000,0
FilePageCacheLockFree.totalPagesAllocated,1769611848609000000,1769611908608000000,0
FilePageCache.capacityInBytes,1769611848609000000,1769611908608000000,503316478
StreamlinedBlobStorage.recordsDeleted,1769611848609000000,1769611908608000000,0
FilePageCache.maxCacheSizeInBytes,1769611848609000000,1769611908608000000,141582336
FilePageCacheLockFree.totalPagesWritten,1769611848609000000,1769611908608000000,0
FilePageCache.maxRegisteredFiles,1769611848609000000,1769611908608000000,252
StorageLockContext.competingThreads.max,1769611848609000000,1769611908608000000,0
Indexing.writer_3.totalTimeSpentWritingMs,1769611848609000000,1769611908608000000,0
Indexes.allKeys.lookupDuration90PMs,1769611848609000000,1769611908608000000,0.0
Indexes.entries.lookupDuration90PMs,1769611848609000000,1769611908608000000,0.0
Indexes.allKeys.lookups,1769611848609000000,1769611908608000000,0
Indexes.allKeys.lookupDurationMaxMs,1769611848609000000,1769611908608000000,0.0
Indexing.writer_2.totalTimeSpentWritingMs,1769611848609000000,1769611908608000000,0
Indexes.stubs.lookupDurationMaxMs,1769611848609000000,1769611908608000000,0.0
Indexes.allKeys.lookupDurationAvgMs,1769611848609000000,1769611908608000000,0.0
Indexing.cache.totalCacheEvicted,1769611848609000000,1769611908608000000,0
Indexes.stubs.lookupDuration90PMs,1769611848609000000,1769611908608000000,0.0
IndexesFlusher.totalFlushes,1769611848609000000,1769611908608000000,60
Indexing.cache.totalCacheAccesses,1769611848609000000,1769611908608000000,0
Indexes.stubs.lookups,1769611848609000000,1769611908608000000,0
IndexesFlusher.totalFlushingTimeUs,1769611848609000000,1769611908608000000,29423
Indexes.entries.lookupDurationAvgMs,1769611848609000000,1769611908608000000,0.0
Indexing.totalTimeIndexersSleptMs,1769611848609000000,1769611908608000000,0
Indexes.entries.lookups,1769611848609000000,1769611908608000000,0
Indexing.writesQueuedMin,1769611848609000000,1769611908608000000,9223372036854775807
Indexing.writesQueuedMax,1769611848609000000,1769611908608000000,0
Indexing.writer_0.totalTimeSpentWritingMs,1769611848609000000,1769611908608000000,0
Indexing.writer_1.totalTimeSpentWritingMs,1769611848609000000,1769611908608000000,0
Indexes.entries.lookupDurationMaxMs,1769611848609000000,1769611908608000000,0.0
Indexing.cache.totalCacheMisses,1769611848609000000,1769611908608000000,0
IndexesFlusher.totalContentionQuotaSpent,1769611848609000000,1769611908608000000,0
Indexes.stubs.lookupDurationAvgMs,1769611848609000000,1769611908608000000,0.0
IndexesFlusher.totalFlushesRetried,1769611848609000000,1769611908608000000,0
jps.artifact.entities.serializer.load.entities.ms,1769611848609000000,1769611908608000000,0
workspaceModel.mutableEntityStorage.changeLog.addReplaceEventForRemovedChild.ms,1769611848609000000,1769611908608000000,0
jps.facet.change.listener.before.change.events.ms,1769611848609000000,1769611908608000000,0
jps.load.initial.state.ms,1769611848609000000,1769611908608000000,0
workspaceModel.mutableEntityStorage.collect.changes.ms,1769611848609000000,1769611908608000000,0
workspaceModel.mutableEntityStorage.modify.entity.ms,1769611848609000000,1769611908608000000,0
jps.global.initialize.library.bridges.ms,1769611848609000000,1769611908608000000,0
workspaceModel.save.cache.to.file.ms,1769611848609000000,1769611908608000000,0
jps.project.serializers.save.ms,1769611848609000000,1769611908608000000,0
jps.global.handle.changed.events.ms,1769611848609000000,1769611908608000000,0
jps.module.dependency.index.workspace.model.listener.on.changed.ms,1769611848609000000,1769611908608000000,0
workspaceModel.moduleManagerBridge.newModule.ms,1769611848609000000,1769611908608000000,0
workspaceModel.mutableEntityStorage.replace.by.source.ms,1769611848609000000,1769611908608000000,0
workspaceModel.orphan.listener.update.ms,1769611848609000000,1769611908608000000,0
jps.facet.change.listener.process.change.events.ms,1769611848609000000,1769611908608000000,0
workspaceModel.moduleManagerBridge.set.unloadedModules.ms,1769611848609000000,1769611908608000000,0
workspaceModel.mutableEntityStorage.to.snapshot.ms,1769611848609000000,1769611908608000000,0
workspaceModel.global.apply.state.to.project.builder.ms,1769611848609000000,1769611908608000000,0
workspaceModel.mutableEntityStorage.has.same.entities.ms,1769611848609000000,1769611908608000000,0
workspaceModel.mutableEntityStorage.instances.count,1769611848609000000,1769611908608000000,0
workspaceModel.moduleBridge.facet.initialization.ms,1769611848609000000,1769611908608000000,0
workspaceModel.moduleManagerBridge.get.modules.ms,1769611848609000000,1769611908608000000,0
workspaceModel.moduleManagerBridge.new.nonPersistent.module.ms,1769611848609000000,1769611908608000000,0
jps.global.get.library.by.name.ms,1769611848609000000,1769611908608000000,0
workspaceModel.mutableEntityStorage.mutable.vfurl.index.ms,1769611848609000000,1769611908608000000,0
workspaceModel.mutableEntityStorage.mutable.ext.mapping.ms,1769611848609000000,1769611908608000000,0
jps.global.get.libraries.ms,1769611848609000000,1769611908608000000,0
jps.module.iml.entities.serializer.load.entities.ms,1769611848609000000,1769611908608000000,0
jps.project.serializers.load.ms,1769611848609000000,1769611908608000000,0
workspaceModel.load.cache.metadata.from.file.ms,1769611848609000000,1769611908608000000,0
workspaceModel.mutableEntityStorage.apply.changes.from.ms,1769611848609000000,1769611908608000000,0
workspaceModel.global.updates.count,1769611848609000000,1769611908608000000,0
jps.save.global.entities.ms,1769611848609000000,1769611908608000000,1
workspaceModel.global.apply.state.to.project.ms,1769611848609000000,1769611908608000000,0
workspaceModel.moduleManagerBridge.load.module.ms,1769611848609000000,1769611908608000000,0
workspaceModel.mutableEntityStorage.changeLog.addReplaceEventForNewParent.ms,1769611848609000000,1769611908608000000,0
jps.module.iml.entities.serializer.save.entities.ms,1769611848609000000,1769611908608000000,0
jps.apply.loaded.storage.ms,1769611848609000000,1769611908608000000,0
jps.global.initialize.library.bridges.after.loading.ms,1769611848609000000,1769611908608000000,0
jps.facet.change.listener.init.bridge.ms,1769611848609000000,1769611908608000000,0
jps.global.handle.before.change.events.ms,1769611848609000000,1769611908608000000,0
workspaceModel.moduleManagerBridge.build.module.graph.ms,1769611848609000000,1769611908608000000,0
workspaceModel.moduleBridgeLoader.loading.modules.ms,1769611848609000000,1769611908608000000,0
jps.library.entities.serializer.load.entities.ms,1769611848609000000,1769611908608000000,0
workspaceModel.load.cache.from.file.ms,1769611848609000000,1769611908608000000,0
jps.save.changed.project.entities.ms,1769611848609000000,1769611908608000000,0
workspaceModel.delayed.project.synchronizer.sync.ms,1769611848609000000,1769611908608000000,0
jps.reload.project.entities.ms,1769611848609000000,1769611908608000000,0
jps.load.project.to.empty.storage.ms,1769611848609000000,1769611908608000000,0
workspaceModel.do.save.caches.ms,1769611848609000000,1769611908608000000,0
workspaceModel.mutableEntityStorage.entities.ms,1769611848609000000,1769611908608000000,0
jps.global.get.library.ms,1769611848609000000,1769611908608000000,0
workspaceModel.moduleBridge.update.option.ms,1769611848609000000,1769611908608000000,0
workspaceModel.moduleManagerBridge.load.all.modules.ms,1769611848609000000,1769611908608000000,0
workspaceModel.mutableEntityStorage.referrers.ms,1769611848609000000,1769611908608000000,0
jps.artifact.entities.serializer.save.entities.ms,1769611848609000000,1769611908608000000,0
jps.app.storage.content.reader.load.component.ms,1769611848609000000,1769611908608000000,0
workspaceModel.mutableEntityStorage.remove.entity.ms,1769611848609000000,1769611908608000000,0
workspaceModel.mutableEntityStorage.changeLog.addReplaceEventForNewChild.ms,1769611848609000000,1769611908608000000,0
workspaceModel.mutableEntityStorage.entities.by.source.ms,1769611848609000000,1769611908608000000,0
workspaceModel.moduleBridge.before.changed.ms,1769611848609000000,1769611908608000000,0
jps.library.entities.serializer.save.entities.ms,1769611848609000000,1769611908608000000,0
workspaceModel.mutableEntityStorage.resolve.ms,1769611848609000000,1769611908608000000,0
workspaceModel.mutableEntityStorage.put.entity.ms,1769611848609000000,1769611908608000000,0
workspaceModel.global.updates.ms,1769611848609000000,1769611908608000000,0
workspaceModel.mutableEntityStorage.changeLog.addReplaceEventForRemovedParent.ms,1769611848609000000,1769611908608000000,0
workspaceModel.sync.entities.ms,1769611848609000000,1769611908608000000,0
jps.app.storage.content.writer.save.component.ms,1769611848609000000,1769611908608000000,0
workspaceModel.mutableEntityStorage.add.entity.ms,1769611848609000000,1769611908608000000,0
workspaceModel.moduleManagerBridge.create.module.instance.ms,1769611848609000000,1769611908608000000,0
jps.storage.jps.conf.reader.load.component.ms,1769611848609000000,1769611908608000000,0
VFS.fileChildByName,1769611848609000000,1769611908608000000,0
VFS.contentStorage.recordsStored,1769611848609000000,1769611908608000000,0
VFS.contentStorage.recordsUncompressedSize,1769611848609000000,1769611908608000000,0
VFS.fileByIdCache.misses,1769611848609000000,1769611908608000000,0
FileNameCache.totalMisses,1769611848609000000,1769611908608000000,0
VFS.contentStorage.recordsDeduplicated,1769611848609000000,1769611908608000000,0
VFS.contentStorage.recordsReadSize,1769611848609000000,1769611908608000000,0
VFS.fileByIdCache.hits,1769611848609000000,1769611908608000000,0
VFS.contentStorage.recordsStoredCompressed,1769611848609000000,1769611908608000000,0
VFS.contentStorage.recordsDecompressionTimeUs,1769611848609000000,1769611908608000000,0
VFS.invertedFileNameIndex.requests,1769611848609000000,1769611908608000000,0
FileNameCache.queries,1769611848609000000,1769611908608000000,0
VFS.contentStorage.recordsReadDecompressed,1769611848609000000,1769611908608000000,0
VFS.contentStorage.recordsStoredSize,1769611848609000000,1769611908608000000,0
VFS.contentStorage.recordsRead,1769611848609000000,1769611908608000000,0
JVM.totalTimeAtSafepointsMs,1769611848609000000,1769611908608000000,0
JVM.newThreadsCount,1769611848609000000,1769611908608000000,0
JVM.totalDirectByteBuffersBytes,1769611848609000000,1769611908608000000,142607363
JVM.maxHeapBytes,1769611848609000000,1769611908608000000,4196401152
OS.loadAverage,1769611848609000000,1769611908608000000,1.4580078125
JVM.usedNativeBytes,1769611848609000000,1769611908608000000,408688936
JVM.totalSafepointCount,1769611848609000000,1769611908608000000,6
JVM.totalCpuTimeMs,1769611848609000000,1769611908608000000,660
JVM.GC.collections,1769611848609000000,1769611908608000000,0
JVM.totalTimeToSafepointsMs,1769611848609000000,1769611908608000000,0
JVM.GC.collectionTimesMs,1769611848609000000,1769611908608000000,0
JVM.threadCount,1769611848609000000,1769611908608000000,67
JVM.totalBytesAllocated,1769611848609000000,1769611908608000000,38650256
JVM.maxThreadCount,1769611848609000000,1769611908608000000,151
JVM.usedHeapBytes,1769611848609000000,1769611908608000000,571050296
DiskQueryRelay.tasksExecuted,1769611908608000000,1769611968608000000,0
writeAction.median.wait.ms,1769611908608000000,1769611968608000000,0
writeAction.wait.ms,1769611908608000000,1769611968608000000,0
writeAction.max.wait.ms,1769611908608000000,1769611968608000000,265
DiskQueryRelay.tasksRequested,1769611908608000000,1769611968608000000,0
DiskQueryRelay.taskWaitingTotalTimeUs,1769611908608000000,1769611968608000000,0
writeAction.count,1769611908608000000,1769611968608000000,0
DiskQueryRelay.taskExecutionTotalTimeUs,1769611908608000000,1769611968608000000,0
cacheStateStorage.set.counter,1769611908608000000,1769611968608000000,0
cacheStateStorage.get.counter,1769611908608000000,1769611968608000000,0
cacheStateStorage.set.duration,1769611908608000000,1769611968608000000,0
cacheStateStorage.get.duration,1769611908608000000,1769611968608000000,0
workspaceModel.cachedValue.from.cache.count,1769611908608000000,1769611968608000000,0
workspaceModel.cachedValueWithParameters.calculated.count,1769611908608000000,1769611968608000000,0
workspaceModel.entityStorageSnapshotImpl.instances.count,1769611908608000000,1769611968608000000,0
workspaceModel.full.replace.project.model.ms,1769611908608000000,1769611968608000000,0
workspaceModel.workspaceFileIndexData.instances.count,1769611908608000000,1769611968608000000,0
workspaceModel.pre.handlers.ms,1769611908608000000,1769611968608000000,0
workspaceModel.workspaceFileIndexContributor.registerFileSets.ms,1769611908608000000,1769611968608000000,0
workspaceModel.replace.project.model.ms,1769611908608000000,1769611968608000000,0
workspaceModel.to.snapshot.ms,1769611908608000000,1769611968608000000,0
workspaceModel.workspaceFileIndexData.updateDirtyEntities.ms,1769611908608000000,1769611968608000000,0
workspaceModel.cachedValueWithParameters.clear.count,1769611908608000000,1769611968608000000,0
workspaceModel.workspaceFileIndexData.processFileSets.ms,1769611908608000000,1769611968608000000,0
workspaceModel.on.changed.ms,1769611908608000000,1769611968608000000,0
workspaceModel.collect.changes.ms,1769611908608000000,1769611968608000000,0
workspaceModel.workspaceFileIndexData.visitFileSets.ms,1769611908608000000,1769611968608000000,0
workspaceModel.workspaceFileIndexData.init.ms,1769611908608000000,1769611968608000000,0
workspaceModel.init.bridges.ms,1769611908608000000,1769611968608000000,0
workspaceModel.workspaceFileIndexData.getDirectoriesByPackageName.ms,1769611908608000000,1769611968608000000,0
workspaceModel.updates.precise.ms,1769611908608000000,1769611968608000000,0
workspaceModel.cachedValue.total.get.count,1769611908608000000,1769611968608000000,0
workspaceModel.updates.ms,1769611908608000000,1769611968608000000,0
workspaceModel.cachedValue.clear.count,1769611908608000000,1769611968608000000,0
workspaceModel.workspaceFileIndexData.getPackageName.ms,1769611908608000000,1769611968608000000,0
workspaceModel.initializing.ms,1769611908608000000,1769611968608000000,0
workspaceModel.cachedValueWithParameters.from.cache.count,1769611908608000000,1769611968608000000,0
workspaceModel.cachedValueWithParameters.total.get.count,1769611908608000000,1769611968608000000,0
workspaceModel.check.recursive.update.ms,1769611908608000000,1769611968608000000,0
workspaceModel.workspaceFileIndexData.onEntitiesChanged.ms,1769611908608000000,1769611968608000000,0
workspaceModel.cachedValue.calculated.count,1769611908608000000,1769611968608000000,0
workspaceModel.workspaceFileIndexData.getFileInfo.ms,1769611908608000000,1769611968608000000,0
workspaceModel.on.before.changed.ms,1769611908608000000,1769611968608000000,0
workspaceModel.workspaceFileIndexData.markDirty.ms,1769611908608000000,1769611968608000000,0
workspaceModel.update.unloaded.entities.ms,1769611908608000000,1769611968608000000,0
workspaceModel.updates.count,1769611908608000000,1769611968608000000,0
workspaceModel.loading.from.cache.ms,1769611908608000000,1769611968608000000,0
workspaceModel.loading.total.ms,1769611908608000000,1769611968608000000,0
AWTEventQueue.dispatchTimeMaxNs,1769611908608000000,1769611968608000000,0
NonBlockingReadAction.finalizedExecutionTimeUs,1769611908608000000,1769611968608000000,40
FlushQueue.executionTime90PNs,1769611908608000000,1769611968608000000,0
FlushQueue.waitingTime90PNs,1769611908608000000,1769611968608000000,0
FlushQueue.waitingTimeAvgNs,1769611908608000000,1769611968608000000,0.0
NonBlockingReadAction.failedExecutionsCount,1769611908608000000,1769611968608000000,0
AWTEventQueue.eventsDispatched,1769611908608000000,1769611968608000000,0
FlushQueue.executionTimeMaxNs,1769611908608000000,1769611968608000000,0
FlushQueue.waitingTimeMaxNs,1769611908608000000,1769611968608000000,0
FlushQueue.queueSize90P,1769611908608000000,1769611968608000000,0
AWTEventQueue.dispatchTimeTotalNS,1769611908608000000,1769611968608000000,68537822
NonBlockingReadAction.finalizedExecutionsCount,1769611908608000000,1769611968608000000,7
FlushQueue.queueSizeMax,1769611908608000000,1769611968608000000,0
AWTEventQueue.dispatchTimeAvgNs,1769611908608000000,1769611968608000000,0.0
FlushQueue.queueSizeAvg,1769611908608000000,1769611968608000000,0.0
AWTEventQueue.dispatchTime90PNs,1769611908608000000,1769611968608000000,0
ReadAction.executionsCount,1769611908608000000,1769611968608000000,650309
FlushQueue.executionTimeAvgNs,1769611908608000000,1769611968608000000,0.0
FlushQueue.tasksExecuted,1769611908608000000,1769611968608000000,0
WriteAction.executionsCount,1769611908608000000,1769611968608000000,0
NonBlockingReadAction.failedExecutionTimeUs,1769611908608000000,1769611968608000000,0
FilePageCacheLockFree.totalNativeBytesAllocated,1769611908608000000,1769611968608000000,0
MappedFileStorage.storages,1769611908608000000,1769611968608000000,16
FilePageCacheLockFree.totalHeapBytesAllocated,1769611908608000000,1769611968608000000,0
StreamlinedBlobStorage.totalLiveRecordsCapacityBytes,1769611908608000000,1769611968608000000,0
MappedFileStorage.totalPagesMapped,1769611908608000000,1769611968608000000,22
FilePageCacheLockFree.housekeeperTurnsSkipped,1769611908608000000,1769611968608000000,0
FilePageCacheLockFree.totalPagesRequestsMs,1769611908608000000,1769611968608000000,0
FilePageCacheLockFree.housekeeperTimeSpentMs,1769611908608000000,1769611968608000000,0
FilePageCache.pageLoadsAboveSizeThreshold,1769611908608000000,1769611968608000000,0
FilePageCacheLockFree.totalPagesHandedOver,1769611908608000000,1769611968608000000,0
FilePageCacheLockFree.totalPagesReadMs,1769611908608000000,1769611968608000000,0
FilePageCacheLockFree.housekeeperTurnsDone,1769611908608000000,1769611968608000000,0
StorageLockContext.competingThreads.90P,1769611908608000000,1769611968608000000,0
FilePageCacheLockFree.totalPageAllocationsWaited,1769611908608000000,1769611968608000000,0
DirectByteBufferAllocator.totalSizeOfBuffersAllocatedInBytes,1769611908608000000,1769611968608000000,141582336
DirectByteBufferAllocator.disposed,1769611908608000000,1769611968608000000,0
MappedFileStorage.totalBytesMapped,1769611908608000000,1769611968608000000,278134784
FilePageCache.pageLoads,1769611908608000000,1769611968608000000,0
FilePageCache.pageFastCacheHits,1769611908608000000,1769611968608000000,0
StorageLockContext.competingThreads.avg,1769611908608000000,1769611968608000000,0.0
StreamlinedBlobStorage.totalLiveRecordsPayloadBytes,1769611908608000000,1769611968608000000,0
FileChannelInterruptsRetryer.totalRetriedAttempts,1769611908608000000,1769611968608000000,0
FilePageCacheLockFree.nativeBytesInUse,1769611908608000000,1769611968608000000,0
FilePageCache.uncachedFileAccess,1769611908608000000,1769611968608000000,0
FilePageCacheLockFree.totalPagesWriteMs,1769611908608000000,1769611968608000000,0
FilePageCacheLockFree.totalBytesWritten,1769611908608000000,1769611968608000000,0
MappedFileStorage.totalTimeSpentOnMappingUs,1769611908608000000,1769611968608000000,13402
FilePageCache.totalPageLoadsUs,1769611908608000000,1769611968608000000,0
FilePageCache.pageHits,1769611908608000000,1769611968608000000,0
FilePageCache.totalPageDisposalsUs,1769611908608000000,1769611968608000000,0
FilePageCacheLockFree.totalBytesRead,1769611908608000000,1769611968608000000,0
DirectByteBufferAllocator.reclaimed,1769611908608000000,1769611968608000000,0
FilePageCache.disposedBuffers,1769611908608000000,1769611968608000000,0
FilePageCacheLockFree.totalBytesRequested,1769611908608000000,1769611968608000000,0
FilePageCacheLockFree.totalPagesRequested,1769611908608000000,1769611968608000000,0
DirectByteBufferAllocator.totalSizeOfBuffersCachedInBytes,1769611908608000000,1769611968608000000,0
FilePageCacheLockFree.totalPagesReclaimed,1769611908608000000,1769611968608000000,0
FilePageCacheLockFree.totalNativeBytesReclaimed,1769611908608000000,1769611968608000000,0
StreamlinedBlobStorage.recordsRelocated,1769611908608000000,1769611968608000000,0
FilePageCacheLockFree.heapBytesInUse,1769611908608000000,1769611968608000000,0
DirectByteBufferAllocator.hits,1769611908608000000,1769611968608000000,0
DirectByteBufferAllocator.misses,1769611908608000000,1769611968608000000,0
StreamlinedBlobStorage.recordsAllocated,1769611908608000000,1769611968608000000,0
FilePageCacheLockFree.totalClosedStoragesReclaimed,1769611908608000000,1769611968608000000,0
FilePageCacheLockFree.totalHeapBytesReclaimed,1769611908608000000,1769611968608000000,0
FilePageCacheLockFree.totalPagesAllocated,1769611908608000000,1769611968608000000,0
FilePageCache.capacityInBytes,1769611908608000000,1769611968608000000,503316478
StreamlinedBlobStorage.recordsDeleted,1769611908608000000,1769611968608000000,0
FilePageCache.maxCacheSizeInBytes,1769611908608000000,1769611968608000000,141582336
FilePageCacheLockFree.totalPagesWritten,1769611908608000000,1769611968608000000,0
FilePageCache.maxRegisteredFiles,1769611908608000000,1769611968608000000,252
StorageLockContext.competingThreads.max,1769611908608000000,1769611968608000000,0
Indexing.writer_3.totalTimeSpentWritingMs,1769611908608000000,1769611968608000000,0
Indexes.allKeys.lookupDuration90PMs,1769611908608000000,1769611968608000000,0.0
Indexes.entries.lookupDuration90PMs,1769611908608000000,1769611968608000000,0.0
Indexes.allKeys.lookups,1769611908608000000,1769611968608000000,0
Indexes.allKeys.lookupDurationMaxMs,1769611908608000000,1769611968608000000,0.0
Indexing.writer_2.totalTimeSpentWritingMs,1769611908608000000,1769611968608000000,0
Indexes.stubs.lookupDurationMaxMs,1769611908608000000,1769611968608000000,0.0
Indexes.allKeys.lookupDurationAvgMs,1769611908608000000,1769611968608000000,0.0
Indexing.cache.totalCacheEvicted,1769611908608000000,1769611968608000000,0
Indexes.stubs.lookupDuration90PMs,1769611908608000000,1769611968608000000,0.0
IndexesFlusher.totalFlushes,1769611908608000000,1769611968608000000,60
Indexing.cache.totalCacheAccesses,1769611908608000000,1769611968608000000,0
Indexes.stubs.lookups,1769611908608000000,1769611968608000000,0
IndexesFlusher.totalFlushingTimeUs,1769611908608000000,1769611968608000000,29401
Indexes.entries.lookupDurationAvgMs,1769611908608000000,1769611968608000000,0.0
Indexing.totalTimeIndexersSleptMs,1769611908608000000,1769611968608000000,0
Indexes.entries.lookups,1769611908608000000,1769611968608000000,0
Indexing.writesQueuedMin,1769611908608000000,1769611968608000000,9223372036854775807
Indexing.writesQueuedMax,1769611908608000000,1769611968608000000,0
Indexing.writer_0.totalTimeSpentWritingMs,1769611908608000000,1769611968608000000,0
Indexing.writer_1.totalTimeSpentWritingMs,1769611908608000000,1769611968608000000,0
Indexes.entries.lookupDurationMaxMs,1769611908608000000,1769611968608000000,0.0
Indexing.cache.totalCacheMisses,1769611908608000000,1769611968608000000,0
IndexesFlusher.totalContentionQuotaSpent,1769611908608000000,1769611968608000000,0
Indexes.stubs.lookupDurationAvgMs,1769611908608000000,1769611968608000000,0.0
IndexesFlusher.totalFlushesRetried,1769611908608000000,1769611968608000000,0
jps.artifact.entities.serializer.load.entities.ms,1769611908608000000,1769611968608000000,0
workspaceModel.mutableEntityStorage.changeLog.addReplaceEventForRemovedChild.ms,1769611908608000000,1769611968608000000,0
jps.facet.change.listener.before.change.events.ms,1769611908608000000,1769611968608000000,0
jps.load.initial.state.ms,1769611908608000000,1769611968608000000,0
workspaceModel.mutableEntityStorage.collect.changes.ms,1769611908608000000,1769611968608000000,0
workspaceModel.mutableEntityStorage.modify.entity.ms,1769611908608000000,1769611968608000000,0
jps.global.initialize.library.bridges.ms,1769611908608000000,1769611968608000000,0
workspaceModel.save.cache.to.file.ms,1769611908608000000,1769611968608000000,0
jps.project.serializers.save.ms,1769611908608000000,1769611968608000000,0
jps.global.handle.changed.events.ms,1769611908608000000,1769611968608000000,0
jps.module.dependency.index.workspace.model.listener.on.changed.ms,1769611908608000000,1769611968608000000,0
workspaceModel.moduleManagerBridge.newModule.ms,1769611908608000000,1769611968608000000,0
workspaceModel.mutableEntityStorage.replace.by.source.ms,1769611908608000000,1769611968608000000,0
workspaceModel.orphan.listener.update.ms,1769611908608000000,1769611968608000000,0
jps.facet.change.listener.process.change.events.ms,1769611908608000000,1769611968608000000,0
workspaceModel.moduleManagerBridge.set.unloadedModules.ms,1769611908608000000,1769611968608000000,0
workspaceModel.mutableEntityStorage.to.snapshot.ms,1769611908608000000,1769611968608000000,0
workspaceModel.global.apply.state.to.project.builder.ms,1769611908608000000,1769611968608000000,0
workspaceModel.mutableEntityStorage.has.same.entities.ms,1769611908608000000,1769611968608000000,0
workspaceModel.mutableEntityStorage.instances.count,1769611908608000000,1769611968608000000,0
workspaceModel.moduleBridge.facet.initialization.ms,1769611908608000000,1769611968608000000,0
workspaceModel.moduleManagerBridge.get.modules.ms,1769611908608000000,1769611968608000000,0
workspaceModel.moduleManagerBridge.new.nonPersistent.module.ms,1769611908608000000,1769611968608000000,0
jps.global.get.library.by.name.ms,1769611908608000000,1769611968608000000,0
workspaceModel.mutableEntityStorage.mutable.vfurl.index.ms,1769611908608000000,1769611968608000000,0
workspaceModel.mutableEntityStorage.mutable.ext.mapping.ms,1769611908608000000,1769611968608000000,0
jps.global.get.libraries.ms,1769611908608000000,1769611968608000000,0
jps.module.iml.entities.serializer.load.entities.ms,1769611908608000000,1769611968608000000,0
jps.project.serializers.load.ms,1769611908608000000,1769611968608000000,0
workspaceModel.load.cache.metadata.from.file.ms,1769611908608000000,1769611968608000000,0
workspaceModel.mutableEntityStorage.apply.changes.from.ms,1769611908608000000,1769611968608000000,0
workspaceModel.global.updates.count,1769611908608000000,1769611968608000000,0
jps.save.global.entities.ms,1769611908608000000,1769611968608000000,0
workspaceModel.global.apply.state.to.project.ms,1769611908608000000,1769611968608000000,0
workspaceModel.moduleManagerBridge.load.module.ms,1769611908608000000,1769611968608000000,0
workspaceModel.mutableEntityStorage.changeLog.addReplaceEventForNewParent.ms,1769611908608000000,1769611968608000000,0
jps.module.iml.entities.serializer.save.entities.ms,1769611908608000000,1769611968608000000,0
jps.apply.loaded.storage.ms,1769611908608000000,1769611968608000000,0
jps.global.initialize.library.bridges.after.loading.ms,1769611908608000000,1769611968608000000,0
jps.facet.change.listener.init.bridge.ms,1769611908608000000,1769611968608000000,0
jps.global.handle.before.change.events.ms,1769611908608000000,1769611968608000000,0
workspaceModel.moduleManagerBridge.build.module.graph.ms,1769611908608000000,1769611968608000000,0
workspaceModel.moduleBridgeLoader.loading.modules.ms,1769611908608000000,1769611968608000000,0
jps.library.entities.serializer.load.entities.ms,1769611908608000000,1769611968608000000,0
workspaceModel.load.cache.from.file.ms,1769611908608000000,1769611968608000000,0
jps.save.changed.project.entities.ms,1769611908608000000,1769611968608000000,0
workspaceModel.delayed.project.synchronizer.sync.ms,1769611908608000000,1769611968608000000,0
jps.reload.project.entities.ms,1769611908608000000,1769611968608000000,0
jps.load.project.to.empty.storage.ms,1769611908608000000,1769611968608000000,0
workspaceModel.do.save.caches.ms,1769611908608000000,1769611968608000000,0
workspaceModel.mutableEntityStorage.entities.ms,1769611908608000000,1769611968608000000,0
jps.global.get.library.ms,1769611908608000000,1769611968608000000,0
workspaceModel.moduleBridge.update.option.ms,1769611908608000000,1769611968608000000,0
workspaceModel.moduleManagerBridge.load.all.modules.ms,1769611908608000000,1769611968608000000,0
workspaceModel.mutableEntityStorage.referrers.ms,1769611908608000000,1769611968608000000,0
jps.artifact.entities.serializer.save.entities.ms,1769611908608000000,1769611968608000000,0
jps.app.storage.content.reader.load.component.ms,1769611908608000000,1769611968608000000,0
workspaceModel.mutableEntityStorage.remove.entity.ms,1769611908608000000,1769611968608000000,0
workspaceModel.mutableEntityStorage.changeLog.addReplaceEventForNewChild.ms,1769611908608000000,1769611968608000000,0
workspaceModel.mutableEntityStorage.entities.by.source.ms,1769611908608000000,1769611968608000000,0
workspaceModel.moduleBridge.before.changed.ms,1769611908608000000,1769611968608000000,0
jps.library.entities.serializer.save.entities.ms,1769611908608000000,1769611968608000000,0
workspaceModel.mutableEntityStorage.resolve.ms,1769611908608000000,1769611968608000000,0
workspaceModel.mutableEntityStorage.put.entity.ms,1769611908608000000,1769611968608000000,0
workspaceModel.global.updates.ms,1769611908608000000,1769611968608000000,0
workspaceModel.mutableEntityStorage.changeLog.addReplaceEventForRemovedParent.ms,1769611908608000000,1769611968608000000,0
workspaceModel.sync.entities.ms,1769611908608000000,1769611968608000000,0
jps.app.storage.content.writer.save.component.ms,1769611908608000000,1769611968608000000,0
workspaceModel.mutableEntityStorage.add.entity.ms,1769611908608000000,1769611968608000000,0
workspaceModel.moduleManagerBridge.create.module.instance.ms,1769611908608000000,1769611968608000000,0
jps.storage.jps.conf.reader.load.component.ms,1769611908608000000,1769611968608000000,0
VFS.fileChildByName,1769611908608000000,1769611968608000000,0
VFS.contentStorage.recordsStored,1769611908608000000,1769611968608000000,0
VFS.contentStorage.recordsUncompressedSize,1769611908608000000,1769611968608000000,0
VFS.fileByIdCache.misses,1769611908608000000,1769611968608000000,0
FileNameCache.totalMisses,1769611908608000000,1769611968608000000,0
VFS.contentStorage.recordsDeduplicated,1769611908608000000,1769611968608000000,0
VFS.contentStorage.recordsReadSize,1769611908608000000,1769611968608000000,0
VFS.fileByIdCache.hits,1769611908608000000,1769611968608000000,0
VFS.contentStorage.recordsStoredCompressed,1769611908608000000,1769611968608000000,0
VFS.contentStorage.recordsDecompressionTimeUs,1769611908608000000,1769611968608000000,0
VFS.invertedFileNameIndex.requests,1769611908608000000,1769611968608000000,0
FileNameCache.queries,1769611908608000000,1769611968608000000,0
VFS.contentStorage.recordsReadDecompressed,1769611908608000000,1769611968608000000,0
VFS.contentStorage.recordsStoredSize,1769611908608000000,1769611968608000000,0
VFS.contentStorage.recordsRead,1769611908608000000,1769611968608000000,0
JVM.totalTimeAtSafepointsMs,1769611908608000000,1769611968608000000,28
JVM.newThreadsCount,1769611908608000000,1769611968608000000,0
JVM.totalDirectByteBuffersBytes,1769611908608000000,1769611968608000000,142608086
JVM.maxHeapBytes,1769611908608000000,1769611968608000000,4196401152
OS.loadAverage,1769611908608000000,1769611968608000000,1.431640625
JVM.usedNativeBytes,1769611908608000000,1769611968608000000,406479600
JVM.totalSafepointCount,1769611908608000000,1769611968608000000,10
JVM.totalCpuTimeMs,1769611908608000000,1769611968608000000,15850
JVM.GC.collections,1769611908608000000,1769611968608000000,6
JVM.totalTimeToSafepointsMs,1769611908608000000,1769611968608000000,0
JVM.GC.collectionTimesMs,1769611908608000000,1769611968608000000,27
JVM.threadCount,1769611908608000000,1769611968608000000,56
JVM.totalBytesAllocated,1769611908608000000,1769611968608000000,1256352568
JVM.maxThreadCount,1769611908608000000,1769611968608000000,151
JVM.usedHeapBytes,1769611908608000000,1769611968608000000,658285896
DiskQueryRelay.tasksExecuted,1769611968608000000,1769612028608000000,0
writeAction.median.wait.ms,1769611968608000000,1769612028608000000,0
writeAction.wait.ms,1769611968608000000,1769612028608000000,0
writeAction.max.wait.ms,1769611968608000000,1769612028608000000,265
DiskQueryRelay.tasksRequested,1769611968608000000,1769612028608000000,0
DiskQueryRelay.taskWaitingTotalTimeUs,1769611968608000000,1769612028608000000,0
writeAction.count,1769611968608000000,1769612028608000000,0
DiskQueryRelay.taskExecutionTotalTimeUs,1769611968608000000,1769612028608000000,0
cacheStateStorage.set.counter,1769611968608000000,1769612028608000000,0
cacheStateStorage.get.counter,1769611968608000000,1769612028608000000,0
cacheStateStorage.set.duration,1769611968608000000,1769612028608000000,0
cacheStateStorage.get.duration,1769611968608000000,1769612028608000000,0
workspaceModel.cachedValue.from.cache.count,1769611968608000000,1769612028608000000,0
workspaceModel.cachedValueWithParameters.calculated.count,1769611968608000000,1769612028608000000,0
workspaceModel.entityStorageSnapshotImpl.instances.count,1769611968608000000,1769612028608000000,0
workspaceModel.full.replace.project.model.ms,1769611968608000000,1769612028608000000,0
workspaceModel.workspaceFileIndexData.instances.count,1769611968608000000,1769612028608000000,0
workspaceModel.pre.handlers.ms,1769611968608000000,1769612028608000000,0
workspaceModel.workspaceFileIndexContributor.registerFileSets.ms,1769611968608000000,1769612028608000000,0
workspaceModel.replace.project.model.ms,1769611968608000000,1769612028608000000,0
workspaceModel.to.snapshot.ms,1769611968608000000,1769612028608000000,0
workspaceModel.workspaceFileIndexData.updateDirtyEntities.ms,1769611968608000000,1769612028608000000,0
workspaceModel.cachedValueWithParameters.clear.count,1769611968608000000,1769612028608000000,0
workspaceModel.workspaceFileIndexData.processFileSets.ms,1769611968608000000,1769612028608000000,0
workspaceModel.on.changed.ms,1769611968608000000,1769612028608000000,0
workspaceModel.collect.changes.ms,1769611968608000000,1769612028608000000,0
workspaceModel.workspaceFileIndexData.visitFileSets.ms,1769611968608000000,1769612028608000000,0
workspaceModel.workspaceFileIndexData.init.ms,1769611968608000000,1769612028608000000,0
workspaceModel.init.bridges.ms,1769611968608000000,1769612028608000000,0
workspaceModel.workspaceFileIndexData.getDirectoriesByPackageName.ms,1769611968608000000,1769612028608000000,0
workspaceModel.updates.precise.ms,1769611968608000000,1769612028608000000,0
workspaceModel.cachedValue.total.get.count,1769611968608000000,1769612028608000000,0
workspaceModel.updates.ms,1769611968608000000,1769612028608000000,0
workspaceModel.cachedValue.clear.count,1769611968608000000,1769612028608000000,0
workspaceModel.workspaceFileIndexData.getPackageName.ms,1769611968608000000,1769612028608000000,0
workspaceModel.initializing.ms,1769611968608000000,1769612028608000000,0
workspaceModel.cachedValueWithParameters.from.cache.count,1769611968608000000,1769612028608000000,0
workspaceModel.cachedValueWithParameters.total.get.count,1769611968608000000,1769612028608000000,0
workspaceModel.check.recursive.update.ms,1769611968608000000,1769612028608000000,0
workspaceModel.workspaceFileIndexData.onEntitiesChanged.ms,1769611968608000000,1769612028608000000,0
workspaceModel.cachedValue.calculated.count,1769611968608000000,1769612028608000000,0
workspaceModel.workspaceFileIndexData.getFileInfo.ms,1769611968608000000,1769612028608000000,0
workspaceModel.on.before.changed.ms,1769611968608000000,1769612028608000000,0
workspaceModel.workspaceFileIndexData.markDirty.ms,1769611968608000000,1769612028608000000,0
workspaceModel.update.unloaded.entities.ms,1769611968608000000,1769612028608000000,0
workspaceModel.updates.count,1769611968608000000,1769612028608000000,0
workspaceModel.loading.from.cache.ms,1769611968608000000,1769612028608000000,0
workspaceModel.loading.total.ms,1769611968608000000,1769612028608000000,0
AWTEventQueue.dispatchTimeMaxNs,1769611968608000000,1769612028608000000,0
NonBlockingReadAction.finalizedExecutionTimeUs,1769611968608000000,1769612028608000000,0
FlushQueue.executionTime90PNs,1769611968608000000,1769612028608000000,0
FlushQueue.waitingTime90PNs,1769611968608000000,1769612028608000000,0
FlushQueue.waitingTimeAvgNs,1769611968608000000,1769612028608000000,0.0
NonBlockingReadAction.failedExecutionsCount,1769611968608000000,1769612028608000000,0
AWTEventQueue.eventsDispatched,1769611968608000000,1769612028608000000,0
FlushQueue.executionTimeMaxNs,1769611968608000000,1769612028608000000,0
FlushQueue.waitingTimeMaxNs,1769611968608000000,1769612028608000000,0
FlushQueue.queueSize90P,1769611968608000000,1769612028608000000,0
AWTEventQueue.dispatchTimeTotalNS,1769611968608000000,1769612028608000000,73846711
NonBlockingReadAction.finalizedExecutionsCount,1769611968608000000,1769612028608000000,0
FlushQueue.queueSizeMax,1769611968608000000,1769612028608000000,0
AWTEventQueue.dispatchTimeAvgNs,1769611968608000000,1769612028608000000,0.0
FlushQueue.queueSizeAvg,1769611968608000000,1769612028608000000,0.0
AWTEventQueue.dispatchTime90PNs,1769611968608000000,1769612028608000000,0
ReadAction.executionsCount,1769611968608000000,1769612028608000000,0
FlushQueue.executionTimeAvgNs,1769611968608000000,1769612028608000000,0.0
FlushQueue.tasksExecuted,1769611968608000000,1769612028608000000,0
WriteAction.executionsCount,1769611968608000000,1769612028608000000,0
NonBlockingReadAction.failedExecutionTimeUs,1769611968608000000,1769612028608000000,0
FilePageCacheLockFree.totalNativeBytesAllocated,1769611968608000000,1769612028608000000,0
MappedFileStorage.storages,1769611968608000000,1769612028608000000,16
FilePageCacheLockFree.totalHeapBytesAllocated,1769611968608000000,1769612028608000000,0
StreamlinedBlobStorage.totalLiveRecordsCapacityBytes,1769611968608000000,1769612028608000000,0
MappedFileStorage.totalPagesMapped,1769611968608000000,1769612028608000000,22
FilePageCacheLockFree.housekeeperTurnsSkipped,1769611968608000000,1769612028608000000,0
FilePageCacheLockFree.totalPagesRequestsMs,1769611968608000000,1769612028608000000,0
FilePageCacheLockFree.housekeeperTimeSpentMs,1769611968608000000,1769612028608000000,0
FilePageCache.pageLoadsAboveSizeThreshold,1769611968608000000,1769612028608000000,0
FilePageCacheLockFree.totalPagesHandedOver,1769611968608000000,1769612028608000000,0
FilePageCacheLockFree.totalPagesReadMs,1769611968608000000,1769612028608000000,0
FilePageCacheLockFree.housekeeperTurnsDone,1769611968608000000,1769612028608000000,0
StorageLockContext.competingThreads.90P,1769611968608000000,1769612028608000000,0
FilePageCacheLockFree.totalPageAllocationsWaited,1769611968608000000,1769612028608000000,0
DirectByteBufferAllocator.totalSizeOfBuffersAllocatedInBytes,1769611968608000000,1769612028608000000,141582336
DirectByteBufferAllocator.disposed,1769611968608000000,1769612028608000000,0
MappedFileStorage.totalBytesMapped,1769611968608000000,1769612028608000000,278134784
FilePageCache.pageLoads,1769611968608000000,1769612028608000000,0
FilePageCache.pageFastCacheHits,1769611968608000000,1769612028608000000,0
StorageLockContext.competingThreads.avg,1769611968608000000,1769612028608000000,0.0
StreamlinedBlobStorage.totalLiveRecordsPayloadBytes,1769611968608000000,1769612028608000000,0
FileChannelInterruptsRetryer.totalRetriedAttempts,1769611968608000000,1769612028608000000,0
FilePageCacheLockFree.nativeBytesInUse,1769611968608000000,1769612028608000000,0
FilePageCache.uncachedFileAccess,1769611968608000000,1769612028608000000,0
FilePageCacheLockFree.totalPagesWriteMs,1769611968608000000,1769612028608000000,0
FilePageCacheLockFree.totalBytesWritten,1769611968608000000,1769612028608000000,0
MappedFileStorage.totalTimeSpentOnMappingUs,1769611968608000000,1769612028608000000,13402
FilePageCache.totalPageLoadsUs,1769611968608000000,1769612028608000000,0
FilePageCache.pageHits,1769611968608000000,1769612028608000000,0
FilePageCache.totalPageDisposalsUs,1769611968608000000,1769612028608000000,0
FilePageCacheLockFree.totalBytesRead,1769611968608000000,1769612028608000000,0
DirectByteBufferAllocator.reclaimed,1769611968608000000,1769612028608000000,0
FilePageCache.disposedBuffers,1769611968608000000,1769612028608000000,0
FilePageCacheLockFree.totalBytesRequested,1769611968608000000,1769612028608000000,0
FilePageCacheLockFree.totalPagesRequested,1769611968608000000,1769612028608000000,0
DirectByteBufferAllocator.totalSizeOfBuffersCachedInBytes,1769611968608000000,1769612028608000000,0
FilePageCacheLockFree.totalPagesReclaimed,1769611968608000000,1769612028608000000,0
FilePageCacheLockFree.totalNativeBytesReclaimed,1769611968608000000,1769612028608000000,0
StreamlinedBlobStorage.recordsRelocated,1769611968608000000,1769612028608000000,0
FilePageCacheLockFree.heapBytesInUse,1769611968608000000,1769612028608000000,0
DirectByteBufferAllocator.hits,1769611968608000000,1769612028608000000,0
DirectByteBufferAllocator.misses,1769611968608000000,1769612028608000000,0
StreamlinedBlobStorage.recordsAllocated,1769611968608000000,1769612028608000000,0
FilePageCacheLockFree.totalClosedStoragesReclaimed,1769611968608000000,1769612028608000000,0
FilePageCacheLockFree.totalHeapBytesReclaimed,1769611968608000000,1769612028608000000,0
FilePageCacheLockFree.totalPagesAllocated,1769611968608000000,1769612028608000000,0
FilePageCache.capacityInBytes,1769611968608000000,1769612028608000000,503316478
StreamlinedBlobStorage.recordsDeleted,1769611968608000000,1769612028608000000,0
FilePageCache.maxCacheSizeInBytes,1769611968608000000,1769612028608000000,141582336
FilePageCacheLockFree.totalPagesWritten,1769611968608000000,1769612028608000000,0
FilePageCache.maxRegisteredFiles,1769611968608000000,1769612028608000000,252
StorageLockContext.competingThreads.max,1769611968608000000,1769612028608000000,0
Indexing.writer_3.totalTimeSpentWritingMs,1769611968608000000,1769612028608000000,0
Indexes.allKeys.lookupDuration90PMs,1769611968608000000,1769612028608000000,0.0
Indexes.entries.lookupDuration90PMs,1769611968608000000,1769612028608000000,0.0
Indexes.allKeys.lookups,1769611968608000000,1769612028608000000,0
Indexes.allKeys.lookupDurationMaxMs,1769611968608000000,1769612028608000000,0.0
Indexing.writer_2.totalTimeSpentWritingMs,1769611968608000000,1769612028608000000,0
Indexes.stubs.lookupDurationMaxMs,1769611968608000000,1769612028608000000,0.0
Indexes.allKeys.lookupDurationAvgMs,1769611968608000000,1769612028608000000,0.0
Indexing.cache.totalCacheEvicted,1769611968608000000,1769612028608000000,0
Indexes.stubs.lookupDuration90PMs,1769611968608000000,1769612028608000000,0.0
IndexesFlusher.totalFlushes,1769611968608000000,1769612028608000000,60
Indexing.cache.totalCacheAccesses,1769611968608000000,1769612028608000000,0
Indexes.stubs.lookups,1769611968608000000,1769612028608000000,0
IndexesFlusher.totalFlushingTimeUs,1769611968608000000,1769612028608000000,30251
Indexes.entries.lookupDurationAvgMs,1769611968608000000,1769612028608000000,0.0
Indexing.totalTimeIndexersSleptMs,1769611968608000000,1769612028608000000,0
Indexes.entries.lookups,1769611968608000000,1769612028608000000,0
Indexing.writesQueuedMin,1769611968608000000,1769612028608000000,9223372036854775807
Indexing.writesQueuedMax,1769611968608000000,1769612028608000000,0
Indexing.writer_0.totalTimeSpentWritingMs,1769611968608000000,1769612028608000000,0
Indexing.writer_1.totalTimeSpentWritingMs,1769611968608000000,1769612028608000000,0
Indexes.entries.lookupDurationMaxMs,1769611968608000000,1769612028608000000,0.0
Indexing.cache.totalCacheMisses,1769611968608000000,1769612028608000000,0
IndexesFlusher.totalContentionQuotaSpent,1769611968608000000,1769612028608000000,0
Indexes.stubs.lookupDurationAvgMs,1769611968608000000,1769612028608000000,0.0
IndexesFlusher.totalFlushesRetried,1769611968608000000,1769612028608000000,0
jps.artifact.entities.serializer.load.entities.ms,1769611968608000000,1769612028608000000,0
workspaceModel.mutableEntityStorage.changeLog.addReplaceEventForRemovedChild.ms,1769611968608000000,1769612028608000000,0
jps.facet.change.listener.before.change.events.ms,1769611968608000000,1769612028608000000,0
jps.load.initial.state.ms,1769611968608000000,1769612028608000000,0
workspaceModel.mutableEntityStorage.collect.changes.ms,1769611968608000000,1769612028608000000,0
workspaceModel.mutableEntityStorage.modify.entity.ms,1769611968608000000,1769612028608000000,0
jps.global.initialize.library.bridges.ms,1769611968608000000,1769612028608000000,0
workspaceModel.save.cache.to.file.ms,1769611968608000000,1769612028608000000,0
jps.project.serializers.save.ms,1769611968608000000,1769612028608000000,0
jps.global.handle.changed.events.ms,1769611968608000000,1769612028608000000,0
jps.module.dependency.index.workspace.model.listener.on.changed.ms,1769611968608000000,1769612028608000000,0
workspaceModel.moduleManagerBridge.newModule.ms,1769611968608000000,1769612028608000000,0
workspaceModel.mutableEntityStorage.replace.by.source.ms,1769611968608000000,1769612028608000000,0
workspaceModel.orphan.listener.update.ms,1769611968608000000,1769612028608000000,0
jps.facet.change.listener.process.change.events.ms,1769611968608000000,1769612028608000000,0
workspaceModel.moduleManagerBridge.set.unloadedModules.ms,1769611968608000000,1769612028608000000,0
workspaceModel.mutableEntityStorage.to.snapshot.ms,1769611968608000000,1769612028608000000,0
workspaceModel.global.apply.state.to.project.builder.ms,1769611968608000000,1769612028608000000,0
workspaceModel.mutableEntityStorage.has.same.entities.ms,1769611968608000000,1769612028608000000,0
workspaceModel.mutableEntityStorage.instances.count,1769611968608000000,1769612028608000000,0
workspaceModel.moduleBridge.facet.initialization.ms,1769611968608000000,1769612028608000000,0
workspaceModel.moduleManagerBridge.get.modules.ms,1769611968608000000,1769612028608000000,0
workspaceModel.moduleManagerBridge.new.nonPersistent.module.ms,1769611968608000000,1769612028608000000,0
jps.global.get.library.by.name.ms,1769611968608000000,1769612028608000000,0
workspaceModel.mutableEntityStorage.mutable.vfurl.index.ms,1769611968608000000,1769612028608000000,0
workspaceModel.mutableEntityStorage.mutable.ext.mapping.ms,1769611968608000000,1769612028608000000,0
jps.global.get.libraries.ms,1769611968608000000,1769612028608000000,0
jps.module.iml.entities.serializer.load.entities.ms,1769611968608000000,1769612028608000000,0
jps.project.serializers.load.ms,1769611968608000000,1769612028608000000,0
workspaceModel.load.cache.metadata.from.file.ms,1769611968608000000,1769612028608000000,0
workspaceModel.mutableEntityStorage.apply.changes.from.ms,1769611968608000000,1769612028608000000,0
workspaceModel.global.updates.count,1769611968608000000,1769612028608000000,0
jps.save.global.entities.ms,1769611968608000000,1769612028608000000,0
workspaceModel.global.apply.state.to.project.ms,1769611968608000000,1769612028608000000,0
workspaceModel.moduleManagerBridge.load.module.ms,1769611968608000000,1769612028608000000,0
workspaceModel.mutableEntityStorage.changeLog.addReplaceEventForNewParent.ms,1769611968608000000,1769612028608000000,0
jps.module.iml.entities.serializer.save.entities.ms,1769611968608000000,1769612028608000000,0
jps.apply.loaded.storage.ms,1769611968608000000,1769612028608000000,0
jps.global.initialize.library.bridges.after.loading.ms,1769611968608000000,1769612028608000000,0
jps.facet.change.listener.init.bridge.ms,1769611968608000000,1769612028608000000,0
jps.global.handle.before.change.events.ms,1769611968608000000,1769612028608000000,0
workspaceModel.moduleManagerBridge.build.module.graph.ms,1769611968608000000,1769612028608000000,0
workspaceModel.moduleBridgeLoader.loading.modules.ms,1769611968608000000,1769612028608000000,0
jps.library.entities.serializer.load.entities.ms,1769611968608000000,1769612028608000000,0
workspaceModel.load.cache.from.file.ms,1769611968608000000,1769612028608000000,0
jps.save.changed.project.entities.ms,1769611968608000000,1769612028608000000,0
workspaceModel.delayed.project.synchronizer.sync.ms,1769611968608000000,1769612028608000000,0
jps.reload.project.entities.ms,1769611968608000000,1769612028608000000,0
jps.load.project.to.empty.storage.ms,1769611968608000000,1769612028608000000,0
workspaceModel.do.save.caches.ms,1769611968608000000,1769612028608000000,0
workspaceModel.mutableEntityStorage.entities.ms,1769611968608000000,1769612028608000000,0
jps.global.get.library.ms,1769611968608000000,1769612028608000000,0
workspaceModel.moduleBridge.update.option.ms,1769611968608000000,1769612028608000000,0
workspaceModel.moduleManagerBridge.load.all.modules.ms,1769611968608000000,1769612028608000000,0
workspaceModel.mutableEntityStorage.referrers.ms,1769611968608000000,1769612028608000000,0
jps.artifact.entities.serializer.save.entities.ms,1769611968608000000,1769612028608000000,0
jps.app.storage.content.reader.load.component.ms,1769611968608000000,1769612028608000000,0
workspaceModel.mutableEntityStorage.remove.entity.ms,1769611968608000000,1769612028608000000,0
workspaceModel.mutableEntityStorage.changeLog.addReplaceEventForNewChild.ms,1769611968608000000,1769612028608000000,0
workspaceModel.mutableEntityStorage.entities.by.source.ms,1769611968608000000,1769612028608000000,0
workspaceModel.moduleBridge.before.changed.ms,1769611968608000000,1769612028608000000,0
jps.library.entities.serializer.save.entities.ms,1769611968608000000,1769612028608000000,0
workspaceModel.mutableEntityStorage.resolve.ms,1769611968608000000,1769612028608000000,0
workspaceModel.mutableEntityStorage.put.entity.ms,1769611968608000000,1769612028608000000,0
workspaceModel.global.updates.ms,1769611968608000000,1769612028608000000,0
workspaceModel.mutableEntityStorage.changeLog.addReplaceEventForRemovedParent.ms,1769611968608000000,1769612028608000000,0
workspaceModel.sync.entities.ms,1769611968608000000,1769612028608000000,0
jps.app.storage.content.writer.save.component.ms,1769611968608000000,1769612028608000000,0
workspaceModel.mutableEntityStorage.add.entity.ms,1769611968608000000,1769612028608000000,0
workspaceModel.moduleManagerBridge.create.module.instance.ms,1769611968608000000,1769612028608000000,0
jps.storage.jps.conf.reader.load.component.ms,1769611968608000000,1769612028608000000,0
VFS.fileChildByName,1769611968608000000,1769612028608000000,0
VFS.contentStorage.recordsStored,1769611968608000000,1769612028608000000,0
VFS.contentStorage.recordsUncompressedSize,1769611968608000000,1769612028608000000,0
VFS.fileByIdCache.misses,1769611968608000000,1769612028608000000,0
FileNameCache.totalMisses,1769611968608000000,1769612028608000000,0
VFS.contentStorage.recordsDeduplicated,1769611968608000000,1769612028608000000,0
VFS.contentStorage.recordsReadSize,1769611968608000000,1769612028608000000,0
VFS.fileByIdCache.hits,1769611968608000000,1769612028608000000,0
VFS.contentStorage.recordsStoredCompressed,1769611968608000000,1769612028608000000,0
VFS.contentStorage.recordsDecompressionTimeUs,1769611968608000000,1769612028608000000,0
VFS.invertedFileNameIndex.requests,1769611968608000000,1769612028608000000,0
FileNameCache.queries,1769611968608000000,1769612028608000000,0
VFS.contentStorage.recordsReadDecompressed,1769611968608000000,1769612028608000000,0
VFS.contentStorage.recordsStoredSize,1769611968608000000,1769612028608000000,0
VFS.contentStorage.recordsRead,1769611968608000000,1769612028608000000,0
JVM.totalTimeAtSafepointsMs,1769611968608000000,1769612028608000000,0
JVM.newThreadsCount,1769611968608000000,1769612028608000000,1
JVM.totalDirectByteBuffersBytes,1769611968608000000,1769612028608000000,142579098
JVM.maxHeapBytes,1769611968608000000,1769612028608000000,4196401152
OS.loadAverage,1769611968608000000,1769612028608000000,1.3212890625
JVM.usedNativeBytes,1769611968608000000,1769612028608000000,406568488
JVM.totalSafepointCount,1769611968608000000,1769612028608000000,3
JVM.totalCpuTimeMs,1769611968608000000,1769612028608000000,550
JVM.GC.collections,1769611968608000000,1769612028608000000,0
JVM.totalTimeToSafepointsMs,1769611968608000000,1769612028608000000,0
JVM.GC.collectionTimesMs,1769611968608000000,1769612028608000000,0
JVM.threadCount,1769611968608000000,1769612028608000000,49
JVM.totalBytesAllocated,1769611968608000000,1769612028608000000,28271160
JVM.maxThreadCount,1769611968608000000,1769612028608000000,151
JVM.usedHeapBytes,1769611968608000000,1769612028608000000,687646024
parser.PythonStub.time.ns,1769612028608000000,1769612088608000000,13142893
DiskQueryRelay.tasksExecuted,1769612028608000000,1769612088608000000,46
parser.HTML.size.bytes,1769612028608000000,1769612088608000000,4460
lexer.Python.size.bytes,1769612028608000000,1769612088608000000,63437
parser.HTML.time.ns,1769612028608000000,1769612088608000000,1360986
writeAction.median.wait.ms,1769612028608000000,1769612088608000000,0
writeAction.wait.ms,1769612028608000000,1769612088608000000,0
writeAction.max.wait.ms,1769612028608000000,1769612088608000000,265
DiskQueryRelay.tasksRequested,1769612028608000000,1769612088608000000,46
lexer.Python.time.ns,1769612028608000000,1769612088608000000,56802819
DiskQueryRelay.taskWaitingTotalTimeUs,1769612028608000000,1769612088608000000,766
writeAction.count,1769612028608000000,1769612088608000000,0
lexer.PythonStub.time.ns,1769612028608000000,1769612088608000000,3982780
lexer.PythonStub.size.bytes,1769612028608000000,1769612088608000000,96160
lexer.HTML.time.ns,1769612028608000000,1769612088608000000,687151
parser.Python.size.bytes,1769612028608000000,1769612088608000000,63437
DiskQueryRelay.taskExecutionTotalTimeUs,1769612028608000000,1769612088608000000,750
parser.PythonStub.size.bytes,1769612028608000000,1769612088608000000,96160
parser.Python.time.ns,1769612028608000000,1769612088608000000,119356505
lexer.HTML.size.bytes,1769612028608000000,1769612088608000000,4460
cacheStateStorage.set.counter,1769612028608000000,1769612088608000000,0
cacheStateStorage.get.counter,1769612028608000000,1769612088608000000,0
cacheStateStorage.set.duration,1769612028608000000,1769612088608000000,0
cacheStateStorage.get.duration,1769612028608000000,1769612088608000000,0
workspaceModel.cachedValue.from.cache.count,1769612028608000000,1769612088608000000,4756
workspaceModel.cachedValueWithParameters.calculated.count,1769612028608000000,1769612088608000000,0
workspaceModel.entityStorageSnapshotImpl.instances.count,1769612028608000000,1769612088608000000,0
workspaceModel.full.replace.project.model.ms,1769612028608000000,1769612088608000000,0
workspaceModel.workspaceFileIndexData.instances.count,1769612028608000000,1769612088608000000,0
workspaceModel.pre.handlers.ms,1769612028608000000,1769612088608000000,0
workspaceModel.workspaceFileIndexContributor.registerFileSets.ms,1769612028608000000,1769612088608000000,0
workspaceModel.replace.project.model.ms,1769612028608000000,1769612088608000000,0
workspaceModel.to.snapshot.ms,1769612028608000000,1769612088608000000,0
workspaceModel.workspaceFileIndexData.updateDirtyEntities.ms,1769612028608000000,1769612088608000000,0
workspaceModel.cachedValueWithParameters.clear.count,1769612028608000000,1769612088608000000,0
workspaceModel.workspaceFileIndexData.processFileSets.ms,1769612028608000000,1769612088608000000,0
workspaceModel.on.changed.ms,1769612028608000000,1769612088608000000,0
workspaceModel.collect.changes.ms,1769612028608000000,1769612088608000000,0
workspaceModel.workspaceFileIndexData.visitFileSets.ms,1769612028608000000,1769612088608000000,0
workspaceModel.workspaceFileIndexData.init.ms,1769612028608000000,1769612088608000000,0
workspaceModel.init.bridges.ms,1769612028608000000,1769612088608000000,0
workspaceModel.workspaceFileIndexData.getDirectoriesByPackageName.ms,1769612028608000000,1769612088608000000,0
workspaceModel.updates.precise.ms,1769612028608000000,1769612088608000000,0
workspaceModel.cachedValue.total.get.count,1769612028608000000,1769612088608000000,4756
workspaceModel.updates.ms,1769612028608000000,1769612088608000000,0
workspaceModel.cachedValue.clear.count,1769612028608000000,1769612088608000000,0
workspaceModel.workspaceFileIndexData.getPackageName.ms,1769612028608000000,1769612088608000000,0
workspaceModel.initializing.ms,1769612028608000000,1769612088608000000,0
workspaceModel.cachedValueWithParameters.from.cache.count,1769612028608000000,1769612088608000000,0
workspaceModel.cachedValueWithParameters.total.get.count,1769612028608000000,1769612088608000000,0
workspaceModel.check.recursive.update.ms,1769612028608000000,1769612088608000000,0
workspaceModel.workspaceFileIndexData.onEntitiesChanged.ms,1769612028608000000,1769612088608000000,0
workspaceModel.cachedValue.calculated.count,1769612028608000000,1769612088608000000,0
workspaceModel.workspaceFileIndexData.getFileInfo.ms,1769612028608000000,1769612088608000000,20
workspaceModel.on.before.changed.ms,1769612028608000000,1769612088608000000,0
workspaceModel.workspaceFileIndexData.markDirty.ms,1769612028608000000,1769612088608000000,0
workspaceModel.update.unloaded.entities.ms,1769612028608000000,1769612088608000000,0
workspaceModel.updates.count,1769612028608000000,1769612088608000000,0
workspaceModel.loading.from.cache.ms,1769612028608000000,1769612088608000000,0
workspaceModel.loading.total.ms,1769612028608000000,1769612088608000000,0
AWTEventQueue.dispatchTimeMaxNs,1769612028608000000,1769612088608000000,0
NonBlockingReadAction.finalizedExecutionTimeUs,1769612028608000000,1769612088608000000,13445
FlushQueue.executionTime90PNs,1769612028608000000,1769612088608000000,0
FlushQueue.waitingTime90PNs,1769612028608000000,1769612088608000000,0
FlushQueue.waitingTimeAvgNs,1769612028608000000,1769612088608000000,0.0
NonBlockingReadAction.failedExecutionsCount,1769612028608000000,1769612088608000000,0
AWTEventQueue.eventsDispatched,1769612028608000000,1769612088608000000,0
FlushQueue.executionTimeMaxNs,1769612028608000000,1769612088608000000,0
FlushQueue.waitingTimeMaxNs,1769612028608000000,1769612088608000000,0
FlushQueue.queueSize90P,1769612028608000000,1769612088608000000,0
AWTEventQueue.dispatchTimeTotalNS,1769612028608000000,1769612088608000000,423791791
NonBlockingReadAction.finalizedExecutionsCount,1769612028608000000,1769612088608000000,69
FlushQueue.queueSizeMax,1769612028608000000,1769612088608000000,0
AWTEventQueue.dispatchTimeAvgNs,1769612028608000000,1769612088608000000,0.0
FlushQueue.queueSizeAvg,1769612028608000000,1769612088608000000,0.0
AWTEventQueue.dispatchTime90PNs,1769612028608000000,1769612088608000000,0
ReadAction.executionsCount,1769612028608000000,1769612088608000000,67934
FlushQueue.executionTimeAvgNs,1769612028608000000,1769612088608000000,0.0
FlushQueue.tasksExecuted,1769612028608000000,1769612088608000000,0
WriteAction.executionsCount,1769612028608000000,1769612088608000000,0
NonBlockingReadAction.failedExecutionTimeUs,1769612028608000000,1769612088608000000,0
FilePageCacheLockFree.totalNativeBytesAllocated,1769612028608000000,1769612088608000000,0
MappedFileStorage.storages,1769612028608000000,1769612088608000000,16
FilePageCacheLockFree.totalHeapBytesAllocated,1769612028608000000,1769612088608000000,0
StreamlinedBlobStorage.totalLiveRecordsCapacityBytes,1769612028608000000,1769612088608000000,0
MappedFileStorage.totalPagesMapped,1769612028608000000,1769612088608000000,22
FilePageCacheLockFree.housekeeperTurnsSkipped,1769612028608000000,1769612088608000000,0
FilePageCacheLockFree.totalPagesRequestsMs,1769612028608000000,1769612088608000000,0
FilePageCacheLockFree.housekeeperTimeSpentMs,1769612028608000000,1769612088608000000,0
FilePageCache.pageLoadsAboveSizeThreshold,1769612028608000000,1769612088608000000,0
FilePageCacheLockFree.totalPagesHandedOver,1769612028608000000,1769612088608000000,0
FilePageCacheLockFree.totalPagesReadMs,1769612028608000000,1769612088608000000,0
FilePageCacheLockFree.housekeeperTurnsDone,1769612028608000000,1769612088608000000,0
StorageLockContext.competingThreads.90P,1769612028608000000,1769612088608000000,0
FilePageCacheLockFree.totalPageAllocationsWaited,1769612028608000000,1769612088608000000,0
DirectByteBufferAllocator.totalSizeOfBuffersAllocatedInBytes,1769612028608000000,1769612088608000000,141582336
DirectByteBufferAllocator.disposed,1769612028608000000,1769612088608000000,0
MappedFileStorage.totalBytesMapped,1769612028608000000,1769612088608000000,278134784
FilePageCache.pageLoads,1769612028608000000,1769612088608000000,0
FilePageCache.pageFastCacheHits,1769612028608000000,1769612088608000000,26
StorageLockContext.competingThreads.avg,1769612028608000000,1769612088608000000,0.0
StreamlinedBlobStorage.totalLiveRecordsPayloadBytes,1769612028608000000,1769612088608000000,0
FileChannelInterruptsRetryer.totalRetriedAttempts,1769612028608000000,1769612088608000000,0
FilePageCacheLockFree.nativeBytesInUse,1769612028608000000,1769612088608000000,0
FilePageCache.uncachedFileAccess,1769612028608000000,1769612088608000000,0
FilePageCacheLockFree.totalPagesWriteMs,1769612028608000000,1769612088608000000,0
FilePageCacheLockFree.totalBytesWritten,1769612028608000000,1769612088608000000,0
MappedFileStorage.totalTimeSpentOnMappingUs,1769612028608000000,1769612088608000000,13402
FilePageCache.totalPageLoadsUs,1769612028608000000,1769612088608000000,0
FilePageCache.pageHits,1769612028608000000,1769612088608000000,3
FilePageCache.totalPageDisposalsUs,1769612028608000000,1769612088608000000,0
FilePageCacheLockFree.totalBytesRead,1769612028608000000,1769612088608000000,0
DirectByteBufferAllocator.reclaimed,1769612028608000000,1769612088608000000,0
FilePageCache.disposedBuffers,1769612028608000000,1769612088608000000,0
FilePageCacheLockFree.totalBytesRequested,1769612028608000000,1769612088608000000,0
FilePageCacheLockFree.totalPagesRequested,1769612028608000000,1769612088608000000,0
DirectByteBufferAllocator.totalSizeOfBuffersCachedInBytes,1769612028608000000,1769612088608000000,0
FilePageCacheLockFree.totalPagesReclaimed,1769612028608000000,1769612088608000000,0
FilePageCacheLockFree.totalNativeBytesReclaimed,1769612028608000000,1769612088608000000,0
StreamlinedBlobStorage.recordsRelocated,1769612028608000000,1769612088608000000,0
FilePageCacheLockFree.heapBytesInUse,1769612028608000000,1769612088608000000,0
DirectByteBufferAllocator.hits,1769612028608000000,1769612088608000000,0
DirectByteBufferAllocator.misses,1769612028608000000,1769612088608000000,0
StreamlinedBlobStorage.recordsAllocated,1769612028608000000,1769612088608000000,0
FilePageCacheLockFree.totalClosedStoragesReclaimed,1769612028608000000,1769612088608000000,0
FilePageCacheLockFree.totalHeapBytesReclaimed,1769612028608000000,1769612088608000000,0
FilePageCacheLockFree.totalPagesAllocated,1769612028608000000,1769612088608000000,0
FilePageCache.capacityInBytes,1769612028608000000,1769612088608000000,503316478
StreamlinedBlobStorage.recordsDeleted,1769612028608000000,1769612088608000000,0
FilePageCache.maxCacheSizeInBytes,1769612028608000000,1769612088608000000,141582336
FilePageCacheLockFree.totalPagesWritten,1769612028608000000,1769612088608000000,0
FilePageCache.maxRegisteredFiles,1769612028608000000,1769612088608000000,252
StorageLockContext.competingThreads.max,1769612028608000000,1769612088608000000,0
Indexing.writer_3.totalTimeSpentWritingMs,1769612028608000000,1769612088608000000,0
Indexes.allKeys.lookupDuration90PMs,1769612028608000000,1769612088608000000,0.0
Indexes.entries.lookupDuration90PMs,1769612028608000000,1769612088608000000,0.0
Indexes.allKeys.lookups,1769612028608000000,1769612088608000000,0
Indexes.allKeys.lookupDurationMaxMs,1769612028608000000,1769612088608000000,0.0
Indexing.writer_2.totalTimeSpentWritingMs,1769612028608000000,1769612088608000000,0
Indexes.stubs.lookupDurationMaxMs,1769612028608000000,1769612088608000000,0.0
Indexes.allKeys.lookupDurationAvgMs,1769612028608000000,1769612088608000000,0.0
Indexing.cache.totalCacheEvicted,1769612028608000000,1769612088608000000,15
Indexes.stubs.lookupDuration90PMs,1769612028608000000,1769612088608000000,0.0
IndexesFlusher.totalFlushes,1769612028608000000,1769612088608000000,60
Indexing.cache.totalCacheAccesses,1769612028608000000,1769612088608000000,67
Indexes.stubs.lookups,1769612028608000000,1769612088608000000,0
IndexesFlusher.totalFlushingTimeUs,1769612028608000000,1769612088608000000,29396
Indexes.entries.lookupDurationAvgMs,1769612028608000000,1769612088608000000,0.0
Indexing.totalTimeIndexersSleptMs,1769612028608000000,1769612088608000000,0
Indexes.entries.lookups,1769612028608000000,1769612088608000000,25
Indexing.writesQueuedMin,1769612028608000000,1769612088608000000,9223372036854775807
Indexing.writesQueuedMax,1769612028608000000,1769612088608000000,0
Indexing.writer_0.totalTimeSpentWritingMs,1769612028608000000,1769612088608000000,0
Indexing.writer_1.totalTimeSpentWritingMs,1769612028608000000,1769612088608000000,0
Indexes.entries.lookupDurationMaxMs,1769612028608000000,1769612088608000000,0.0
Indexing.cache.totalCacheMisses,1769612028608000000,1769612088608000000,17
IndexesFlusher.totalContentionQuotaSpent,1769612028608000000,1769612088608000000,0
Indexes.stubs.lookupDurationAvgMs,1769612028608000000,1769612088608000000,0.0
IndexesFlusher.totalFlushesRetried,1769612028608000000,1769612088608000000,0
jps.artifact.entities.serializer.load.entities.ms,1769612028608000000,1769612088608000000,0
workspaceModel.mutableEntityStorage.changeLog.addReplaceEventForRemovedChild.ms,1769612028608000000,1769612088608000000,0
jps.facet.change.listener.before.change.events.ms,1769612028608000000,1769612088608000000,0
jps.load.initial.state.ms,1769612028608000000,1769612088608000000,0
workspaceModel.mutableEntityStorage.collect.changes.ms,1769612028608000000,1769612088608000000,0
workspaceModel.mutableEntityStorage.modify.entity.ms,1769612028608000000,1769612088608000000,0
jps.global.initialize.library.bridges.ms,1769612028608000000,1769612088608000000,0
workspaceModel.save.cache.to.file.ms,1769612028608000000,1769612088608000000,0
jps.project.serializers.save.ms,1769612028608000000,1769612088608000000,0
jps.global.handle.changed.events.ms,1769612028608000000,1769612088608000000,0
jps.module.dependency.index.workspace.model.listener.on.changed.ms,1769612028608000000,1769612088608000000,0
workspaceModel.moduleManagerBridge.newModule.ms,1769612028608000000,1769612088608000000,0
workspaceModel.mutableEntityStorage.replace.by.source.ms,1769612028608000000,1769612088608000000,0
workspaceModel.orphan.listener.update.ms,1769612028608000000,1769612088608000000,0
jps.facet.change.listener.process.change.events.ms,1769612028608000000,1769612088608000000,0
workspaceModel.moduleManagerBridge.set.unloadedModules.ms,1769612028608000000,1769612088608000000,0
workspaceModel.mutableEntityStorage.to.snapshot.ms,1769612028608000000,1769612088608000000,0
workspaceModel.global.apply.state.to.project.builder.ms,1769612028608000000,1769612088608000000,0
workspaceModel.mutableEntityStorage.has.same.entities.ms,1769612028608000000,1769612088608000000,0
workspaceModel.mutableEntityStorage.instances.count,1769612028608000000,1769612088608000000,0
workspaceModel.moduleBridge.facet.initialization.ms,1769612028608000000,1769612088608000000,0
workspaceModel.moduleManagerBridge.get.modules.ms,1769612028608000000,1769612088608000000,0
workspaceModel.moduleManagerBridge.new.nonPersistent.module.ms,1769612028608000000,1769612088608000000,0
jps.global.get.library.by.name.ms,1769612028608000000,1769612088608000000,0
workspaceModel.mutableEntityStorage.mutable.vfurl.index.ms,1769612028608000000,1769612088608000000,0
workspaceModel.mutableEntityStorage.mutable.ext.mapping.ms,1769612028608000000,1769612088608000000,0
jps.global.get.libraries.ms,1769612028608000000,1769612088608000000,0
jps.module.iml.entities.serializer.load.entities.ms,1769612028608000000,1769612088608000000,0
jps.project.serializers.load.ms,1769612028608000000,1769612088608000000,0
workspaceModel.load.cache.metadata.from.file.ms,1769612028608000000,1769612088608000000,0
workspaceModel.mutableEntityStorage.apply.changes.from.ms,1769612028608000000,1769612088608000000,0
workspaceModel.global.updates.count,1769612028608000000,1769612088608000000,0
jps.save.global.entities.ms,1769612028608000000,1769612088608000000,0
workspaceModel.global.apply.state.to.project.ms,1769612028608000000,1769612088608000000,0
workspaceModel.moduleManagerBridge.load.module.ms,1769612028608000000,1769612088608000000,0
workspaceModel.mutableEntityStorage.changeLog.addReplaceEventForNewParent.ms,1769612028608000000,1769612088608000000,0
jps.module.iml.entities.serializer.save.entities.ms,1769612028608000000,1769612088608000000,0
jps.apply.loaded.storage.ms,1769612028608000000,1769612088608000000,0
jps.global.initialize.library.bridges.after.loading.ms,1769612028608000000,1769612088608000000,0
jps.facet.change.listener.init.bridge.ms,1769612028608000000,1769612088608000000,0
jps.global.handle.before.change.events.ms,1769612028608000000,1769612088608000000,0
workspaceModel.moduleManagerBridge.build.module.graph.ms,1769612028608000000,1769612088608000000,0
workspaceModel.moduleBridgeLoader.loading.modules.ms,1769612028608000000,1769612088608000000,0
jps.library.entities.serializer.load.entities.ms,1769612028608000000,1769612088608000000,0
workspaceModel.load.cache.from.file.ms,1769612028608000000,1769612088608000000,0
jps.save.changed.project.entities.ms,1769612028608000000,1769612088608000000,0
workspaceModel.delayed.project.synchronizer.sync.ms,1769612028608000000,1769612088608000000,0
jps.reload.project.entities.ms,1769612028608000000,1769612088608000000,0
jps.load.project.to.empty.storage.ms,1769612028608000000,1769612088608000000,0
workspaceModel.do.save.caches.ms,1769612028608000000,1769612088608000000,0
workspaceModel.mutableEntityStorage.entities.ms,1769612028608000000,1769612088608000000,0
jps.global.get.library.ms,1769612028608000000,1769612088608000000,0
workspaceModel.moduleBridge.update.option.ms,1769612028608000000,1769612088608000000,0
workspaceModel.moduleManagerBridge.load.all.modules.ms,1769612028608000000,1769612088608000000,0
workspaceModel.mutableEntityStorage.referrers.ms,1769612028608000000,1769612088608000000,0
jps.artifact.entities.serializer.save.entities.ms,1769612028608000000,1769612088608000000,0
jps.app.storage.content.reader.load.component.ms,1769612028608000000,1769612088608000000,0
workspaceModel.mutableEntityStorage.remove.entity.ms,1769612028608000000,1769612088608000000,0
workspaceModel.mutableEntityStorage.changeLog.addReplaceEventForNewChild.ms,1769612028608000000,1769612088608000000,0
workspaceModel.mutableEntityStorage.entities.by.source.ms,1769612028608000000,1769612088608000000,0
workspaceModel.moduleBridge.before.changed.ms,1769612028608000000,1769612088608000000,0
jps.library.entities.serializer.save.entities.ms,1769612028608000000,1769612088608000000,0
workspaceModel.mutableEntityStorage.resolve.ms,1769612028608000000,1769612088608000000,0
workspaceModel.mutableEntityStorage.put.entity.ms,1769612028608000000,1769612088608000000,0
workspaceModel.global.updates.ms,1769612028608000000,1769612088608000000,0
workspaceModel.mutableEntityStorage.changeLog.addReplaceEventForRemovedParent.ms,1769612028608000000,1769612088608000000,0
workspaceModel.sync.entities.ms,1769612028608000000,1769612088608000000,0
jps.app.storage.content.writer.save.component.ms,1769612028608000000,1769612088608000000,0
workspaceModel.mutableEntityStorage.add.entity.ms,1769612028608000000,1769612088608000000,0
workspaceModel.moduleManagerBridge.create.module.instance.ms,1769612028608000000,1769612088608000000,0
jps.storage.jps.conf.reader.load.component.ms,1769612028608000000,1769612088608000000,0
VFS.fileChildByName,1769612028608000000,1769612088608000000,3210
VFS.contentStorage.recordsStored,1769612028608000000,1769612088608000000,0
VFS.contentStorage.recordsUncompressedSize,1769612028608000000,1769612088608000000,0
VFS.fileByIdCache.misses,1769612028608000000,1769612088608000000,2179
FileNameCache.totalMisses,1769612028608000000,1769612088608000000,0
VFS.contentStorage.recordsDeduplicated,1769612028608000000,1769612088608000000,0
VFS.contentStorage.recordsReadSize,1769612028608000000,1769612088608000000,99363
VFS.fileByIdCache.hits,1769612028608000000,1769612088608000000,0
VFS.contentStorage.recordsStoredCompressed,1769612028608000000,1769612088608000000,0
VFS.contentStorage.recordsDecompressionTimeUs,1769612028608000000,1769612088608000000,61
VFS.invertedFileNameIndex.requests,1769612028608000000,1769612088608000000,0
FileNameCache.queries,1769612028608000000,1769612088608000000,11840
VFS.contentStorage.recordsReadDecompressed,1769612028608000000,1769612088608000000,3
VFS.contentStorage.recordsStoredSize,1769612028608000000,1769612088608000000,0
VFS.contentStorage.recordsRead,1769612028608000000,1769612088608000000,18
JVM.totalTimeAtSafepointsMs,1769612028608000000,1769612088608000000,35
JVM.newThreadsCount,1769612028608000000,1769612088608000000,26
JVM.totalDirectByteBuffersBytes,1769612028608000000,1769612088608000000,142596095
JVM.maxHeapBytes,1769612028608000000,1769612088608000000,4196401152
OS.loadAverage,1769612028608000000,1769612088608000000,1.71923828125
JVM.usedNativeBytes,1769612028608000000,1769612088608000000,394294192
JVM.totalSafepointCount,1769612028608000000,1769612088608000000,22
JVM.totalCpuTimeMs,1769612028608000000,1769612088608000000,8300
JVM.GC.collections,1769612028608000000,1769612088608000000,4
JVM.totalTimeToSafepointsMs,1769612028608000000,1769612088608000000,2
JVM.GC.collectionTimesMs,1769612028608000000,1769612088608000000,29
JVM.threadCount,1769612028608000000,1769612088608000000,75
JVM.totalBytesAllocated,1769612028608000000,1769612088608000000,440520288
JVM.maxThreadCount,1769612028608000000,1769612088608000000,151
JVM.usedHeapBytes,1769612028608000000,1769612088608000000,562491896
parser.PythonStub.time.ns,1769612088608000000,1769612148608000000,1204420
lexer.JSON.time.ns,1769612088608000000,1769612148608000000,10209
DiskQueryRelay.tasksExecuted,1769612088608000000,1769612148608000000,2
lexer.Python.size.bytes,1769612088608000000,1769612148608000000,130171
writeAction.median.wait.ms,1769612088608000000,1769612148608000000,0
writeAction.wait.ms,1769612088608000000,1769612148608000000,0
writeAction.max.wait.ms,1769612088608000000,1769612148608000000,265
DiskQueryRelay.tasksRequested,1769612088608000000,1769612148608000000,2
lexer.Python.time.ns,1769612088608000000,1769612148608000000,10220408
parser.JSON.size.bytes,1769612088608000000,1769612148608000000,0
DiskQueryRelay.taskWaitingTotalTimeUs,1769612088608000000,1769612148608000000,2971
lexer.JSON.size.bytes,1769612088608000000,1769612148608000000,0
writeAction.count,1769612088608000000,1769612148608000000,2
lexer.PythonStub.time.ns,1769612088608000000,1769612148608000000,438520
lexer.PythonStub.size.bytes,1769612088608000000,1769612148608000000,7707
parser.Python.size.bytes,1769612088608000000,1769612148608000000,130171
DiskQueryRelay.taskExecutionTotalTimeUs,1769612088608000000,1769612148608000000,2885
parser.PythonStub.size.bytes,1769612088608000000,1769612148608000000,7707
parser.JSON.time.ns,1769612088608000000,1769612148608000000,254191
parser.Python.time.ns,1769612088608000000,1769612148608000000,32736149
cacheStateStorage.set.counter,1769612088608000000,1769612148608000000,0
cacheStateStorage.get.counter,1769612088608000000,1769612148608000000,0
cacheStateStorage.set.duration,1769612088608000000,1769612148608000000,0
cacheStateStorage.get.duration,1769612088608000000,1769612148608000000,0
workspaceModel.cachedValue.from.cache.count,1769612088608000000,1769612148608000000,5630
workspaceModel.cachedValueWithParameters.calculated.count,1769612088608000000,1769612148608000000,0
workspaceModel.entityStorageSnapshotImpl.instances.count,1769612088608000000,1769612148608000000,0
workspaceModel.full.replace.project.model.ms,1769612088608000000,1769612148608000000,0
workspaceModel.workspaceFileIndexData.instances.count,1769612088608000000,1769612148608000000,0
workspaceModel.pre.handlers.ms,1769612088608000000,1769612148608000000,0
workspaceModel.workspaceFileIndexContributor.registerFileSets.ms,1769612088608000000,1769612148608000000,0
workspaceModel.replace.project.model.ms,1769612088608000000,1769612148608000000,0
workspaceModel.to.snapshot.ms,1769612088608000000,1769612148608000000,0
workspaceModel.workspaceFileIndexData.updateDirtyEntities.ms,1769612088608000000,1769612148608000000,0
workspaceModel.cachedValueWithParameters.clear.count,1769612088608000000,1769612148608000000,0
workspaceModel.workspaceFileIndexData.processFileSets.ms,1769612088608000000,1769612148608000000,0
workspaceModel.on.changed.ms,1769612088608000000,1769612148608000000,0
workspaceModel.collect.changes.ms,1769612088608000000,1769612148608000000,0
workspaceModel.workspaceFileIndexData.visitFileSets.ms,1769612088608000000,1769612148608000000,0
workspaceModel.workspaceFileIndexData.init.ms,1769612088608000000,1769612148608000000,0
workspaceModel.init.bridges.ms,1769612088608000000,1769612148608000000,0
workspaceModel.workspaceFileIndexData.getDirectoriesByPackageName.ms,1769612088608000000,1769612148608000000,0
workspaceModel.updates.precise.ms,1769612088608000000,1769612148608000000,0
workspaceModel.cachedValue.total.get.count,1769612088608000000,1769612148608000000,5630
workspaceModel.updates.ms,1769612088608000000,1769612148608000000,0
workspaceModel.cachedValue.clear.count,1769612088608000000,1769612148608000000,0
workspaceModel.workspaceFileIndexData.getPackageName.ms,1769612088608000000,1769612148608000000,0
workspaceModel.initializing.ms,1769612088608000000,1769612148608000000,0
workspaceModel.cachedValueWithParameters.from.cache.count,1769612088608000000,1769612148608000000,0
workspaceModel.cachedValueWithParameters.total.get.count,1769612088608000000,1769612148608000000,0
workspaceModel.check.recursive.update.ms,1769612088608000000,1769612148608000000,0
workspaceModel.workspaceFileIndexData.onEntitiesChanged.ms,1769612088608000000,1769612148608000000,0
workspaceModel.cachedValue.calculated.count,1769612088608000000,1769612148608000000,0
workspaceModel.workspaceFileIndexData.getFileInfo.ms,1769612088608000000,1769612148608000000,38
workspaceModel.on.before.changed.ms,1769612088608000000,1769612148608000000,0
workspaceModel.workspaceFileIndexData.markDirty.ms,1769612088608000000,1769612148608000000,0
workspaceModel.update.unloaded.entities.ms,1769612088608000000,1769612148608000000,0
workspaceModel.updates.count,1769612088608000000,1769612148608000000,0
workspaceModel.loading.from.cache.ms,1769612088608000000,1769612148608000000,0
workspaceModel.loading.total.ms,1769612088608000000,1769612148608000000,0
AWTEventQueue.dispatchTimeMaxNs,1769612088608000000,1769612148608000000,0
NonBlockingReadAction.finalizedExecutionTimeUs,1769612088608000000,1769612148608000000,161651
FlushQueue.executionTime90PNs,1769612088608000000,1769612148608000000,0
FlushQueue.waitingTime90PNs,1769612088608000000,1769612148608000000,0
FlushQueue.waitingTimeAvgNs,1769612088608000000,1769612148608000000,0.0
NonBlockingReadAction.failedExecutionsCount,1769612088608000000,1769612148608000000,4
AWTEventQueue.eventsDispatched,1769612088608000000,1769612148608000000,0
FlushQueue.executionTimeMaxNs,1769612088608000000,1769612148608000000,0
FlushQueue.waitingTimeMaxNs,1769612088608000000,1769612148608000000,0
FlushQueue.queueSize90P,1769612088608000000,1769612148608000000,0
AWTEventQueue.dispatchTimeTotalNS,1769612088608000000,1769612148608000000,2564084871
NonBlockingReadAction.finalizedExecutionsCount,1769612088608000000,1769612148608000000,2476
FlushQueue.queueSizeMax,1769612088608000000,1769612148608000000,0
AWTEventQueue.dispatchTimeAvgNs,1769612088608000000,1769612148608000000,0.0
FlushQueue.queueSizeAvg,1769612088608000000,1769612148608000000,0.0
AWTEventQueue.dispatchTime90PNs,1769612088608000000,1769612148608000000,0
ReadAction.executionsCount,1769612088608000000,1769612148608000000,711177
FlushQueue.executionTimeAvgNs,1769612088608000000,1769612148608000000,0.0
FlushQueue.tasksExecuted,1769612088608000000,1769612148608000000,0
WriteAction.executionsCount,1769612088608000000,1769612148608000000,2
NonBlockingReadAction.failedExecutionTimeUs,1769612088608000000,1769612148608000000,781
FilePageCacheLockFree.totalNativeBytesAllocated,1769612088608000000,1769612148608000000,0
MappedFileStorage.storages,1769612088608000000,1769612148608000000,16
FilePageCacheLockFree.totalHeapBytesAllocated,1769612088608000000,1769612148608000000,0
StreamlinedBlobStorage.totalLiveRecordsCapacityBytes,1769612088608000000,1769612148608000000,0
MappedFileStorage.totalPagesMapped,1769612088608000000,1769612148608000000,22
FilePageCacheLockFree.housekeeperTurnsSkipped,1769612088608000000,1769612148608000000,0
FilePageCacheLockFree.totalPagesRequestsMs,1769612088608000000,1769612148608000000,0
FilePageCacheLockFree.housekeeperTimeSpentMs,1769612088608000000,1769612148608000000,0
FilePageCache.pageLoadsAboveSizeThreshold,1769612088608000000,1769612148608000000,0
FilePageCacheLockFree.totalPagesHandedOver,1769612088608000000,1769612148608000000,0
FilePageCacheLockFree.totalPagesReadMs,1769612088608000000,1769612148608000000,0
FilePageCacheLockFree.housekeeperTurnsDone,1769612088608000000,1769612148608000000,0
StorageLockContext.competingThreads.90P,1769612088608000000,1769612148608000000,0
FilePageCacheLockFree.totalPageAllocationsWaited,1769612088608000000,1769612148608000000,0
DirectByteBufferAllocator.totalSizeOfBuffersAllocatedInBytes,1769612088608000000,1769612148608000000,141582336
DirectByteBufferAllocator.disposed,1769612088608000000,1769612148608000000,0
MappedFileStorage.totalBytesMapped,1769612088608000000,1769612148608000000,278134784
FilePageCache.pageLoads,1769612088608000000,1769612148608000000,0
FilePageCache.pageFastCacheHits,1769612088608000000,1769612148608000000,12
StorageLockContext.competingThreads.avg,1769612088608000000,1769612148608000000,0.0
StreamlinedBlobStorage.totalLiveRecordsPayloadBytes,1769612088608000000,1769612148608000000,9
FileChannelInterruptsRetryer.totalRetriedAttempts,1769612088608000000,1769612148608000000,0
FilePageCacheLockFree.nativeBytesInUse,1769612088608000000,1769612148608000000,0
FilePageCache.uncachedFileAccess,1769612088608000000,1769612148608000000,0
FilePageCacheLockFree.totalPagesWriteMs,1769612088608000000,1769612148608000000,0
FilePageCacheLockFree.totalBytesWritten,1769612088608000000,1769612148608000000,0
MappedFileStorage.totalTimeSpentOnMappingUs,1769612088608000000,1769612148608000000,13402
FilePageCache.totalPageLoadsUs,1769612088608000000,1769612148608000000,0
FilePageCache.pageHits,1769612088608000000,1769612148608000000,1
FilePageCache.totalPageDisposalsUs,1769612088608000000,1769612148608000000,0
FilePageCacheLockFree.totalBytesRead,1769612088608000000,1769612148608000000,0
DirectByteBufferAllocator.reclaimed,1769612088608000000,1769612148608000000,0
FilePageCache.disposedBuffers,1769612088608000000,1769612148608000000,0
FilePageCacheLockFree.totalBytesRequested,1769612088608000000,1769612148608000000,0
FilePageCacheLockFree.totalPagesRequested,1769612088608000000,1769612148608000000,0
DirectByteBufferAllocator.totalSizeOfBuffersCachedInBytes,1769612088608000000,1769612148608000000,0
FilePageCacheLockFree.totalPagesReclaimed,1769612088608000000,1769612148608000000,0
FilePageCacheLockFree.totalNativeBytesReclaimed,1769612088608000000,1769612148608000000,0
StreamlinedBlobStorage.recordsRelocated,1769612088608000000,1769612148608000000,0
FilePageCacheLockFree.heapBytesInUse,1769612088608000000,1769612148608000000,0
DirectByteBufferAllocator.hits,1769612088608000000,1769612148608000000,0
DirectByteBufferAllocator.misses,1769612088608000000,1769612148608000000,0
StreamlinedBlobStorage.recordsAllocated,1769612088608000000,1769612148608000000,0
FilePageCacheLockFree.totalClosedStoragesReclaimed,1769612088608000000,1769612148608000000,0
FilePageCacheLockFree.totalHeapBytesReclaimed,1769612088608000000,1769612148608000000,0
FilePageCacheLockFree.totalPagesAllocated,1769612088608000000,1769612148608000000,0
FilePageCache.capacityInBytes,1769612088608000000,1769612148608000000,503316478
StreamlinedBlobStorage.recordsDeleted,1769612088608000000,1769612148608000000,0
FilePageCache.maxCacheSizeInBytes,1769612088608000000,1769612148608000000,141582336
FilePageCacheLockFree.totalPagesWritten,1769612088608000000,1769612148608000000,0
FilePageCache.maxRegisteredFiles,1769612088608000000,1769612148608000000,252
StorageLockContext.competingThreads.max,1769612088608000000,1769612148608000000,0
Indexing.writer_3.totalTimeSpentWritingMs,1769612088608000000,1769612148608000000,0
Indexes.allKeys.lookupDuration90PMs,1769612088608000000,1769612148608000000,0.0
Indexes.entries.lookupDuration90PMs,1769612088608000000,1769612148608000000,0.0
Indexes.allKeys.lookups,1769612088608000000,1769612148608000000,0
Indexes.allKeys.lookupDurationMaxMs,1769612088608000000,1769612148608000000,0.0
Indexing.writer_2.totalTimeSpentWritingMs,1769612088608000000,1769612148608000000,0
Indexes.stubs.lookupDurationMaxMs,1769612088608000000,1769612148608000000,0.0
Indexes.allKeys.lookupDurationAvgMs,1769612088608000000,1769612148608000000,0.0
Indexing.cache.totalCacheEvicted,1769612088608000000,1769612148608000000,14
Indexes.stubs.lookupDuration90PMs,1769612088608000000,1769612148608000000,0.0
IndexesFlusher.totalFlushes,1769612088608000000,1769612148608000000,60
Indexing.cache.totalCacheAccesses,1769612088608000000,1769612148608000000,62
Indexes.stubs.lookups,1769612088608000000,1769612148608000000,0
IndexesFlusher.totalFlushingTimeUs,1769612088608000000,1769612148608000000,29246
Indexes.entries.lookupDurationAvgMs,1769612088608000000,1769612148608000000,0.0
Indexing.totalTimeIndexersSleptMs,1769612088608000000,1769612148608000000,0
Indexes.entries.lookups,1769612088608000000,1769612148608000000,25
Indexing.writesQueuedMin,1769612088608000000,1769612148608000000,9223372036854775807
Indexing.writesQueuedMax,1769612088608000000,1769612148608000000,0
Indexing.writer_0.totalTimeSpentWritingMs,1769612088608000000,1769612148608000000,0
Indexing.writer_1.totalTimeSpentWritingMs,1769612088608000000,1769612148608000000,0
Indexes.entries.lookupDurationMaxMs,1769612088608000000,1769612148608000000,0.0
Indexing.cache.totalCacheMisses,1769612088608000000,1769612148608000000,14
IndexesFlusher.totalContentionQuotaSpent,1769612088608000000,1769612148608000000,0
Indexes.stubs.lookupDurationAvgMs,1769612088608000000,1769612148608000000,0.0
IndexesFlusher.totalFlushesRetried,1769612088608000000,1769612148608000000,0
jps.artifact.entities.serializer.load.entities.ms,1769612088608000000,1769612148608000000,0
workspaceModel.mutableEntityStorage.changeLog.addReplaceEventForRemovedChild.ms,1769612088608000000,1769612148608000000,0
jps.facet.change.listener.before.change.events.ms,1769612088608000000,1769612148608000000,0
jps.load.initial.state.ms,1769612088608000000,1769612148608000000,0
workspaceModel.mutableEntityStorage.collect.changes.ms,1769612088608000000,1769612148608000000,0
workspaceModel.mutableEntityStorage.modify.entity.ms,1769612088608000000,1769612148608000000,0
jps.global.initialize.library.bridges.ms,1769612088608000000,1769612148608000000,0
workspaceModel.save.cache.to.file.ms,1769612088608000000,1769612148608000000,0
jps.project.serializers.save.ms,1769612088608000000,1769612148608000000,0
jps.global.handle.changed.events.ms,1769612088608000000,1769612148608000000,0
jps.module.dependency.index.workspace.model.listener.on.changed.ms,1769612088608000000,1769612148608000000,0
workspaceModel.moduleManagerBridge.newModule.ms,1769612088608000000,1769612148608000000,0
workspaceModel.mutableEntityStorage.replace.by.source.ms,1769612088608000000,1769612148608000000,0
workspaceModel.orphan.listener.update.ms,1769612088608000000,1769612148608000000,0
jps.facet.change.listener.process.change.events.ms,1769612088608000000,1769612148608000000,0
workspaceModel.moduleManagerBridge.set.unloadedModules.ms,1769612088608000000,1769612148608000000,0
workspaceModel.mutableEntityStorage.to.snapshot.ms,1769612088608000000,1769612148608000000,0
workspaceModel.global.apply.state.to.project.builder.ms,1769612088608000000,1769612148608000000,0
workspaceModel.mutableEntityStorage.has.same.entities.ms,1769612088608000000,1769612148608000000,0
workspaceModel.mutableEntityStorage.instances.count,1769612088608000000,1769612148608000000,0
workspaceModel.moduleBridge.facet.initialization.ms,1769612088608000000,1769612148608000000,0
workspaceModel.moduleManagerBridge.get.modules.ms,1769612088608000000,1769612148608000000,0
workspaceModel.moduleManagerBridge.new.nonPersistent.module.ms,1769612088608000000,1769612148608000000,0
jps.global.get.library.by.name.ms,1769612088608000000,1769612148608000000,0
workspaceModel.mutableEntityStorage.mutable.vfurl.index.ms,1769612088608000000,1769612148608000000,0
workspaceModel.mutableEntityStorage.mutable.ext.mapping.ms,1769612088608000000,1769612148608000000,0
jps.global.get.libraries.ms,1769612088608000000,1769612148608000000,0
jps.module.iml.entities.serializer.load.entities.ms,1769612088608000000,1769612148608000000,0
jps.project.serializers.load.ms,1769612088608000000,1769612148608000000,0
workspaceModel.load.cache.metadata.from.file.ms,1769612088608000000,1769612148608000000,0
workspaceModel.mutableEntityStorage.apply.changes.from.ms,1769612088608000000,1769612148608000000,0
workspaceModel.global.updates.count,1769612088608000000,1769612148608000000,0
jps.save.global.entities.ms,1769612088608000000,1769612148608000000,0
workspaceModel.global.apply.state.to.project.ms,1769612088608000000,1769612148608000000,0
workspaceModel.moduleManagerBridge.load.module.ms,1769612088608000000,1769612148608000000,0
workspaceModel.mutableEntityStorage.changeLog.addReplaceEventForNewParent.ms,1769612088608000000,1769612148608000000,0
jps.module.iml.entities.serializer.save.entities.ms,1769612088608000000,1769612148608000000,0
jps.apply.loaded.storage.ms,1769612088608000000,1769612148608000000,0
jps.global.initialize.library.bridges.after.loading.ms,1769612088608000000,1769612148608000000,0
jps.facet.change.listener.init.bridge.ms,1769612088608000000,1769612148608000000,0
jps.global.handle.before.change.events.ms,1769612088608000000,1769612148608000000,0
workspaceModel.moduleManagerBridge.build.module.graph.ms,1769612088608000000,1769612148608000000,0
workspaceModel.moduleBridgeLoader.loading.modules.ms,1769612088608000000,1769612148608000000,0
jps.library.entities.serializer.load.entities.ms,1769612088608000000,1769612148608000000,0
workspaceModel.load.cache.from.file.ms,1769612088608000000,1769612148608000000,0
jps.save.changed.project.entities.ms,1769612088608000000,1769612148608000000,0
workspaceModel.delayed.project.synchronizer.sync.ms,1769612088608000000,1769612148608000000,0
jps.reload.project.entities.ms,1769612088608000000,1769612148608000000,0
jps.load.project.to.empty.storage.ms,1769612088608000000,1769612148608000000,0
workspaceModel.do.save.caches.ms,1769612088608000000,1769612148608000000,0
workspaceModel.mutableEntityStorage.entities.ms,1769612088608000000,1769612148608000000,0
jps.global.get.library.ms,1769612088608000000,1769612148608000000,0
workspaceModel.moduleBridge.update.option.ms,1769612088608000000,1769612148608000000,0
workspaceModel.moduleManagerBridge.load.all.modules.ms,1769612088608000000,1769612148608000000,0
workspaceModel.mutableEntityStorage.referrers.ms,1769612088608000000,1769612148608000000,0
jps.artifact.entities.serializer.save.entities.ms,1769612088608000000,1769612148608000000,0
jps.app.storage.content.reader.load.component.ms,1769612088608000000,1769612148608000000,0
workspaceModel.mutableEntityStorage.remove.entity.ms,1769612088608000000,1769612148608000000,0
workspaceModel.mutableEntityStorage.changeLog.addReplaceEventForNewChild.ms,1769612088608000000,1769612148608000000,0
workspaceModel.mutableEntityStorage.entities.by.source.ms,1769612088608000000,1769612148608000000,0
workspaceModel.moduleBridge.before.changed.ms,1769612088608000000,1769612148608000000,0
jps.library.entities.serializer.save.entities.ms,1769612088608000000,1769612148608000000,0
workspaceModel.mutableEntityStorage.resolve.ms,1769612088608000000,1769612148608000000,0
workspaceModel.mutableEntityStorage.put.entity.ms,1769612088608000000,1769612148608000000,0
workspaceModel.global.updates.ms,1769612088608000000,1769612148608000000,0
workspaceModel.mutableEntityStorage.changeLog.addReplaceEventForRemovedParent.ms,1769612088608000000,1769612148608000000,0
workspaceModel.sync.entities.ms,1769612088608000000,1769612148608000000,0
jps.app.storage.content.writer.save.component.ms,1769612088608000000,1769612148608000000,0
workspaceModel.mutableEntityStorage.add.entity.ms,1769612088608000000,1769612148608000000,0
workspaceModel.moduleManagerBridge.create.module.instance.ms,1769612088608000000,1769612148608000000,0
jps.storage.jps.conf.reader.load.component.ms,1769612088608000000,1769612148608000000,0
VFS.fileChildByName,1769612088608000000,1769612148608000000,5417
VFS.contentStorage.recordsStored,1769612088608000000,1769612148608000000,2
VFS.contentStorage.recordsUncompressedSize,1769612088608000000,1769612148608000000,7707
VFS.fileByIdCache.misses,1769612088608000000,1769612148608000000,2179
FileNameCache.totalMisses,1769612088608000000,1769612148608000000,0
VFS.contentStorage.recordsDeduplicated,1769612088608000000,1769612148608000000,0
VFS.contentStorage.recordsReadSize,1769612088608000000,1769612148608000000,540817
VFS.fileByIdCache.hits,1769612088608000000,1769612148608000000,0
VFS.contentStorage.recordsStoredCompressed,1769612088608000000,1769612148608000000,0
VFS.contentStorage.recordsDecompressionTimeUs,1769612088608000000,1769612148608000000,518
VFS.invertedFileNameIndex.requests,1769612088608000000,1769612148608000000,0
FileNameCache.queries,1769612088608000000,1769612148608000000,17280
VFS.contentStorage.recordsReadDecompressed,1769612088608000000,1769612148608000000,5
VFS.contentStorage.recordsStoredSize,1769612088608000000,1769612148608000000,7707
VFS.contentStorage.recordsRead,1769612088608000000,1769612148608000000,22
JVM.totalTimeAtSafepointsMs,1769612088608000000,1769612148608000000,42
JVM.newThreadsCount,1769612088608000000,1769612148608000000,5
JVM.totalDirectByteBuffersBytes,1769612088608000000,1769612148608000000,142608039
JVM.maxHeapBytes,1769612088608000000,1769612148608000000,4196401152
OS.loadAverage,1769612088608000000,1769612148608000000,1.6220703125
JVM.usedNativeBytes,1769612088608000000,1769612148608000000,404149640
JVM.totalSafepointCount,1769612088608000000,1769612148608000000,42
JVM.totalCpuTimeMs,1769612088608000000,1769612148608000000,11490
JVM.GC.collections,1769612088608000000,1769612148608000000,6
JVM.totalTimeToSafepointsMs,1769612088608000000,1769612148608000000,0
JVM.GC.collectionTimesMs,1769612088608000000,1769612148608000000,41
JVM.threadCount,1769612088608000000,1769612148608000000,76
JVM.totalBytesAllocated,1769612088608000000,1769612148608000000,867585160
JVM.maxThreadCount,1769612088608000000,1769612148608000000,151
JVM.usedHeapBytes,1769612088608000000,1769612148608000000,699758216
parser.PythonStub.time.ns,1769612148608000000,1769612208608000000,638368
DiskQueryRelay.tasksExecuted,1769612148608000000,1769612208608000000,1
lexer.Python.size.bytes,1769612148608000000,1769612208608000000,107
writeAction.median.wait.ms,1769612148608000000,1769612208608000000,0
writeAction.wait.ms,1769612148608000000,1769612208608000000,0
writeAction.max.wait.ms,1769612148608000000,1769612208608000000,265
DiskQueryRelay.tasksRequested,1769612148608000000,1769612208608000000,1
lexer.Python.time.ns,1769612148608000000,1769612208608000000,78609
DiskQueryRelay.taskWaitingTotalTimeUs,1769612148608000000,1769612208608000000,1717
writeAction.count,1769612148608000000,1769612208608000000,0
lexer.PythonStub.time.ns,1769612148608000000,1769612208608000000,172857
lexer.PythonStub.size.bytes,1769612148608000000,1769612208608000000,2706
parser.Python.size.bytes,1769612148608000000,1769612208608000000,107
DiskQueryRelay.taskExecutionTotalTimeUs,1769612148608000000,1769612208608000000,1671
parser.PythonStub.size.bytes,1769612148608000000,1769612208608000000,2706
parser.Python.time.ns,1769612148608000000,1769612208608000000,256073
cacheStateStorage.set.counter,1769612148608000000,1769612208608000000,0
cacheStateStorage.get.counter,1769612148608000000,1769612208608000000,0
cacheStateStorage.set.duration,1769612148608000000,1769612208608000000,0
cacheStateStorage.get.duration,1769612148608000000,1769612208608000000,0
workspaceModel.cachedValue.from.cache.count,1769612148608000000,1769612208608000000,303
workspaceModel.cachedValueWithParameters.calculated.count,1769612148608000000,1769612208608000000,0
workspaceModel.entityStorageSnapshotImpl.instances.count,1769612148608000000,1769612208608000000,0
workspaceModel.full.replace.project.model.ms,1769612148608000000,1769612208608000000,0
workspaceModel.workspaceFileIndexData.instances.count,1769612148608000000,1769612208608000000,0
workspaceModel.pre.handlers.ms,1769612148608000000,1769612208608000000,0
workspaceModel.workspaceFileIndexContributor.registerFileSets.ms,1769612148608000000,1769612208608000000,0
workspaceModel.replace.project.model.ms,1769612148608000000,1769612208608000000,0
workspaceModel.to.snapshot.ms,1769612148608000000,1769612208608000000,0
workspaceModel.workspaceFileIndexData.updateDirtyEntities.ms,1769612148608000000,1769612208608000000,0
workspaceModel.cachedValueWithParameters.clear.count,1769612148608000000,1769612208608000000,0
workspaceModel.workspaceFileIndexData.processFileSets.ms,1769612148608000000,1769612208608000000,0
workspaceModel.on.changed.ms,1769612148608000000,1769612208608000000,0
workspaceModel.collect.changes.ms,1769612148608000000,1769612208608000000,0
workspaceModel.workspaceFileIndexData.visitFileSets.ms,1769612148608000000,1769612208608000000,0
workspaceModel.workspaceFileIndexData.init.ms,1769612148608000000,1769612208608000000,0
workspaceModel.init.bridges.ms,1769612148608000000,1769612208608000000,0
workspaceModel.workspaceFileIndexData.getDirectoriesByPackageName.ms,1769612148608000000,1769612208608000000,0
workspaceModel.updates.precise.ms,1769612148608000000,1769612208608000000,0
workspaceModel.cachedValue.total.get.count,1769612148608000000,1769612208608000000,303
workspaceModel.updates.ms,1769612148608000000,1769612208608000000,0
workspaceModel.cachedValue.clear.count,1769612148608000000,1769612208608000000,0
workspaceModel.workspaceFileIndexData.getPackageName.ms,1769612148608000000,1769612208608000000,0
workspaceModel.initializing.ms,1769612148608000000,1769612208608000000,0
workspaceModel.cachedValueWithParameters.from.cache.count,1769612148608000000,1769612208608000000,0
workspaceModel.cachedValueWithParameters.total.get.count,1769612148608000000,1769612208608000000,0
workspaceModel.check.recursive.update.ms,1769612148608000000,1769612208608000000,0
workspaceModel.workspaceFileIndexData.onEntitiesChanged.ms,1769612148608000000,1769612208608000000,0
workspaceModel.cachedValue.calculated.count,1769612148608000000,1769612208608000000,0
workspaceModel.workspaceFileIndexData.getFileInfo.ms,1769612148608000000,1769612208608000000,0
workspaceModel.on.before.changed.ms,1769612148608000000,1769612208608000000,0
workspaceModel.workspaceFileIndexData.markDirty.ms,1769612148608000000,1769612208608000000,0
workspaceModel.update.unloaded.entities.ms,1769612148608000000,1769612208608000000,0
workspaceModel.updates.count,1769612148608000000,1769612208608000000,0
workspaceModel.loading.from.cache.ms,1769612148608000000,1769612208608000000,0
workspaceModel.loading.total.ms,1769612148608000000,1769612208608000000,0
AWTEventQueue.dispatchTimeMaxNs,1769612148608000000,1769612208608000000,0
NonBlockingReadAction.finalizedExecutionTimeUs,1769612148608000000,1769612208608000000,71664
FlushQueue.executionTime90PNs,1769612148608000000,1769612208608000000,0
FlushQueue.waitingTime90PNs,1769612148608000000,1769612208608000000,0
FlushQueue.waitingTimeAvgNs,1769612148608000000,1769612208608000000,0.0
NonBlockingReadAction.failedExecutionsCount,1769612148608000000,1769612208608000000,2
AWTEventQueue.eventsDispatched,1769612148608000000,1769612208608000000,0
FlushQueue.executionTimeMaxNs,1769612148608000000,1769612208608000000,0
FlushQueue.waitingTimeMaxNs,1769612148608000000,1769612208608000000,0
FlushQueue.queueSize90P,1769612148608000000,1769612208608000000,0
AWTEventQueue.dispatchTimeTotalNS,1769612148608000000,1769612208608000000,1016094782
NonBlockingReadAction.finalizedExecutionsCount,1769612148608000000,1769612208608000000,1897
FlushQueue.queueSizeMax,1769612148608000000,1769612208608000000,0
AWTEventQueue.dispatchTimeAvgNs,1769612148608000000,1769612208608000000,0.0
FlushQueue.queueSizeAvg,1769612148608000000,1769612208608000000,0.0
AWTEventQueue.dispatchTime90PNs,1769612148608000000,1769612208608000000,0
ReadAction.executionsCount,1769612148608000000,1769612208608000000,229179
FlushQueue.executionTimeAvgNs,1769612148608000000,1769612208608000000,0.0
FlushQueue.tasksExecuted,1769612148608000000,1769612208608000000,0
WriteAction.executionsCount,1769612148608000000,1769612208608000000,0
NonBlockingReadAction.failedExecutionTimeUs,1769612148608000000,1769612208608000000,347
FilePageCacheLockFree.totalNativeBytesAllocated,1769612148608000000,1769612208608000000,0
MappedFileStorage.storages,1769612148608000000,1769612208608000000,16
FilePageCacheLockFree.totalHeapBytesAllocated,1769612148608000000,1769612208608000000,0
StreamlinedBlobStorage.totalLiveRecordsCapacityBytes,1769612148608000000,1769612208608000000,0
MappedFileStorage.totalPagesMapped,1769612148608000000,1769612208608000000,22
FilePageCacheLockFree.housekeeperTurnsSkipped,1769612148608000000,1769612208608000000,0
FilePageCacheLockFree.totalPagesRequestsMs,1769612148608000000,1769612208608000000,0
FilePageCacheLockFree.housekeeperTimeSpentMs,1769612148608000000,1769612208608000000,0
FilePageCache.pageLoadsAboveSizeThreshold,1769612148608000000,1769612208608000000,0
FilePageCacheLockFree.totalPagesHandedOver,1769612148608000000,1769612208608000000,0
FilePageCacheLockFree.totalPagesReadMs,1769612148608000000,1769612208608000000,0
FilePageCacheLockFree.housekeeperTurnsDone,1769612148608000000,1769612208608000000,0
StorageLockContext.competingThreads.90P,1769612148608000000,1769612208608000000,0
FilePageCacheLockFree.totalPageAllocationsWaited,1769612148608000000,1769612208608000000,0
DirectByteBufferAllocator.totalSizeOfBuffersAllocatedInBytes,1769612148608000000,1769612208608000000,141582336
DirectByteBufferAllocator.disposed,1769612148608000000,1769612208608000000,0
MappedFileStorage.totalBytesMapped,1769612148608000000,1769612208608000000,278134784
FilePageCache.pageLoads,1769612148608000000,1769612208608000000,0
FilePageCache.pageFastCacheHits,1769612148608000000,1769612208608000000,0
StorageLockContext.competingThreads.avg,1769612148608000000,1769612208608000000,0.0
StreamlinedBlobStorage.totalLiveRecordsPayloadBytes,1769612148608000000,1769612208608000000,0
FileChannelInterruptsRetryer.totalRetriedAttempts,1769612148608000000,1769612208608000000,0
FilePageCacheLockFree.nativeBytesInUse,1769612148608000000,1769612208608000000,0
FilePageCache.uncachedFileAccess,1769612148608000000,1769612208608000000,0
FilePageCacheLockFree.totalPagesWriteMs,1769612148608000000,1769612208608000000,0
FilePageCacheLockFree.totalBytesWritten,1769612148608000000,1769612208608000000,0
MappedFileStorage.totalTimeSpentOnMappingUs,1769612148608000000,1769612208608000000,13402
FilePageCache.totalPageLoadsUs,1769612148608000000,1769612208608000000,0
FilePageCache.pageHits,1769612148608000000,1769612208608000000,0
FilePageCache.totalPageDisposalsUs,1769612148608000000,1769612208608000000,0
FilePageCacheLockFree.totalBytesRead,1769612148608000000,1769612208608000000,0
DirectByteBufferAllocator.reclaimed,1769612148608000000,1769612208608000000,0
FilePageCache.disposedBuffers,1769612148608000000,1769612208608000000,0
FilePageCacheLockFree.totalBytesRequested,1769612148608000000,1769612208608000000,0
FilePageCacheLockFree.totalPagesRequested,1769612148608000000,1769612208608000000,0
DirectByteBufferAllocator.totalSizeOfBuffersCachedInBytes,1769612148608000000,1769612208608000000,0
FilePageCacheLockFree.totalPagesReclaimed,1769612148608000000,1769612208608000000,0
FilePageCacheLockFree.totalNativeBytesReclaimed,1769612148608000000,1769612208608000000,0
StreamlinedBlobStorage.recordsRelocated,1769612148608000000,1769612208608000000,0
FilePageCacheLockFree.heapBytesInUse,1769612148608000000,1769612208608000000,0
DirectByteBufferAllocator.hits,1769612148608000000,1769612208608000000,0
DirectByteBufferAllocator.misses,1769612148608000000,1769612208608000000,0
StreamlinedBlobStorage.recordsAllocated,1769612148608000000,1769612208608000000,0
FilePageCacheLockFree.totalClosedStoragesReclaimed,1769612148608000000,1769612208608000000,0
FilePageCacheLockFree.totalHeapBytesReclaimed,1769612148608000000,1769612208608000000,0
FilePageCacheLockFree.totalPagesAllocated,1769612148608000000,1769612208608000000,0
FilePageCache.capacityInBytes,1769612148608000000,1769612208608000000,503316478
StreamlinedBlobStorage.recordsDeleted,1769612148608000000,1769612208608000000,0
FilePageCache.maxCacheSizeInBytes,1769612148608000000,1769612208608000000,141582336
FilePageCacheLockFree.totalPagesWritten,1769612148608000000,1769612208608000000,0
FilePageCache.maxRegisteredFiles,1769612148608000000,1769612208608000000,252
StorageLockContext.competingThreads.max,1769612148608000000,1769612208608000000,0
Indexing.writer_3.totalTimeSpentWritingMs,1769612148608000000,1769612208608000000,0
Indexes.allKeys.lookupDuration90PMs,1769612148608000000,1769612208608000000,0.0
Indexes.entries.lookupDuration90PMs,1769612148608000000,1769612208608000000,0.0
Indexes.allKeys.lookups,1769612148608000000,1769612208608000000,0
Indexes.allKeys.lookupDurationMaxMs,1769612148608000000,1769612208608000000,0.0
Indexing.writer_2.totalTimeSpentWritingMs,1769612148608000000,1769612208608000000,0
Indexes.stubs.lookupDurationMaxMs,1769612148608000000,1769612208608000000,0.0
Indexes.allKeys.lookupDurationAvgMs,1769612148608000000,1769612208608000000,0.0
Indexing.cache.totalCacheEvicted,1769612148608000000,1769612208608000000,0
Indexes.stubs.lookupDuration90PMs,1769612148608000000,1769612208608000000,0.0
IndexesFlusher.totalFlushes,1769612148608000000,1769612208608000000,60
Indexing.cache.totalCacheAccesses,1769612148608000000,1769612208608000000,0
Indexes.stubs.lookups,1769612148608000000,1769612208608000000,0
IndexesFlusher.totalFlushingTimeUs,1769612148608000000,1769612208608000000,29257
Indexes.entries.lookupDurationAvgMs,1769612148608000000,1769612208608000000,0.0
Indexing.totalTimeIndexersSleptMs,1769612148608000000,1769612208608000000,0
Indexes.entries.lookups,1769612148608000000,1769612208608000000,0
Indexing.writesQueuedMin,1769612148608000000,1769612208608000000,9223372036854775807
Indexing.writesQueuedMax,1769612148608000000,1769612208608000000,0
Indexing.writer_0.totalTimeSpentWritingMs,1769612148608000000,1769612208608000000,0
Indexing.writer_1.totalTimeSpentWritingMs,1769612148608000000,1769612208608000000,0
Indexes.entries.lookupDurationMaxMs,1769612148608000000,1769612208608000000,0.0
Indexing.cache.totalCacheMisses,1769612148608000000,1769612208608000000,0
IndexesFlusher.totalContentionQuotaSpent,1769612148608000000,1769612208608000000,0
Indexes.stubs.lookupDurationAvgMs,1769612148608000000,1769612208608000000,0.0
IndexesFlusher.totalFlushesRetried,1769612148608000000,1769612208608000000,0
jps.artifact.entities.serializer.load.entities.ms,1769612148608000000,1769612208608000000,0
workspaceModel.mutableEntityStorage.changeLog.addReplaceEventForRemovedChild.ms,1769612148608000000,1769612208608000000,0
jps.facet.change.listener.before.change.events.ms,1769612148608000000,1769612208608000000,0
jps.load.initial.state.ms,1769612148608000000,1769612208608000000,0
workspaceModel.mutableEntityStorage.collect.changes.ms,1769612148608000000,1769612208608000000,0
workspaceModel.mutableEntityStorage.modify.entity.ms,1769612148608000000,1769612208608000000,0
jps.global.initialize.library.bridges.ms,1769612148608000000,1769612208608000000,0
workspaceModel.save.cache.to.file.ms,1769612148608000000,1769612208608000000,0
jps.project.serializers.save.ms,1769612148608000000,1769612208608000000,0
jps.global.handle.changed.events.ms,1769612148608000000,1769612208608000000,0
jps.module.dependency.index.workspace.model.listener.on.changed.ms,1769612148608000000,1769612208608000000,0
workspaceModel.moduleManagerBridge.newModule.ms,1769612148608000000,1769612208608000000,0
workspaceModel.mutableEntityStorage.replace.by.source.ms,1769612148608000000,1769612208608000000,0
workspaceModel.orphan.listener.update.ms,1769612148608000000,1769612208608000000,0
jps.facet.change.listener.process.change.events.ms,1769612148608000000,1769612208608000000,0
workspaceModel.moduleManagerBridge.set.unloadedModules.ms,1769612148608000000,1769612208608000000,0
workspaceModel.mutableEntityStorage.to.snapshot.ms,1769612148608000000,1769612208608000000,0
workspaceModel.global.apply.state.to.project.builder.ms,1769612148608000000,1769612208608000000,0
workspaceModel.mutableEntityStorage.has.same.entities.ms,1769612148608000000,1769612208608000000,0
workspaceModel.mutableEntityStorage.instances.count,1769612148608000000,1769612208608000000,0
workspaceModel.moduleBridge.facet.initialization.ms,1769612148608000000,1769612208608000000,0
workspaceModel.moduleManagerBridge.get.modules.ms,1769612148608000000,1769612208608000000,0
workspaceModel.moduleManagerBridge.new.nonPersistent.module.ms,1769612148608000000,1769612208608000000,0
jps.global.get.library.by.name.ms,1769612148608000000,1769612208608000000,0
workspaceModel.mutableEntityStorage.mutable.vfurl.index.ms,1769612148608000000,1769612208608000000,0
workspaceModel.mutableEntityStorage.mutable.ext.mapping.ms,1769612148608000000,1769612208608000000,0
jps.global.get.libraries.ms,1769612148608000000,1769612208608000000,0
jps.module.iml.entities.serializer.load.entities.ms,1769612148608000000,1769612208608000000,0
jps.project.serializers.load.ms,1769612148608000000,1769612208608000000,0
workspaceModel.load.cache.metadata.from.file.ms,1769612148608000000,1769612208608000000,0
workspaceModel.mutableEntityStorage.apply.changes.from.ms,1769612148608000000,1769612208608000000,0
workspaceModel.global.updates.count,1769612148608000000,1769612208608000000,0
jps.save.global.entities.ms,1769612148608000000,1769612208608000000,0
workspaceModel.global.apply.state.to.project.ms,1769612148608000000,1769612208608000000,0
workspaceModel.moduleManagerBridge.load.module.ms,1769612148608000000,1769612208608000000,0
workspaceModel.mutableEntityStorage.changeLog.addReplaceEventForNewParent.ms,1769612148608000000,1769612208608000000,0
jps.module.iml.entities.serializer.save.entities.ms,1769612148608000000,1769612208608000000,0
jps.apply.loaded.storage.ms,1769612148608000000,1769612208608000000,0
jps.global.initialize.library.bridges.after.loading.ms,1769612148608000000,1769612208608000000,0
jps.facet.change.listener.init.bridge.ms,1769612148608000000,1769612208608000000,0
jps.global.handle.before.change.events.ms,1769612148608000000,1769612208608000000,0
workspaceModel.moduleManagerBridge.build.module.graph.ms,1769612148608000000,1769612208608000000,0
workspaceModel.moduleBridgeLoader.loading.modules.ms,1769612148608000000,1769612208608000000,0
jps.library.entities.serializer.load.entities.ms,1769612148608000000,1769612208608000000,0
workspaceModel.load.cache.from.file.ms,1769612148608000000,1769612208608000000,0
jps.save.changed.project.entities.ms,1769612148608000000,1769612208608000000,0
workspaceModel.delayed.project.synchronizer.sync.ms,1769612148608000000,1769612208608000000,0
jps.reload.project.entities.ms,1769612148608000000,1769612208608000000,0
jps.load.project.to.empty.storage.ms,1769612148608000000,1769612208608000000,0
workspaceModel.do.save.caches.ms,1769612148608000000,1769612208608000000,0
workspaceModel.mutableEntityStorage.entities.ms,1769612148608000000,1769612208608000000,0
jps.global.get.library.ms,1769612148608000000,1769612208608000000,0
workspaceModel.moduleBridge.update.option.ms,1769612148608000000,1769612208608000000,0
workspaceModel.moduleManagerBridge.load.all.modules.ms,1769612148608000000,1769612208608000000,0
workspaceModel.mutableEntityStorage.referrers.ms,1769612148608000000,1769612208608000000,0
jps.artifact.entities.serializer.save.entities.ms,1769612148608000000,1769612208608000000,0
jps.app.storage.content.reader.load.component.ms,1769612148608000000,1769612208608000000,0
workspaceModel.mutableEntityStorage.remove.entity.ms,1769612148608000000,1769612208608000000,0
workspaceModel.mutableEntityStorage.changeLog.addReplaceEventForNewChild.ms,1769612148608000000,1769612208608000000,0
workspaceModel.mutableEntityStorage.entities.by.source.ms,1769612148608000000,1769612208608000000,0
workspaceModel.moduleBridge.before.changed.ms,1769612148608000000,1769612208608000000,0
jps.library.entities.serializer.save.entities.ms,1769612148608000000,1769612208608000000,0
workspaceModel.mutableEntityStorage.resolve.ms,1769612148608000000,1769612208608000000,0
workspaceModel.mutableEntityStorage.put.entity.ms,1769612148608000000,1769612208608000000,0
workspaceModel.global.updates.ms,1769612148608000000,1769612208608000000,0
workspaceModel.mutableEntityStorage.changeLog.addReplaceEventForRemovedParent.ms,1769612148608000000,1769612208608000000,0
workspaceModel.sync.entities.ms,1769612148608000000,1769612208608000000,0
jps.app.storage.content.writer.save.component.ms,1769612148608000000,1769612208608000000,0
workspaceModel.mutableEntityStorage.add.entity.ms,1769612148608000000,1769612208608000000,0
workspaceModel.moduleManagerBridge.create.module.instance.ms,1769612148608000000,1769612208608000000,0
jps.storage.jps.conf.reader.load.component.ms,1769612148608000000,1769612208608000000,0
VFS.fileChildByName,1769612148608000000,1769612208608000000,2244
VFS.contentStorage.recordsStored,1769612148608000000,1769612208608000000,1
VFS.contentStorage.recordsUncompressedSize,1769612148608000000,1769612208608000000,2706
VFS.fileByIdCache.misses,1769612148608000000,1769612208608000000,0
FileNameCache.totalMisses,1769612148608000000,1769612208608000000,0
VFS.contentStorage.recordsDeduplicated,1769612148608000000,1769612208608000000,0
VFS.contentStorage.recordsReadSize,1769612148608000000,1769612208608000000,0
VFS.fileByIdCache.hits,1769612148608000000,1769612208608000000,0
VFS.contentStorage.recordsStoredCompressed,1769612148608000000,1769612208608000000,0
VFS.contentStorage.recordsDecompressionTimeUs,1769612148608000000,1769612208608000000,0
VFS.invertedFileNameIndex.requests,1769612148608000000,1769612208608000000,0
FileNameCache.queries,1769612148608000000,1769612208608000000,2176
VFS.contentStorage.recordsReadDecompressed,1769612148608000000,1769612208608000000,0
VFS.contentStorage.recordsStoredSize,1769612148608000000,1769612208608000000,2706
VFS.contentStorage.recordsRead,1769612148608000000,1769612208608000000,0
JVM.totalTimeAtSafepointsMs,1769612148608000000,1769612208608000000,12
JVM.newThreadsCount,1769612148608000000,1769612208608000000,0
JVM.totalDirectByteBuffersBytes,1769612148608000000,1769612208608000000,142608039
JVM.maxHeapBytes,1769612148608000000,1769612208608000000,4196401152
OS.loadAverage,1769612148608000000,1769612208608000000,1.3544921875
JVM.usedNativeBytes,1769612148608000000,1769612208608000000,398483568
JVM.totalSafepointCount,1769612148608000000,1769612208608000000,26
JVM.totalCpuTimeMs,1769612148608000000,1769612208608000000,4080
JVM.GC.collections,1769612148608000000,1769612208608000000,3
JVM.totalTimeToSafepointsMs,1769612148608000000,1769612208608000000,1
JVM.GC.collectionTimesMs,1769612148608000000,1769612208608000000,12
JVM.threadCount,1769612148608000000,1769612208608000000,76
JVM.totalBytesAllocated,1769612148608000000,1769612208608000000,263401184
JVM.maxThreadCount,1769612148608000000,1769612208608000000,151
JVM.usedHeapBytes,1769612148608000000,1769612208608000000,682374792
DiskQueryRelay.tasksExecuted,1769612208608000000,1769612268608000000,0
lexer.Python.size.bytes,1769612208608000000,1769612268608000000,23126
writeAction.median.wait.ms,1769612208608000000,1769612268608000000,0
writeAction.wait.ms,1769612208608000000,1769612268608000000,0
writeAction.max.wait.ms,1769612208608000000,1769612268608000000,265
DiskQueryRelay.tasksRequested,1769612208608000000,1769612268608000000,0
lexer.Python.time.ns,1769612208608000000,1769612268608000000,581891
DiskQueryRelay.taskWaitingTotalTimeUs,1769612208608000000,1769612268608000000,0
writeAction.count,1769612208608000000,1769612268608000000,0
parser.Python.size.bytes,1769612208608000000,1769612268608000000,23126
DiskQueryRelay.taskExecutionTotalTimeUs,1769612208608000000,1769612268608000000,0
parser.Python.time.ns,1769612208608000000,1769612268608000000,1274583
cacheStateStorage.set.counter,1769612208608000000,1769612268608000000,0
cacheStateStorage.get.counter,1769612208608000000,1769612268608000000,0
cacheStateStorage.set.duration,1769612208608000000,1769612268608000000,0
cacheStateStorage.get.duration,1769612208608000000,1769612268608000000,0
workspaceModel.cachedValue.from.cache.count,1769612208608000000,1769612268608000000,119
workspaceModel.cachedValueWithParameters.calculated.count,1769612208608000000,1769612268608000000,0
workspaceModel.entityStorageSnapshotImpl.instances.count,1769612208608000000,1769612268608000000,0
workspaceModel.full.replace.project.model.ms,1769612208608000000,1769612268608000000,0
workspaceModel.workspaceFileIndexData.instances.count,1769612208608000000,1769612268608000000,0
workspaceModel.pre.handlers.ms,1769612208608000000,1769612268608000000,0
workspaceModel.workspaceFileIndexContributor.registerFileSets.ms,1769612208608000000,1769612268608000000,0
workspaceModel.replace.project.model.ms,1769612208608000000,1769612268608000000,0
workspaceModel.to.snapshot.ms,1769612208608000000,1769612268608000000,0
workspaceModel.workspaceFileIndexData.updateDirtyEntities.ms,1769612208608000000,1769612268608000000,0
workspaceModel.cachedValueWithParameters.clear.count,1769612208608000000,1769612268608000000,0
workspaceModel.workspaceFileIndexData.processFileSets.ms,1769612208608000000,1769612268608000000,0
workspaceModel.on.changed.ms,1769612208608000000,1769612268608000000,0
workspaceModel.collect.changes.ms,1769612208608000000,1769612268608000000,0
workspaceModel.workspaceFileIndexData.visitFileSets.ms,1769612208608000000,1769612268608000000,0
workspaceModel.workspaceFileIndexData.init.ms,1769612208608000000,1769612268608000000,0
workspaceModel.init.bridges.ms,1769612208608000000,1769612268608000000,0
workspaceModel.workspaceFileIndexData.getDirectoriesByPackageName.ms,1769612208608000000,1769612268608000000,0
workspaceModel.updates.precise.ms,1769612208608000000,1769612268608000000,0
workspaceModel.cachedValue.total.get.count,1769612208608000000,1769612268608000000,119
workspaceModel.updates.ms,1769612208608000000,1769612268608000000,0
workspaceModel.cachedValue.clear.count,1769612208608000000,1769612268608000000,0
workspaceModel.workspaceFileIndexData.getPackageName.ms,1769612208608000000,1769612268608000000,0
workspaceModel.initializing.ms,1769612208608000000,1769612268608000000,0
workspaceModel.cachedValueWithParameters.from.cache.count,1769612208608000000,1769612268608000000,0
workspaceModel.cachedValueWithParameters.total.get.count,1769612208608000000,1769612268608000000,0
workspaceModel.check.recursive.update.ms,1769612208608000000,1769612268608000000,0
workspaceModel.workspaceFileIndexData.onEntitiesChanged.ms,1769612208608000000,1769612268608000000,0
workspaceModel.cachedValue.calculated.count,1769612208608000000,1769612268608000000,0
workspaceModel.workspaceFileIndexData.getFileInfo.ms,1769612208608000000,1769612268608000000,0
workspaceModel.on.before.changed.ms,1769612208608000000,1769612268608000000,0
workspaceModel.workspaceFileIndexData.markDirty.ms,1769612208608000000,1769612268608000000,0
workspaceModel.update.unloaded.entities.ms,1769612208608000000,1769612268608000000,0
workspaceModel.updates.count,1769612208608000000,1769612268608000000,0
workspaceModel.loading.from.cache.ms,1769612208608000000,1769612268608000000,0
workspaceModel.loading.total.ms,1769612208608000000,1769612268608000000,0
AWTEventQueue.dispatchTimeMaxNs,1769612208608000000,1769612268608000000,0
NonBlockingReadAction.finalizedExecutionTimeUs,1769612208608000000,1769612268608000000,161626
FlushQueue.executionTime90PNs,1769612208608000000,1769612268608000000,0
FlushQueue.waitingTime90PNs,1769612208608000000,1769612268608000000,0
FlushQueue.waitingTimeAvgNs,1769612208608000000,1769612268608000000,0.0
NonBlockingReadAction.failedExecutionsCount,1769612208608000000,1769612268608000000,0
AWTEventQueue.eventsDispatched,1769612208608000000,1769612268608000000,0
FlushQueue.executionTimeMaxNs,1769612208608000000,1769612268608000000,0
FlushQueue.waitingTimeMaxNs,1769612208608000000,1769612268608000000,0
FlushQueue.queueSize90P,1769612208608000000,1769612268608000000,0
AWTEventQueue.dispatchTimeTotalNS,1769612208608000000,1769612268608000000,1261096638
NonBlockingReadAction.finalizedExecutionsCount,1769612208608000000,1769612268608000000,4768
FlushQueue.queueSizeMax,1769612208608000000,1769612268608000000,0
AWTEventQueue.dispatchTimeAvgNs,1769612208608000000,1769612268608000000,0.0
FlushQueue.queueSizeAvg,1769612208608000000,1769612268608000000,0.0
AWTEventQueue.dispatchTime90PNs,1769612208608000000,1769612268608000000,0
ReadAction.executionsCount,1769612208608000000,1769612268608000000,362386
FlushQueue.executionTimeAvgNs,1769612208608000000,1769612268608000000,0.0
FlushQueue.tasksExecuted,1769612208608000000,1769612268608000000,0
WriteAction.executionsCount,1769612208608000000,1769612268608000000,0
NonBlockingReadAction.failedExecutionTimeUs,1769612208608000000,1769612268608000000,0
FilePageCacheLockFree.totalNativeBytesAllocated,1769612208608000000,1769612268608000000,0
MappedFileStorage.storages,1769612208608000000,1769612268608000000,16
FilePageCacheLockFree.totalHeapBytesAllocated,1769612208608000000,1769612268608000000,0
StreamlinedBlobStorage.totalLiveRecordsCapacityBytes,1769612208608000000,1769612268608000000,0
MappedFileStorage.totalPagesMapped,1769612208608000000,1769612268608000000,22
FilePageCacheLockFree.housekeeperTurnsSkipped,1769612208608000000,1769612268608000000,0
FilePageCacheLockFree.totalPagesRequestsMs,1769612208608000000,1769612268608000000,0
FilePageCacheLockFree.housekeeperTimeSpentMs,1769612208608000000,1769612268608000000,0
FilePageCache.pageLoadsAboveSizeThreshold,1769612208608000000,1769612268608000000,0
FilePageCacheLockFree.totalPagesHandedOver,1769612208608000000,1769612268608000000,0
FilePageCacheLockFree.totalPagesReadMs,1769612208608000000,1769612268608000000,0
FilePageCacheLockFree.housekeeperTurnsDone,1769612208608000000,1769612268608000000,0
StorageLockContext.competingThreads.90P,1769612208608000000,1769612268608000000,0
FilePageCacheLockFree.totalPageAllocationsWaited,1769612208608000000,1769612268608000000,0
DirectByteBufferAllocator.totalSizeOfBuffersAllocatedInBytes,1769612208608000000,1769612268608000000,141582336
DirectByteBufferAllocator.disposed,1769612208608000000,1769612268608000000,0
MappedFileStorage.totalBytesMapped,1769612208608000000,1769612268608000000,278134784
FilePageCache.pageLoads,1769612208608000000,1769612268608000000,0
FilePageCache.pageFastCacheHits,1769612208608000000,1769612268608000000,1
StorageLockContext.competingThreads.avg,1769612208608000000,1769612268608000000,0.0
StreamlinedBlobStorage.totalLiveRecordsPayloadBytes,1769612208608000000,1769612268608000000,0
FileChannelInterruptsRetryer.totalRetriedAttempts,1769612208608000000,1769612268608000000,0
FilePageCacheLockFree.nativeBytesInUse,1769612208608000000,1769612268608000000,0
FilePageCache.uncachedFileAccess,1769612208608000000,1769612268608000000,0
FilePageCacheLockFree.totalPagesWriteMs,1769612208608000000,1769612268608000000,0
FilePageCacheLockFree.totalBytesWritten,1769612208608000000,1769612268608000000,0
MappedFileStorage.totalTimeSpentOnMappingUs,1769612208608000000,1769612268608000000,13402
FilePageCache.totalPageLoadsUs,1769612208608000000,1769612268608000000,0
FilePageCache.pageHits,1769612208608000000,1769612268608000000,0
FilePageCache.totalPageDisposalsUs,1769612208608000000,1769612268608000000,0
FilePageCacheLockFree.totalBytesRead,1769612208608000000,1769612268608000000,0
DirectByteBufferAllocator.reclaimed,1769612208608000000,1769612268608000000,0
FilePageCache.disposedBuffers,1769612208608000000,1769612268608000000,0
FilePageCacheLockFree.totalBytesRequested,1769612208608000000,1769612268608000000,0
FilePageCacheLockFree.totalPagesRequested,1769612208608000000,1769612268608000000,0
DirectByteBufferAllocator.totalSizeOfBuffersCachedInBytes,1769612208608000000,1769612268608000000,0
FilePageCacheLockFree.totalPagesReclaimed,1769612208608000000,1769612268608000000,0
FilePageCacheLockFree.totalNativeBytesReclaimed,1769612208608000000,1769612268608000000,0
StreamlinedBlobStorage.recordsRelocated,1769612208608000000,1769612268608000000,0
FilePageCacheLockFree.heapBytesInUse,1769612208608000000,1769612268608000000,0
DirectByteBufferAllocator.hits,1769612208608000000,1769612268608000000,0
DirectByteBufferAllocator.misses,1769612208608000000,1769612268608000000,0
StreamlinedBlobStorage.recordsAllocated,1769612208608000000,1769612268608000000,0
FilePageCacheLockFree.totalClosedStoragesReclaimed,1769612208608000000,1769612268608000000,0
FilePageCacheLockFree.totalHeapBytesReclaimed,1769612208608000000,1769612268608000000,0
FilePageCacheLockFree.totalPagesAllocated,1769612208608000000,1769612268608000000,0
FilePageCache.capacityInBytes,1769612208608000000,1769612268608000000,503316478
StreamlinedBlobStorage.recordsDeleted,1769612208608000000,1769612268608000000,0
FilePageCache.maxCacheSizeInBytes,1769612208608000000,1769612268608000000,141582336
FilePageCacheLockFree.totalPagesWritten,1769612208608000000,1769612268608000000,0
FilePageCache.maxRegisteredFiles,1769612208608000000,1769612268608000000,252
StorageLockContext.competingThreads.max,1769612208608000000,1769612268608000000,0
Indexing.writer_3.totalTimeSpentWritingMs,1769612208608000000,1769612268608000000,0
Indexes.allKeys.lookupDuration90PMs,1769612208608000000,1769612268608000000,0.0
Indexes.entries.lookupDuration90PMs,1769612208608000000,1769612268608000000,0.0
Indexes.allKeys.lookups,1769612208608000000,1769612268608000000,0
Indexes.allKeys.lookupDurationMaxMs,1769612208608000000,1769612268608000000,0.0
Indexing.writer_2.totalTimeSpentWritingMs,1769612208608000000,1769612268608000000,0
Indexes.stubs.lookupDurationMaxMs,1769612208608000000,1769612268608000000,0.0
Indexes.allKeys.lookupDurationAvgMs,1769612208608000000,1769612268608000000,0.0
Indexing.cache.totalCacheEvicted,1769612208608000000,1769612268608000000,1
Indexes.stubs.lookupDuration90PMs,1769612208608000000,1769612268608000000,0.0
IndexesFlusher.totalFlushes,1769612208608000000,1769612268608000000,59
Indexing.cache.totalCacheAccesses,1769612208608000000,1769612268608000000,1
Indexes.stubs.lookups,1769612208608000000,1769612268608000000,0
IndexesFlusher.totalFlushingTimeUs,1769612208608000000,1769612268608000000,27961
Indexes.entries.lookupDurationAvgMs,1769612208608000000,1769612268608000000,0.0
Indexing.totalTimeIndexersSleptMs,1769612208608000000,1769612268608000000,0
Indexes.entries.lookups,1769612208608000000,1769612268608000000,0
Indexing.writesQueuedMin,1769612208608000000,1769612268608000000,9223372036854775807
Indexing.writesQueuedMax,1769612208608000000,1769612268608000000,0
Indexing.writer_0.totalTimeSpentWritingMs,1769612208608000000,1769612268608000000,0
Indexing.writer_1.totalTimeSpentWritingMs,1769612208608000000,1769612268608000000,0
Indexes.entries.lookupDurationMaxMs,1769612208608000000,1769612268608000000,0.0
Indexing.cache.totalCacheMisses,1769612208608000000,1769612268608000000,1
IndexesFlusher.totalContentionQuotaSpent,1769612208608000000,1769612268608000000,0
Indexes.stubs.lookupDurationAvgMs,1769612208608000000,1769612268608000000,0.0
IndexesFlusher.totalFlushesRetried,1769612208608000000,1769612268608000000,0
jps.artifact.entities.serializer.load.entities.ms,1769612208608000000,1769612268608000000,0
workspaceModel.mutableEntityStorage.changeLog.addReplaceEventForRemovedChild.ms,1769612208608000000,1769612268608000000,0
jps.facet.change.listener.before.change.events.ms,1769612208608000000,1769612268608000000,0
jps.load.initial.state.ms,1769612208608000000,1769612268608000000,0
workspaceModel.mutableEntityStorage.collect.changes.ms,1769612208608000000,1769612268608000000,0
workspaceModel.mutableEntityStorage.modify.entity.ms,1769612208608000000,1769612268608000000,0
jps.global.initialize.library.bridges.ms,1769612208608000000,1769612268608000000,0
workspaceModel.save.cache.to.file.ms,1769612208608000000,1769612268608000000,0
jps.project.serializers.save.ms,1769612208608000000,1769612268608000000,0
jps.global.handle.changed.events.ms,1769612208608000000,1769612268608000000,0
jps.module.dependency.index.workspace.model.listener.on.changed.ms,1769612208608000000,1769612268608000000,0
workspaceModel.moduleManagerBridge.newModule.ms,1769612208608000000,1769612268608000000,0
workspaceModel.mutableEntityStorage.replace.by.source.ms,1769612208608000000,1769612268608000000,0
workspaceModel.orphan.listener.update.ms,1769612208608000000,1769612268608000000,0
jps.facet.change.listener.process.change.events.ms,1769612208608000000,1769612268608000000,0
workspaceModel.moduleManagerBridge.set.unloadedModules.ms,1769612208608000000,1769612268608000000,0
workspaceModel.mutableEntityStorage.to.snapshot.ms,1769612208608000000,1769612268608000000,0
workspaceModel.global.apply.state.to.project.builder.ms,1769612208608000000,1769612268608000000,0
workspaceModel.mutableEntityStorage.has.same.entities.ms,1769612208608000000,1769612268608000000,0
workspaceModel.mutableEntityStorage.instances.count,1769612208608000000,1769612268608000000,0
workspaceModel.moduleBridge.facet.initialization.ms,1769612208608000000,1769612268608000000,0
workspaceModel.moduleManagerBridge.get.modules.ms,1769612208608000000,1769612268608000000,0
workspaceModel.moduleManagerBridge.new.nonPersistent.module.ms,1769612208608000000,1769612268608000000,0
jps.global.get.library.by.name.ms,1769612208608000000,1769612268608000000,0
workspaceModel.mutableEntityStorage.mutable.vfurl.index.ms,1769612208608000000,1769612268608000000,0
workspaceModel.mutableEntityStorage.mutable.ext.mapping.ms,1769612208608000000,1769612268608000000,0
jps.global.get.libraries.ms,1769612208608000000,1769612268608000000,0
jps.module.iml.entities.serializer.load.entities.ms,1769612208608000000,1769612268608000000,0
jps.project.serializers.load.ms,1769612208608000000,1769612268608000000,0
workspaceModel.load.cache.metadata.from.file.ms,1769612208608000000,1769612268608000000,0
workspaceModel.mutableEntityStorage.apply.changes.from.ms,1769612208608000000,1769612268608000000,0
workspaceModel.global.updates.count,1769612208608000000,1769612268608000000,0
jps.save.global.entities.ms,1769612208608000000,1769612268608000000,0
workspaceModel.global.apply.state.to.project.ms,1769612208608000000,1769612268608000000,0
workspaceModel.moduleManagerBridge.load.module.ms,1769612208608000000,1769612268608000000,0
workspaceModel.mutableEntityStorage.changeLog.addReplaceEventForNewParent.ms,1769612208608000000,1769612268608000000,0
jps.module.iml.entities.serializer.save.entities.ms,1769612208608000000,1769612268608000000,0
jps.apply.loaded.storage.ms,1769612208608000000,1769612268608000000,0
jps.global.initialize.library.bridges.after.loading.ms,1769612208608000000,1769612268608000000,0
jps.facet.change.listener.init.bridge.ms,1769612208608000000,1769612268608000000,0
jps.global.handle.before.change.events.ms,1769612208608000000,1769612268608000000,0
workspaceModel.moduleManagerBridge.build.module.graph.ms,1769612208608000000,1769612268608000000,0
workspaceModel.moduleBridgeLoader.loading.modules.ms,1769612208608000000,1769612268608000000,0
jps.library.entities.serializer.load.entities.ms,1769612208608000000,1769612268608000000,0
workspaceModel.load.cache.from.file.ms,1769612208608000000,1769612268608000000,0
jps.save.changed.project.entities.ms,1769612208608000000,1769612268608000000,0
workspaceModel.delayed.project.synchronizer.sync.ms,1769612208608000000,1769612268608000000,0
jps.reload.project.entities.ms,1769612208608000000,1769612268608000000,0
jps.load.project.to.empty.storage.ms,1769612208608000000,1769612268608000000,0
workspaceModel.do.save.caches.ms,1769612208608000000,1769612268608000000,0
workspaceModel.mutableEntityStorage.entities.ms,1769612208608000000,1769612268608000000,0
jps.global.get.library.ms,1769612208608000000,1769612268608000000,0
workspaceModel.moduleBridge.update.option.ms,1769612208608000000,1769612268608000000,0
workspaceModel.moduleManagerBridge.load.all.modules.ms,1769612208608000000,1769612268608000000,0
workspaceModel.mutableEntityStorage.referrers.ms,1769612208608000000,1769612268608000000,0
jps.artifact.entities.serializer.save.entities.ms,1769612208608000000,1769612268608000000,0
jps.app.storage.content.reader.load.component.ms,1769612208608000000,1769612268608000000,0
workspaceModel.mutableEntityStorage.remove.entity.ms,1769612208608000000,1769612268608000000,0
workspaceModel.mutableEntityStorage.changeLog.addReplaceEventForNewChild.ms,1769612208608000000,1769612268608000000,0
workspaceModel.mutableEntityStorage.entities.by.source.ms,1769612208608000000,1769612268608000000,0
workspaceModel.moduleBridge.before.changed.ms,1769612208608000000,1769612268608000000,0
jps.library.entities.serializer.save.entities.ms,1769612208608000000,1769612268608000000,0
workspaceModel.mutableEntityStorage.resolve.ms,1769612208608000000,1769612268608000000,0
workspaceModel.mutableEntityStorage.put.entity.ms,1769612208608000000,1769612268608000000,0
workspaceModel.global.updates.ms,1769612208608000000,1769612268608000000,0
workspaceModel.mutableEntityStorage.changeLog.addReplaceEventForRemovedParent.ms,1769612208608000000,1769612268608000000,0
workspaceModel.sync.entities.ms,1769612208608000000,1769612268608000000,0
jps.app.storage.content.writer.save.component.ms,1769612208608000000,1769612268608000000,0
workspaceModel.mutableEntityStorage.add.entity.ms,1769612208608000000,1769612268608000000,0
workspaceModel.moduleManagerBridge.create.module.instance.ms,1769612208608000000,1769612268608000000,0
jps.storage.jps.conf.reader.load.component.ms,1769612208608000000,1769612268608000000,0
VFS.fileChildByName,1769612208608000000,1769612268608000000,214
VFS.contentStorage.recordsStored,1769612208608000000,1769612268608000000,0
VFS.contentStorage.recordsUncompressedSize,1769612208608000000,1769612268608000000,0
VFS.fileByIdCache.misses,1769612208608000000,1769612268608000000,0
FileNameCache.totalMisses,1769612208608000000,1769612268608000000,0
VFS.contentStorage.recordsDeduplicated,1769612208608000000,1769612268608000000,0
VFS.contentStorage.recordsReadSize,1769612208608000000,1769612268608000000,23084
VFS.fileByIdCache.hits,1769612208608000000,1769612268608000000,0
VFS.contentStorage.recordsStoredCompressed,1769612208608000000,1769612268608000000,0
VFS.contentStorage.recordsDecompressionTimeUs,1769612208608000000,1769612268608000000,41
VFS.invertedFileNameIndex.requests,1769612208608000000,1769612268608000000,0
FileNameCache.queries,1769612208608000000,1769612268608000000,0
VFS.contentStorage.recordsReadDecompressed,1769612208608000000,1769612268608000000,1
VFS.contentStorage.recordsStoredSize,1769612208608000000,1769612268608000000,0
VFS.contentStorage.recordsRead,1769612208608000000,1769612268608000000,1
JVM.totalTimeAtSafepointsMs,1769612208608000000,1769612268608000000,5
JVM.newThreadsCount,1769612208608000000,1769612268608000000,4
JVM.totalDirectByteBuffersBytes,1769612208608000000,1769612268608000000,142596095
JVM.maxHeapBytes,1769612208608000000,1769612268608000000,4196401152
OS.loadAverage,1769612208608000000,1769612268608000000,1.06396484375
JVM.usedNativeBytes,1769612208608000000,1769612268608000000,399810816
JVM.totalSafepointCount,1769612208608000000,1769612268608000000,11
JVM.totalCpuTimeMs,1769612208608000000,1769612268608000000,4180
JVM.GC.collections,1769612208608000000,1769612268608000000,2
JVM.totalTimeToSafepointsMs,1769612208608000000,1769612268608000000,0
JVM.GC.collectionTimesMs,1769612208608000000,1769612268608000000,5
JVM.threadCount,1769612208608000000,1769612268608000000,73
JVM.totalBytesAllocated,1769612208608000000,1769612268608000000,328864992
JVM.maxThreadCount,1769612208608000000,1769612268608000000,151
JVM.usedHeapBytes,1769612208608000000,1769612268608000000,461455696
DiskQueryRelay.tasksExecuted,1769612268608000000,1769612328608000000,0
writeAction.median.wait.ms,1769612268608000000,1769612328608000000,0
writeAction.wait.ms,1769612268608000000,1769612328608000000,0
writeAction.max.wait.ms,1769612268608000000,1769612328608000000,265
DiskQueryRelay.tasksRequested,1769612268608000000,1769612328608000000,0
DiskQueryRelay.taskWaitingTotalTimeUs,1769612268608000000,1769612328608000000,0
writeAction.count,1769612268608000000,1769612328608000000,0
DiskQueryRelay.taskExecutionTotalTimeUs,1769612268608000000,1769612328608000000,0
cacheStateStorage.set.counter,1769612268608000000,1769612328608000000,0
cacheStateStorage.get.counter,1769612268608000000,1769612328608000000,0
cacheStateStorage.set.duration,1769612268608000000,1769612328608000000,0
cacheStateStorage.get.duration,1769612268608000000,1769612328608000000,0
workspaceModel.cachedValue.from.cache.count,1769612268608000000,1769612328608000000,10
workspaceModel.cachedValueWithParameters.calculated.count,1769612268608000000,1769612328608000000,0
workspaceModel.entityStorageSnapshotImpl.instances.count,1769612268608000000,1769612328608000000,0
workspaceModel.full.replace.project.model.ms,1769612268608000000,1769612328608000000,0
workspaceModel.workspaceFileIndexData.instances.count,1769612268608000000,1769612328608000000,0
workspaceModel.pre.handlers.ms,1769612268608000000,1769612328608000000,0
workspaceModel.workspaceFileIndexContributor.registerFileSets.ms,1769612268608000000,1769612328608000000,0
workspaceModel.replace.project.model.ms,1769612268608000000,1769612328608000000,0
workspaceModel.to.snapshot.ms,1769612268608000000,1769612328608000000,0
workspaceModel.workspaceFileIndexData.updateDirtyEntities.ms,1769612268608000000,1769612328608000000,0
workspaceModel.cachedValueWithParameters.clear.count,1769612268608000000,1769612328608000000,0
workspaceModel.workspaceFileIndexData.processFileSets.ms,1769612268608000000,1769612328608000000,0
workspaceModel.on.changed.ms,1769612268608000000,1769612328608000000,0
workspaceModel.collect.changes.ms,1769612268608000000,1769612328608000000,0
workspaceModel.workspaceFileIndexData.visitFileSets.ms,1769612268608000000,1769612328608000000,0
workspaceModel.workspaceFileIndexData.init.ms,1769612268608000000,1769612328608000000,0
workspaceModel.init.bridges.ms,1769612268608000000,1769612328608000000,0
workspaceModel.workspaceFileIndexData.getDirectoriesByPackageName.ms,1769612268608000000,1769612328608000000,0
workspaceModel.updates.precise.ms,1769612268608000000,1769612328608000000,0
workspaceModel.cachedValue.total.get.count,1769612268608000000,1769612328608000000,10
workspaceModel.updates.ms,1769612268608000000,1769612328608000000,0
workspaceModel.cachedValue.clear.count,1769612268608000000,1769612328608000000,0
workspaceModel.workspaceFileIndexData.getPackageName.ms,1769612268608000000,1769612328608000000,0
workspaceModel.initializing.ms,1769612268608000000,1769612328608000000,0
workspaceModel.cachedValueWithParameters.from.cache.count,1769612268608000000,1769612328608000000,0
workspaceModel.cachedValueWithParameters.total.get.count,1769612268608000000,1769612328608000000,0
workspaceModel.check.recursive.update.ms,1769612268608000000,1769612328608000000,0
workspaceModel.workspaceFileIndexData.onEntitiesChanged.ms,1769612268608000000,1769612328608000000,0
workspaceModel.cachedValue.calculated.count,1769612268608000000,1769612328608000000,0
workspaceModel.workspaceFileIndexData.getFileInfo.ms,1769612268608000000,1769612328608000000,0
workspaceModel.on.before.changed.ms,1769612268608000000,1769612328608000000,0
workspaceModel.workspaceFileIndexData.markDirty.ms,1769612268608000000,1769612328608000000,0
workspaceModel.update.unloaded.entities.ms,1769612268608000000,1769612328608000000,0
workspaceModel.updates.count,1769612268608000000,1769612328608000000,0
workspaceModel.loading.from.cache.ms,1769612268608000000,1769612328608000000,0
workspaceModel.loading.total.ms,1769612268608000000,1769612328608000000,0
AWTEventQueue.dispatchTimeMaxNs,1769612268608000000,1769612328608000000,0
NonBlockingReadAction.finalizedExecutionTimeUs,1769612268608000000,1769612328608000000,85844
FlushQueue.executionTime90PNs,1769612268608000000,1769612328608000000,0
FlushQueue.waitingTime90PNs,1769612268608000000,1769612328608000000,0
FlushQueue.waitingTimeAvgNs,1769612268608000000,1769612328608000000,0.0
NonBlockingReadAction.failedExecutionsCount,1769612268608000000,1769612328608000000,0
AWTEventQueue.eventsDispatched,1769612268608000000,1769612328608000000,0
FlushQueue.executionTimeMaxNs,1769612268608000000,1769612328608000000,0
FlushQueue.waitingTimeMaxNs,1769612268608000000,1769612328608000000,0
FlushQueue.queueSize90P,1769612268608000000,1769612328608000000,0
AWTEventQueue.dispatchTimeTotalNS,1769612268608000000,1769612328608000000,1505074748
NonBlockingReadAction.finalizedExecutionsCount,1769612268608000000,1769612328608000000,2432
FlushQueue.queueSizeMax,1769612268608000000,1769612328608000000,0
AWTEventQueue.dispatchTimeAvgNs,1769612268608000000,1769612328608000000,0.0
FlushQueue.queueSizeAvg,1769612268608000000,1769612328608000000,0.0
AWTEventQueue.dispatchTime90PNs,1769612268608000000,1769612328608000000,0
ReadAction.executionsCount,1769612268608000000,1769612328608000000,393100
FlushQueue.executionTimeAvgNs,1769612268608000000,1769612328608000000,0.0
FlushQueue.tasksExecuted,1769612268608000000,1769612328608000000,0
WriteAction.executionsCount,1769612268608000000,1769612328608000000,0
NonBlockingReadAction.failedExecutionTimeUs,1769612268608000000,1769612328608000000,0
FilePageCacheLockFree.totalNativeBytesAllocated,1769612268608000000,1769612328608000000,0
MappedFileStorage.storages,1769612268608000000,1769612328608000000,16
FilePageCacheLockFree.totalHeapBytesAllocated,1769612268608000000,1769612328608000000,0
StreamlinedBlobStorage.totalLiveRecordsCapacityBytes,1769612268608000000,1769612328608000000,0
MappedFileStorage.totalPagesMapped,1769612268608000000,1769612328608000000,22
FilePageCacheLockFree.housekeeperTurnsSkipped,1769612268608000000,1769612328608000000,0
FilePageCacheLockFree.totalPagesRequestsMs,1769612268608000000,1769612328608000000,0
FilePageCacheLockFree.housekeeperTimeSpentMs,1769612268608000000,1769612328608000000,0
FilePageCache.pageLoadsAboveSizeThreshold,1769612268608000000,1769612328608000000,0
FilePageCacheLockFree.totalPagesHandedOver,1769612268608000000,1769612328608000000,0
FilePageCacheLockFree.totalPagesReadMs,1769612268608000000,1769612328608000000,0
FilePageCacheLockFree.housekeeperTurnsDone,1769612268608000000,1769612328608000000,0
StorageLockContext.competingThreads.90P,1769612268608000000,1769612328608000000,0
FilePageCacheLockFree.totalPageAllocationsWaited,1769612268608000000,1769612328608000000,0
DirectByteBufferAllocator.totalSizeOfBuffersAllocatedInBytes,1769612268608000000,1769612328608000000,141582336
DirectByteBufferAllocator.disposed,1769612268608000000,1769612328608000000,0
MappedFileStorage.totalBytesMapped,1769612268608000000,1769612328608000000,278134784
FilePageCache.pageLoads,1769612268608000000,1769612328608000000,0
FilePageCache.pageFastCacheHits,1769612268608000000,1769612328608000000,0
StorageLockContext.competingThreads.avg,1769612268608000000,1769612328608000000,0.0
StreamlinedBlobStorage.totalLiveRecordsPayloadBytes,1769612268608000000,1769612328608000000,0
FileChannelInterruptsRetryer.totalRetriedAttempts,1769612268608000000,1769612328608000000,0
FilePageCacheLockFree.nativeBytesInUse,1769612268608000000,1769612328608000000,0
FilePageCache.uncachedFileAccess,1769612268608000000,1769612328608000000,0
FilePageCacheLockFree.totalPagesWriteMs,1769612268608000000,1769612328608000000,0
FilePageCacheLockFree.totalBytesWritten,1769612268608000000,1769612328608000000,0
MappedFileStorage.totalTimeSpentOnMappingUs,1769612268608000000,1769612328608000000,13402
FilePageCache.totalPageLoadsUs,1769612268608000000,1769612328608000000,0
FilePageCache.pageHits,1769612268608000000,1769612328608000000,0
FilePageCache.totalPageDisposalsUs,1769612268608000000,1769612328608000000,0
FilePageCacheLockFree.totalBytesRead,1769612268608000000,1769612328608000000,0
DirectByteBufferAllocator.reclaimed,1769612268608000000,1769612328608000000,0
FilePageCache.disposedBuffers,1769612268608000000,1769612328608000000,0
FilePageCacheLockFree.totalBytesRequested,1769612268608000000,1769612328608000000,0
FilePageCacheLockFree.totalPagesRequested,1769612268608000000,1769612328608000000,0
DirectByteBufferAllocator.totalSizeOfBuffersCachedInBytes,1769612268608000000,1769612328608000000,0
FilePageCacheLockFree.totalPagesReclaimed,1769612268608000000,1769612328608000000,0
FilePageCacheLockFree.totalNativeBytesReclaimed,1769612268608000000,1769612328608000000,0
StreamlinedBlobStorage.recordsRelocated,1769612268608000000,1769612328608000000,0
FilePageCacheLockFree.heapBytesInUse,1769612268608000000,1769612328608000000,0
DirectByteBufferAllocator.hits,1769612268608000000,1769612328608000000,0
DirectByteBufferAllocator.misses,1769612268608000000,1769612328608000000,0
StreamlinedBlobStorage.recordsAllocated,1769612268608000000,1769612328608000000,0
FilePageCacheLockFree.totalClosedStoragesReclaimed,1769612268608000000,1769612328608000000,0
FilePageCacheLockFree.totalHeapBytesReclaimed,1769612268608000000,1769612328608000000,0
FilePageCacheLockFree.totalPagesAllocated,1769612268608000000,1769612328608000000,0
FilePageCache.capacityInBytes,1769612268608000000,1769612328608000000,503316478
StreamlinedBlobStorage.recordsDeleted,1769612268608000000,1769612328608000000,0
FilePageCache.maxCacheSizeInBytes,1769612268608000000,1769612328608000000,141582336
FilePageCacheLockFree.totalPagesWritten,1769612268608000000,1769612328608000000,0
FilePageCache.maxRegisteredFiles,1769612268608000000,1769612328608000000,252
StorageLockContext.competingThreads.max,1769612268608000000,1769612328608000000,0
Indexing.writer_3.totalTimeSpentWritingMs,1769612268608000000,1769612328608000000,0
Indexes.allKeys.lookupDuration90PMs,1769612268608000000,1769612328608000000,0.0
Indexes.entries.lookupDuration90PMs,1769612268608000000,1769612328608000000,0.0
Indexes.allKeys.lookups,1769612268608000000,1769612328608000000,0
Indexes.allKeys.lookupDurationMaxMs,1769612268608000000,1769612328608000000,0.0
Indexing.writer_2.totalTimeSpentWritingMs,1769612268608000000,1769612328608000000,0
Indexes.stubs.lookupDurationMaxMs,1769612268608000000,1769612328608000000,0.0
Indexes.allKeys.lookupDurationAvgMs,1769612268608000000,1769612328608000000,0.0
Indexing.cache.totalCacheEvicted,1769612268608000000,1769612328608000000,0
Indexes.stubs.lookupDuration90PMs,1769612268608000000,1769612328608000000,0.0
IndexesFlusher.totalFlushes,1769612268608000000,1769612328608000000,60
Indexing.cache.totalCacheAccesses,1769612268608000000,1769612328608000000,0
Indexes.stubs.lookups,1769612268608000000,1769612328608000000,0
IndexesFlusher.totalFlushingTimeUs,1769612268608000000,1769612328608000000,30085
Indexes.entries.lookupDurationAvgMs,1769612268608000000,1769612328608000000,0.0
Indexing.totalTimeIndexersSleptMs,1769612268608000000,1769612328608000000,0
Indexes.entries.lookups,1769612268608000000,1769612328608000000,0
Indexing.writesQueuedMin,1769612268608000000,1769612328608000000,9223372036854775807
Indexing.writesQueuedMax,1769612268608000000,1769612328608000000,0
Indexing.writer_0.totalTimeSpentWritingMs,1769612268608000000,1769612328608000000,0
Indexing.writer_1.totalTimeSpentWritingMs,1769612268608000000,1769612328608000000,0
Indexes.entries.lookupDurationMaxMs,1769612268608000000,1769612328608000000,0.0
Indexing.cache.totalCacheMisses,1769612268608000000,1769612328608000000,0
IndexesFlusher.totalContentionQuotaSpent,1769612268608000000,1769612328608000000,0
Indexes.stubs.lookupDurationAvgMs,1769612268608000000,1769612328608000000,0.0
IndexesFlusher.totalFlushesRetried,1769612268608000000,1769612328608000000,0
jps.artifact.entities.serializer.load.entities.ms,1769612268608000000,1769612328608000000,0
workspaceModel.mutableEntityStorage.changeLog.addReplaceEventForRemovedChild.ms,1769612268608000000,1769612328608000000,0
jps.facet.change.listener.before.change.events.ms,1769612268608000000,1769612328608000000,0
jps.load.initial.state.ms,1769612268608000000,1769612328608000000,0
workspaceModel.mutableEntityStorage.collect.changes.ms,1769612268608000000,1769612328608000000,0
workspaceModel.mutableEntityStorage.modify.entity.ms,1769612268608000000,1769612328608000000,0
jps.global.initialize.library.bridges.ms,1769612268608000000,1769612328608000000,0
workspaceModel.save.cache.to.file.ms,1769612268608000000,1769612328608000000,0
jps.project.serializers.save.ms,1769612268608000000,1769612328608000000,0
jps.global.handle.changed.events.ms,1769612268608000000,1769612328608000000,0
jps.module.dependency.index.workspace.model.listener.on.changed.ms,1769612268608000000,1769612328608000000,0
workspaceModel.moduleManagerBridge.newModule.ms,1769612268608000000,1769612328608000000,0
workspaceModel.mutableEntityStorage.replace.by.source.ms,1769612268608000000,1769612328608000000,0
workspaceModel.orphan.listener.update.ms,1769612268608000000,1769612328608000000,0
jps.facet.change.listener.process.change.events.ms,1769612268608000000,1769612328608000000,0
workspaceModel.moduleManagerBridge.set.unloadedModules.ms,1769612268608000000,1769612328608000000,0
workspaceModel.mutableEntityStorage.to.snapshot.ms,1769612268608000000,1769612328608000000,0
workspaceModel.global.apply.state.to.project.builder.ms,1769612268608000000,1769612328608000000,0
workspaceModel.mutableEntityStorage.has.same.entities.ms,1769612268608000000,1769612328608000000,0
workspaceModel.mutableEntityStorage.instances.count,1769612268608000000,1769612328608000000,0
workspaceModel.moduleBridge.facet.initialization.ms,1769612268608000000,1769612328608000000,0
workspaceModel.moduleManagerBridge.get.modules.ms,1769612268608000000,1769612328608000000,0
workspaceModel.moduleManagerBridge.new.nonPersistent.module.ms,1769612268608000000,1769612328608000000,0
jps.global.get.library.by.name.ms,1769612268608000000,1769612328608000000,0
workspaceModel.mutableEntityStorage.mutable.vfurl.index.ms,1769612268608000000,1769612328608000000,0
workspaceModel.mutableEntityStorage.mutable.ext.mapping.ms,1769612268608000000,1769612328608000000,0
jps.global.get.libraries.ms,1769612268608000000,1769612328608000000,0
jps.module.iml.entities.serializer.load.entities.ms,1769612268608000000,1769612328608000000,0
jps.project.serializers.load.ms,1769612268608000000,1769612328608000000,0
workspaceModel.load.cache.metadata.from.file.ms,1769612268608000000,1769612328608000000,0
workspaceModel.mutableEntityStorage.apply.changes.from.ms,1769612268608000000,1769612328608000000,0
workspaceModel.global.updates.count,1769612268608000000,1769612328608000000,0
jps.save.global.entities.ms,1769612268608000000,1769612328608000000,0
workspaceModel.global.apply.state.to.project.ms,1769612268608000000,1769612328608000000,0
workspaceModel.moduleManagerBridge.load.module.ms,1769612268608000000,1769612328608000000,0
workspaceModel.mutableEntityStorage.changeLog.addReplaceEventForNewParent.ms,1769612268608000000,1769612328608000000,0
jps.module.iml.entities.serializer.save.entities.ms,1769612268608000000,1769612328608000000,0
jps.apply.loaded.storage.ms,1769612268608000000,1769612328608000000,0
jps.global.initialize.library.bridges.after.loading.ms,1769612268608000000,1769612328608000000,0
jps.facet.change.listener.init.bridge.ms,1769612268608000000,1769612328608000000,0
jps.global.handle.before.change.events.ms,1769612268608000000,1769612328608000000,0
workspaceModel.moduleManagerBridge.build.module.graph.ms,1769612268608000000,1769612328608000000,0
workspaceModel.moduleBridgeLoader.loading.modules.ms,1769612268608000000,1769612328608000000,0
jps.library.entities.serializer.load.entities.ms,1769612268608000000,1769612328608000000,0
workspaceModel.load.cache.from.file.ms,1769612268608000000,1769612328608000000,0
jps.save.changed.project.entities.ms,1769612268608000000,1769612328608000000,0
workspaceModel.delayed.project.synchronizer.sync.ms,1769612268608000000,1769612328608000000,0
jps.reload.project.entities.ms,1769612268608000000,1769612328608000000,0
jps.load.project.to.empty.storage.ms,1769612268608000000,1769612328608000000,0
workspaceModel.do.save.caches.ms,1769612268608000000,1769612328608000000,0
workspaceModel.mutableEntityStorage.entities.ms,1769612268608000000,1769612328608000000,0
jps.global.get.library.ms,1769612268608000000,1769612328608000000,0
workspaceModel.moduleBridge.update.option.ms,1769612268608000000,1769612328608000000,0
workspaceModel.moduleManagerBridge.load.all.modules.ms,1769612268608000000,1769612328608000000,0
workspaceModel.mutableEntityStorage.referrers.ms,1769612268608000000,1769612328608000000,0
jps.artifact.entities.serializer.save.entities.ms,1769612268608000000,1769612328608000000,0
jps.app.storage.content.reader.load.component.ms,1769612268608000000,1769612328608000000,0
workspaceModel.mutableEntityStorage.remove.entity.ms,1769612268608000000,1769612328608000000,0
workspaceModel.mutableEntityStorage.changeLog.addReplaceEventForNewChild.ms,1769612268608000000,1769612328608000000,0
workspaceModel.mutableEntityStorage.entities.by.source.ms,1769612268608000000,1769612328608000000,0
workspaceModel.moduleBridge.before.changed.ms,1769612268608000000,1769612328608000000,0
jps.library.entities.serializer.save.entities.ms,1769612268608000000,1769612328608000000,0
workspaceModel.mutableEntityStorage.resolve.ms,1769612268608000000,1769612328608000000,0
workspaceModel.mutableEntityStorage.put.entity.ms,1769612268608000000,1769612328608000000,0
workspaceModel.global.updates.ms,1769612268608000000,1769612328608000000,0
workspaceModel.mutableEntityStorage.changeLog.addReplaceEventForRemovedParent.ms,1769612268608000000,1769612328608000000,0
workspaceModel.sync.entities.ms,1769612268608000000,1769612328608000000,0
jps.app.storage.content.writer.save.component.ms,1769612268608000000,1769612328608000000,0
workspaceModel.mutableEntityStorage.add.entity.ms,1769612268608000000,1769612328608000000,0
workspaceModel.moduleManagerBridge.create.module.instance.ms,1769612268608000000,1769612328608000000,0
jps.storage.jps.conf.reader.load.component.ms,1769612268608000000,1769612328608000000,0
VFS.fileChildByName,1769612268608000000,1769612328608000000,97
VFS.contentStorage.recordsStored,1769612268608000000,1769612328608000000,0
VFS.contentStorage.recordsUncompressedSize,1769612268608000000,1769612328608000000,0
VFS.fileByIdCache.misses,1769612268608000000,1769612328608000000,0
FileNameCache.totalMisses,1769612268608000000,1769612328608000000,0
VFS.contentStorage.recordsDeduplicated,1769612268608000000,1769612328608000000,0
VFS.contentStorage.recordsReadSize,1769612268608000000,1769612328608000000,0
VFS.fileByIdCache.hits,1769612268608000000,1769612328608000000,0
VFS.contentStorage.recordsStoredCompressed,1769612268608000000,1769612328608000000,0
VFS.contentStorage.recordsDecompressionTimeUs,1769612268608000000,1769612328608000000,0
VFS.invertedFileNameIndex.requests,1769612268608000000,1769612328608000000,0
FileNameCache.queries,1769612268608000000,1769612328608000000,0
VFS.contentStorage.recordsReadDecompressed,1769612268608000000,1769612328608000000,0
VFS.contentStorage.recordsStoredSize,1769612268608000000,1769612328608000000,0
VFS.contentStorage.recordsRead,1769612268608000000,1769612328608000000,0
JVM.totalTimeAtSafepointsMs,1769612268608000000,1769612328608000000,10
JVM.newThreadsCount,1769612268608000000,1769612328608000000,0
JVM.totalDirectByteBuffersBytes,1769612268608000000,1769612328608000000,142596095
JVM.maxHeapBytes,1769612268608000000,1769612328608000000,4196401152
OS.loadAverage,1769612268608000000,1769612328608000000,1.3408203125
JVM.usedNativeBytes,1769612268608000000,1769612328608000000,397731392
JVM.totalSafepointCount,1769612268608000000,1769612328608000000,15
JVM.totalCpuTimeMs,1769612268608000000,1769612328608000000,3870
JVM.GC.collections,1769612268608000000,1769612328608000000,3
JVM.totalTimeToSafepointsMs,1769612268608000000,1769612328608000000,0
JVM.GC.collectionTimesMs,1769612268608000000,1769612328608000000,9
JVM.threadCount,1769612268608000000,1769612328608000000,61
JVM.totalBytesAllocated,1769612268608000000,1769612328608000000,312356536
JVM.maxThreadCount,1769612268608000000,1769612328608000000,151
JVM.usedHeapBytes,1769612268608000000,1769612328608000000,482361768
DiskQueryRelay.tasksExecuted,1769612328608000000,1769612388608000000,0
lexer.Python.size.bytes,1769612328608000000,1769612388608000000,70
writeAction.median.wait.ms,1769612328608000000,1769612388608000000,0
writeAction.wait.ms,1769612328608000000,1769612388608000000,0
writeAction.max.wait.ms,1769612328608000000,1769612388608000000,265
DiskQueryRelay.tasksRequested,1769612328608000000,1769612388608000000,0
lexer.Python.time.ns,1769612328608000000,1769612388608000000,76344
DiskQueryRelay.taskWaitingTotalTimeUs,1769612328608000000,1769612388608000000,0
writeAction.count,1769612328608000000,1769612388608000000,0
parser.Python.size.bytes,1769612328608000000,1769612388608000000,70
DiskQueryRelay.taskExecutionTotalTimeUs,1769612328608000000,1769612388608000000,0
parser.Python.time.ns,1769612328608000000,1769612388608000000,169119
cacheStateStorage.set.counter,1769612328608000000,1769612388608000000,0
cacheStateStorage.get.counter,1769612328608000000,1769612388608000000,0
cacheStateStorage.set.duration,1769612328608000000,1769612388608000000,0
cacheStateStorage.get.duration,1769612328608000000,1769612388608000000,0
workspaceModel.cachedValue.from.cache.count,1769612328608000000,1769612388608000000,71
workspaceModel.cachedValueWithParameters.calculated.count,1769612328608000000,1769612388608000000,0
workspaceModel.entityStorageSnapshotImpl.instances.count,1769612328608000000,1769612388608000000,0
workspaceModel.full.replace.project.model.ms,1769612328608000000,1769612388608000000,0
workspaceModel.workspaceFileIndexData.instances.count,1769612328608000000,1769612388608000000,0
workspaceModel.pre.handlers.ms,1769612328608000000,1769612388608000000,0
workspaceModel.workspaceFileIndexContributor.registerFileSets.ms,1769612328608000000,1769612388608000000,0
workspaceModel.replace.project.model.ms,1769612328608000000,1769612388608000000,0
workspaceModel.to.snapshot.ms,1769612328608000000,1769612388608000000,0
workspaceModel.workspaceFileIndexData.updateDirtyEntities.ms,1769612328608000000,1769612388608000000,0
workspaceModel.cachedValueWithParameters.clear.count,1769612328608000000,1769612388608000000,0
workspaceModel.workspaceFileIndexData.processFileSets.ms,1769612328608000000,1769612388608000000,0
workspaceModel.on.changed.ms,1769612328608000000,1769612388608000000,0
workspaceModel.collect.changes.ms,1769612328608000000,1769612388608000000,0
workspaceModel.workspaceFileIndexData.visitFileSets.ms,1769612328608000000,1769612388608000000,0
workspaceModel.workspaceFileIndexData.init.ms,1769612328608000000,1769612388608000000,0
workspaceModel.init.bridges.ms,1769612328608000000,1769612388608000000,0
workspaceModel.workspaceFileIndexData.getDirectoriesByPackageName.ms,1769612328608000000,1769612388608000000,0
workspaceModel.updates.precise.ms,1769612328608000000,1769612388608000000,0
workspaceModel.cachedValue.total.get.count,1769612328608000000,1769612388608000000,71
workspaceModel.updates.ms,1769612328608000000,1769612388608000000,0
workspaceModel.cachedValue.clear.count,1769612328608000000,1769612388608000000,0
workspaceModel.workspaceFileIndexData.getPackageName.ms,1769612328608000000,1769612388608000000,0
workspaceModel.initializing.ms,1769612328608000000,1769612388608000000,0
workspaceModel.cachedValueWithParameters.from.cache.count,1769612328608000000,1769612388608000000,0
workspaceModel.cachedValueWithParameters.total.get.count,1769612328608000000,1769612388608000000,0
workspaceModel.check.recursive.update.ms,1769612328608000000,1769612388608000000,0
workspaceModel.workspaceFileIndexData.onEntitiesChanged.ms,1769612328608000000,1769612388608000000,0
workspaceModel.cachedValue.calculated.count,1769612328608000000,1769612388608000000,0
workspaceModel.workspaceFileIndexData.getFileInfo.ms,1769612328608000000,1769612388608000000,2
workspaceModel.on.before.changed.ms,1769612328608000000,1769612388608000000,0
workspaceModel.workspaceFileIndexData.markDirty.ms,1769612328608000000,1769612388608000000,0
workspaceModel.update.unloaded.entities.ms,1769612328608000000,1769612388608000000,0
workspaceModel.updates.count,1769612328608000000,1769612388608000000,0
workspaceModel.loading.from.cache.ms,1769612328608000000,1769612388608000000,0
workspaceModel.loading.total.ms,1769612328608000000,1769612388608000000,0
AWTEventQueue.dispatchTimeMaxNs,1769612328608000000,1769612388608000000,0
NonBlockingReadAction.finalizedExecutionTimeUs,1769612328608000000,1769612388608000000,63721
FlushQueue.executionTime90PNs,1769612328608000000,1769612388608000000,0
FlushQueue.waitingTime90PNs,1769612328608000000,1769612388608000000,0
FlushQueue.waitingTimeAvgNs,1769612328608000000,1769612388608000000,0.0
NonBlockingReadAction.failedExecutionsCount,1769612328608000000,1769612388608000000,0
AWTEventQueue.eventsDispatched,1769612328608000000,1769612388608000000,0
FlushQueue.executionTimeMaxNs,1769612328608000000,1769612388608000000,0
FlushQueue.waitingTimeMaxNs,1769612328608000000,1769612388608000000,0
FlushQueue.queueSize90P,1769612328608000000,1769612388608000000,0
AWTEventQueue.dispatchTimeTotalNS,1769612328608000000,1769612388608000000,1259784949
NonBlockingReadAction.finalizedExecutionsCount,1769612328608000000,1769612388608000000,1745
FlushQueue.queueSizeMax,1769612328608000000,1769612388608000000,0
AWTEventQueue.dispatchTimeAvgNs,1769612328608000000,1769612388608000000,0.0
FlushQueue.queueSizeAvg,1769612328608000000,1769612388608000000,0.0
AWTEventQueue.dispatchTime90PNs,1769612328608000000,1769612388608000000,0
ReadAction.executionsCount,1769612328608000000,1769612388608000000,337543
FlushQueue.executionTimeAvgNs,1769612328608000000,1769612388608000000,0.0
FlushQueue.tasksExecuted,1769612328608000000,1769612388608000000,0
WriteAction.executionsCount,1769612328608000000,1769612388608000000,0
NonBlockingReadAction.failedExecutionTimeUs,1769612328608000000,1769612388608000000,0
FilePageCacheLockFree.totalNativeBytesAllocated,1769612328608000000,1769612388608000000,0
MappedFileStorage.storages,1769612328608000000,1769612388608000000,16
FilePageCacheLockFree.totalHeapBytesAllocated,1769612328608000000,1769612388608000000,0
StreamlinedBlobStorage.totalLiveRecordsCapacityBytes,1769612328608000000,1769612388608000000,0
MappedFileStorage.totalPagesMapped,1769612328608000000,1769612388608000000,22
FilePageCacheLockFree.housekeeperTurnsSkipped,1769612328608000000,1769612388608000000,0
FilePageCacheLockFree.totalPagesRequestsMs,1769612328608000000,1769612388608000000,0
FilePageCacheLockFree.housekeeperTimeSpentMs,1769612328608000000,1769612388608000000,0
FilePageCache.pageLoadsAboveSizeThreshold,1769612328608000000,1769612388608000000,0
FilePageCacheLockFree.totalPagesHandedOver,1769612328608000000,1769612388608000000,0
FilePageCacheLockFree.totalPagesReadMs,1769612328608000000,1769612388608000000,0
FilePageCacheLockFree.housekeeperTurnsDone,1769612328608000000,1769612388608000000,0
StorageLockContext.competingThreads.90P,1769612328608000000,1769612388608000000,0
FilePageCacheLockFree.totalPageAllocationsWaited,1769612328608000000,1769612388608000000,0
DirectByteBufferAllocator.totalSizeOfBuffersAllocatedInBytes,1769612328608000000,1769612388608000000,141582336
DirectByteBufferAllocator.disposed,1769612328608000000,1769612388608000000,0
MappedFileStorage.totalBytesMapped,1769612328608000000,1769612388608000000,278134784
FilePageCache.pageLoads,1769612328608000000,1769612388608000000,0
FilePageCache.pageFastCacheHits,1769612328608000000,1769612388608000000,1
StorageLockContext.competingThreads.avg,1769612328608000000,1769612388608000000,0.0
StreamlinedBlobStorage.totalLiveRecordsPayloadBytes,1769612328608000000,1769612388608000000,0
FileChannelInterruptsRetryer.totalRetriedAttempts,1769612328608000000,1769612388608000000,0
FilePageCacheLockFree.nativeBytesInUse,1769612328608000000,1769612388608000000,0
FilePageCache.uncachedFileAccess,1769612328608000000,1769612388608000000,0
FilePageCacheLockFree.totalPagesWriteMs,1769612328608000000,1769612388608000000,0
FilePageCacheLockFree.totalBytesWritten,1769612328608000000,1769612388608000000,0
MappedFileStorage.totalTimeSpentOnMappingUs,1769612328608000000,1769612388608000000,13402
FilePageCache.totalPageLoadsUs,1769612328608000000,1769612388608000000,0
FilePageCache.pageHits,1769612328608000000,1769612388608000000,0
FilePageCache.totalPageDisposalsUs,1769612328608000000,1769612388608000000,0
FilePageCacheLockFree.totalBytesRead,1769612328608000000,1769612388608000000,0
DirectByteBufferAllocator.reclaimed,1769612328608000000,1769612388608000000,0
FilePageCache.disposedBuffers,1769612328608000000,1769612388608000000,0
FilePageCacheLockFree.totalBytesRequested,1769612328608000000,1769612388608000000,0
FilePageCacheLockFree.totalPagesRequested,1769612328608000000,1769612388608000000,0
DirectByteBufferAllocator.totalSizeOfBuffersCachedInBytes,1769612328608000000,1769612388608000000,0
FilePageCacheLockFree.totalPagesReclaimed,1769612328608000000,1769612388608000000,0
FilePageCacheLockFree.totalNativeBytesReclaimed,1769612328608000000,1769612388608000000,0
StreamlinedBlobStorage.recordsRelocated,1769612328608000000,1769612388608000000,0
FilePageCacheLockFree.heapBytesInUse,1769612328608000000,1769612388608000000,0
DirectByteBufferAllocator.hits,1769612328608000000,1769612388608000000,0
DirectByteBufferAllocator.misses,1769612328608000000,1769612388608000000,0
StreamlinedBlobStorage.recordsAllocated,1769612328608000000,1769612388608000000,0
FilePageCacheLockFree.totalClosedStoragesReclaimed,1769612328608000000,1769612388608000000,0
FilePageCacheLockFree.totalHeapBytesReclaimed,1769612328608000000,1769612388608000000,0
FilePageCacheLockFree.totalPagesAllocated,1769612328608000000,1769612388608000000,0
FilePageCache.capacityInBytes,1769612328608000000,1769612388608000000,503316478
StreamlinedBlobStorage.recordsDeleted,1769612328608000000,1769612388608000000,0
FilePageCache.maxCacheSizeInBytes,1769612328608000000,1769612388608000000,141582336
FilePageCacheLockFree.totalPagesWritten,1769612328608000000,1769612388608000000,0
FilePageCache.maxRegisteredFiles,1769612328608000000,1769612388608000000,252
StorageLockContext.competingThreads.max,1769612328608000000,1769612388608000000,0
Indexing.writer_3.totalTimeSpentWritingMs,1769612328608000000,1769612388608000000,0
Indexes.allKeys.lookupDuration90PMs,1769612328608000000,1769612388608000000,0.0
Indexes.entries.lookupDuration90PMs,1769612328608000000,1769612388608000000,0.0
Indexes.allKeys.lookups,1769612328608000000,1769612388608000000,0
Indexes.allKeys.lookupDurationMaxMs,1769612328608000000,1769612388608000000,0.0
Indexing.writer_2.totalTimeSpentWritingMs,1769612328608000000,1769612388608000000,0
Indexes.stubs.lookupDurationMaxMs,1769612328608000000,1769612388608000000,0.0
Indexes.allKeys.lookupDurationAvgMs,1769612328608000000,1769612388608000000,0.0
Indexing.cache.totalCacheEvicted,1769612328608000000,1769612388608000000,1
Indexes.stubs.lookupDuration90PMs,1769612328608000000,1769612388608000000,0.0
IndexesFlusher.totalFlushes,1769612328608000000,1769612388608000000,60
Indexing.cache.totalCacheAccesses,1769612328608000000,1769612388608000000,1
Indexes.stubs.lookups,1769612328608000000,1769612388608000000,0
IndexesFlusher.totalFlushingTimeUs,1769612328608000000,1769612388608000000,28387
Indexes.entries.lookupDurationAvgMs,1769612328608000000,1769612388608000000,0.0
Indexing.totalTimeIndexersSleptMs,1769612328608000000,1769612388608000000,0
Indexes.entries.lookups,1769612328608000000,1769612388608000000,0
Indexing.writesQueuedMin,1769612328608000000,1769612388608000000,9223372036854775807
Indexing.writesQueuedMax,1769612328608000000,1769612388608000000,0
Indexing.writer_0.totalTimeSpentWritingMs,1769612328608000000,1769612388608000000,0
Indexing.writer_1.totalTimeSpentWritingMs,1769612328608000000,1769612388608000000,0
Indexes.entries.lookupDurationMaxMs,1769612328608000000,1769612388608000000,0.0
Indexing.cache.totalCacheMisses,1769612328608000000,1769612388608000000,1
IndexesFlusher.totalContentionQuotaSpent,1769612328608000000,1769612388608000000,0
Indexes.stubs.lookupDurationAvgMs,1769612328608000000,1769612388608000000,0.0
IndexesFlusher.totalFlushesRetried,1769612328608000000,1769612388608000000,0
jps.artifact.entities.serializer.load.entities.ms,1769612328608000000,1769612388608000000,0
workspaceModel.mutableEntityStorage.changeLog.addReplaceEventForRemovedChild.ms,1769612328608000000,1769612388608000000,0
jps.facet.change.listener.before.change.events.ms,1769612328608000000,1769612388608000000,0
jps.load.initial.state.ms,1769612328608000000,1769612388608000000,0
workspaceModel.mutableEntityStorage.collect.changes.ms,1769612328608000000,1769612388608000000,0
workspaceModel.mutableEntityStorage.modify.entity.ms,1769612328608000000,1769612388608000000,0
jps.global.initialize.library.bridges.ms,1769612328608000000,1769612388608000000,0
workspaceModel.save.cache.to.file.ms,1769612328608000000,1769612388608000000,0
jps.project.serializers.save.ms,1769612328608000000,1769612388608000000,0
jps.global.handle.changed.events.ms,1769612328608000000,1769612388608000000,0
jps.module.dependency.index.workspace.model.listener.on.changed.ms,1769612328608000000,1769612388608000000,0
workspaceModel.moduleManagerBridge.newModule.ms,1769612328608000000,1769612388608000000,0
workspaceModel.mutableEntityStorage.replace.by.source.ms,1769612328608000000,1769612388608000000,0
workspaceModel.orphan.listener.update.ms,1769612328608000000,1769612388608000000,0
jps.facet.change.listener.process.change.events.ms,1769612328608000000,1769612388608000000,0
workspaceModel.moduleManagerBridge.set.unloadedModules.ms,1769612328608000000,1769612388608000000,0
workspaceModel.mutableEntityStorage.to.snapshot.ms,1769612328608000000,1769612388608000000,0
workspaceModel.global.apply.state.to.project.builder.ms,1769612328608000000,1769612388608000000,0
workspaceModel.mutableEntityStorage.has.same.entities.ms,1769612328608000000,1769612388608000000,0
workspaceModel.mutableEntityStorage.instances.count,1769612328608000000,1769612388608000000,0
workspaceModel.moduleBridge.facet.initialization.ms,1769612328608000000,1769612388608000000,0
workspaceModel.moduleManagerBridge.get.modules.ms,1769612328608000000,1769612388608000000,0
workspaceModel.moduleManagerBridge.new.nonPersistent.module.ms,1769612328608000000,1769612388608000000,0
jps.global.get.library.by.name.ms,1769612328608000000,1769612388608000000,0
workspaceModel.mutableEntityStorage.mutable.vfurl.index.ms,1769612328608000000,1769612388608000000,0
workspaceModel.mutableEntityStorage.mutable.ext.mapping.ms,1769612328608000000,1769612388608000000,0
jps.global.get.libraries.ms,1769612328608000000,1769612388608000000,0
jps.module.iml.entities.serializer.load.entities.ms,1769612328608000000,1769612388608000000,0
jps.project.serializers.load.ms,1769612328608000000,1769612388608000000,0
workspaceModel.load.cache.metadata.from.file.ms,1769612328608000000,1769612388608000000,0
workspaceModel.mutableEntityStorage.apply.changes.from.ms,1769612328608000000,1769612388608000000,0
workspaceModel.global.updates.count,1769612328608000000,1769612388608000000,0
jps.save.global.entities.ms,1769612328608000000,1769612388608000000,0
workspaceModel.global.apply.state.to.project.ms,1769612328608000000,1769612388608000000,0
workspaceModel.moduleManagerBridge.load.module.ms,1769612328608000000,1769612388608000000,0
workspaceModel.mutableEntityStorage.changeLog.addReplaceEventForNewParent.ms,1769612328608000000,1769612388608000000,0
jps.module.iml.entities.serializer.save.entities.ms,1769612328608000000,1769612388608000000,0
jps.apply.loaded.storage.ms,1769612328608000000,1769612388608000000,0
jps.global.initialize.library.bridges.after.loading.ms,1769612328608000000,1769612388608000000,0
jps.facet.change.listener.init.bridge.ms,1769612328608000000,1769612388608000000,0
jps.global.handle.before.change.events.ms,1769612328608000000,1769612388608000000,0
workspaceModel.moduleManagerBridge.build.module.graph.ms,1769612328608000000,1769612388608000000,0
workspaceModel.moduleBridgeLoader.loading.modules.ms,1769612328608000000,1769612388608000000,0
jps.library.entities.serializer.load.entities.ms,1769612328608000000,1769612388608000000,0
workspaceModel.load.cache.from.file.ms,1769612328608000000,1769612388608000000,0
jps.save.changed.project.entities.ms,1769612328608000000,1769612388608000000,0
workspaceModel.delayed.project.synchronizer.sync.ms,1769612328608000000,1769612388608000000,0
jps.reload.project.entities.ms,1769612328608000000,1769612388608000000,0
jps.load.project.to.empty.storage.ms,1769612328608000000,1769612388608000000,0
workspaceModel.do.save.caches.ms,1769612328608000000,1769612388608000000,0
workspaceModel.mutableEntityStorage.entities.ms,1769612328608000000,1769612388608000000,0
jps.global.get.library.ms,1769612328608000000,1769612388608000000,0
workspaceModel.moduleBridge.update.option.ms,1769612328608000000,1769612388608000000,0
workspaceModel.moduleManagerBridge.load.all.modules.ms,1769612328608000000,1769612388608000000,0
workspaceModel.mutableEntityStorage.referrers.ms,1769612328608000000,1769612388608000000,0
jps.artifact.entities.serializer.save.entities.ms,1769612328608000000,1769612388608000000,0
jps.app.storage.content.reader.load.component.ms,1769612328608000000,1769612388608000000,0
workspaceModel.mutableEntityStorage.remove.entity.ms,1769612328608000000,1769612388608000000,0
workspaceModel.mutableEntityStorage.changeLog.addReplaceEventForNewChild.ms,1769612328608000000,1769612388608000000,0
workspaceModel.mutableEntityStorage.entities.by.source.ms,1769612328608000000,1769612388608000000,0
workspaceModel.moduleBridge.before.changed.ms,1769612328608000000,1769612388608000000,0
jps.library.entities.serializer.save.entities.ms,1769612328608000000,1769612388608000000,0
workspaceModel.mutableEntityStorage.resolve.ms,1769612328608000000,1769612388608000000,0
workspaceModel.mutableEntityStorage.put.entity.ms,1769612328608000000,1769612388608000000,0
workspaceModel.global.updates.ms,1769612328608000000,1769612388608000000,0
workspaceModel.mutableEntityStorage.changeLog.addReplaceEventForRemovedParent.ms,1769612328608000000,1769612388608000000,0
workspaceModel.sync.entities.ms,1769612328608000000,1769612388608000000,0
jps.app.storage.content.writer.save.component.ms,1769612328608000000,1769612388608000000,0
workspaceModel.mutableEntityStorage.add.entity.ms,1769612328608000000,1769612388608000000,0
workspaceModel.moduleManagerBridge.create.module.instance.ms,1769612328608000000,1769612388608000000,0
jps.storage.jps.conf.reader.load.component.ms,1769612328608000000,1769612388608000000,0
VFS.fileChildByName,1769612328608000000,1769612388608000000,407
VFS.contentStorage.recordsStored,1769612328608000000,1769612388608000000,0
VFS.contentStorage.recordsUncompressedSize,1769612328608000000,1769612388608000000,0
VFS.fileByIdCache.misses,1769612328608000000,1769612388608000000,0
FileNameCache.totalMisses,1769612328608000000,1769612388608000000,0
VFS.contentStorage.recordsDeduplicated,1769612328608000000,1769612388608000000,0
VFS.contentStorage.recordsReadSize,1769612328608000000,1769612388608000000,0
VFS.fileByIdCache.hits,1769612328608000000,1769612388608000000,0
VFS.contentStorage.recordsStoredCompressed,1769612328608000000,1769612388608000000,0
VFS.contentStorage.recordsDecompressionTimeUs,1769612328608000000,1769612388608000000,0
VFS.invertedFileNameIndex.requests,1769612328608000000,1769612388608000000,0
FileNameCache.queries,1769612328608000000,1769612388608000000,0
VFS.contentStorage.recordsReadDecompressed,1769612328608000000,1769612388608000000,0
VFS.contentStorage.recordsStoredSize,1769612328608000000,1769612388608000000,0
VFS.contentStorage.recordsRead,1769612328608000000,1769612388608000000,0
JVM.totalTimeAtSafepointsMs,1769612328608000000,1769612388608000000,2
JVM.newThreadsCount,1769612328608000000,1769612388608000000,10
JVM.totalDirectByteBuffersBytes,1769612328608000000,1769612388608000000,142586074
JVM.maxHeapBytes,1769612328608000000,1769612388608000000,4196401152
OS.loadAverage,1769612328608000000,1769612388608000000,1.34423828125
JVM.usedNativeBytes,1769612328608000000,1769612388608000000,398923760
JVM.totalSafepointCount,1769612328608000000,1769612388608000000,17
JVM.totalCpuTimeMs,1769612328608000000,1769612388608000000,2990
JVM.GC.collections,1769612328608000000,1769612388608000000,1
JVM.totalTimeToSafepointsMs,1769612328608000000,1769612388608000000,0
JVM.GC.collectionTimesMs,1769612328608000000,1769612388608000000,3
JVM.threadCount,1769612328608000000,1769612388608000000,64
JVM.totalBytesAllocated,1769612328608000000,1769612388608000000,337002584
JVM.maxThreadCount,1769612328608000000,1769612388608000000,151
JVM.usedHeapBytes,1769612328608000000,1769612388608000000,528653192
DiskQueryRelay.tasksExecuted,1769612388608000000,1769612448609000000,54
writeAction.median.wait.ms,1769612388608000000,1769612448609000000,0
writeAction.wait.ms,1769612388608000000,1769612448609000000,0
writeAction.max.wait.ms,1769612388608000000,1769612448609000000,265
DiskQueryRelay.tasksRequested,1769612388608000000,1769612448609000000,54
DiskQueryRelay.taskWaitingTotalTimeUs,1769612388608000000,1769612448609000000,370
writeAction.count,1769612388608000000,1769612448609000000,2
DiskQueryRelay.taskExecutionTotalTimeUs,1769612388608000000,1769612448609000000,356
cacheStateStorage.set.counter,1769612388608000000,1769612448609000000,4
cacheStateStorage.get.counter,1769612388608000000,1769612448609000000,0
cacheStateStorage.set.duration,1769612388608000000,1769612448609000000,0
cacheStateStorage.get.duration,1769612388608000000,1769612448609000000,0
workspaceModel.cachedValue.from.cache.count,1769612388608000000,1769612448609000000,12
workspaceModel.cachedValueWithParameters.calculated.count,1769612388608000000,1769612448609000000,0
workspaceModel.entityStorageSnapshotImpl.instances.count,1769612388608000000,1769612448609000000,0
workspaceModel.full.replace.project.model.ms,1769612388608000000,1769612448609000000,0
workspaceModel.workspaceFileIndexData.instances.count,1769612388608000000,1769612448609000000,0
workspaceModel.pre.handlers.ms,1769612388608000000,1769612448609000000,0
workspaceModel.workspaceFileIndexContributor.registerFileSets.ms,1769612388608000000,1769612448609000000,0
workspaceModel.replace.project.model.ms,1769612388608000000,1769612448609000000,0
workspaceModel.to.snapshot.ms,1769612388608000000,1769612448609000000,0
workspaceModel.workspaceFileIndexData.updateDirtyEntities.ms,1769612388608000000,1769612448609000000,0
workspaceModel.cachedValueWithParameters.clear.count,1769612388608000000,1769612448609000000,0
workspaceModel.workspaceFileIndexData.processFileSets.ms,1769612388608000000,1769612448609000000,0
workspaceModel.on.changed.ms,1769612388608000000,1769612448609000000,0
workspaceModel.collect.changes.ms,1769612388608000000,1769612448609000000,0
workspaceModel.workspaceFileIndexData.visitFileSets.ms,1769612388608000000,1769612448609000000,0
workspaceModel.workspaceFileIndexData.init.ms,1769612388608000000,1769612448609000000,0
workspaceModel.init.bridges.ms,1769612388608000000,1769612448609000000,0
workspaceModel.workspaceFileIndexData.getDirectoriesByPackageName.ms,1769612388608000000,1769612448609000000,0
workspaceModel.updates.precise.ms,1769612388608000000,1769612448609000000,0
workspaceModel.cachedValue.total.get.count,1769612388608000000,1769612448609000000,12
workspaceModel.updates.ms,1769612388608000000,1769612448609000000,0
workspaceModel.cachedValue.clear.count,1769612388608000000,1769612448609000000,0
workspaceModel.workspaceFileIndexData.getPackageName.ms,1769612388608000000,1769612448609000000,0
workspaceModel.initializing.ms,1769612388608000000,1769612448609000000,0
workspaceModel.cachedValueWithParameters.from.cache.count,1769612388608000000,1769612448609000000,0
workspaceModel.cachedValueWithParameters.total.get.count,1769612388608000000,1769612448609000000,0
workspaceModel.check.recursive.update.ms,1769612388608000000,1769612448609000000,0
workspaceModel.workspaceFileIndexData.onEntitiesChanged.ms,1769612388608000000,1769612448609000000,0
workspaceModel.cachedValue.calculated.count,1769612388608000000,1769612448609000000,0
workspaceModel.workspaceFileIndexData.getFileInfo.ms,1769612388608000000,1769612448609000000,0
workspaceModel.on.before.changed.ms,1769612388608000000,1769612448609000000,0
workspaceModel.workspaceFileIndexData.markDirty.ms,1769612388608000000,1769612448609000000,0
workspaceModel.update.unloaded.entities.ms,1769612388608000000,1769612448609000000,0
workspaceModel.updates.count,1769612388608000000,1769612448609000000,0
workspaceModel.loading.from.cache.ms,1769612388608000000,1769612448609000000,0
workspaceModel.loading.total.ms,1769612388608000000,1769612448609000000,0
AWTEventQueue.dispatchTimeMaxNs,1769612388608000000,1769612448609000000,0
NonBlockingReadAction.finalizedExecutionTimeUs,1769612388608000000,1769612448609000000,1152
FlushQueue.executionTime90PNs,1769612388608000000,1769612448609000000,0
FlushQueue.waitingTime90PNs,1769612388608000000,1769612448609000000,0
FlushQueue.waitingTimeAvgNs,1769612388608000000,1769612448609000000,0.0
NonBlockingReadAction.failedExecutionsCount,1769612388608000000,1769612448609000000,0
AWTEventQueue.eventsDispatched,1769612388608000000,1769612448609000000,0
FlushQueue.executionTimeMaxNs,1769612388608000000,1769612448609000000,0
FlushQueue.waitingTimeMaxNs,1769612388608000000,1769612448609000000,0
FlushQueue.queueSize90P,1769612388608000000,1769612448609000000,0
AWTEventQueue.dispatchTimeTotalNS,1769612388608000000,1769612448609000000,168229126
NonBlockingReadAction.finalizedExecutionsCount,1769612388608000000,1769612448609000000,8
FlushQueue.queueSizeMax,1769612388608000000,1769612448609000000,0
AWTEventQueue.dispatchTimeAvgNs,1769612388608000000,1769612448609000000,0.0
FlushQueue.queueSizeAvg,1769612388608000000,1769612448609000000,0.0
AWTEventQueue.dispatchTime90PNs,1769612388608000000,1769612448609000000,0
ReadAction.executionsCount,1769612388608000000,1769612448609000000,3443
FlushQueue.executionTimeAvgNs,1769612388608000000,1769612448609000000,0.0
FlushQueue.tasksExecuted,1769612388608000000,1769612448609000000,0
WriteAction.executionsCount,1769612388608000000,1769612448609000000,2
NonBlockingReadAction.failedExecutionTimeUs,1769612388608000000,1769612448609000000,0
FilePageCacheLockFree.totalNativeBytesAllocated,1769612388608000000,1769612448609000000,0
MappedFileStorage.storages,1769612388608000000,1769612448609000000,16
FilePageCacheLockFree.totalHeapBytesAllocated,1769612388608000000,1769612448609000000,0
StreamlinedBlobStorage.totalLiveRecordsCapacityBytes,1769612388608000000,1769612448609000000,0
MappedFileStorage.totalPagesMapped,1769612388608000000,1769612448609000000,22
FilePageCacheLockFree.housekeeperTurnsSkipped,1769612388608000000,1769612448609000000,0
FilePageCacheLockFree.totalPagesRequestsMs,1769612388608000000,1769612448609000000,0
FilePageCacheLockFree.housekeeperTimeSpentMs,1769612388608000000,1769612448609000000,0
FilePageCache.pageLoadsAboveSizeThreshold,1769612388608000000,1769612448609000000,0
FilePageCacheLockFree.totalPagesHandedOver,1769612388608000000,1769612448609000000,0
FilePageCacheLockFree.totalPagesReadMs,1769612388608000000,1769612448609000000,0
FilePageCacheLockFree.housekeeperTurnsDone,1769612388608000000,1769612448609000000,0
StorageLockContext.competingThreads.90P,1769612388608000000,1769612448609000000,0
FilePageCacheLockFree.totalPageAllocationsWaited,1769612388608000000,1769612448609000000,0
DirectByteBufferAllocator.totalSizeOfBuffersAllocatedInBytes,1769612388608000000,1769612448609000000,141582336
DirectByteBufferAllocator.disposed,1769612388608000000,1769612448609000000,0
MappedFileStorage.totalBytesMapped,1769612388608000000,1769612448609000000,278134784
FilePageCache.pageLoads,1769612388608000000,1769612448609000000,0
FilePageCache.pageFastCacheHits,1769612388608000000,1769612448609000000,40
StorageLockContext.competingThreads.avg,1769612388608000000,1769612448609000000,0.0
StreamlinedBlobStorage.totalLiveRecordsPayloadBytes,1769612388608000000,1769612448609000000,0
FileChannelInterruptsRetryer.totalRetriedAttempts,1769612388608000000,1769612448609000000,0
FilePageCacheLockFree.nativeBytesInUse,1769612388608000000,1769612448609000000,0
FilePageCache.uncachedFileAccess,1769612388608000000,1769612448609000000,6
FilePageCacheLockFree.totalPagesWriteMs,1769612388608000000,1769612448609000000,0
FilePageCacheLockFree.totalBytesWritten,1769612388608000000,1769612448609000000,0
MappedFileStorage.totalTimeSpentOnMappingUs,1769612388608000000,1769612448609000000,13402
FilePageCache.totalPageLoadsUs,1769612388608000000,1769612448609000000,0
FilePageCache.pageHits,1769612388608000000,1769612448609000000,0
FilePageCache.totalPageDisposalsUs,1769612388608000000,1769612448609000000,0
FilePageCacheLockFree.totalBytesRead,1769612388608000000,1769612448609000000,0
DirectByteBufferAllocator.reclaimed,1769612388608000000,1769612448609000000,0
FilePageCache.disposedBuffers,1769612388608000000,1769612448609000000,0
FilePageCacheLockFree.totalBytesRequested,1769612388608000000,1769612448609000000,0
FilePageCacheLockFree.totalPagesRequested,1769612388608000000,1769612448609000000,0
DirectByteBufferAllocator.totalSizeOfBuffersCachedInBytes,1769612388608000000,1769612448609000000,0
FilePageCacheLockFree.totalPagesReclaimed,1769612388608000000,1769612448609000000,0
FilePageCacheLockFree.totalNativeBytesReclaimed,1769612388608000000,1769612448609000000,0
StreamlinedBlobStorage.recordsRelocated,1769612388608000000,1769612448609000000,0
FilePageCacheLockFree.heapBytesInUse,1769612388608000000,1769612448609000000,0
DirectByteBufferAllocator.hits,1769612388608000000,1769612448609000000,0
DirectByteBufferAllocator.misses,1769612388608000000,1769612448609000000,0
StreamlinedBlobStorage.recordsAllocated,1769612388608000000,1769612448609000000,0
FilePageCacheLockFree.totalClosedStoragesReclaimed,1769612388608000000,1769612448609000000,0
FilePageCacheLockFree.totalHeapBytesReclaimed,1769612388608000000,1769612448609000000,0
FilePageCacheLockFree.totalPagesAllocated,1769612388608000000,1769612448609000000,0
FilePageCache.capacityInBytes,1769612388608000000,1769612448609000000,503316478
StreamlinedBlobStorage.recordsDeleted,1769612388608000000,1769612448609000000,0
FilePageCache.maxCacheSizeInBytes,1769612388608000000,1769612448609000000,141582336
FilePageCacheLockFree.totalPagesWritten,1769612388608000000,1769612448609000000,0
FilePageCache.maxRegisteredFiles,1769612388608000000,1769612448609000000,252
StorageLockContext.competingThreads.max,1769612388608000000,1769612448609000000,0
Indexing.writer_3.totalTimeSpentWritingMs,1769612388608000000,1769612448609000000,0
Indexes.allKeys.lookupDuration90PMs,1769612388608000000,1769612448609000000,0.0
Indexes.entries.lookupDuration90PMs,1769612388608000000,1769612448609000000,0.0
Indexes.allKeys.lookups,1769612388608000000,1769612448609000000,0
Indexes.allKeys.lookupDurationMaxMs,1769612388608000000,1769612448609000000,0.0
Indexing.writer_2.totalTimeSpentWritingMs,1769612388608000000,1769612448609000000,0
Indexes.stubs.lookupDurationMaxMs,1769612388608000000,1769612448609000000,0.0
Indexes.allKeys.lookupDurationAvgMs,1769612388608000000,1769612448609000000,0.0
Indexing.cache.totalCacheEvicted,1769612388608000000,1769612448609000000,0
Indexes.stubs.lookupDuration90PMs,1769612388608000000,1769612448609000000,0.0
IndexesFlusher.totalFlushes,1769612388608000000,1769612448609000000,60
Indexing.cache.totalCacheAccesses,1769612388608000000,1769612448609000000,0
Indexes.stubs.lookups,1769612388608000000,1769612448609000000,0
IndexesFlusher.totalFlushingTimeUs,1769612388608000000,1769612448609000000,29618
Indexes.entries.lookupDurationAvgMs,1769612388608000000,1769612448609000000,0.0
Indexing.totalTimeIndexersSleptMs,1769612388608000000,1769612448609000000,0
Indexes.entries.lookups,1769612388608000000,1769612448609000000,0
Indexing.writesQueuedMin,1769612388608000000,1769612448609000000,9223372036854775807
Indexing.writesQueuedMax,1769612388608000000,1769612448609000000,0
Indexing.writer_0.totalTimeSpentWritingMs,1769612388608000000,1769612448609000000,0
Indexing.writer_1.totalTimeSpentWritingMs,1769612388608000000,1769612448609000000,0
Indexes.entries.lookupDurationMaxMs,1769612388608000000,1769612448609000000,0.0
Indexing.cache.totalCacheMisses,1769612388608000000,1769612448609000000,0
IndexesFlusher.totalContentionQuotaSpent,1769612388608000000,1769612448609000000,0
Indexes.stubs.lookupDurationAvgMs,1769612388608000000,1769612448609000000,0.0
IndexesFlusher.totalFlushesRetried,1769612388608000000,1769612448609000000,0
jps.artifact.entities.serializer.load.entities.ms,1769612388608000000,1769612448609000000,0
workspaceModel.mutableEntityStorage.changeLog.addReplaceEventForRemovedChild.ms,1769612388608000000,1769612448609000000,0
jps.facet.change.listener.before.change.events.ms,1769612388608000000,1769612448609000000,0
jps.load.initial.state.ms,1769612388608000000,1769612448609000000,0
workspaceModel.mutableEntityStorage.collect.changes.ms,1769612388608000000,1769612448609000000,0
workspaceModel.mutableEntityStorage.modify.entity.ms,1769612388608000000,1769612448609000000,0
jps.global.initialize.library.bridges.ms,1769612388608000000,1769612448609000000,0
workspaceModel.save.cache.to.file.ms,1769612388608000000,1769612448609000000,0
jps.project.serializers.save.ms,1769612388608000000,1769612448609000000,0
jps.global.handle.changed.events.ms,1769612388608000000,1769612448609000000,0
jps.module.dependency.index.workspace.model.listener.on.changed.ms,1769612388608000000,1769612448609000000,0
workspaceModel.moduleManagerBridge.newModule.ms,1769612388608000000,1769612448609000000,0
workspaceModel.mutableEntityStorage.replace.by.source.ms,1769612388608000000,1769612448609000000,0
workspaceModel.orphan.listener.update.ms,1769612388608000000,1769612448609000000,0
jps.facet.change.listener.process.change.events.ms,1769612388608000000,1769612448609000000,0
workspaceModel.moduleManagerBridge.set.unloadedModules.ms,1769612388608000000,1769612448609000000,0
workspaceModel.mutableEntityStorage.to.snapshot.ms,1769612388608000000,1769612448609000000,0
workspaceModel.global.apply.state.to.project.builder.ms,1769612388608000000,1769612448609000000,0
workspaceModel.mutableEntityStorage.has.same.entities.ms,1769612388608000000,1769612448609000000,0
workspaceModel.mutableEntityStorage.instances.count,1769612388608000000,1769612448609000000,0
workspaceModel.moduleBridge.facet.initialization.ms,1769612388608000000,1769612448609000000,0
workspaceModel.moduleManagerBridge.get.modules.ms,1769612388608000000,1769612448609000000,0
workspaceModel.moduleManagerBridge.new.nonPersistent.module.ms,1769612388608000000,1769612448609000000,0
jps.global.get.library.by.name.ms,1769612388608000000,1769612448609000000,0
workspaceModel.mutableEntityStorage.mutable.vfurl.index.ms,1769612388608000000,1769612448609000000,0
workspaceModel.mutableEntityStorage.mutable.ext.mapping.ms,1769612388608000000,1769612448609000000,0
jps.global.get.libraries.ms,1769612388608000000,1769612448609000000,0
jps.module.iml.entities.serializer.load.entities.ms,1769612388608000000,1769612448609000000,0
jps.project.serializers.load.ms,1769612388608000000,1769612448609000000,0
workspaceModel.load.cache.metadata.from.file.ms,1769612388608000000,1769612448609000000,0
workspaceModel.mutableEntityStorage.apply.changes.from.ms,1769612388608000000,1769612448609000000,0
workspaceModel.global.updates.count,1769612388608000000,1769612448609000000,0
jps.save.global.entities.ms,1769612388608000000,1769612448609000000,4
workspaceModel.global.apply.state.to.project.ms,1769612388608000000,1769612448609000000,0
workspaceModel.moduleManagerBridge.load.module.ms,1769612388608000000,1769612448609000000,0
workspaceModel.mutableEntityStorage.changeLog.addReplaceEventForNewParent.ms,1769612388608000000,1769612448609000000,0
jps.module.iml.entities.serializer.save.entities.ms,1769612388608000000,1769612448609000000,0
jps.apply.loaded.storage.ms,1769612388608000000,1769612448609000000,0
jps.global.initialize.library.bridges.after.loading.ms,1769612388608000000,1769612448609000000,0
jps.facet.change.listener.init.bridge.ms,1769612388608000000,1769612448609000000,0
jps.global.handle.before.change.events.ms,1769612388608000000,1769612448609000000,0
workspaceModel.moduleManagerBridge.build.module.graph.ms,1769612388608000000,1769612448609000000,0
workspaceModel.moduleBridgeLoader.loading.modules.ms,1769612388608000000,1769612448609000000,0
jps.library.entities.serializer.load.entities.ms,1769612388608000000,1769612448609000000,0
workspaceModel.load.cache.from.file.ms,1769612388608000000,1769612448609000000,0
jps.save.changed.project.entities.ms,1769612388608000000,1769612448609000000,0
workspaceModel.delayed.project.synchronizer.sync.ms,1769612388608000000,1769612448609000000,0
jps.reload.project.entities.ms,1769612388608000000,1769612448609000000,0
jps.load.project.to.empty.storage.ms,1769612388608000000,1769612448609000000,0
workspaceModel.do.save.caches.ms,1769612388608000000,1769612448609000000,0
workspaceModel.mutableEntityStorage.entities.ms,1769612388608000000,1769612448609000000,0
jps.global.get.library.ms,1769612388608000000,1769612448609000000,0
workspaceModel.moduleBridge.update.option.ms,1769612388608000000,1769612448609000000,0
workspaceModel.moduleManagerBridge.load.all.modules.ms,1769612388608000000,1769612448609000000,0
workspaceModel.mutableEntityStorage.referrers.ms,1769612388608000000,1769612448609000000,0
jps.artifact.entities.serializer.save.entities.ms,1769612388608000000,1769612448609000000,0
jps.app.storage.content.reader.load.component.ms,1769612388608000000,1769612448609000000,0
workspaceModel.mutableEntityStorage.remove.entity.ms,1769612388608000000,1769612448609000000,0
workspaceModel.mutableEntityStorage.changeLog.addReplaceEventForNewChild.ms,1769612388608000000,1769612448609000000,0
workspaceModel.mutableEntityStorage.entities.by.source.ms,1769612388608000000,1769612448609000000,0
workspaceModel.moduleBridge.before.changed.ms,1769612388608000000,1769612448609000000,0
jps.library.entities.serializer.save.entities.ms,1769612388608000000,1769612448609000000,0
workspaceModel.mutableEntityStorage.resolve.ms,1769612388608000000,1769612448609000000,0
workspaceModel.mutableEntityStorage.put.entity.ms,1769612388608000000,1769612448609000000,0
workspaceModel.global.updates.ms,1769612388608000000,1769612448609000000,0
workspaceModel.mutableEntityStorage.changeLog.addReplaceEventForRemovedParent.ms,1769612388608000000,1769612448609000000,0
workspaceModel.sync.entities.ms,1769612388608000000,1769612448609000000,0
jps.app.storage.content.writer.save.component.ms,1769612388608000000,1769612448609000000,3
workspaceModel.mutableEntityStorage.add.entity.ms,1769612388608000000,1769612448609000000,0
workspaceModel.moduleManagerBridge.create.module.instance.ms,1769612388608000000,1769612448609000000,0
jps.storage.jps.conf.reader.load.component.ms,1769612388608000000,1769612448609000000,0
VFS.fileChildByName,1769612388608000000,1769612448609000000,1567
VFS.contentStorage.recordsStored,1769612388608000000,1769612448609000000,0
VFS.contentStorage.recordsUncompressedSize,1769612388608000000,1769612448609000000,0
VFS.fileByIdCache.misses,1769612388608000000,1769612448609000000,0
FileNameCache.totalMisses,1769612388608000000,1769612448609000000,0
VFS.contentStorage.recordsDeduplicated,1769612388608000000,1769612448609000000,0
VFS.contentStorage.recordsReadSize,1769612388608000000,1769612448609000000,0
VFS.fileByIdCache.hits,1769612388608000000,1769612448609000000,0
VFS.contentStorage.recordsStoredCompressed,1769612388608000000,1769612448609000000,0
VFS.contentStorage.recordsDecompressionTimeUs,1769612388608000000,1769612448609000000,0
VFS.invertedFileNameIndex.requests,1769612388608000000,1769612448609000000,0
FileNameCache.queries,1769612388608000000,1769612448609000000,384
VFS.contentStorage.recordsReadDecompressed,1769612388608000000,1769612448609000000,0
VFS.contentStorage.recordsStoredSize,1769612388608000000,1769612448609000000,0
VFS.contentStorage.recordsRead,1769612388608000000,1769612448609000000,0
JVM.totalTimeAtSafepointsMs,1769612388608000000,1769612448609000000,1
JVM.newThreadsCount,1769612388608000000,1769612448609000000,9
JVM.totalDirectByteBuffersBytes,1769612388608000000,1769612448609000000,142613543
JVM.maxHeapBytes,1769612388608000000,1769612448609000000,4196401152
OS.loadAverage,1769612388608000000,1769612448609000000,1.12890625
JVM.usedNativeBytes,1769612388608000000,1769612448609000000,399886144
JVM.totalSafepointCount,1769612388608000000,1769612448609000000,10
JVM.totalCpuTimeMs,1769612388608000000,1769612448609000000,1260
JVM.GC.collections,1769612388608000000,1769612448609000000,0
JVM.totalTimeToSafepointsMs,1769612388608000000,1769612448609000000,0
JVM.GC.collectionTimesMs,1769612388608000000,1769612448609000000,0
JVM.threadCount,1769612388608000000,1769612448609000000,61
JVM.totalBytesAllocated,1769612388608000000,1769612448609000000,52147648
JVM.maxThreadCount,1769612388608000000,1769612448609000000,151
JVM.usedHeapBytes,1769612388608000000,1769612448609000000,583179144
DiskQueryRelay.tasksExecuted,1769612448609000000,1769612508608000000,0
writeAction.median.wait.ms,1769612448609000000,1769612508608000000,0
writeAction.wait.ms,1769612448609000000,1769612508608000000,0
writeAction.max.wait.ms,1769612448609000000,1769612508608000000,265
DiskQueryRelay.tasksRequested,1769612448609000000,1769612508608000000,0
DiskQueryRelay.taskWaitingTotalTimeUs,1769612448609000000,1769612508608000000,0
writeAction.count,1769612448609000000,1769612508608000000,0
DiskQueryRelay.taskExecutionTotalTimeUs,1769612448609000000,1769612508608000000,0
cacheStateStorage.set.counter,1769612448609000000,1769612508608000000,0
cacheStateStorage.get.counter,1769612448609000000,1769612508608000000,0
cacheStateStorage.set.duration,1769612448609000000,1769612508608000000,0
cacheStateStorage.get.duration,1769612448609000000,1769612508608000000,0
workspaceModel.cachedValue.from.cache.count,1769612448609000000,1769612508608000000,0
workspaceModel.cachedValueWithParameters.calculated.count,1769612448609000000,1769612508608000000,0
workspaceModel.entityStorageSnapshotImpl.instances.count,1769612448609000000,1769612508608000000,0
workspaceModel.full.replace.project.model.ms,1769612448609000000,1769612508608000000,0
workspaceModel.workspaceFileIndexData.instances.count,1769612448609000000,1769612508608000000,0
workspaceModel.pre.handlers.ms,1769612448609000000,1769612508608000000,0
workspaceModel.workspaceFileIndexContributor.registerFileSets.ms,1769612448609000000,1769612508608000000,0
workspaceModel.replace.project.model.ms,1769612448609000000,1769612508608000000,0
workspaceModel.to.snapshot.ms,1769612448609000000,1769612508608000000,0
workspaceModel.workspaceFileIndexData.updateDirtyEntities.ms,1769612448609000000,1769612508608000000,0
workspaceModel.cachedValueWithParameters.clear.count,1769612448609000000,1769612508608000000,0
workspaceModel.workspaceFileIndexData.processFileSets.ms,1769612448609000000,1769612508608000000,0
workspaceModel.on.changed.ms,1769612448609000000,1769612508608000000,0
workspaceModel.collect.changes.ms,1769612448609000000,1769612508608000000,0
workspaceModel.workspaceFileIndexData.visitFileSets.ms,1769612448609000000,1769612508608000000,0
workspaceModel.workspaceFileIndexData.init.ms,1769612448609000000,1769612508608000000,0
workspaceModel.init.bridges.ms,1769612448609000000,1769612508608000000,0
workspaceModel.workspaceFileIndexData.getDirectoriesByPackageName.ms,1769612448609000000,1769612508608000000,0
workspaceModel.updates.precise.ms,1769612448609000000,1769612508608000000,0
workspaceModel.cachedValue.total.get.count,1769612448609000000,1769612508608000000,0
workspaceModel.updates.ms,1769612448609000000,1769612508608000000,0
workspaceModel.cachedValue.clear.count,1769612448609000000,1769612508608000000,0
workspaceModel.workspaceFileIndexData.getPackageName.ms,1769612448609000000,1769612508608000000,0
workspaceModel.initializing.ms,1769612448609000000,1769612508608000000,0
workspaceModel.cachedValueWithParameters.from.cache.count,1769612448609000000,1769612508608000000,0
workspaceModel.cachedValueWithParameters.total.get.count,1769612448609000000,1769612508608000000,0
workspaceModel.check.recursive.update.ms,1769612448609000000,1769612508608000000,0
workspaceModel.workspaceFileIndexData.onEntitiesChanged.ms,1769612448609000000,1769612508608000000,0
workspaceModel.cachedValue.calculated.count,1769612448609000000,1769612508608000000,0
workspaceModel.workspaceFileIndexData.getFileInfo.ms,1769612448609000000,1769612508608000000,0
workspaceModel.on.before.changed.ms,1769612448609000000,1769612508608000000,0
workspaceModel.workspaceFileIndexData.markDirty.ms,1769612448609000000,1769612508608000000,0
workspaceModel.update.unloaded.entities.ms,1769612448609000000,1769612508608000000,0
workspaceModel.updates.count,1769612448609000000,1769612508608000000,0
workspaceModel.loading.from.cache.ms,1769612448609000000,1769612508608000000,0
workspaceModel.loading.total.ms,1769612448609000000,1769612508608000000,0
AWTEventQueue.dispatchTimeMaxNs,1769612448609000000,1769612508608000000,0
NonBlockingReadAction.finalizedExecutionTimeUs,1769612448609000000,1769612508608000000,0
FlushQueue.executionTime90PNs,1769612448609000000,1769612508608000000,0
FlushQueue.waitingTime90PNs,1769612448609000000,1769612508608000000,0
FlushQueue.waitingTimeAvgNs,1769612448609000000,1769612508608000000,0.0
NonBlockingReadAction.failedExecutionsCount,1769612448609000000,1769612508608000000,0
AWTEventQueue.eventsDispatched,1769612448609000000,1769612508608000000,0
FlushQueue.executionTimeMaxNs,1769612448609000000,1769612508608000000,0
FlushQueue.waitingTimeMaxNs,1769612448609000000,1769612508608000000,0
FlushQueue.queueSize90P,1769612448609000000,1769612508608000000,0
AWTEventQueue.dispatchTimeTotalNS,1769612448609000000,1769612508608000000,63092925
NonBlockingReadAction.finalizedExecutionsCount,1769612448609000000,1769612508608000000,0
FlushQueue.queueSizeMax,1769612448609000000,1769612508608000000,0
AWTEventQueue.dispatchTimeAvgNs,1769612448609000000,1769612508608000000,0.0
FlushQueue.queueSizeAvg,1769612448609000000,1769612508608000000,0.0
AWTEventQueue.dispatchTime90PNs,1769612448609000000,1769612508608000000,0
ReadAction.executionsCount,1769612448609000000,1769612508608000000,0
FlushQueue.executionTimeAvgNs,1769612448609000000,1769612508608000000,0.0
FlushQueue.tasksExecuted,1769612448609000000,1769612508608000000,0
WriteAction.executionsCount,1769612448609000000,1769612508608000000,0
NonBlockingReadAction.failedExecutionTimeUs,1769612448609000000,1769612508608000000,0
FilePageCacheLockFree.totalNativeBytesAllocated,1769612448609000000,1769612508608000000,0
MappedFileStorage.storages,1769612448609000000,1769612508608000000,16
FilePageCacheLockFree.totalHeapBytesAllocated,1769612448609000000,1769612508608000000,0
StreamlinedBlobStorage.totalLiveRecordsCapacityBytes,1769612448609000000,1769612508608000000,0
MappedFileStorage.totalPagesMapped,1769612448609000000,1769612508608000000,22
FilePageCacheLockFree.housekeeperTurnsSkipped,1769612448609000000,1769612508608000000,0
FilePageCacheLockFree.totalPagesRequestsMs,1769612448609000000,1769612508608000000,0
FilePageCacheLockFree.housekeeperTimeSpentMs,1769612448609000000,1769612508608000000,0
FilePageCache.pageLoadsAboveSizeThreshold,1769612448609000000,1769612508608000000,0
FilePageCacheLockFree.totalPagesHandedOver,1769612448609000000,1769612508608000000,0
FilePageCacheLockFree.totalPagesReadMs,1769612448609000000,1769612508608000000,0
FilePageCacheLockFree.housekeeperTurnsDone,1769612448609000000,1769612508608000000,0
StorageLockContext.competingThreads.90P,1769612448609000000,1769612508608000000,0
FilePageCacheLockFree.totalPageAllocationsWaited,1769612448609000000,1769612508608000000,0
DirectByteBufferAllocator.totalSizeOfBuffersAllocatedInBytes,1769612448609000000,1769612508608000000,141582336
DirectByteBufferAllocator.disposed,1769612448609000000,1769612508608000000,0
MappedFileStorage.totalBytesMapped,1769612448609000000,1769612508608000000,278134784
FilePageCache.pageLoads,1769612448609000000,1769612508608000000,0
FilePageCache.pageFastCacheHits,1769612448609000000,1769612508608000000,0
StorageLockContext.competingThreads.avg,1769612448609000000,1769612508608000000,0.0
StreamlinedBlobStorage.totalLiveRecordsPayloadBytes,1769612448609000000,1769612508608000000,0
FileChannelInterruptsRetryer.totalRetriedAttempts,1769612448609000000,1769612508608000000,0
FilePageCacheLockFree.nativeBytesInUse,1769612448609000000,1769612508608000000,0
FilePageCache.uncachedFileAccess,1769612448609000000,1769612508608000000,0
FilePageCacheLockFree.totalPagesWriteMs,1769612448609000000,1769612508608000000,0
FilePageCacheLockFree.totalBytesWritten,1769612448609000000,1769612508608000000,0
MappedFileStorage.totalTimeSpentOnMappingUs,1769612448609000000,1769612508608000000,13402
FilePageCache.totalPageLoadsUs,1769612448609000000,1769612508608000000,0
FilePageCache.pageHits,1769612448609000000,1769612508608000000,0
FilePageCache.totalPageDisposalsUs,1769612448609000000,1769612508608000000,0
FilePageCacheLockFree.totalBytesRead,1769612448609000000,1769612508608000000,0
DirectByteBufferAllocator.reclaimed,1769612448609000000,1769612508608000000,0
FilePageCache.disposedBuffers,1769612448609000000,1769612508608000000,0
FilePageCacheLockFree.totalBytesRequested,1769612448609000000,1769612508608000000,0
FilePageCacheLockFree.totalPagesRequested,1769612448609000000,1769612508608000000,0
DirectByteBufferAllocator.totalSizeOfBuffersCachedInBytes,1769612448609000000,1769612508608000000,0
FilePageCacheLockFree.totalPagesReclaimed,1769612448609000000,1769612508608000000,0
FilePageCacheLockFree.totalNativeBytesReclaimed,1769612448609000000,1769612508608000000,0
StreamlinedBlobStorage.recordsRelocated,1769612448609000000,1769612508608000000,0
FilePageCacheLockFree.heapBytesInUse,1769612448609000000,1769612508608000000,0
DirectByteBufferAllocator.hits,1769612448609000000,1769612508608000000,0
DirectByteBufferAllocator.misses,1769612448609000000,1769612508608000000,0
StreamlinedBlobStorage.recordsAllocated,1769612448609000000,1769612508608000000,0
FilePageCacheLockFree.totalClosedStoragesReclaimed,1769612448609000000,1769612508608000000,0
FilePageCacheLockFree.totalHeapBytesReclaimed,1769612448609000000,1769612508608000000,0
FilePageCacheLockFree.totalPagesAllocated,1769612448609000000,1769612508608000000,0
FilePageCache.capacityInBytes,1769612448609000000,1769612508608000000,503316478
StreamlinedBlobStorage.recordsDeleted,1769612448609000000,1769612508608000000,0
FilePageCache.maxCacheSizeInBytes,1769612448609000000,1769612508608000000,141582336
FilePageCacheLockFree.totalPagesWritten,1769612448609000000,1769612508608000000,0
FilePageCache.maxRegisteredFiles,1769612448609000000,1769612508608000000,252
StorageLockContext.competingThreads.max,1769612448609000000,1769612508608000000,0
Indexing.writer_3.totalTimeSpentWritingMs,1769612448609000000,1769612508608000000,0
Indexes.allKeys.lookupDuration90PMs,1769612448609000000,1769612508608000000,0.0
Indexes.entries.lookupDuration90PMs,1769612448609000000,1769612508608000000,0.0
Indexes.allKeys.lookups,1769612448609000000,1769612508608000000,0
Indexes.allKeys.lookupDurationMaxMs,1769612448609000000,1769612508608000000,0.0
Indexing.writer_2.totalTimeSpentWritingMs,1769612448609000000,1769612508608000000,0
Indexes.stubs.lookupDurationMaxMs,1769612448609000000,1769612508608000000,0.0
Indexes.allKeys.lookupDurationAvgMs,1769612448609000000,1769612508608000000,0.0
Indexing.cache.totalCacheEvicted,1769612448609000000,1769612508608000000,0
Indexes.stubs.lookupDuration90PMs,1769612448609000000,1769612508608000000,0.0
IndexesFlusher.totalFlushes,1769612448609000000,1769612508608000000,60
Indexing.cache.totalCacheAccesses,1769612448609000000,1769612508608000000,0
Indexes.stubs.lookups,1769612448609000000,1769612508608000000,0
IndexesFlusher.totalFlushingTimeUs,1769612448609000000,1769612508608000000,28907
Indexes.entries.lookupDurationAvgMs,1769612448609000000,1769612508608000000,0.0
Indexing.totalTimeIndexersSleptMs,1769612448609000000,1769612508608000000,0
Indexes.entries.lookups,1769612448609000000,1769612508608000000,0
Indexing.writesQueuedMin,1769612448609000000,1769612508608000000,9223372036854775807
Indexing.writesQueuedMax,1769612448609000000,1769612508608000000,0
Indexing.writer_0.totalTimeSpentWritingMs,1769612448609000000,1769612508608000000,0
Indexing.writer_1.totalTimeSpentWritingMs,1769612448609000000,1769612508608000000,0
Indexes.entries.lookupDurationMaxMs,1769612448609000000,1769612508608000000,0.0
Indexing.cache.totalCacheMisses,1769612448609000000,1769612508608000000,0
IndexesFlusher.totalContentionQuotaSpent,1769612448609000000,1769612508608000000,0
Indexes.stubs.lookupDurationAvgMs,1769612448609000000,1769612508608000000,0.0
IndexesFlusher.totalFlushesRetried,1769612448609000000,1769612508608000000,0
jps.artifact.entities.serializer.load.entities.ms,1769612448609000000,1769612508608000000,0
workspaceModel.mutableEntityStorage.changeLog.addReplaceEventForRemovedChild.ms,1769612448609000000,1769612508608000000,0
jps.facet.change.listener.before.change.events.ms,1769612448609000000,1769612508608000000,0
jps.load.initial.state.ms,1769612448609000000,1769612508608000000,0
workspaceModel.mutableEntityStorage.collect.changes.ms,1769612448609000000,1769612508608000000,0
workspaceModel.mutableEntityStorage.modify.entity.ms,1769612448609000000,1769612508608000000,0
jps.global.initialize.library.bridges.ms,1769612448609000000,1769612508608000000,0
workspaceModel.save.cache.to.file.ms,1769612448609000000,1769612508608000000,0
jps.project.serializers.save.ms,1769612448609000000,1769612508608000000,0
jps.global.handle.changed.events.ms,1769612448609000000,1769612508608000000,0
jps.module.dependency.index.workspace.model.listener.on.changed.ms,1769612448609000000,1769612508608000000,0
workspaceModel.moduleManagerBridge.newModule.ms,1769612448609000000,1769612508608000000,0
workspaceModel.mutableEntityStorage.replace.by.source.ms,1769612448609000000,1769612508608000000,0
workspaceModel.orphan.listener.update.ms,1769612448609000000,1769612508608000000,0
jps.facet.change.listener.process.change.events.ms,1769612448609000000,1769612508608000000,0
workspaceModel.moduleManagerBridge.set.unloadedModules.ms,1769612448609000000,1769612508608000000,0
workspaceModel.mutableEntityStorage.to.snapshot.ms,1769612448609000000,1769612508608000000,0
workspaceModel.global.apply.state.to.project.builder.ms,1769612448609000000,1769612508608000000,0
workspaceModel.mutableEntityStorage.has.same.entities.ms,1769612448609000000,1769612508608000000,0
workspaceModel.mutableEntityStorage.instances.count,1769612448609000000,1769612508608000000,0
workspaceModel.moduleBridge.facet.initialization.ms,1769612448609000000,1769612508608000000,0
workspaceModel.moduleManagerBridge.get.modules.ms,1769612448609000000,1769612508608000000,0
workspaceModel.moduleManagerBridge.new.nonPersistent.module.ms,1769612448609000000,1769612508608000000,0
jps.global.get.library.by.name.ms,1769612448609000000,1769612508608000000,0
workspaceModel.mutableEntityStorage.mutable.vfurl.index.ms,1769612448609000000,1769612508608000000,0
workspaceModel.mutableEntityStorage.mutable.ext.mapping.ms,1769612448609000000,1769612508608000000,0
jps.global.get.libraries.ms,1769612448609000000,1769612508608000000,0
jps.module.iml.entities.serializer.load.entities.ms,1769612448609000000,1769612508608000000,0
jps.project.serializers.load.ms,1769612448609000000,1769612508608000000,0
workspaceModel.load.cache.metadata.from.file.ms,1769612448609000000,1769612508608000000,0
workspaceModel.mutableEntityStorage.apply.changes.from.ms,1769612448609000000,1769612508608000000,0
workspaceModel.global.updates.count,1769612448609000000,1769612508608000000,0
jps.save.global.entities.ms,1769612448609000000,1769612508608000000,0
workspaceModel.global.apply.state.to.project.ms,1769612448609000000,1769612508608000000,0
workspaceModel.moduleManagerBridge.load.module.ms,1769612448609000000,1769612508608000000,0
workspaceModel.mutableEntityStorage.changeLog.addReplaceEventForNewParent.ms,1769612448609000000,1769612508608000000,0
jps.module.iml.entities.serializer.save.entities.ms,1769612448609000000,1769612508608000000,0
jps.apply.loaded.storage.ms,1769612448609000000,1769612508608000000,0
jps.global.initialize.library.bridges.after.loading.ms,1769612448609000000,1769612508608000000,0
jps.facet.change.listener.init.bridge.ms,1769612448609000000,1769612508608000000,0
jps.global.handle.before.change.events.ms,1769612448609000000,1769612508608000000,0
workspaceModel.moduleManagerBridge.build.module.graph.ms,1769612448609000000,1769612508608000000,0
workspaceModel.moduleBridgeLoader.loading.modules.ms,1769612448609000000,1769612508608000000,0
jps.library.entities.serializer.load.entities.ms,1769612448609000000,1769612508608000000,0
workspaceModel.load.cache.from.file.ms,1769612448609000000,1769612508608000000,0
jps.save.changed.project.entities.ms,1769612448609000000,1769612508608000000,0
workspaceModel.delayed.project.synchronizer.sync.ms,1769612448609000000,1769612508608000000,0
jps.reload.project.entities.ms,1769612448609000000,1769612508608000000,0
jps.load.project.to.empty.storage.ms,1769612448609000000,1769612508608000000,0
workspaceModel.do.save.caches.ms,1769612448609000000,1769612508608000000,0
workspaceModel.mutableEntityStorage.entities.ms,1769612448609000000,1769612508608000000,0
jps.global.get.library.ms,1769612448609000000,1769612508608000000,0
workspaceModel.moduleBridge.update.option.ms,1769612448609000000,1769612508608000000,0
workspaceModel.moduleManagerBridge.load.all.modules.ms,1769612448609000000,1769612508608000000,0
workspaceModel.mutableEntityStorage.referrers.ms,1769612448609000000,1769612508608000000,0
jps.artifact.entities.serializer.save.entities.ms,1769612448609000000,1769612508608000000,0
jps.app.storage.content.reader.load.component.ms,1769612448609000000,1769612508608000000,0
workspaceModel.mutableEntityStorage.remove.entity.ms,1769612448609000000,1769612508608000000,0
workspaceModel.mutableEntityStorage.changeLog.addReplaceEventForNewChild.ms,1769612448609000000,1769612508608000000,0
workspaceModel.mutableEntityStorage.entities.by.source.ms,1769612448609000000,1769612508608000000,0
workspaceModel.moduleBridge.before.changed.ms,1769612448609000000,1769612508608000000,0
jps.library.entities.serializer.save.entities.ms,1769612448609000000,1769612508608000000,0
workspaceModel.mutableEntityStorage.resolve.ms,1769612448609000000,1769612508608000000,0
workspaceModel.mutableEntityStorage.put.entity.ms,1769612448609000000,1769612508608000000,0
workspaceModel.global.updates.ms,1769612448609000000,1769612508608000000,0
workspaceModel.mutableEntityStorage.changeLog.addReplaceEventForRemovedParent.ms,1769612448609000000,1769612508608000000,0
workspaceModel.sync.entities.ms,1769612448609000000,1769612508608000000,0
jps.app.storage.content.writer.save.component.ms,1769612448609000000,1769612508608000000,0
workspaceModel.mutableEntityStorage.add.entity.ms,1769612448609000000,1769612508608000000,0
workspaceModel.moduleManagerBridge.create.module.instance.ms,1769612448609000000,1769612508608000000,0
jps.storage.jps.conf.reader.load.component.ms,1769612448609000000,1769612508608000000,0
VFS.fileChildByName,1769612448609000000,1769612508608000000,0
VFS.contentStorage.recordsStored,1769612448609000000,1769612508608000000,0
VFS.contentStorage.recordsUncompressedSize,1769612448609000000,1769612508608000000,0
VFS.fileByIdCache.misses,1769612448609000000,1769612508608000000,0
FileNameCache.totalMisses,1769612448609000000,1769612508608000000,0
VFS.contentStorage.recordsDeduplicated,1769612448609000000,1769612508608000000,0
VFS.contentStorage.recordsReadSize,1769612448609000000,1769612508608000000,0
VFS.fileByIdCache.hits,1769612448609000000,1769612508608000000,0
VFS.contentStorage.recordsStoredCompressed,1769612448609000000,1769612508608000000,0
VFS.contentStorage.recordsDecompressionTimeUs,1769612448609000000,1769612508608000000,0
VFS.invertedFileNameIndex.requests,1769612448609000000,1769612508608000000,0
FileNameCache.queries,1769612448609000000,1769612508608000000,0
VFS.contentStorage.recordsReadDecompressed,1769612448609000000,1769612508608000000,0
VFS.contentStorage.recordsStoredSize,1769612448609000000,1769612508608000000,0
VFS.contentStorage.recordsRead,1769612448609000000,1769612508608000000,0
JVM.totalTimeAtSafepointsMs,1769612448609000000,1769612508608000000,0
JVM.newThreadsCount,1769612448609000000,1769612508608000000,0
JVM.totalDirectByteBuffersBytes,1769612448609000000,1769612508608000000,142546677
JVM.maxHeapBytes,1769612448609000000,1769612508608000000,4196401152
OS.loadAverage,1769612448609000000,1769612508608000000,1.14306640625
JVM.usedNativeBytes,1769612448609000000,1769612508608000000,399957424
JVM.totalSafepointCount,1769612448609000000,1769612508608000000,1
JVM.totalCpuTimeMs,1769612448609000000,1769612508608000000,490
JVM.GC.collections,1769612448609000000,1769612508608000000,0
JVM.totalTimeToSafepointsMs,1769612448609000000,1769612508608000000,0
JVM.GC.collectionTimesMs,1769612448609000000,1769612508608000000,0
JVM.threadCount,1769612448609000000,1769612508608000000,49
JVM.totalBytesAllocated,1769612448609000000,1769612508608000000,27969800
JVM.maxThreadCount,1769612448609000000,1769612508608000000,151
JVM.usedHeapBytes,1769612448609000000,1769612508608000000,612539272
DiskQueryRelay.tasksExecuted,1769612508608000000,1769612568608000000,0
writeAction.median.wait.ms,1769612508608000000,1769612568608000000,0
writeAction.wait.ms,1769612508608000000,1769612568608000000,0
writeAction.max.wait.ms,1769612508608000000,1769612568608000000,265
DiskQueryRelay.tasksRequested,1769612508608000000,1769612568608000000,0
DiskQueryRelay.taskWaitingTotalTimeUs,1769612508608000000,1769612568608000000,0
writeAction.count,1769612508608000000,1769612568608000000,0
DiskQueryRelay.taskExecutionTotalTimeUs,1769612508608000000,1769612568608000000,0
cacheStateStorage.set.counter,1769612508608000000,1769612568608000000,0
cacheStateStorage.get.counter,1769612508608000000,1769612568608000000,0
cacheStateStorage.set.duration,1769612508608000000,1769612568608000000,0
cacheStateStorage.get.duration,1769612508608000000,1769612568608000000,0
workspaceModel.cachedValue.from.cache.count,1769612508608000000,1769612568608000000,0
workspaceModel.cachedValueWithParameters.calculated.count,1769612508608000000,1769612568608000000,0
workspaceModel.entityStorageSnapshotImpl.instances.count,1769612508608000000,1769612568608000000,0
workspaceModel.full.replace.project.model.ms,1769612508608000000,1769612568608000000,0
workspaceModel.workspaceFileIndexData.instances.count,1769612508608000000,1769612568608000000,0
workspaceModel.pre.handlers.ms,1769612508608000000,1769612568608000000,0
workspaceModel.workspaceFileIndexContributor.registerFileSets.ms,1769612508608000000,1769612568608000000,0
workspaceModel.replace.project.model.ms,1769612508608000000,1769612568608000000,0
workspaceModel.to.snapshot.ms,1769612508608000000,1769612568608000000,0
workspaceModel.workspaceFileIndexData.updateDirtyEntities.ms,1769612508608000000,1769612568608000000,0
workspaceModel.cachedValueWithParameters.clear.count,1769612508608000000,1769612568608000000,0
workspaceModel.workspaceFileIndexData.processFileSets.ms,1769612508608000000,1769612568608000000,0
workspaceModel.on.changed.ms,1769612508608000000,1769612568608000000,0
workspaceModel.collect.changes.ms,1769612508608000000,1769612568608000000,0
workspaceModel.workspaceFileIndexData.visitFileSets.ms,1769612508608000000,1769612568608000000,0
workspaceModel.workspaceFileIndexData.init.ms,1769612508608000000,1769612568608000000,0
workspaceModel.init.bridges.ms,1769612508608000000,1769612568608000000,0
workspaceModel.workspaceFileIndexData.getDirectoriesByPackageName.ms,1769612508608000000,1769612568608000000,0
workspaceModel.updates.precise.ms,1769612508608000000,1769612568608000000,0
workspaceModel.cachedValue.total.get.count,1769612508608000000,1769612568608000000,0
workspaceModel.updates.ms,1769612508608000000,1769612568608000000,0
workspaceModel.cachedValue.clear.count,1769612508608000000,1769612568608000000,0
workspaceModel.workspaceFileIndexData.getPackageName.ms,1769612508608000000,1769612568608000000,0
workspaceModel.initializing.ms,1769612508608000000,1769612568608000000,0
workspaceModel.cachedValueWithParameters.from.cache.count,1769612508608000000,1769612568608000000,0
workspaceModel.cachedValueWithParameters.total.get.count,1769612508608000000,1769612568608000000,0
workspaceModel.check.recursive.update.ms,1769612508608000000,1769612568608000000,0
workspaceModel.workspaceFileIndexData.onEntitiesChanged.ms,1769612508608000000,1769612568608000000,0
workspaceModel.cachedValue.calculated.count,1769612508608000000,1769612568608000000,0
workspaceModel.workspaceFileIndexData.getFileInfo.ms,1769612508608000000,1769612568608000000,0
workspaceModel.on.before.changed.ms,1769612508608000000,1769612568608000000,0
workspaceModel.workspaceFileIndexData.markDirty.ms,1769612508608000000,1769612568608000000,0
workspaceModel.update.unloaded.entities.ms,1769612508608000000,1769612568608000000,0
workspaceModel.updates.count,1769612508608000000,1769612568608000000,0
workspaceModel.loading.from.cache.ms,1769612508608000000,1769612568608000000,0
workspaceModel.loading.total.ms,1769612508608000000,1769612568608000000,0
AWTEventQueue.dispatchTimeMaxNs,1769612508608000000,1769612568608000000,0
NonBlockingReadAction.finalizedExecutionTimeUs,1769612508608000000,1769612568608000000,0
FlushQueue.executionTime90PNs,1769612508608000000,1769612568608000000,0
FlushQueue.waitingTime90PNs,1769612508608000000,1769612568608000000,0
FlushQueue.waitingTimeAvgNs,1769612508608000000,1769612568608000000,0.0
NonBlockingReadAction.failedExecutionsCount,1769612508608000000,1769612568608000000,0
AWTEventQueue.eventsDispatched,1769612508608000000,1769612568608000000,0
FlushQueue.executionTimeMaxNs,1769612508608000000,1769612568608000000,0
FlushQueue.waitingTimeMaxNs,1769612508608000000,1769612568608000000,0
FlushQueue.queueSize90P,1769612508608000000,1769612568608000000,0
AWTEventQueue.dispatchTimeTotalNS,1769612508608000000,1769612568608000000,79903816
NonBlockingReadAction.finalizedExecutionsCount,1769612508608000000,1769612568608000000,0
FlushQueue.queueSizeMax,1769612508608000000,1769612568608000000,0
AWTEventQueue.dispatchTimeAvgNs,1769612508608000000,1769612568608000000,0.0
FlushQueue.queueSizeAvg,1769612508608000000,1769612568608000000,0.0
AWTEventQueue.dispatchTime90PNs,1769612508608000000,1769612568608000000,0
ReadAction.executionsCount,1769612508608000000,1769612568608000000,0
FlushQueue.executionTimeAvgNs,1769612508608000000,1769612568608000000,0.0
FlushQueue.tasksExecuted,1769612508608000000,1769612568608000000,0
WriteAction.executionsCount,1769612508608000000,1769612568608000000,0
NonBlockingReadAction.failedExecutionTimeUs,1769612508608000000,1769612568608000000,0
FilePageCacheLockFree.totalNativeBytesAllocated,1769612508608000000,1769612568608000000,0
MappedFileStorage.storages,1769612508608000000,1769612568608000000,16
FilePageCacheLockFree.totalHeapBytesAllocated,1769612508608000000,1769612568608000000,0
StreamlinedBlobStorage.totalLiveRecordsCapacityBytes,1769612508608000000,1769612568608000000,0
MappedFileStorage.totalPagesMapped,1769612508608000000,1769612568608000000,22
FilePageCacheLockFree.housekeeperTurnsSkipped,1769612508608000000,1769612568608000000,0
FilePageCacheLockFree.totalPagesRequestsMs,1769612508608000000,1769612568608000000,0
FilePageCacheLockFree.housekeeperTimeSpentMs,1769612508608000000,1769612568608000000,0
FilePageCache.pageLoadsAboveSizeThreshold,1769612508608000000,1769612568608000000,0
FilePageCacheLockFree.totalPagesHandedOver,1769612508608000000,1769612568608000000,0
FilePageCacheLockFree.totalPagesReadMs,1769612508608000000,1769612568608000000,0
FilePageCacheLockFree.housekeeperTurnsDone,1769612508608000000,1769612568608000000,0
StorageLockContext.competingThreads.90P,1769612508608000000,1769612568608000000,0
FilePageCacheLockFree.totalPageAllocationsWaited,1769612508608000000,1769612568608000000,0
DirectByteBufferAllocator.totalSizeOfBuffersAllocatedInBytes,1769612508608000000,1769612568608000000,141582336
DirectByteBufferAllocator.disposed,1769612508608000000,1769612568608000000,0
MappedFileStorage.totalBytesMapped,1769612508608000000,1769612568608000000,278134784
FilePageCache.pageLoads,1769612508608000000,1769612568608000000,0
FilePageCache.pageFastCacheHits,1769612508608000000,1769612568608000000,0
StorageLockContext.competingThreads.avg,1769612508608000000,1769612568608000000,0.0
StreamlinedBlobStorage.totalLiveRecordsPayloadBytes,1769612508608000000,1769612568608000000,0
FileChannelInterruptsRetryer.totalRetriedAttempts,1769612508608000000,1769612568608000000,0
FilePageCacheLockFree.nativeBytesInUse,1769612508608000000,1769612568608000000,0
FilePageCache.uncachedFileAccess,1769612508608000000,1769612568608000000,0
FilePageCacheLockFree.totalPagesWriteMs,1769612508608000000,1769612568608000000,0
FilePageCacheLockFree.totalBytesWritten,1769612508608000000,1769612568608000000,0
MappedFileStorage.totalTimeSpentOnMappingUs,1769612508608000000,1769612568608000000,13402
FilePageCache.totalPageLoadsUs,1769612508608000000,1769612568608000000,0
FilePageCache.pageHits,1769612508608000000,1769612568608000000,0
FilePageCache.totalPageDisposalsUs,1769612508608000000,1769612568608000000,0
FilePageCacheLockFree.totalBytesRead,1769612508608000000,1769612568608000000,0
DirectByteBufferAllocator.reclaimed,1769612508608000000,1769612568608000000,0
FilePageCache.disposedBuffers,1769612508608000000,1769612568608000000,0
FilePageCacheLockFree.totalBytesRequested,1769612508608000000,1769612568608000000,0
FilePageCacheLockFree.totalPagesRequested,1769612508608000000,1769612568608000000,0
DirectByteBufferAllocator.totalSizeOfBuffersCachedInBytes,1769612508608000000,1769612568608000000,0
FilePageCacheLockFree.totalPagesReclaimed,1769612508608000000,1769612568608000000,0
FilePageCacheLockFree.totalNativeBytesReclaimed,1769612508608000000,1769612568608000000,0
StreamlinedBlobStorage.recordsRelocated,1769612508608000000,1769612568608000000,0
FilePageCacheLockFree.heapBytesInUse,1769612508608000000,1769612568608000000,0
DirectByteBufferAllocator.hits,1769612508608000000,1769612568608000000,0
DirectByteBufferAllocator.misses,1769612508608000000,1769612568608000000,0
StreamlinedBlobStorage.recordsAllocated,1769612508608000000,1769612568608000000,0
FilePageCacheLockFree.totalClosedStoragesReclaimed,1769612508608000000,1769612568608000000,0
FilePageCacheLockFree.totalHeapBytesReclaimed,1769612508608000000,1769612568608000000,0
FilePageCacheLockFree.totalPagesAllocated,1769612508608000000,1769612568608000000,0
FilePageCache.capacityInBytes,1769612508608000000,1769612568608000000,503316478
StreamlinedBlobStorage.recordsDeleted,1769612508608000000,1769612568608000000,0
FilePageCache.maxCacheSizeInBytes,1769612508608000000,1769612568608000000,141582336
FilePageCacheLockFree.totalPagesWritten,1769612508608000000,1769612568608000000,0
FilePageCache.maxRegisteredFiles,1769612508608000000,1769612568608000000,252
StorageLockContext.competingThreads.max,1769612508608000000,1769612568608000000,0
Indexing.writer_3.totalTimeSpentWritingMs,1769612508608000000,1769612568608000000,0
Indexes.allKeys.lookupDuration90PMs,1769612508608000000,1769612568608000000,0.0
Indexes.entries.lookupDuration90PMs,1769612508608000000,1769612568608000000,0.0
Indexes.allKeys.lookups,1769612508608000000,1769612568608000000,0
Indexes.allKeys.lookupDurationMaxMs,1769612508608000000,1769612568608000000,0.0
Indexing.writer_2.totalTimeSpentWritingMs,1769612508608000000,1769612568608000000,0
Indexes.stubs.lookupDurationMaxMs,1769612508608000000,1769612568608000000,0.0
Indexes.allKeys.lookupDurationAvgMs,1769612508608000000,1769612568608000000,0.0
Indexing.cache.totalCacheEvicted,1769612508608000000,1769612568608000000,0
Indexes.stubs.lookupDuration90PMs,1769612508608000000,1769612568608000000,0.0
IndexesFlusher.totalFlushes,1769612508608000000,1769612568608000000,60
Indexing.cache.totalCacheAccesses,1769612508608000000,1769612568608000000,0
Indexes.stubs.lookups,1769612508608000000,1769612568608000000,0
IndexesFlusher.totalFlushingTimeUs,1769612508608000000,1769612568608000000,29543
Indexes.entries.lookupDurationAvgMs,1769612508608000000,1769612568608000000,0.0
Indexing.totalTimeIndexersSleptMs,1769612508608000000,1769612568608000000,0
Indexes.entries.lookups,1769612508608000000,1769612568608000000,0
Indexing.writesQueuedMin,1769612508608000000,1769612568608000000,9223372036854775807
Indexing.writesQueuedMax,1769612508608000000,1769612568608000000,0
Indexing.writer_0.totalTimeSpentWritingMs,1769612508608000000,1769612568608000000,0
Indexing.writer_1.totalTimeSpentWritingMs,1769612508608000000,1769612568608000000,0
Indexes.entries.lookupDurationMaxMs,1769612508608000000,1769612568608000000,0.0
Indexing.cache.totalCacheMisses,1769612508608000000,1769612568608000000,0
IndexesFlusher.totalContentionQuotaSpent,1769612508608000000,1769612568608000000,0
Indexes.stubs.lookupDurationAvgMs,1769612508608000000,1769612568608000000,0.0
IndexesFlusher.totalFlushesRetried,1769612508608000000,1769612568608000000,0
jps.artifact.entities.serializer.load.entities.ms,1769612508608000000,1769612568608000000,0
workspaceModel.mutableEntityStorage.changeLog.addReplaceEventForRemovedChild.ms,1769612508608000000,1769612568608000000,0
jps.facet.change.listener.before.change.events.ms,1769612508608000000,1769612568608000000,0
jps.load.initial.state.ms,1769612508608000000,1769612568608000000,0
workspaceModel.mutableEntityStorage.collect.changes.ms,1769612508608000000,1769612568608000000,0
workspaceModel.mutableEntityStorage.modify.entity.ms,1769612508608000000,1769612568608000000,0
jps.global.initialize.library.bridges.ms,1769612508608000000,1769612568608000000,0
workspaceModel.save.cache.to.file.ms,1769612508608000000,1769612568608000000,0
jps.project.serializers.save.ms,1769612508608000000,1769612568608000000,0
jps.global.handle.changed.events.ms,1769612508608000000,1769612568608000000,0
jps.module.dependency.index.workspace.model.listener.on.changed.ms,1769612508608000000,1769612568608000000,0
workspaceModel.moduleManagerBridge.newModule.ms,1769612508608000000,1769612568608000000,0
workspaceModel.mutableEntityStorage.replace.by.source.ms,1769612508608000000,1769612568608000000,0
workspaceModel.orphan.listener.update.ms,1769612508608000000,1769612568608000000,0
jps.facet.change.listener.process.change.events.ms,1769612508608000000,1769612568608000000,0
workspaceModel.moduleManagerBridge.set.unloadedModules.ms,1769612508608000000,1769612568608000000,0
workspaceModel.mutableEntityStorage.to.snapshot.ms,1769612508608000000,1769612568608000000,0
workspaceModel.global.apply.state.to.project.builder.ms,1769612508608000000,1769612568608000000,0
workspaceModel.mutableEntityStorage.has.same.entities.ms,1769612508608000000,1769612568608000000,0
workspaceModel.mutableEntityStorage.instances.count,1769612508608000000,1769612568608000000,0
workspaceModel.moduleBridge.facet.initialization.ms,1769612508608000000,1769612568608000000,0
workspaceModel.moduleManagerBridge.get.modules.ms,1769612508608000000,1769612568608000000,0
workspaceModel.moduleManagerBridge.new.nonPersistent.module.ms,1769612508608000000,1769612568608000000,0
jps.global.get.library.by.name.ms,1769612508608000000,1769612568608000000,0
workspaceModel.mutableEntityStorage.mutable.vfurl.index.ms,1769612508608000000,1769612568608000000,0
workspaceModel.mutableEntityStorage.mutable.ext.mapping.ms,1769612508608000000,1769612568608000000,0
jps.global.get.libraries.ms,1769612508608000000,1769612568608000000,0
jps.module.iml.entities.serializer.load.entities.ms,1769612508608000000,1769612568608000000,0
jps.project.serializers.load.ms,1769612508608000000,1769612568608000000,0
workspaceModel.load.cache.metadata.from.file.ms,1769612508608000000,1769612568608000000,0
workspaceModel.mutableEntityStorage.apply.changes.from.ms,1769612508608000000,1769612568608000000,0
workspaceModel.global.updates.count,1769612508608000000,1769612568608000000,0
jps.save.global.entities.ms,1769612508608000000,1769612568608000000,0
workspaceModel.global.apply.state.to.project.ms,1769612508608000000,1769612568608000000,0
workspaceModel.moduleManagerBridge.load.module.ms,1769612508608000000,1769612568608000000,0
workspaceModel.mutableEntityStorage.changeLog.addReplaceEventForNewParent.ms,1769612508608000000,1769612568608000000,0
jps.module.iml.entities.serializer.save.entities.ms,1769612508608000000,1769612568608000000,0
jps.apply.loaded.storage.ms,1769612508608000000,1769612568608000000,0
jps.global.initialize.library.bridges.after.loading.ms,1769612508608000000,1769612568608000000,0
jps.facet.change.listener.init.bridge.ms,1769612508608000000,1769612568608000000,0
jps.global.handle.before.change.events.ms,1769612508608000000,1769612568608000000,0
workspaceModel.moduleManagerBridge.build.module.graph.ms,1769612508608000000,1769612568608000000,0
workspaceModel.moduleBridgeLoader.loading.modules.ms,1769612508608000000,1769612568608000000,0
jps.library.entities.serializer.load.entities.ms,1769612508608000000,1769612568608000000,0
workspaceModel.load.cache.from.file.ms,1769612508608000000,1769612568608000000,0
jps.save.changed.project.entities.ms,1769612508608000000,1769612568608000000,0
workspaceModel.delayed.project.synchronizer.sync.ms,1769612508608000000,1769612568608000000,0
jps.reload.project.entities.ms,1769612508608000000,1769612568608000000,0
jps.load.project.to.empty.storage.ms,1769612508608000000,1769612568608000000,0
workspaceModel.do.save.caches.ms,1769612508608000000,1769612568608000000,0
workspaceModel.mutableEntityStorage.entities.ms,1769612508608000000,1769612568608000000,0
jps.global.get.library.ms,1769612508608000000,1769612568608000000,0
workspaceModel.moduleBridge.update.option.ms,1769612508608000000,1769612568608000000,0
workspaceModel.moduleManagerBridge.load.all.modules.ms,1769612508608000000,1769612568608000000,0
workspaceModel.mutableEntityStorage.referrers.ms,1769612508608000000,1769612568608000000,0
jps.artifact.entities.serializer.save.entities.ms,1769612508608000000,1769612568608000000,0
jps.app.storage.content.reader.load.component.ms,1769612508608000000,1769612568608000000,0
workspaceModel.mutableEntityStorage.remove.entity.ms,1769612508608000000,1769612568608000000,0
workspaceModel.mutableEntityStorage.changeLog.addReplaceEventForNewChild.ms,1769612508608000000,1769612568608000000,0
workspaceModel.mutableEntityStorage.entities.by.source.ms,1769612508608000000,1769612568608000000,0
workspaceModel.moduleBridge.before.changed.ms,1769612508608000000,1769612568608000000,0
jps.library.entities.serializer.save.entities.ms,1769612508608000000,1769612568608000000,0
workspaceModel.mutableEntityStorage.resolve.ms,1769612508608000000,1769612568608000000,0
workspaceModel.mutableEntityStorage.put.entity.ms,1769612508608000000,1769612568608000000,0
workspaceModel.global.updates.ms,1769612508608000000,1769612568608000000,0
workspaceModel.mutableEntityStorage.changeLog.addReplaceEventForRemovedParent.ms,1769612508608000000,1769612568608000000,0
workspaceModel.sync.entities.ms,1769612508608000000,1769612568608000000,0
jps.app.storage.content.writer.save.component.ms,1769612508608000000,1769612568608000000,0
workspaceModel.mutableEntityStorage.add.entity.ms,1769612508608000000,1769612568608000000,0
workspaceModel.moduleManagerBridge.create.module.instance.ms,1769612508608000000,1769612568608000000,0
jps.storage.jps.conf.reader.load.component.ms,1769612508608000000,1769612568608000000,0
VFS.fileChildByName,1769612508608000000,1769612568608000000,0
VFS.contentStorage.recordsStored,1769612508608000000,1769612568608000000,0
VFS.contentStorage.recordsUncompressedSize,1769612508608000000,1769612568608000000,0
VFS.fileByIdCache.misses,1769612508608000000,1769612568608000000,0
FileNameCache.totalMisses,1769612508608000000,1769612568608000000,0
VFS.contentStorage.recordsDeduplicated,1769612508608000000,1769612568608000000,0
VFS.contentStorage.recordsReadSize,1769612508608000000,1769612568608000000,0
VFS.fileByIdCache.hits,1769612508608000000,1769612568608000000,0
VFS.contentStorage.recordsStoredCompressed,1769612508608000000,1769612568608000000,0
VFS.contentStorage.recordsDecompressionTimeUs,1769612508608000000,1769612568608000000,0
VFS.invertedFileNameIndex.requests,1769612508608000000,1769612568608000000,0
FileNameCache.queries,1769612508608000000,1769612568608000000,0
VFS.contentStorage.recordsReadDecompressed,1769612508608000000,1769612568608000000,0
VFS.contentStorage.recordsStoredSize,1769612508608000000,1769612568608000000,0
VFS.contentStorage.recordsRead,1769612508608000000,1769612568608000000,0
JVM.totalTimeAtSafepointsMs,1769612508608000000,1769612568608000000,0
JVM.newThreadsCount,1769612508608000000,1769612568608000000,1
JVM.totalDirectByteBuffersBytes,1769612508608000000,1769612568608000000,142546677
JVM.maxHeapBytes,1769612508608000000,1769612568608000000,4196401152
OS.loadAverage,1769612508608000000,1769612568608000000,1.65234375
JVM.usedNativeBytes,1769612508608000000,1769612568608000000,400080808
JVM.totalSafepointCount,1769612508608000000,1769612568608000000,1
JVM.totalCpuTimeMs,1769612508608000000,1769612568608000000,580
JVM.GC.collections,1769612508608000000,1769612568608000000,0
JVM.totalTimeToSafepointsMs,1769612508608000000,1769612568608000000,0
JVM.GC.collectionTimesMs,1769612508608000000,1769612568608000000,0
JVM.threadCount,1769612508608000000,1769612568608000000,49
JVM.totalBytesAllocated,1769612508608000000,1769612568608000000,28355288
JVM.maxThreadCount,1769612508608000000,1769612568608000000,151
JVM.usedHeapBytes,1769612508608000000,1769612568608000000,639802248
DiskQueryRelay.tasksExecuted,1769612568608000000,1769612628608000000,0
writeAction.median.wait.ms,1769612568608000000,1769612628608000000,0
writeAction.wait.ms,1769612568608000000,1769612628608000000,0
writeAction.max.wait.ms,1769612568608000000,1769612628608000000,265
DiskQueryRelay.tasksRequested,1769612568608000000,1769612628608000000,0
DiskQueryRelay.taskWaitingTotalTimeUs,1769612568608000000,1769612628608000000,0
writeAction.count,1769612568608000000,1769612628608000000,0
DiskQueryRelay.taskExecutionTotalTimeUs,1769612568608000000,1769612628608000000,0
cacheStateStorage.set.counter,1769612568608000000,1769612628608000000,0
cacheStateStorage.get.counter,1769612568608000000,1769612628608000000,0
cacheStateStorage.set.duration,1769612568608000000,1769612628608000000,0
cacheStateStorage.get.duration,1769612568608000000,1769612628608000000,0
workspaceModel.cachedValue.from.cache.count,1769612568608000000,1769612628608000000,0
workspaceModel.cachedValueWithParameters.calculated.count,1769612568608000000,1769612628608000000,0
workspaceModel.entityStorageSnapshotImpl.instances.count,1769612568608000000,1769612628608000000,0
workspaceModel.full.replace.project.model.ms,1769612568608000000,1769612628608000000,0
workspaceModel.workspaceFileIndexData.instances.count,1769612568608000000,1769612628608000000,0
workspaceModel.pre.handlers.ms,1769612568608000000,1769612628608000000,0
workspaceModel.workspaceFileIndexContributor.registerFileSets.ms,1769612568608000000,1769612628608000000,0
workspaceModel.replace.project.model.ms,1769612568608000000,1769612628608000000,0
workspaceModel.to.snapshot.ms,1769612568608000000,1769612628608000000,0
workspaceModel.workspaceFileIndexData.updateDirtyEntities.ms,1769612568608000000,1769612628608000000,0
workspaceModel.cachedValueWithParameters.clear.count,1769612568608000000,1769612628608000000,0
workspaceModel.workspaceFileIndexData.processFileSets.ms,1769612568608000000,1769612628608000000,0
workspaceModel.on.changed.ms,1769612568608000000,1769612628608000000,0
workspaceModel.collect.changes.ms,1769612568608000000,1769612628608000000,0
workspaceModel.workspaceFileIndexData.visitFileSets.ms,1769612568608000000,1769612628608000000,0
workspaceModel.workspaceFileIndexData.init.ms,1769612568608000000,1769612628608000000,0
workspaceModel.init.bridges.ms,1769612568608000000,1769612628608000000,0
workspaceModel.workspaceFileIndexData.getDirectoriesByPackageName.ms,1769612568608000000,1769612628608000000,0
workspaceModel.updates.precise.ms,1769612568608000000,1769612628608000000,0
workspaceModel.cachedValue.total.get.count,1769612568608000000,1769612628608000000,0
workspaceModel.updates.ms,1769612568608000000,1769612628608000000,0
workspaceModel.cachedValue.clear.count,1769612568608000000,1769612628608000000,0
workspaceModel.workspaceFileIndexData.getPackageName.ms,1769612568608000000,1769612628608000000,0
workspaceModel.initializing.ms,1769612568608000000,1769612628608000000,0
workspaceModel.cachedValueWithParameters.from.cache.count,1769612568608000000,1769612628608000000,0
workspaceModel.cachedValueWithParameters.total.get.count,1769612568608000000,1769612628608000000,0
workspaceModel.check.recursive.update.ms,1769612568608000000,1769612628608000000,0
workspaceModel.workspaceFileIndexData.onEntitiesChanged.ms,1769612568608000000,1769612628608000000,0
workspaceModel.cachedValue.calculated.count,1769612568608000000,1769612628608000000,0
workspaceModel.workspaceFileIndexData.getFileInfo.ms,1769612568608000000,1769612628608000000,0
workspaceModel.on.before.changed.ms,1769612568608000000,1769612628608000000,0
workspaceModel.workspaceFileIndexData.markDirty.ms,1769612568608000000,1769612628608000000,0
workspaceModel.update.unloaded.entities.ms,1769612568608000000,1769612628608000000,0
workspaceModel.updates.count,1769612568608000000,1769612628608000000,0
workspaceModel.loading.from.cache.ms,1769612568608000000,1769612628608000000,0
workspaceModel.loading.total.ms,1769612568608000000,1769612628608000000,0
AWTEventQueue.dispatchTimeMaxNs,1769612568608000000,1769612628608000000,0
NonBlockingReadAction.finalizedExecutionTimeUs,1769612568608000000,1769612628608000000,0
FlushQueue.executionTime90PNs,1769612568608000000,1769612628608000000,0
FlushQueue.waitingTime90PNs,1769612568608000000,1769612628608000000,0
FlushQueue.waitingTimeAvgNs,1769612568608000000,1769612628608000000,0.0
NonBlockingReadAction.failedExecutionsCount,1769612568608000000,1769612628608000000,0
AWTEventQueue.eventsDispatched,1769612568608000000,1769612628608000000,0
FlushQueue.executionTimeMaxNs,1769612568608000000,1769612628608000000,0
FlushQueue.waitingTimeMaxNs,1769612568608000000,1769612628608000000,0
FlushQueue.queueSize90P,1769612568608000000,1769612628608000000,0
AWTEventQueue.dispatchTimeTotalNS,1769612568608000000,1769612628608000000,59442785
NonBlockingReadAction.finalizedExecutionsCount,1769612568608000000,1769612628608000000,0
FlushQueue.queueSizeMax,1769612568608000000,1769612628608000000,0
AWTEventQueue.dispatchTimeAvgNs,1769612568608000000,1769612628608000000,0.0
FlushQueue.queueSizeAvg,1769612568608000000,1769612628608000000,0.0
AWTEventQueue.dispatchTime90PNs,1769612568608000000,1769612628608000000,0
ReadAction.executionsCount,1769612568608000000,1769612628608000000,0
FlushQueue.executionTimeAvgNs,1769612568608000000,1769612628608000000,0.0
FlushQueue.tasksExecuted,1769612568608000000,1769612628608000000,0
WriteAction.executionsCount,1769612568608000000,1769612628608000000,0
NonBlockingReadAction.failedExecutionTimeUs,1769612568608000000,1769612628608000000,0
FilePageCacheLockFree.totalNativeBytesAllocated,1769612568608000000,1769612628608000000,0
MappedFileStorage.storages,1769612568608000000,1769612628608000000,16
FilePageCacheLockFree.totalHeapBytesAllocated,1769612568608000000,1769612628608000000,0
StreamlinedBlobStorage.totalLiveRecordsCapacityBytes,1769612568608000000,1769612628608000000,0
MappedFileStorage.totalPagesMapped,1769612568608000000,1769612628608000000,22
FilePageCacheLockFree.housekeeperTurnsSkipped,1769612568608000000,1769612628608000000,0
FilePageCacheLockFree.totalPagesRequestsMs,1769612568608000000,1769612628608000000,0
FilePageCacheLockFree.housekeeperTimeSpentMs,1769612568608000000,1769612628608000000,0
FilePageCache.pageLoadsAboveSizeThreshold,1769612568608000000,1769612628608000000,0
FilePageCacheLockFree.totalPagesHandedOver,1769612568608000000,1769612628608000000,0
FilePageCacheLockFree.totalPagesReadMs,1769612568608000000,1769612628608000000,0
FilePageCacheLockFree.housekeeperTurnsDone,1769612568608000000,1769612628608000000,0
StorageLockContext.competingThreads.90P,1769612568608000000,1769612628608000000,0
FilePageCacheLockFree.totalPageAllocationsWaited,1769612568608000000,1769612628608000000,0
DirectByteBufferAllocator.totalSizeOfBuffersAllocatedInBytes,1769612568608000000,1769612628608000000,141582336
DirectByteBufferAllocator.disposed,1769612568608000000,1769612628608000000,0
MappedFileStorage.totalBytesMapped,1769612568608000000,1769612628608000000,278134784
FilePageCache.pageLoads,1769612568608000000,1769612628608000000,0
FilePageCache.pageFastCacheHits,1769612568608000000,1769612628608000000,0
StorageLockContext.competingThreads.avg,1769612568608000000,1769612628608000000,0.0
StreamlinedBlobStorage.totalLiveRecordsPayloadBytes,1769612568608000000,1769612628608000000,0
FileChannelInterruptsRetryer.totalRetriedAttempts,1769612568608000000,1769612628608000000,0
FilePageCacheLockFree.nativeBytesInUse,1769612568608000000,1769612628608000000,0
FilePageCache.uncachedFileAccess,1769612568608000000,1769612628608000000,0
FilePageCacheLockFree.totalPagesWriteMs,1769612568608000000,1769612628608000000,0
FilePageCacheLockFree.totalBytesWritten,1769612568608000000,1769612628608000000,0
MappedFileStorage.totalTimeSpentOnMappingUs,1769612568608000000,1769612628608000000,13402
FilePageCache.totalPageLoadsUs,1769612568608000000,1769612628608000000,0
FilePageCache.pageHits,1769612568608000000,1769612628608000000,0
FilePageCache.totalPageDisposalsUs,1769612568608000000,1769612628608000000,0
FilePageCacheLockFree.totalBytesRead,1769612568608000000,1769612628608000000,0
DirectByteBufferAllocator.reclaimed,1769612568608000000,1769612628608000000,0
FilePageCache.disposedBuffers,1769612568608000000,1769612628608000000,0
FilePageCacheLockFree.totalBytesRequested,1769612568608000000,1769612628608000000,0
FilePageCacheLockFree.totalPagesRequested,1769612568608000000,1769612628608000000,0
DirectByteBufferAllocator.totalSizeOfBuffersCachedInBytes,1769612568608000000,1769612628608000000,0
FilePageCacheLockFree.totalPagesReclaimed,1769612568608000000,1769612628608000000,0
FilePageCacheLockFree.totalNativeBytesReclaimed,1769612568608000000,1769612628608000000,0
StreamlinedBlobStorage.recordsRelocated,1769612568608000000,1769612628608000000,0
FilePageCacheLockFree.heapBytesInUse,1769612568608000000,1769612628608000000,0
DirectByteBufferAllocator.hits,1769612568608000000,1769612628608000000,0
DirectByteBufferAllocator.misses,1769612568608000000,1769612628608000000,0
StreamlinedBlobStorage.recordsAllocated,1769612568608000000,1769612628608000000,0
FilePageCacheLockFree.totalClosedStoragesReclaimed,1769612568608000000,1769612628608000000,0
FilePageCacheLockFree.totalHeapBytesReclaimed,1769612568608000000,1769612628608000000,0
FilePageCacheLockFree.totalPagesAllocated,1769612568608000000,1769612628608000000,0
FilePageCache.capacityInBytes,1769612568608000000,1769612628608000000,503316478
StreamlinedBlobStorage.recordsDeleted,1769612568608000000,1769612628608000000,0
FilePageCache.maxCacheSizeInBytes,1769612568608000000,1769612628608000000,141582336
FilePageCacheLockFree.totalPagesWritten,1769612568608000000,1769612628608000000,0
FilePageCache.maxRegisteredFiles,1769612568608000000,1769612628608000000,252
StorageLockContext.competingThreads.max,1769612568608000000,1769612628608000000,0
Indexing.writer_3.totalTimeSpentWritingMs,1769612568608000000,1769612628608000000,0
Indexes.allKeys.lookupDuration90PMs,1769612568608000000,1769612628608000000,0.0
Indexes.entries.lookupDuration90PMs,1769612568608000000,1769612628608000000,0.0
Indexes.allKeys.lookups,1769612568608000000,1769612628608000000,0
Indexes.allKeys.lookupDurationMaxMs,1769612568608000000,1769612628608000000,0.0
Indexing.writer_2.totalTimeSpentWritingMs,1769612568608000000,1769612628608000000,0
Indexes.stubs.lookupDurationMaxMs,1769612568608000000,1769612628608000000,0.0
Indexes.allKeys.lookupDurationAvgMs,1769612568608000000,1769612628608000000,0.0
Indexing.cache.totalCacheEvicted,1769612568608000000,1769612628608000000,0
Indexes.stubs.lookupDuration90PMs,1769612568608000000,1769612628608000000,0.0
IndexesFlusher.totalFlushes,1769612568608000000,1769612628608000000,60
Indexing.cache.totalCacheAccesses,1769612568608000000,1769612628608000000,0
Indexes.stubs.lookups,1769612568608000000,1769612628608000000,0
IndexesFlusher.totalFlushingTimeUs,1769612568608000000,1769612628608000000,28124
Indexes.entries.lookupDurationAvgMs,1769612568608000000,1769612628608000000,0.0
Indexing.totalTimeIndexersSleptMs,1769612568608000000,1769612628608000000,0
Indexes.entries.lookups,1769612568608000000,1769612628608000000,0
Indexing.writesQueuedMin,1769612568608000000,1769612628608000000,9223372036854775807
Indexing.writesQueuedMax,1769612568608000000,1769612628608000000,0
Indexing.writer_0.totalTimeSpentWritingMs,1769612568608000000,1769612628608000000,0
Indexing.writer_1.totalTimeSpentWritingMs,1769612568608000000,1769612628608000000,0
Indexes.entries.lookupDurationMaxMs,1769612568608000000,1769612628608000000,0.0
Indexing.cache.totalCacheMisses,1769612568608000000,1769612628608000000,0
IndexesFlusher.totalContentionQuotaSpent,1769612568608000000,1769612628608000000,0
Indexes.stubs.lookupDurationAvgMs,1769612568608000000,1769612628608000000,0.0
IndexesFlusher.totalFlushesRetried,1769612568608000000,1769612628608000000,0
jps.artifact.entities.serializer.load.entities.ms,1769612568608000000,1769612628608000000,0
workspaceModel.mutableEntityStorage.changeLog.addReplaceEventForRemovedChild.ms,1769612568608000000,1769612628608000000,0
jps.facet.change.listener.before.change.events.ms,1769612568608000000,1769612628608000000,0
jps.load.initial.state.ms,1769612568608000000,1769612628608000000,0
workspaceModel.mutableEntityStorage.collect.changes.ms,1769612568608000000,1769612628608000000,0
workspaceModel.mutableEntityStorage.modify.entity.ms,1769612568608000000,1769612628608000000,0
jps.global.initialize.library.bridges.ms,1769612568608000000,1769612628608000000,0
workspaceModel.save.cache.to.file.ms,1769612568608000000,1769612628608000000,0
jps.project.serializers.save.ms,1769612568608000000,1769612628608000000,0
jps.global.handle.changed.events.ms,1769612568608000000,1769612628608000000,0
jps.module.dependency.index.workspace.model.listener.on.changed.ms,1769612568608000000,1769612628608000000,0
workspaceModel.moduleManagerBridge.newModule.ms,1769612568608000000,1769612628608000000,0
workspaceModel.mutableEntityStorage.replace.by.source.ms,1769612568608000000,1769612628608000000,0
workspaceModel.orphan.listener.update.ms,1769612568608000000,1769612628608000000,0
jps.facet.change.listener.process.change.events.ms,1769612568608000000,1769612628608000000,0
workspaceModel.moduleManagerBridge.set.unloadedModules.ms,1769612568608000000,1769612628608000000,0
workspaceModel.mutableEntityStorage.to.snapshot.ms,1769612568608000000,1769612628608000000,0
workspaceModel.global.apply.state.to.project.builder.ms,1769612568608000000,1769612628608000000,0
workspaceModel.mutableEntityStorage.has.same.entities.ms,1769612568608000000,1769612628608000000,0
workspaceModel.mutableEntityStorage.instances.count,1769612568608000000,1769612628608000000,0
workspaceModel.moduleBridge.facet.initialization.ms,1769612568608000000,1769612628608000000,0
workspaceModel.moduleManagerBridge.get.modules.ms,1769612568608000000,1769612628608000000,0
workspaceModel.moduleManagerBridge.new.nonPersistent.module.ms,1769612568608000000,1769612628608000000,0
jps.global.get.library.by.name.ms,1769612568608000000,1769612628608000000,0
workspaceModel.mutableEntityStorage.mutable.vfurl.index.ms,1769612568608000000,1769612628608000000,0
workspaceModel.mutableEntityStorage.mutable.ext.mapping.ms,1769612568608000000,1769612628608000000,0
jps.global.get.libraries.ms,1769612568608000000,1769612628608000000,0
jps.module.iml.entities.serializer.load.entities.ms,1769612568608000000,1769612628608000000,0
jps.project.serializers.load.ms,1769612568608000000,1769612628608000000,0
workspaceModel.load.cache.metadata.from.file.ms,1769612568608000000,1769612628608000000,0
workspaceModel.mutableEntityStorage.apply.changes.from.ms,1769612568608000000,1769612628608000000,0
workspaceModel.global.updates.count,1769612568608000000,1769612628608000000,0
jps.save.global.entities.ms,1769612568608000000,1769612628608000000,0
workspaceModel.global.apply.state.to.project.ms,1769612568608000000,1769612628608000000,0
workspaceModel.moduleManagerBridge.load.module.ms,1769612568608000000,1769612628608000000,0
workspaceModel.mutableEntityStorage.changeLog.addReplaceEventForNewParent.ms,1769612568608000000,1769612628608000000,0
jps.module.iml.entities.serializer.save.entities.ms,1769612568608000000,1769612628608000000,0
jps.apply.loaded.storage.ms,1769612568608000000,1769612628608000000,0
jps.global.initialize.library.bridges.after.loading.ms,1769612568608000000,1769612628608000000,0
jps.facet.change.listener.init.bridge.ms,1769612568608000000,1769612628608000000,0
jps.global.handle.before.change.events.ms,1769612568608000000,1769612628608000000,0
workspaceModel.moduleManagerBridge.build.module.graph.ms,1769612568608000000,1769612628608000000,0
workspaceModel.moduleBridgeLoader.loading.modules.ms,1769612568608000000,1769612628608000000,0
jps.library.entities.serializer.load.entities.ms,1769612568608000000,1769612628608000000,0
workspaceModel.load.cache.from.file.ms,1769612568608000000,1769612628608000000,0
jps.save.changed.project.entities.ms,1769612568608000000,1769612628608000000,0
workspaceModel.delayed.project.synchronizer.sync.ms,1769612568608000000,1769612628608000000,0
jps.reload.project.entities.ms,1769612568608000000,1769612628608000000,0
jps.load.project.to.empty.storage.ms,1769612568608000000,1769612628608000000,0
workspaceModel.do.save.caches.ms,1769612568608000000,1769612628608000000,0
workspaceModel.mutableEntityStorage.entities.ms,1769612568608000000,1769612628608000000,0
jps.global.get.library.ms,1769612568608000000,1769612628608000000,0
workspaceModel.moduleBridge.update.option.ms,1769612568608000000,1769612628608000000,0
workspaceModel.moduleManagerBridge.load.all.modules.ms,1769612568608000000,1769612628608000000,0
workspaceModel.mutableEntityStorage.referrers.ms,1769612568608000000,1769612628608000000,0
jps.artifact.entities.serializer.save.entities.ms,1769612568608000000,1769612628608000000,0
jps.app.storage.content.reader.load.component.ms,1769612568608000000,1769612628608000000,0
workspaceModel.mutableEntityStorage.remove.entity.ms,1769612568608000000,1769612628608000000,0
workspaceModel.mutableEntityStorage.changeLog.addReplaceEventForNewChild.ms,1769612568608000000,1769612628608000000,0
workspaceModel.mutableEntityStorage.entities.by.source.ms,1769612568608000000,1769612628608000000,0
workspaceModel.moduleBridge.before.changed.ms,1769612568608000000,1769612628608000000,0
jps.library.entities.serializer.save.entities.ms,1769612568608000000,1769612628608000000,0
workspaceModel.mutableEntityStorage.resolve.ms,1769612568608000000,1769612628608000000,0
workspaceModel.mutableEntityStorage.put.entity.ms,1769612568608000000,1769612628608000000,0
workspaceModel.global.updates.ms,1769612568608000000,1769612628608000000,0
workspaceModel.mutableEntityStorage.changeLog.addReplaceEventForRemovedParent.ms,1769612568608000000,1769612628608000000,0
workspaceModel.sync.entities.ms,1769612568608000000,1769612628608000000,0
jps.app.storage.content.writer.save.component.ms,1769612568608000000,1769612628608000000,0
workspaceModel.mutableEntityStorage.add.entity.ms,1769612568608000000,1769612628608000000,0
workspaceModel.moduleManagerBridge.create.module.instance.ms,1769612568608000000,1769612628608000000,0
jps.storage.jps.conf.reader.load.component.ms,1769612568608000000,1769612628608000000,0
VFS.fileChildByName,1769612568608000000,1769612628608000000,0
VFS.contentStorage.recordsStored,1769612568608000000,1769612628608000000,0
VFS.contentStorage.recordsUncompressedSize,1769612568608000000,1769612628608000000,0
VFS.fileByIdCache.misses,1769612568608000000,1769612628608000000,0
FileNameCache.totalMisses,1769612568608000000,1769612628608000000,0
VFS.contentStorage.recordsDeduplicated,1769612568608000000,1769612628608000000,0
VFS.contentStorage.recordsReadSize,1769612568608000000,1769612628608000000,0
VFS.fileByIdCache.hits,1769612568608000000,1769612628608000000,0
VFS.contentStorage.recordsStoredCompressed,1769612568608000000,1769612628608000000,0
VFS.contentStorage.recordsDecompressionTimeUs,1769612568608000000,1769612628608000000,0
VFS.invertedFileNameIndex.requests,1769612568608000000,1769612628608000000,0
FileNameCache.queries,1769612568608000000,1769612628608000000,0
VFS.contentStorage.recordsReadDecompressed,1769612568608000000,1769612628608000000,0
VFS.contentStorage.recordsStoredSize,1769612568608000000,1769612628608000000,0
VFS.contentStorage.recordsRead,1769612568608000000,1769612628608000000,0
JVM.totalTimeAtSafepointsMs,1769612568608000000,1769612628608000000,0
JVM.newThreadsCount,1769612568608000000,1769612628608000000,0
JVM.totalDirectByteBuffersBytes,1769612568608000000,1769612628608000000,142546677
JVM.maxHeapBytes,1769612568608000000,1769612628608000000,4196401152
OS.loadAverage,1769612568608000000,1769612628608000000,1.4873046875
JVM.usedNativeBytes,1769612568608000000,1769612628608000000,400176664
JVM.totalSafepointCount,1769612568608000000,1769612628608000000,2
JVM.totalCpuTimeMs,1769612568608000000,1769612628608000000,500
JVM.GC.collections,1769612568608000000,1769612628608000000,0
JVM.totalTimeToSafepointsMs,1769612568608000000,1769612628608000000,0
JVM.GC.collectionTimesMs,1769612568608000000,1769612628608000000,0
JVM.threadCount,1769612568608000000,1769612628608000000,49
JVM.totalBytesAllocated,1769612568608000000,1769612628608000000,28042592
JVM.maxThreadCount,1769612568608000000,1769612628608000000,151
JVM.usedHeapBytes,1769612568608000000,1769612628608000000,669162376
DiskQueryRelay.tasksExecuted,1769612628608000000,1769612688608000000,0
writeAction.median.wait.ms,1769612628608000000,1769612688608000000,0
writeAction.wait.ms,1769612628608000000,1769612688608000000,0
writeAction.max.wait.ms,1769612628608000000,1769612688608000000,265
DiskQueryRelay.tasksRequested,1769612628608000000,1769612688608000000,0
DiskQueryRelay.taskWaitingTotalTimeUs,1769612628608000000,1769612688608000000,0
writeAction.count,1769612628608000000,1769612688608000000,0
DiskQueryRelay.taskExecutionTotalTimeUs,1769612628608000000,1769612688608000000,0
cacheStateStorage.set.counter,1769612628608000000,1769612688608000000,0
cacheStateStorage.get.counter,1769612628608000000,1769612688608000000,0
cacheStateStorage.set.duration,1769612628608000000,1769612688608000000,0
cacheStateStorage.get.duration,1769612628608000000,1769612688608000000,0
workspaceModel.cachedValue.from.cache.count,1769612628608000000,1769612688608000000,1
workspaceModel.cachedValueWithParameters.calculated.count,1769612628608000000,1769612688608000000,0
workspaceModel.entityStorageSnapshotImpl.instances.count,1769612628608000000,1769612688608000000,0
workspaceModel.full.replace.project.model.ms,1769612628608000000,1769612688608000000,0
workspaceModel.workspaceFileIndexData.instances.count,1769612628608000000,1769612688608000000,0
workspaceModel.pre.handlers.ms,1769612628608000000,1769612688608000000,0
workspaceModel.workspaceFileIndexContributor.registerFileSets.ms,1769612628608000000,1769612688608000000,0
workspaceModel.replace.project.model.ms,1769612628608000000,1769612688608000000,0
workspaceModel.to.snapshot.ms,1769612628608000000,1769612688608000000,0
workspaceModel.workspaceFileIndexData.updateDirtyEntities.ms,1769612628608000000,1769612688608000000,0
workspaceModel.cachedValueWithParameters.clear.count,1769612628608000000,1769612688608000000,0
workspaceModel.workspaceFileIndexData.processFileSets.ms,1769612628608000000,1769612688608000000,0
workspaceModel.on.changed.ms,1769612628608000000,1769612688608000000,0
workspaceModel.collect.changes.ms,1769612628608000000,1769612688608000000,0
workspaceModel.workspaceFileIndexData.visitFileSets.ms,1769612628608000000,1769612688608000000,0
workspaceModel.workspaceFileIndexData.init.ms,1769612628608000000,1769612688608000000,0
workspaceModel.init.bridges.ms,1769612628608000000,1769612688608000000,0
workspaceModel.workspaceFileIndexData.getDirectoriesByPackageName.ms,1769612628608000000,1769612688608000000,0
workspaceModel.updates.precise.ms,1769612628608000000,1769612688608000000,0
workspaceModel.cachedValue.total.get.count,1769612628608000000,1769612688608000000,1
workspaceModel.updates.ms,1769612628608000000,1769612688608000000,0
workspaceModel.cachedValue.clear.count,1769612628608000000,1769612688608000000,0
workspaceModel.workspaceFileIndexData.getPackageName.ms,1769612628608000000,1769612688608000000,0
workspaceModel.initializing.ms,1769612628608000000,1769612688608000000,0
workspaceModel.cachedValueWithParameters.from.cache.count,1769612628608000000,1769612688608000000,0
workspaceModel.cachedValueWithParameters.total.get.count,1769612628608000000,1769612688608000000,0
workspaceModel.check.recursive.update.ms,1769612628608000000,1769612688608000000,0
workspaceModel.workspaceFileIndexData.onEntitiesChanged.ms,1769612628608000000,1769612688608000000,0
workspaceModel.cachedValue.calculated.count,1769612628608000000,1769612688608000000,0
workspaceModel.workspaceFileIndexData.getFileInfo.ms,1769612628608000000,1769612688608000000,2
workspaceModel.on.before.changed.ms,1769612628608000000,1769612688608000000,0
workspaceModel.workspaceFileIndexData.markDirty.ms,1769612628608000000,1769612688608000000,0
workspaceModel.update.unloaded.entities.ms,1769612628608000000,1769612688608000000,0
workspaceModel.updates.count,1769612628608000000,1769612688608000000,0
workspaceModel.loading.from.cache.ms,1769612628608000000,1769612688608000000,0
workspaceModel.loading.total.ms,1769612628608000000,1769612688608000000,0
AWTEventQueue.dispatchTimeMaxNs,1769612628608000000,1769612688608000000,0
NonBlockingReadAction.finalizedExecutionTimeUs,1769612628608000000,1769612688608000000,739
FlushQueue.executionTime90PNs,1769612628608000000,1769612688608000000,0
FlushQueue.waitingTime90PNs,1769612628608000000,1769612688608000000,0
FlushQueue.waitingTimeAvgNs,1769612628608000000,1769612688608000000,0.0
NonBlockingReadAction.failedExecutionsCount,1769612628608000000,1769612688608000000,0
AWTEventQueue.eventsDispatched,1769612628608000000,1769612688608000000,0
FlushQueue.executionTimeMaxNs,1769612628608000000,1769612688608000000,0
FlushQueue.waitingTimeMaxNs,1769612628608000000,1769612688608000000,0
FlushQueue.queueSize90P,1769612628608000000,1769612688608000000,0
AWTEventQueue.dispatchTimeTotalNS,1769612628608000000,1769612688608000000,64073725
NonBlockingReadAction.finalizedExecutionsCount,1769612628608000000,1769612688608000000,2
FlushQueue.queueSizeMax,1769612628608000000,1769612688608000000,0
AWTEventQueue.dispatchTimeAvgNs,1769612628608000000,1769612688608000000,0.0
FlushQueue.queueSizeAvg,1769612628608000000,1769612688608000000,0.0
AWTEventQueue.dispatchTime90PNs,1769612628608000000,1769612688608000000,0
ReadAction.executionsCount,1769612628608000000,1769612688608000000,12614
FlushQueue.executionTimeAvgNs,1769612628608000000,1769612688608000000,0.0
FlushQueue.tasksExecuted,1769612628608000000,1769612688608000000,0
WriteAction.executionsCount,1769612628608000000,1769612688608000000,0
NonBlockingReadAction.failedExecutionTimeUs,1769612628608000000,1769612688608000000,0
FilePageCacheLockFree.totalNativeBytesAllocated,1769612628608000000,1769612688608000000,0
MappedFileStorage.storages,1769612628608000000,1769612688608000000,16
FilePageCacheLockFree.totalHeapBytesAllocated,1769612628608000000,1769612688608000000,0
StreamlinedBlobStorage.totalLiveRecordsCapacityBytes,1769612628608000000,1769612688608000000,0
MappedFileStorage.totalPagesMapped,1769612628608000000,1769612688608000000,22
FilePageCacheLockFree.housekeeperTurnsSkipped,1769612628608000000,1769612688608000000,0
FilePageCacheLockFree.totalPagesRequestsMs,1769612628608000000,1769612688608000000,0
FilePageCacheLockFree.housekeeperTimeSpentMs,1769612628608000000,1769612688608000000,0
FilePageCache.pageLoadsAboveSizeThreshold,1769612628608000000,1769612688608000000,0
FilePageCacheLockFree.totalPagesHandedOver,1769612628608000000,1769612688608000000,0
FilePageCacheLockFree.totalPagesReadMs,1769612628608000000,1769612688608000000,0
FilePageCacheLockFree.housekeeperTurnsDone,1769612628608000000,1769612688608000000,0
StorageLockContext.competingThreads.90P,1769612628608000000,1769612688608000000,0
FilePageCacheLockFree.totalPageAllocationsWaited,1769612628608000000,1769612688608000000,0
DirectByteBufferAllocator.totalSizeOfBuffersAllocatedInBytes,1769612628608000000,1769612688608000000,141582336
DirectByteBufferAllocator.disposed,1769612628608000000,1769612688608000000,0
MappedFileStorage.totalBytesMapped,1769612628608000000,1769612688608000000,278134784
FilePageCache.pageLoads,1769612628608000000,1769612688608000000,0
FilePageCache.pageFastCacheHits,1769612628608000000,1769612688608000000,0
StorageLockContext.competingThreads.avg,1769612628608000000,1769612688608000000,0.0
StreamlinedBlobStorage.totalLiveRecordsPayloadBytes,1769612628608000000,1769612688608000000,0
FileChannelInterruptsRetryer.totalRetriedAttempts,1769612628608000000,1769612688608000000,0
FilePageCacheLockFree.nativeBytesInUse,1769612628608000000,1769612688608000000,0
FilePageCache.uncachedFileAccess,1769612628608000000,1769612688608000000,0
FilePageCacheLockFree.totalPagesWriteMs,1769612628608000000,1769612688608000000,0
FilePageCacheLockFree.totalBytesWritten,1769612628608000000,1769612688608000000,0
MappedFileStorage.totalTimeSpentOnMappingUs,1769612628608000000,1769612688608000000,13402
FilePageCache.totalPageLoadsUs,1769612628608000000,1769612688608000000,0
FilePageCache.pageHits,1769612628608000000,1769612688608000000,0
FilePageCache.totalPageDisposalsUs,1769612628608000000,1769612688608000000,0
FilePageCacheLockFree.totalBytesRead,1769612628608000000,1769612688608000000,0
DirectByteBufferAllocator.reclaimed,1769612628608000000,1769612688608000000,0
FilePageCache.disposedBuffers,1769612628608000000,1769612688608000000,0
FilePageCacheLockFree.totalBytesRequested,1769612628608000000,1769612688608000000,0
FilePageCacheLockFree.totalPagesRequested,1769612628608000000,1769612688608000000,0
DirectByteBufferAllocator.totalSizeOfBuffersCachedInBytes,1769612628608000000,1769612688608000000,0
FilePageCacheLockFree.totalPagesReclaimed,1769612628608000000,1769612688608000000,0
FilePageCacheLockFree.totalNativeBytesReclaimed,1769612628608000000,1769612688608000000,0
StreamlinedBlobStorage.recordsRelocated,1769612628608000000,1769612688608000000,0
FilePageCacheLockFree.heapBytesInUse,1769612628608000000,1769612688608000000,0
DirectByteBufferAllocator.hits,1769612628608000000,1769612688608000000,0
DirectByteBufferAllocator.misses,1769612628608000000,1769612688608000000,0
StreamlinedBlobStorage.recordsAllocated,1769612628608000000,1769612688608000000,0
FilePageCacheLockFree.totalClosedStoragesReclaimed,1769612628608000000,1769612688608000000,0
FilePageCacheLockFree.totalHeapBytesReclaimed,1769612628608000000,1769612688608000000,0
FilePageCacheLockFree.totalPagesAllocated,1769612628608000000,1769612688608000000,0
FilePageCache.capacityInBytes,1769612628608000000,1769612688608000000,503316478
StreamlinedBlobStorage.recordsDeleted,1769612628608000000,1769612688608000000,0
FilePageCache.maxCacheSizeInBytes,1769612628608000000,1769612688608000000,141582336
FilePageCacheLockFree.totalPagesWritten,1769612628608000000,1769612688608000000,0
FilePageCache.maxRegisteredFiles,1769612628608000000,1769612688608000000,252
StorageLockContext.competingThreads.max,1769612628608000000,1769612688608000000,0
Indexing.writer_3.totalTimeSpentWritingMs,1769612628608000000,1769612688608000000,0
Indexes.allKeys.lookupDuration90PMs,1769612628608000000,1769612688608000000,0.0
Indexes.entries.lookupDuration90PMs,1769612628608000000,1769612688608000000,0.0
Indexes.allKeys.lookups,1769612628608000000,1769612688608000000,0
Indexes.allKeys.lookupDurationMaxMs,1769612628608000000,1769612688608000000,0.0
Indexing.writer_2.totalTimeSpentWritingMs,1769612628608000000,1769612688608000000,0
Indexes.stubs.lookupDurationMaxMs,1769612628608000000,1769612688608000000,0.0
Indexes.allKeys.lookupDurationAvgMs,1769612628608000000,1769612688608000000,0.0
Indexing.cache.totalCacheEvicted,1769612628608000000,1769612688608000000,0
Indexes.stubs.lookupDuration90PMs,1769612628608000000,1769612688608000000,0.0
IndexesFlusher.totalFlushes,1769612628608000000,1769612688608000000,60
Indexing.cache.totalCacheAccesses,1769612628608000000,1769612688608000000,0
Indexes.stubs.lookups,1769612628608000000,1769612688608000000,0
IndexesFlusher.totalFlushingTimeUs,1769612628608000000,1769612688608000000,30353
Indexes.entries.lookupDurationAvgMs,1769612628608000000,1769612688608000000,0.0
Indexing.totalTimeIndexersSleptMs,1769612628608000000,1769612688608000000,0
Indexes.entries.lookups,1769612628608000000,1769612688608000000,0
Indexing.writesQueuedMin,1769612628608000000,1769612688608000000,9223372036854775807
Indexing.writesQueuedMax,1769612628608000000,1769612688608000000,0
Indexing.writer_0.totalTimeSpentWritingMs,1769612628608000000,1769612688608000000,0
Indexing.writer_1.totalTimeSpentWritingMs,1769612628608000000,1769612688608000000,0
Indexes.entries.lookupDurationMaxMs,1769612628608000000,1769612688608000000,0.0
Indexing.cache.totalCacheMisses,1769612628608000000,1769612688608000000,0
IndexesFlusher.totalContentionQuotaSpent,1769612628608000000,1769612688608000000,0
Indexes.stubs.lookupDurationAvgMs,1769612628608000000,1769612688608000000,0.0
IndexesFlusher.totalFlushesRetried,1769612628608000000,1769612688608000000,0
jps.artifact.entities.serializer.load.entities.ms,1769612628608000000,1769612688608000000,0
workspaceModel.mutableEntityStorage.changeLog.addReplaceEventForRemovedChild.ms,1769612628608000000,1769612688608000000,0
jps.facet.change.listener.before.change.events.ms,1769612628608000000,1769612688608000000,0
jps.load.initial.state.ms,1769612628608000000,1769612688608000000,0
workspaceModel.mutableEntityStorage.collect.changes.ms,1769612628608000000,1769612688608000000,0
workspaceModel.mutableEntityStorage.modify.entity.ms,1769612628608000000,1769612688608000000,0
jps.global.initialize.library.bridges.ms,1769612628608000000,1769612688608000000,0
workspaceModel.save.cache.to.file.ms,1769612628608000000,1769612688608000000,0
jps.project.serializers.save.ms,1769612628608000000,1769612688608000000,0
jps.global.handle.changed.events.ms,1769612628608000000,1769612688608000000,0
jps.module.dependency.index.workspace.model.listener.on.changed.ms,1769612628608000000,1769612688608000000,0
workspaceModel.moduleManagerBridge.newModule.ms,1769612628608000000,1769612688608000000,0
workspaceModel.mutableEntityStorage.replace.by.source.ms,1769612628608000000,1769612688608000000,0
workspaceModel.orphan.listener.update.ms,1769612628608000000,1769612688608000000,0
jps.facet.change.listener.process.change.events.ms,1769612628608000000,1769612688608000000,0
workspaceModel.moduleManagerBridge.set.unloadedModules.ms,1769612628608000000,1769612688608000000,0
workspaceModel.mutableEntityStorage.to.snapshot.ms,1769612628608000000,1769612688608000000,0
workspaceModel.global.apply.state.to.project.builder.ms,1769612628608000000,1769612688608000000,0
workspaceModel.mutableEntityStorage.has.same.entities.ms,1769612628608000000,1769612688608000000,0
workspaceModel.mutableEntityStorage.instances.count,1769612628608000000,1769612688608000000,0
workspaceModel.moduleBridge.facet.initialization.ms,1769612628608000000,1769612688608000000,0
workspaceModel.moduleManagerBridge.get.modules.ms,1769612628608000000,1769612688608000000,0
workspaceModel.moduleManagerBridge.new.nonPersistent.module.ms,1769612628608000000,1769612688608000000,0
jps.global.get.library.by.name.ms,1769612628608000000,1769612688608000000,0
workspaceModel.mutableEntityStorage.mutable.vfurl.index.ms,1769612628608000000,1769612688608000000,0
workspaceModel.mutableEntityStorage.mutable.ext.mapping.ms,1769612628608000000,1769612688608000000,0
jps.global.get.libraries.ms,1769612628608000000,1769612688608000000,0
jps.module.iml.entities.serializer.load.entities.ms,1769612628608000000,1769612688608000000,0
jps.project.serializers.load.ms,1769612628608000000,1769612688608000000,0
workspaceModel.load.cache.metadata.from.file.ms,1769612628608000000,1769612688608000000,0
workspaceModel.mutableEntityStorage.apply.changes.from.ms,1769612628608000000,1769612688608000000,0
workspaceModel.global.updates.count,1769612628608000000,1769612688608000000,0
jps.save.global.entities.ms,1769612628608000000,1769612688608000000,0
workspaceModel.global.apply.state.to.project.ms,1769612628608000000,1769612688608000000,0
workspaceModel.moduleManagerBridge.load.module.ms,1769612628608000000,1769612688608000000,0
workspaceModel.mutableEntityStorage.changeLog.addReplaceEventForNewParent.ms,1769612628608000000,1769612688608000000,0
jps.module.iml.entities.serializer.save.entities.ms,1769612628608000000,1769612688608000000,0
jps.apply.loaded.storage.ms,1769612628608000000,1769612688608000000,0
jps.global.initialize.library.bridges.after.loading.ms,1769612628608000000,1769612688608000000,0
jps.facet.change.listener.init.bridge.ms,1769612628608000000,1769612688608000000,0
jps.global.handle.before.change.events.ms,1769612628608000000,1769612688608000000,0
workspaceModel.moduleManagerBridge.build.module.graph.ms,1769612628608000000,1769612688608000000,0
workspaceModel.moduleBridgeLoader.loading.modules.ms,1769612628608000000,1769612688608000000,0
jps.library.entities.serializer.load.entities.ms,1769612628608000000,1769612688608000000,0
workspaceModel.load.cache.from.file.ms,1769612628608000000,1769612688608000000,0
jps.save.changed.project.entities.ms,1769612628608000000,1769612688608000000,0
workspaceModel.delayed.project.synchronizer.sync.ms,1769612628608000000,1769612688608000000,0
jps.reload.project.entities.ms,1769612628608000000,1769612688608000000,0
jps.load.project.to.empty.storage.ms,1769612628608000000,1769612688608000000,0
workspaceModel.do.save.caches.ms,1769612628608000000,1769612688608000000,0
workspaceModel.mutableEntityStorage.entities.ms,1769612628608000000,1769612688608000000,0
jps.global.get.library.ms,1769612628608000000,1769612688608000000,0
workspaceModel.moduleBridge.update.option.ms,1769612628608000000,1769612688608000000,0
workspaceModel.moduleManagerBridge.load.all.modules.ms,1769612628608000000,1769612688608000000,0
workspaceModel.mutableEntityStorage.referrers.ms,1769612628608000000,1769612688608000000,0
jps.artifact.entities.serializer.save.entities.ms,1769612628608000000,1769612688608000000,0
jps.app.storage.content.reader.load.component.ms,1769612628608000000,1769612688608000000,0
workspaceModel.mutableEntityStorage.remove.entity.ms,1769612628608000000,1769612688608000000,0
workspaceModel.mutableEntityStorage.changeLog.addReplaceEventForNewChild.ms,1769612628608000000,1769612688608000000,0
workspaceModel.mutableEntityStorage.entities.by.source.ms,1769612628608000000,1769612688608000000,0
workspaceModel.moduleBridge.before.changed.ms,1769612628608000000,1769612688608000000,0
jps.library.entities.serializer.save.entities.ms,1769612628608000000,1769612688608000000,0
workspaceModel.mutableEntityStorage.resolve.ms,1769612628608000000,1769612688608000000,0
workspaceModel.mutableEntityStorage.put.entity.ms,1769612628608000000,1769612688608000000,0
workspaceModel.global.updates.ms,1769612628608000000,1769612688608000000,0
workspaceModel.mutableEntityStorage.changeLog.addReplaceEventForRemovedParent.ms,1769612628608000000,1769612688608000000,0
workspaceModel.sync.entities.ms,1769612628608000000,1769612688608000000,0
jps.app.storage.content.writer.save.component.ms,1769612628608000000,1769612688608000000,0
workspaceModel.mutableEntityStorage.add.entity.ms,1769612628608000000,1769612688608000000,0
workspaceModel.moduleManagerBridge.create.module.instance.ms,1769612628608000000,1769612688608000000,0
jps.storage.jps.conf.reader.load.component.ms,1769612628608000000,1769612688608000000,0
VFS.fileChildByName,1769612628608000000,1769612688608000000,1431
VFS.contentStorage.recordsStored,1769612628608000000,1769612688608000000,0
VFS.contentStorage.recordsUncompressedSize,1769612628608000000,1769612688608000000,0
VFS.fileByIdCache.misses,1769612628608000000,1769612688608000000,0
FileNameCache.totalMisses,1769612628608000000,1769612688608000000,0
VFS.contentStorage.recordsDeduplicated,1769612628608000000,1769612688608000000,0
VFS.contentStorage.recordsReadSize,1769612628608000000,1769612688608000000,0
VFS.fileByIdCache.hits,1769612628608000000,1769612688608000000,0
VFS.contentStorage.recordsStoredCompressed,1769612628608000000,1769612688608000000,0
VFS.contentStorage.recordsDecompressionTimeUs,1769612628608000000,1769612688608000000,0
VFS.invertedFileNameIndex.requests,1769612628608000000,1769612688608000000,0
FileNameCache.queries,1769612628608000000,1769612688608000000,320
VFS.contentStorage.recordsReadDecompressed,1769612628608000000,1769612688608000000,0
VFS.contentStorage.recordsStoredSize,1769612628608000000,1769612688608000000,0
VFS.contentStorage.recordsRead,1769612628608000000,1769612688608000000,0
JVM.totalTimeAtSafepointsMs,1769612628608000000,1769612688608000000,2
JVM.newThreadsCount,1769612628608000000,1769612688608000000,0
JVM.totalDirectByteBuffersBytes,1769612628608000000,1769612688608000000,142546677
JVM.maxHeapBytes,1769612628608000000,1769612688608000000,4196401152
OS.loadAverage,1769612628608000000,1769612688608000000,1.412109375
JVM.usedNativeBytes,1769612628608000000,1769612688608000000,400307288
JVM.totalSafepointCount,1769612628608000000,1769612688608000000,3
JVM.totalCpuTimeMs,1769612628608000000,1769612688608000000,560
JVM.GC.collections,1769612628608000000,1769612688608000000,1
JVM.totalTimeToSafepointsMs,1769612628608000000,1769612688608000000,0
JVM.GC.collectionTimesMs,1769612628608000000,1769612688608000000,2
JVM.threadCount,1769612628608000000,1769612688608000000,48
JVM.totalBytesAllocated,1769612628608000000,1769612688608000000,102621256
JVM.maxThreadCount,1769612628608000000,1769612688608000000,151
JVM.usedHeapBytes,1769612628608000000,1769612688608000000,466692360
DiskQueryRelay.tasksExecuted,1769612688608000000,1769612701730000000,0
writeAction.median.wait.ms,1769612688608000000,1769612701730000000,0
writeAction.wait.ms,1769612688608000000,1769612701730000000,0
writeAction.max.wait.ms,1769612688608000000,1769612701730000000,265
DiskQueryRelay.tasksRequested,1769612688608000000,1769612701730000000,0
DiskQueryRelay.taskWaitingTotalTimeUs,1769612688608000000,1769612701730000000,0
writeAction.count,1769612688608000000,1769612701730000000,0
DiskQueryRelay.taskExecutionTotalTimeUs,1769612688608000000,1769612701730000000,0
cacheStateStorage.set.counter,1769612688608000000,1769612701730000000,0
cacheStateStorage.get.counter,1769612688608000000,1769612701730000000,0
cacheStateStorage.set.duration,1769612688608000000,1769612701730000000,0
cacheStateStorage.get.duration,1769612688608000000,1769612701730000000,0
workspaceModel.cachedValue.from.cache.count,1769612688608000000,1769612701730000000,0
workspaceModel.cachedValueWithParameters.calculated.count,1769612688608000000,1769612701730000000,0
workspaceModel.entityStorageSnapshotImpl.instances.count,1769612688608000000,1769612701730000000,0
workspaceModel.full.replace.project.model.ms,1769612688608000000,1769612701730000000,0
workspaceModel.workspaceFileIndexData.instances.count,1769612688608000000,1769612701730000000,0
workspaceModel.pre.handlers.ms,1769612688608000000,1769612701730000000,0
workspaceModel.workspaceFileIndexContributor.registerFileSets.ms,1769612688608000000,1769612701730000000,0
workspaceModel.replace.project.model.ms,1769612688608000000,1769612701730000000,0
workspaceModel.to.snapshot.ms,1769612688608000000,1769612701730000000,0
workspaceModel.workspaceFileIndexData.updateDirtyEntities.ms,1769612688608000000,1769612701730000000,0
workspaceModel.cachedValueWithParameters.clear.count,1769612688608000000,1769612701730000000,0
workspaceModel.workspaceFileIndexData.processFileSets.ms,1769612688608000000,1769612701730000000,0
workspaceModel.on.changed.ms,1769612688608000000,1769612701730000000,0
workspaceModel.collect.changes.ms,1769612688608000000,1769612701730000000,0
workspaceModel.workspaceFileIndexData.visitFileSets.ms,1769612688608000000,1769612701730000000,0
workspaceModel.workspaceFileIndexData.init.ms,1769612688608000000,1769612701730000000,0
workspaceModel.init.bridges.ms,1769612688608000000,1769612701730000000,0
workspaceModel.workspaceFileIndexData.getDirectoriesByPackageName.ms,1769612688608000000,1769612701730000000,0
workspaceModel.updates.precise.ms,1769612688608000000,1769612701730000000,0
workspaceModel.cachedValue.total.get.count,1769612688608000000,1769612701730000000,0
workspaceModel.updates.ms,1769612688608000000,1769612701730000000,0
workspaceModel.cachedValue.clear.count,1769612688608000000,1769612701730000000,0
workspaceModel.workspaceFileIndexData.getPackageName.ms,1769612688608000000,1769612701730000000,0
workspaceModel.initializing.ms,1769612688608000000,1769612701730000000,0
workspaceModel.cachedValueWithParameters.from.cache.count,1769612688608000000,1769612701730000000,0
workspaceModel.cachedValueWithParameters.total.get.count,1769612688608000000,1769612701730000000,0
workspaceModel.check.recursive.update.ms,1769612688608000000,1769612701730000000,0
workspaceModel.workspaceFileIndexData.onEntitiesChanged.ms,1769612688608000000,1769612701730000000,0
workspaceModel.cachedValue.calculated.count,1769612688608000000,1769612701730000000,0
workspaceModel.workspaceFileIndexData.getFileInfo.ms,1769612688608000000,1769612701730000000,0
workspaceModel.on.before.changed.ms,1769612688608000000,1769612701730000000,0
workspaceModel.workspaceFileIndexData.markDirty.ms,1769612688608000000,1769612701730000000,0
workspaceModel.update.unloaded.entities.ms,1769612688608000000,1769612701730000000,0
workspaceModel.updates.count,1769612688608000000,1769612701730000000,0
workspaceModel.loading.from.cache.ms,1769612688608000000,1769612701730000000,0
workspaceModel.loading.total.ms,1769612688608000000,1769612701730000000,0
AWTEventQueue.dispatchTimeMaxNs,1769612688608000000,1769612701730000000,0
NonBlockingReadAction.finalizedExecutionTimeUs,1769612688608000000,1769612701730000000,0
FlushQueue.executionTime90PNs,1769612688608000000,1769612701730000000,0
FlushQueue.waitingTime90PNs,1769612688608000000,1769612701730000000,0
FlushQueue.waitingTimeAvgNs,1769612688608000000,1769612701730000000,0.0
NonBlockingReadAction.failedExecutionsCount,1769612688608000000,1769612701730000000,0
AWTEventQueue.eventsDispatched,1769612688608000000,1769612701730000000,0
FlushQueue.executionTimeMaxNs,1769612688608000000,1769612701730000000,0
FlushQueue.waitingTimeMaxNs,1769612688608000000,1769612701730000000,0
FlushQueue.queueSize90P,1769612688608000000,1769612701730000000,0
AWTEventQueue.dispatchTimeTotalNS,1769612688608000000,1769612701730000000,13861708
NonBlockingReadAction.finalizedExecutionsCount,1769612688608000000,1769612701730000000,0
FlushQueue.queueSizeMax,1769612688608000000,1769612701730000000,0
AWTEventQueue.dispatchTimeAvgNs,1769612688608000000,1769612701730000000,0.0
FlushQueue.queueSizeAvg,1769612688608000000,1769612701730000000,0.0
AWTEventQueue.dispatchTime90PNs,1769612688608000000,1769612701730000000,0
ReadAction.executionsCount,1769612688608000000,1769612701730000000,1
FlushQueue.executionTimeAvgNs,1769612688608000000,1769612701730000000,0.0
FlushQueue.tasksExecuted,1769612688608000000,1769612701730000000,0
WriteAction.executionsCount,1769612688608000000,1769612701730000000,0
NonBlockingReadAction.failedExecutionTimeUs,1769612688608000000,1769612701730000000,0
FilePageCacheLockFree.totalNativeBytesAllocated,1769612688608000000,1769612701730000000,0
MappedFileStorage.storages,1769612688608000000,1769612701730000000,0
FilePageCacheLockFree.totalHeapBytesAllocated,1769612688608000000,1769612701730000000,0
MappedFileStorage.totalPagesMapped,1769612688608000000,1769612701730000000,0
FilePageCacheLockFree.housekeeperTurnsSkipped,1769612688608000000,1769612701730000000,0
FilePageCacheLockFree.totalPagesRequestsMs,1769612688608000000,1769612701730000000,0
FilePageCacheLockFree.housekeeperTimeSpentMs,1769612688608000000,1769612701730000000,0
FilePageCache.pageLoadsAboveSizeThreshold,1769612688608000000,1769612701730000000,0
FilePageCacheLockFree.totalPagesHandedOver,1769612688608000000,1769612701730000000,0
FilePageCacheLockFree.totalPagesReadMs,1769612688608000000,1769612701730000000,0
FilePageCacheLockFree.housekeeperTurnsDone,1769612688608000000,1769612701730000000,0
StorageLockContext.competingThreads.90P,1769612688608000000,1769612701730000000,0
FilePageCacheLockFree.totalPageAllocationsWaited,1769612688608000000,1769612701730000000,0
DirectByteBufferAllocator.totalSizeOfBuffersAllocatedInBytes,1769612688608000000,1769612701730000000,41967616
DirectByteBufferAllocator.disposed,1769612688608000000,1769612701730000000,95
MappedFileStorage.totalBytesMapped,1769612688608000000,1769612701730000000,0
FilePageCache.pageLoads,1769612688608000000,1769612701730000000,0
FilePageCache.pageFastCacheHits,1769612688608000000,1769612701730000000,0
StorageLockContext.competingThreads.avg,1769612688608000000,1769612701730000000,0.0
FileChannelInterruptsRetryer.totalRetriedAttempts,1769612688608000000,1769612701730000000,0
FilePageCacheLockFree.nativeBytesInUse,1769612688608000000,1769612701730000000,0
FilePageCache.uncachedFileAccess,1769612688608000000,1769612701730000000,0
FilePageCacheLockFree.totalPagesWriteMs,1769612688608000000,1769612701730000000,0
FilePageCacheLockFree.totalBytesWritten,1769612688608000000,1769612701730000000,0
MappedFileStorage.totalTimeSpentOnMappingUs,1769612688608000000,1769612701730000000,13402
FilePageCache.totalPageLoadsUs,1769612688608000000,1769612701730000000,0
FilePageCache.pageHits,1769612688608000000,1769612701730000000,0
FilePageCache.totalPageDisposalsUs,1769612688608000000,1769612701730000000,0
FilePageCacheLockFree.totalBytesRead,1769612688608000000,1769612701730000000,0
DirectByteBufferAllocator.reclaimed,1769612688608000000,1769612701730000000,43
FilePageCache.disposedBuffers,1769612688608000000,1769612701730000000,138
FilePageCacheLockFree.totalBytesRequested,1769612688608000000,1769612701730000000,0
FilePageCacheLockFree.totalPagesRequested,1769612688608000000,1769612701730000000,0
DirectByteBufferAllocator.totalSizeOfBuffersCachedInBytes,1769612688608000000,1769612701730000000,41967616
FilePageCacheLockFree.totalPagesReclaimed,1769612688608000000,1769612701730000000,0
FilePageCacheLockFree.totalNativeBytesReclaimed,1769612688608000000,1769612701730000000,0
FilePageCacheLockFree.heapBytesInUse,1769612688608000000,1769612701730000000,0
DirectByteBufferAllocator.hits,1769612688608000000,1769612701730000000,0
DirectByteBufferAllocator.misses,1769612688608000000,1769612701730000000,0
FilePageCacheLockFree.totalClosedStoragesReclaimed,1769612688608000000,1769612701730000000,0
FilePageCacheLockFree.totalHeapBytesReclaimed,1769612688608000000,1769612701730000000,0
FilePageCacheLockFree.totalPagesAllocated,1769612688608000000,1769612701730000000,0
FilePageCache.capacityInBytes,1769612688608000000,1769612701730000000,503316478
FilePageCache.maxCacheSizeInBytes,1769612688608000000,1769612701730000000,141582336
FilePageCacheLockFree.totalPagesWritten,1769612688608000000,1769612701730000000,0
FilePageCache.maxRegisteredFiles,1769612688608000000,1769612701730000000,252
StorageLockContext.competingThreads.max,1769612688608000000,1769612701730000000,0
Indexing.writer_3.totalTimeSpentWritingMs,1769612688608000000,1769612701730000000,0
Indexes.allKeys.lookupDuration90PMs,1769612688608000000,1769612701730000000,0.0
Indexes.entries.lookupDuration90PMs,1769612688608000000,1769612701730000000,0.0
Indexes.allKeys.lookups,1769612688608000000,1769612701730000000,0
Indexes.allKeys.lookupDurationMaxMs,1769612688608000000,1769612701730000000,0.0
Indexing.writer_2.totalTimeSpentWritingMs,1769612688608000000,1769612701730000000,0
Indexes.stubs.lookupDurationMaxMs,1769612688608000000,1769612701730000000,0.0
Indexes.allKeys.lookupDurationAvgMs,1769612688608000000,1769612701730000000,0.0
Indexing.cache.totalCacheEvicted,1769612688608000000,1769612701730000000,24
Indexes.stubs.lookupDuration90PMs,1769612688608000000,1769612701730000000,0.0
Indexing.cache.totalCacheAccesses,1769612688608000000,1769612701730000000,0
Indexes.stubs.lookups,1769612688608000000,1769612701730000000,0
Indexes.entries.lookupDurationAvgMs,1769612688608000000,1769612701730000000,0.0
Indexing.totalTimeIndexersSleptMs,1769612688608000000,1769612701730000000,0
Indexes.entries.lookups,1769612688608000000,1769612701730000000,0
Indexing.writesQueuedMin,1769612688608000000,1769612701730000000,9223372036854775807
Indexing.writesQueuedMax,1769612688608000000,1769612701730000000,0
Indexing.writer_0.totalTimeSpentWritingMs,1769612688608000000,1769612701730000000,0
Indexing.writer_1.totalTimeSpentWritingMs,1769612688608000000,1769612701730000000,0
Indexes.entries.lookupDurationMaxMs,1769612688608000000,1769612701730000000,0.0
Indexing.cache.totalCacheMisses,1769612688608000000,1769612701730000000,0
Indexes.stubs.lookupDurationAvgMs,1769612688608000000,1769612701730000000,0.0
jps.artifact.entities.serializer.load.entities.ms,1769612688608000000,1769612701730000000,0
workspaceModel.mutableEntityStorage.changeLog.addReplaceEventForRemovedChild.ms,1769612688608000000,1769612701730000000,0
jps.facet.change.listener.before.change.events.ms,1769612688608000000,1769612701730000000,0
jps.load.initial.state.ms,1769612688608000000,1769612701730000000,0
workspaceModel.mutableEntityStorage.collect.changes.ms,1769612688608000000,1769612701730000000,0
workspaceModel.mutableEntityStorage.modify.entity.ms,1769612688608000000,1769612701730000000,0
jps.global.initialize.library.bridges.ms,1769612688608000000,1769612701730000000,0
workspaceModel.save.cache.to.file.ms,1769612688608000000,1769612701730000000,0
jps.project.serializers.save.ms,1769612688608000000,1769612701730000000,0
jps.global.handle.changed.events.ms,1769612688608000000,1769612701730000000,0
jps.module.dependency.index.workspace.model.listener.on.changed.ms,1769612688608000000,1769612701730000000,0
workspaceModel.moduleManagerBridge.newModule.ms,1769612688608000000,1769612701730000000,0
workspaceModel.mutableEntityStorage.replace.by.source.ms,1769612688608000000,1769612701730000000,0
workspaceModel.orphan.listener.update.ms,1769612688608000000,1769612701730000000,0
jps.facet.change.listener.process.change.events.ms,1769612688608000000,1769612701730000000,0
workspaceModel.moduleManagerBridge.set.unloadedModules.ms,1769612688608000000,1769612701730000000,0
workspaceModel.mutableEntityStorage.to.snapshot.ms,1769612688608000000,1769612701730000000,0
workspaceModel.global.apply.state.to.project.builder.ms,1769612688608000000,1769612701730000000,0
workspaceModel.mutableEntityStorage.has.same.entities.ms,1769612688608000000,1769612701730000000,0
workspaceModel.mutableEntityStorage.instances.count,1769612688608000000,1769612701730000000,0
workspaceModel.moduleBridge.facet.initialization.ms,1769612688608000000,1769612701730000000,0
workspaceModel.moduleManagerBridge.get.modules.ms,1769612688608000000,1769612701730000000,0
workspaceModel.moduleManagerBridge.new.nonPersistent.module.ms,1769612688608000000,1769612701730000000,0
jps.global.get.library.by.name.ms,1769612688608000000,1769612701730000000,0
workspaceModel.mutableEntityStorage.mutable.vfurl.index.ms,1769612688608000000,1769612701730000000,0
workspaceModel.mutableEntityStorage.mutable.ext.mapping.ms,1769612688608000000,1769612701730000000,0
jps.global.get.libraries.ms,1769612688608000000,1769612701730000000,0
jps.module.iml.entities.serializer.load.entities.ms,1769612688608000000,1769612701730000000,0
jps.project.serializers.load.ms,1769612688608000000,1769612701730000000,0
workspaceModel.load.cache.metadata.from.file.ms,1769612688608000000,1769612701730000000,0
workspaceModel.mutableEntityStorage.apply.changes.from.ms,1769612688608000000,1769612701730000000,0
workspaceModel.global.updates.count,1769612688608000000,1769612701730000000,0
jps.save.global.entities.ms,1769612688608000000,1769612701730000000,0
workspaceModel.global.apply.state.to.project.ms,1769612688608000000,1769612701730000000,0
workspaceModel.moduleManagerBridge.load.module.ms,1769612688608000000,1769612701730000000,0
workspaceModel.mutableEntityStorage.changeLog.addReplaceEventForNewParent.ms,1769612688608000000,1769612701730000000,0
jps.module.iml.entities.serializer.save.entities.ms,1769612688608000000,1769612701730000000,0
jps.apply.loaded.storage.ms,1769612688608000000,1769612701730000000,0
jps.global.initialize.library.bridges.after.loading.ms,1769612688608000000,1769612701730000000,0
jps.facet.change.listener.init.bridge.ms,1769612688608000000,1769612701730000000,0
jps.global.handle.before.change.events.ms,1769612688608000000,1769612701730000000,0
workspaceModel.moduleManagerBridge.build.module.graph.ms,1769612688608000000,1769612701730000000,0
workspaceModel.moduleBridgeLoader.loading.modules.ms,1769612688608000000,1769612701730000000,0
jps.library.entities.serializer.load.entities.ms,1769612688608000000,1769612701730000000,0
workspaceModel.load.cache.from.file.ms,1769612688608000000,1769612701730000000,0
jps.save.changed.project.entities.ms,1769612688608000000,1769612701730000000,0
workspaceModel.delayed.project.synchronizer.sync.ms,1769612688608000000,1769612701730000000,0
jps.reload.project.entities.ms,1769612688608000000,1769612701730000000,0
jps.load.project.to.empty.storage.ms,1769612688608000000,1769612701730000000,0
workspaceModel.do.save.caches.ms,1769612688608000000,1769612701730000000,0
workspaceModel.mutableEntityStorage.entities.ms,1769612688608000000,1769612701730000000,0
jps.global.get.library.ms,1769612688608000000,1769612701730000000,0
workspaceModel.moduleBridge.update.option.ms,1769612688608000000,1769612701730000000,0
workspaceModel.moduleManagerBridge.load.all.modules.ms,1769612688608000000,1769612701730000000,0
workspaceModel.mutableEntityStorage.referrers.ms,1769612688608000000,1769612701730000000,0
jps.artifact.entities.serializer.save.entities.ms,1769612688608000000,1769612701730000000,0
jps.app.storage.content.reader.load.component.ms,1769612688608000000,1769612701730000000,0
workspaceModel.mutableEntityStorage.remove.entity.ms,1769612688608000000,1769612701730000000,0
workspaceModel.mutableEntityStorage.changeLog.addReplaceEventForNewChild.ms,1769612688608000000,1769612701730000000,0
workspaceModel.mutableEntityStorage.entities.by.source.ms,1769612688608000000,1769612701730000000,0
workspaceModel.moduleBridge.before.changed.ms,1769612688608000000,1769612701730000000,0
jps.library.entities.serializer.save.entities.ms,1769612688608000000,1769612701730000000,0
workspaceModel.mutableEntityStorage.resolve.ms,1769612688608000000,1769612701730000000,0
workspaceModel.mutableEntityStorage.put.entity.ms,1769612688608000000,1769612701730000000,0
workspaceModel.global.updates.ms,1769612688608000000,1769612701730000000,0
workspaceModel.mutableEntityStorage.changeLog.addReplaceEventForRemovedParent.ms,1769612688608000000,1769612701730000000,0
workspaceModel.sync.entities.ms,1769612688608000000,1769612701730000000,0
jps.app.storage.content.writer.save.component.ms,1769612688608000000,1769612701730000000,0
workspaceModel.mutableEntityStorage.add.entity.ms,1769612688608000000,1769612701730000000,0
workspaceModel.moduleManagerBridge.create.module.instance.ms,1769612688608000000,1769612701730000000,0
jps.storage.jps.conf.reader.load.component.ms,1769612688608000000,1769612701730000000,0
VFS.fileChildByName,1769612688608000000,1769612701730000000,0
VFS.fileByIdCache.misses,1769612688608000000,1769612701730000000,0
VFS.fileByIdCache.hits,1769612688608000000,1769612701730000000,0
VFS.invertedFileNameIndex.requests,1769612688608000000,1769612701730000000,0
JVM.totalTimeAtSafepointsMs,1769612688608000000,1769612701730000000,1
JVM.newThreadsCount,1769612688608000000,1769612701730000000,16
JVM.totalDirectByteBuffersBytes,1769612688608000000,1769612701730000000,42931215
JVM.maxHeapBytes,1769612688608000000,1769612701730000000,4196401152
OS.loadAverage,1769612688608000000,1769612701730000000,1.31982421875
JVM.usedNativeBytes,1769612688608000000,1769612701730000000,400801856
JVM.totalSafepointCount,1769612688608000000,1769612701730000000,2
JVM.totalCpuTimeMs,1769612688608000000,1769612701730000000,230
JVM.GC.collections,1769612688608000000,1769612701730000000,0
JVM.totalTimeToSafepointsMs,1769612688608000000,1769612701730000000,0
JVM.GC.collectionTimesMs,1769612688608000000,1769612701730000000,0
JVM.threadCount,1769612688608000000,1769612701730000000,60
JVM.totalBytesAllocated,1769612688608000000,1769612701730000000,8443880
JVM.maxThreadCount,1769612688608000000,1769612701730000000,151
JVM.usedHeapBytes,1769612688608000000,1769612701730000000,479275272
