# OpenTelemetry Metrics report: .csv, 4 fields: 
# <metric name>, <period start, nanoseconds>, <period end, nanoseconds>, <metric value>
# See CsvMetricsExporter for details.
# 
# NAME, PERIOD_START_NANOS, PERIOD_END_NANOS, VALUE
Indexing.cache.totalCacheEvicted,1769608528884000000,1769608588947000000,268980
Indexing.writesQueuedMax,1769608528884000000,1769608588947000000,0
Indexes.stubs.lookups,1769608528884000000,1769608588947000000,4
Indexing.writer_2.totalTimeSpentWritingMs,1769608528884000000,1769608588947000000,1614
Indexing.writer_3.totalTimeSpentWritingMs,1769608528884000000,1769608588947000000,86
Indexes.allKeys.lookupDurationMaxMs,1769608528884000000,1769608588947000000,0.0
Indexes.entries.lookupDurationMaxMs,1769608528884000000,1769608588947000000,0.0
Indexing.writer_1.totalTimeSpentWritingMs,1769608528884000000,1769608588947000000,908
Indexing.writer_0.totalTimeSpentWritingMs,1769608528884000000,1769608588947000000,1749
Indexes.allKeys.lookups,1769608528884000000,1769608588947000000,0
Indexes.entries.lookups,1769608528884000000,1769608588947000000,13
Indexing.cache.totalCacheAccesses,1769608528884000000,1769608588947000000,1304632
Indexes.entries.lookupDuration90PMs,1769608528884000000,1769608588947000000,0.0
IndexesFlusher.totalFlushingTimeUs,1769608528884000000,1769608588947000000,778798
Indexing.totalTimeIndexersSleptMs,1769608528884000000,1769608588947000000,0
IndexesFlusher.totalContentionQuotaSpent,1769608528884000000,1769608588947000000,3
Indexes.allKeys.lookupDuration90PMs,1769608528884000000,1769608588947000000,0.0
Indexes.entries.lookupDurationAvgMs,1769608528884000000,1769608588947000000,0.0
IndexesFlusher.totalFlushes,1769608528884000000,1769608588947000000,102
Indexes.stubs.lookupDurationMaxMs,1769608528884000000,1769608588947000000,0.0
Indexes.stubs.lookupDuration90PMs,1769608528884000000,1769608588947000000,0.0
Indexing.cache.totalCacheMisses,1769608528884000000,1769608588947000000,268984
Indexes.stubs.lookupDurationAvgMs,1769608528884000000,1769608588947000000,0.0
IndexesFlusher.totalFlushesRetried,1769608528884000000,1769608588947000000,0
Indexes.allKeys.lookupDurationAvgMs,1769608528884000000,1769608588947000000,0.0
Indexing.writesQueuedMin,1769608528884000000,1769608588947000000,9223372036854775807
JVM.maxThreadCount,1769608528884000000,1769608588947000000,148
JVM.GC.collectionTimesMs,1769608528884000000,1769608588947000000,434
JVM.GC.collections,1769608528884000000,1769608588947000000,62
OS.loadAverage,1769608528884000000,1769608588947000000,1.37109375
JVM.totalSafepointCount,1769608528884000000,1769608588947000000,221
JVM.threadCount,1769608528884000000,1769608588947000000,145
JVM.totalTimeAtSafepointsMs,1769608528884000000,1769608588947000000,487
JVM.newThreadsCount,1769608528884000000,1769608588947000000,169
JVM.totalBytesAllocated,1769608528884000000,1769608588947000000,6954982456
JVM.totalCpuTimeMs,1769608528884000000,1769608588947000000,88190
JVM.usedNativeBytes,1769608528884000000,1769608588947000000,354437224
JVM.maxHeapBytes,1769608528884000000,1769608588947000000,4196401152
JVM.totalDirectByteBuffersBytes,1769608528884000000,1769608588947000000,177892685
JVM.totalTimeToSafepointsMs,1769608528884000000,1769608588947000000,148
JVM.usedHeapBytes,1769608528884000000,1769608588947000000,594870752
AWTEventQueue.dispatchTimeTotalNS,1769608528884000000,1769608588947000000,5755128059
FlushQueue.executionTimeAvgNs,1769608528884000000,1769608588947000000,0.0
NonBlockingReadAction.failedExecutionTimeUs,1769608528884000000,1769608588947000000,170338
FlushQueue.queueSizeMax,1769608528884000000,1769608588947000000,0
ReadAction.executionsCount,1769608528884000000,1769608588947000000,140281
FlushQueue.waitingTimeAvgNs,1769608528884000000,1769608588947000000,0.0
AWTEventQueue.dispatchTimeMaxNs,1769608528884000000,1769608588947000000,67071
FlushQueue.tasksExecuted,1769608528884000000,1769608588947000000,0
WriteAction.executionsCount,1769608528884000000,1769608588947000000,643
AWTEventQueue.dispatchTimeAvgNs,1769608528884000000,1769608588947000000,54186.666666666664
NonBlockingReadAction.finalizedExecutionsCount,1769608528884000000,1769608588947000000,361
AWTEventQueue.eventsDispatched,1769608528884000000,1769608588947000000,3
FlushQueue.queueSizeAvg,1769608528884000000,1769608588947000000,0.0
FlushQueue.executionTimeMaxNs,1769608528884000000,1769608588947000000,0
NonBlockingReadAction.finalizedExecutionTimeUs,1769608528884000000,1769608588947000000,614386
NonBlockingReadAction.failedExecutionsCount,1769608528884000000,1769608588947000000,460
FlushQueue.queueSize90P,1769608528884000000,1769608588947000000,0
FlushQueue.waitingTime90PNs,1769608528884000000,1769608588947000000,0
AWTEventQueue.dispatchTime90PNs,1769608528884000000,1769608588947000000,67071
FlushQueue.waitingTimeMaxNs,1769608528884000000,1769608588947000000,0
FlushQueue.executionTime90PNs,1769608528884000000,1769608588947000000,0
VFS.contentStorage.recordsUncompressedSize,1769608528884000000,1769608588947000000,1036356
VFS.fileByIdCache.misses,1769608528884000000,1769608588947000000,802
VFS.contentStorage.recordsReadDecompressed,1769608528884000000,1769608588947000000,26
VFS.contentStorage.recordsStoredSize,1769608528884000000,1769608588947000000,429472
VFS.contentStorage.recordsReadSize,1769608528884000000,1769608588947000000,773686
FileNameCache.queries,1769608528884000000,1769608588947000000,1173184
VFS.contentStorage.recordsDecompressionTimeUs,1769608528884000000,1769608588947000000,10050
VFS.contentStorage.recordsDeduplicated,1769608528884000000,1769608588947000000,14
VFS.contentStorage.recordsRead,1769608528884000000,1769608588947000000,73
VFS.contentStorage.recordsStored,1769608528884000000,1769608588947000000,35
VFS.invertedFileNameIndex.requests,1769608528884000000,1769608588947000000,0
VFS.contentStorage.recordsStoredCompressed,1769608528884000000,1769608588947000000,23
VFS.fileChildByName,1769608528884000000,1769608588947000000,251081
VFS.fileByIdCache.hits,1769608528884000000,1769608588947000000,6
FileNameCache.totalMisses,1769608528884000000,1769608588947000000,6016
workspaceModel.global.apply.state.to.project.builder.ms,1769608528884000000,1769608588947000000,3
workspaceModel.mutableEntityStorage.changeLog.addReplaceEventForRemovedParent.ms,1769608528884000000,1769608588947000000,0
jps.apply.loaded.storage.ms,1769608528884000000,1769608588947000000,7
jps.global.handle.changed.events.ms,1769608528884000000,1769608588947000000,0
jps.global.initialize.library.bridges.ms,1769608528884000000,1769608588947000000,1
jps.facet.change.listener.init.bridge.ms,1769608528884000000,1769608588947000000,0
workspaceModel.moduleManagerBridge.new.nonPersistent.module.ms,1769608528884000000,1769608588947000000,0
workspaceModel.mutableEntityStorage.changeLog.addReplaceEventForRemovedChild.ms,1769608528884000000,1769608588947000000,0
jps.module.iml.entities.serializer.load.entities.ms,1769608528884000000,1769608588947000000,15
workspaceModel.mutableEntityStorage.referrers.ms,1769608528884000000,1769608588947000000,0
jps.library.entities.serializer.load.entities.ms,1769608528884000000,1769608588947000000,0
workspaceModel.global.updates.ms,1769608528884000000,1769608588947000000,10
jps.project.serializers.save.ms,1769608528884000000,1769608588947000000,1
jps.artifact.entities.serializer.save.entities.ms,1769608528884000000,1769608588947000000,0
workspaceModel.moduleBridge.facet.initialization.ms,1769608528884000000,1769608588947000000,0
jps.save.changed.project.entities.ms,1769608528884000000,1769608588947000000,1
workspaceModel.load.cache.metadata.from.file.ms,1769608528884000000,1769608588947000000,14
workspaceModel.mutableEntityStorage.changeLog.addReplaceEventForNewParent.ms,1769608528884000000,1769608588947000000,0
workspaceModel.mutableEntityStorage.mutable.ext.mapping.ms,1769608528884000000,1769608588947000000,1
workspaceModel.global.updates.count,1769608528884000000,1769608588947000000,2
jps.module.dependency.index.workspace.model.listener.on.changed.ms,1769608528884000000,1769608588947000000,1
workspaceModel.sync.entities.ms,1769608528884000000,1769608588947000000,0
jps.facet.change.listener.process.change.events.ms,1769608528884000000,1769608588947000000,0
jps.global.get.libraries.ms,1769608528884000000,1769608588947000000,0
jps.app.storage.content.writer.save.component.ms,1769608528884000000,1769608588947000000,12
workspaceModel.global.apply.state.to.project.ms,1769608528884000000,1769608588947000000,41
workspaceModel.mutableEntityStorage.has.same.entities.ms,1769608528884000000,1769608588947000000,0
workspaceModel.moduleBridge.update.option.ms,1769608528884000000,1769608588947000000,0
jps.library.entities.serializer.save.entities.ms,1769608528884000000,1769608588947000000,0
jps.global.handle.before.change.events.ms,1769608528884000000,1769608588947000000,0
workspaceModel.mutableEntityStorage.collect.changes.ms,1769608528884000000,1769608588947000000,1
workspaceModel.mutableEntityStorage.replace.by.source.ms,1769608528884000000,1769608588947000000,10
workspaceModel.mutableEntityStorage.entities.by.source.ms,1769608528884000000,1769608588947000000,1
workspaceModel.mutableEntityStorage.changeLog.addReplaceEventForNewChild.ms,1769608528884000000,1769608588947000000,0
workspaceModel.orphan.listener.update.ms,1769608528884000000,1769608588947000000,3
workspaceModel.mutableEntityStorage.apply.changes.from.ms,1769608528884000000,1769608588947000000,3
workspaceModel.mutableEntityStorage.resolve.ms,1769608528884000000,1769608588947000000,0
jps.global.get.library.by.name.ms,1769608528884000000,1769608588947000000,0
jps.save.global.entities.ms,1769608528884000000,1769608588947000000,25
workspaceModel.moduleBridge.before.changed.ms,1769608528884000000,1769608588947000000,0
jps.global.get.library.ms,1769608528884000000,1769608588947000000,0
workspaceModel.moduleManagerBridge.create.module.instance.ms,1769608528884000000,1769608588947000000,0
jps.storage.jps.conf.reader.load.component.ms,1769608528884000000,1769608588947000000,4
workspaceModel.mutableEntityStorage.to.snapshot.ms,1769608528884000000,1769608588947000000,3
workspaceModel.do.save.caches.ms,1769608528884000000,1769608588947000000,41
workspaceModel.moduleManagerBridge.build.module.graph.ms,1769608528884000000,1769608588947000000,0
jps.reload.project.entities.ms,1769608528884000000,1769608588947000000,0
workspaceModel.delayed.project.synchronizer.sync.ms,1769608528884000000,1769608588947000000,40
workspaceModel.mutableEntityStorage.entities.ms,1769608528884000000,1769608588947000000,0
workspaceModel.moduleBridgeLoader.loading.modules.ms,1769608528884000000,1769608588947000000,422
workspaceModel.mutableEntityStorage.remove.entity.ms,1769608528884000000,1769608588947000000,0
jps.global.initialize.library.bridges.after.loading.ms,1769608528884000000,1769608588947000000,0
workspaceModel.save.cache.to.file.ms,1769608528884000000,1769608588947000000,56
jps.load.project.to.empty.storage.ms,1769608528884000000,1769608588947000000,30
jps.project.serializers.load.ms,1769608528884000000,1769608588947000000,25
workspaceModel.moduleManagerBridge.set.unloadedModules.ms,1769608528884000000,1769608588947000000,0
workspaceModel.mutableEntityStorage.modify.entity.ms,1769608528884000000,1769608588947000000,3
jps.artifact.entities.serializer.load.entities.ms,1769608528884000000,1769608588947000000,0
workspaceModel.mutableEntityStorage.add.entity.ms,1769608528884000000,1769608588947000000,21
workspaceModel.moduleManagerBridge.newModule.ms,1769608528884000000,1769608588947000000,0
workspaceModel.moduleManagerBridge.load.module.ms,1769608528884000000,1769608588947000000,0
workspaceModel.moduleManagerBridge.load.all.modules.ms,1769608528884000000,1769608588947000000,33
jps.module.iml.entities.serializer.save.entities.ms,1769608528884000000,1769608588947000000,0
workspaceModel.mutableEntityStorage.put.entity.ms,1769608528884000000,1769608588947000000,4
workspaceModel.mutableEntityStorage.instances.count,1769608528884000000,1769608588947000000,31
jps.load.initial.state.ms,1769608528884000000,1769608588947000000,61
workspaceModel.mutableEntityStorage.mutable.vfurl.index.ms,1769608528884000000,1769608588947000000,0
workspaceModel.load.cache.from.file.ms,1769608528884000000,1769608588947000000,107
jps.app.storage.content.reader.load.component.ms,1769608528884000000,1769608588947000000,6
workspaceModel.moduleManagerBridge.get.modules.ms,1769608528884000000,1769608588947000000,1
jps.facet.change.listener.before.change.events.ms,1769608528884000000,1769608588947000000,0
workspaceModel.workspaceFileIndexData.getFileInfo.ms,1769608528884000000,1769608588947000000,3362
workspaceModel.init.bridges.ms,1769608528884000000,1769608588947000000,2
workspaceModel.cachedValueWithParameters.calculated.count,1769608528884000000,1769608588947000000,0
workspaceModel.cachedValue.total.get.count,1769608528884000000,1769608588947000000,4132
workspaceModel.workspaceFileIndexData.onEntitiesChanged.ms,1769608528884000000,1769608588947000000,0
workspaceModel.workspaceFileIndexData.visitFileSets.ms,1769608528884000000,1769608588947000000,0
workspaceModel.updates.ms,1769608528884000000,1769608588947000000,32
workspaceModel.cachedValue.calculated.count,1769608528884000000,1769608588947000000,11
workspaceModel.workspaceFileIndexData.instances.count,1769608528884000000,1769608588947000000,1
workspaceModel.workspaceFileIndexData.init.ms,1769608528884000000,1769608588947000000,105
workspaceModel.cachedValueWithParameters.total.get.count,1769608528884000000,1769608588947000000,0
workspaceModel.collect.changes.ms,1769608528884000000,1769608588947000000,0
workspaceModel.entityStorageSnapshotImpl.instances.count,1769608528884000000,1769608588947000000,22
workspaceModel.initializing.ms,1769608528884000000,1769608588947000000,2
workspaceModel.replace.project.model.ms,1769608528884000000,1769608588947000000,0
workspaceModel.workspaceFileIndexData.getPackageName.ms,1769608528884000000,1769608588947000000,0
workspaceModel.cachedValueWithParameters.clear.count,1769608528884000000,1769608588947000000,0
workspaceModel.pre.handlers.ms,1769608528884000000,1769608588947000000,0
workspaceModel.cachedValue.from.cache.count,1769608528884000000,1769608588947000000,4121
workspaceModel.updates.count,1769608528884000000,1769608588947000000,4
workspaceModel.loading.from.cache.ms,1769608528884000000,1769608588947000000,101
workspaceModel.check.recursive.update.ms,1769608528884000000,1769608588947000000,0
workspaceModel.workspaceFileIndexData.getDirectoriesByPackageName.ms,1769608528884000000,1769608588947000000,0
workspaceModel.cachedValue.clear.count,1769608528884000000,1769608588947000000,1
workspaceModel.workspaceFileIndexContributor.registerFileSets.ms,1769608528884000000,1769608588947000000,182
workspaceModel.workspaceFileIndexData.updateDirtyEntities.ms,1769608528884000000,1769608588947000000,0
workspaceModel.on.before.changed.ms,1769608528884000000,1769608588947000000,15
workspaceModel.workspaceFileIndexData.processFileSets.ms,1769608528884000000,1769608588947000000,0
workspaceModel.workspaceFileIndexData.markDirty.ms,1769608528884000000,1769608588947000000,0
workspaceModel.loading.total.ms,1769608528884000000,1769608588947000000,107
workspaceModel.cachedValueWithParameters.from.cache.count,1769608528884000000,1769608588947000000,0
workspaceModel.full.replace.project.model.ms,1769608528884000000,1769608588947000000,2
workspaceModel.to.snapshot.ms,1769608528884000000,1769608588947000000,0
workspaceModel.on.changed.ms,1769608528884000000,1769608588947000000,6
workspaceModel.update.unloaded.entities.ms,1769608528884000000,1769608588947000000,0
workspaceModel.updates.precise.ms,1769608528884000000,1769608588947000000,8
cacheStateStorage.set.counter,1769608528884000000,1769608588947000000,4
cacheStateStorage.get.duration,1769608528884000000,1769608588947000000,390
cacheStateStorage.set.duration,1769608528884000000,1769608588947000000,18
cacheStateStorage.get.counter,1769608528884000000,1769608588947000000,146
DiskQueryRelay.tasksRequested,1769608528884000000,1769608588947000000,8381
parser.Markdown.time.ns,1769608528884000000,1769608588947000000,15887196
parser.PythonStub.size.bytes,1769608528884000000,1769608588947000000,329172
lexer.Python.time.ns,1769608528884000000,1769608588947000000,5716726103
lexer.Markdown.time.ns,1769608528884000000,1769608588947000000,46601497
writeAction.max.wait.ms,1769608528884000000,1769608588947000000,2
parser.Markdown.size.bytes,1769608528884000000,1769608588947000000,6120
lexer.PythonStub.size.bytes,1769608528884000000,1769608588947000000,329172
parser.HTML.size.bytes,1769608528884000000,1769608588947000000,2969
DiskQueryRelay.tasksExecuted,1769608528884000000,1769608588947000000,8376
DiskQueryRelay.taskWaitingTotalTimeUs,1769608528884000000,1769608588947000000,1579956
lexer.Python.size.bytes,1769608528884000000,1769608588947000000,23030984
writeAction.count,1769608528884000000,1769608588947000000,643
lexer.Markdown.size.bytes,1769608528884000000,1769608588947000000,6120
lexer.HTML.time.ns,1769608528884000000,1769608588947000000,20095130
writeAction.wait.ms,1769608528884000000,1769608588947000000,32
parser.Python.time.ns,1769608528884000000,1769608588947000000,7867658743
DiskQueryRelay.taskExecutionTotalTimeUs,1769608528884000000,1769608588947000000,1047636
parser.Python.size.bytes,1769608528884000000,1769608588947000000,23030984
lexer.PythonStub.time.ns,1769608528884000000,1769608588947000000,49686226
parser.PythonStub.time.ns,1769608528884000000,1769608588947000000,86356060
writeAction.median.wait.ms,1769608528884000000,1769608588947000000,0
parser.HTML.time.ns,1769608528884000000,1769608588947000000,18287928
lexer.HTML.size.bytes,1769608528884000000,1769608588947000000,2969
FilePageCache.uncachedFileAccess,1769608528884000000,1769608588947000000,239
FilePageCacheLockFree.totalPagesWriteMs,1769608528884000000,1769608588947000000,0
FilePageCacheLockFree.totalPagesAllocated,1769608528884000000,1769608588947000000,0
FilePageCacheLockFree.totalHeapBytesReclaimed,1769608528884000000,1769608588947000000,0
DirectByteBufferAllocator.totalSizeOfBuffersAllocatedInBytes,1769608528884000000,1769608588947000000,167829504
StorageLockContext.competingThreads.avg,1769608528884000000,1769608588947000000,0.0
DirectByteBufferAllocator.totalSizeOfBuffersCachedInBytes,1769608528884000000,1769608588947000000,0
FilePageCache.pageFastCacheHits,1769608528884000000,1769608588947000000,634330
DirectByteBufferAllocator.reclaimed,1769608528884000000,1769608588947000000,3
FileChannelInterruptsRetryer.totalRetriedAttempts,1769608528884000000,1769608588947000000,0
MappedFileStorage.totalBytesMapped,1769608528884000000,1769608588947000000,257163264
StreamlinedBlobStorage.totalLiveRecordsPayloadBytes,1769608528884000000,1769608588947000000,36509584
FilePageCacheLockFree.totalPageAllocationsWaited,1769608528884000000,1769608588947000000,0
FilePageCacheLockFree.totalNativeBytesReclaimed,1769608528884000000,1769608588947000000,0
MappedFileStorage.totalTimeSpentOnMappingUs,1769608528884000000,1769608588947000000,10821
StorageLockContext.competingThreads.90P,1769608528884000000,1769608588947000000,0
FilePageCacheLockFree.totalPagesWritten,1769608528884000000,1769608588947000000,0
DirectByteBufferAllocator.hits,1769608528884000000,1769608588947000000,3
FilePageCacheLockFree.totalClosedStoragesReclaimed,1769608528884000000,1769608588947000000,0
FilePageCacheLockFree.nativeBytesInUse,1769608528884000000,1769608588947000000,0
FilePageCacheLockFree.totalHeapBytesAllocated,1769608528884000000,1769608588947000000,0
FilePageCacheLockFree.totalPagesRequested,1769608528884000000,1769608588947000000,0
StorageLockContext.competingThreads.max,1769608528884000000,1769608588947000000,0
MappedFileStorage.storages,1769608528884000000,1769608588947000000,15
FilePageCacheLockFree.totalPagesHandedOver,1769608528884000000,1769608588947000000,0
FilePageCache.disposedBuffers,1769608528884000000,1769608588947000000,3
FilePageCacheLockFree.totalBytesRequested,1769608528884000000,1769608588947000000,0
FilePageCache.totalPageDisposalsUs,1769608528884000000,1769608588947000000,555
FilePageCacheLockFree.heapBytesInUse,1769608528884000000,1769608588947000000,0
FilePageCacheLockFree.totalPagesReadMs,1769608528884000000,1769608588947000000,0
FilePageCacheLockFree.housekeeperTurnsDone,1769608528884000000,1769608588947000000,0
DirectByteBufferAllocator.disposed,1769608528884000000,1769608588947000000,0
FilePageCache.pageLoads,1769608528884000000,1769608588947000000,170
FilePageCacheLockFree.totalNativeBytesAllocated,1769608528884000000,1769608588947000000,0
FilePageCacheLockFree.totalPagesReclaimed,1769608528884000000,1769608588947000000,0
FilePageCache.capacityInBytes,1769608528884000000,1769608588947000000,503316478
StreamlinedBlobStorage.recordsAllocated,1769608528884000000,1769608588947000000,769240
FilePageCacheLockFree.totalBytesRead,1769608528884000000,1769608588947000000,0
StreamlinedBlobStorage.recordsDeleted,1769608528884000000,1769608588947000000,59
FilePageCache.pageHits,1769608528884000000,1769608588947000000,27629
FilePageCache.maxRegisteredFiles,1769608528884000000,1769608588947000000,252
StreamlinedBlobStorage.totalLiveRecordsCapacityBytes,1769608528884000000,1769608588947000000,71257624
FilePageCacheLockFree.totalPagesRequestsMs,1769608528884000000,1769608588947000000,0
FilePageCacheLockFree.housekeeperTurnsSkipped,1769608528884000000,1769608588947000000,0
MappedFileStorage.totalPagesMapped,1769608528884000000,1769608588947000000,20
FilePageCache.pageLoadsAboveSizeThreshold,1769608528884000000,1769608588947000000,0
FilePageCacheLockFree.totalBytesWritten,1769608528884000000,1769608588947000000,0
FilePageCache.maxCacheSizeInBytes,1769608528884000000,1769608588947000000,167829504
FilePageCache.totalPageLoadsUs,1769608528884000000,1769608588947000000,305774
DirectByteBufferAllocator.misses,1769608528884000000,1769608588947000000,167
StreamlinedBlobStorage.recordsRelocated,1769608528884000000,1769608588947000000,0
FilePageCacheLockFree.housekeeperTimeSpentMs,1769608528884000000,1769608588947000000,0
Indexing.cache.totalCacheEvicted,1769608588947000000,1769608648898000000,0
Indexing.writesQueuedMax,1769608588947000000,1769608648898000000,0
Indexes.stubs.lookups,1769608588947000000,1769608648898000000,0
Indexing.writer_2.totalTimeSpentWritingMs,1769608588947000000,1769608648898000000,0
Indexing.writer_3.totalTimeSpentWritingMs,1769608588947000000,1769608648898000000,0
Indexes.allKeys.lookupDurationMaxMs,1769608588947000000,1769608648898000000,0.0
Indexes.entries.lookupDurationMaxMs,1769608588947000000,1769608648898000000,0.0
Indexing.writer_1.totalTimeSpentWritingMs,1769608588947000000,1769608648898000000,0
Indexing.writer_0.totalTimeSpentWritingMs,1769608588947000000,1769608648898000000,0
Indexes.allKeys.lookups,1769608588947000000,1769608648898000000,0
Indexes.entries.lookups,1769608588947000000,1769608648898000000,0
Indexing.cache.totalCacheAccesses,1769608588947000000,1769608648898000000,0
Indexes.entries.lookupDuration90PMs,1769608588947000000,1769608648898000000,0.0
IndexesFlusher.totalFlushingTimeUs,1769608588947000000,1769608648898000000,40105
Indexing.totalTimeIndexersSleptMs,1769608588947000000,1769608648898000000,0
IndexesFlusher.totalContentionQuotaSpent,1769608588947000000,1769608648898000000,0
Indexes.allKeys.lookupDuration90PMs,1769608588947000000,1769608648898000000,0.0
Indexes.entries.lookupDurationAvgMs,1769608588947000000,1769608648898000000,0.0
IndexesFlusher.totalFlushes,1769608588947000000,1769608648898000000,120
Indexes.stubs.lookupDurationMaxMs,1769608588947000000,1769608648898000000,0.0
Indexes.stubs.lookupDuration90PMs,1769608588947000000,1769608648898000000,0.0
Indexing.cache.totalCacheMisses,1769608588947000000,1769608648898000000,0
Indexes.stubs.lookupDurationAvgMs,1769608588947000000,1769608648898000000,0.0
IndexesFlusher.totalFlushesRetried,1769608588947000000,1769608648898000000,0
Indexes.allKeys.lookupDurationAvgMs,1769608588947000000,1769608648898000000,0.0
Indexing.writesQueuedMin,1769608588947000000,1769608648898000000,9223372036854775807
JVM.maxThreadCount,1769608588947000000,1769608648898000000,148
JVM.GC.collectionTimesMs,1769608588947000000,1769608648898000000,0
JVM.GC.collections,1769608588947000000,1769608648898000000,0
OS.loadAverage,1769608588947000000,1769608648898000000,1.4423828125
JVM.totalSafepointCount,1769608588947000000,1769608648898000000,21
JVM.threadCount,1769608588947000000,1769608648898000000,53
JVM.totalTimeAtSafepointsMs,1769608588947000000,1769608648898000000,0
JVM.newThreadsCount,1769608588947000000,1769608648898000000,3
JVM.totalBytesAllocated,1769608588947000000,1769608648898000000,37688768
JVM.totalCpuTimeMs,1769608588947000000,1769608648898000000,1320
JVM.usedNativeBytes,1769608588947000000,1769608648898000000,357064352
JVM.maxHeapBytes,1769608588947000000,1769608648898000000,4196401152
JVM.totalDirectByteBuffersBytes,1769608588947000000,1769608648898000000,168630132
JVM.totalTimeToSafepointsMs,1769608588947000000,1769608648898000000,1
JVM.usedHeapBytes,1769608588947000000,1769608648898000000,636813792
AWTEventQueue.dispatchTimeTotalNS,1769608588947000000,1769608648898000000,73446307
FlushQueue.executionTimeAvgNs,1769608588947000000,1769608648898000000,0.0
NonBlockingReadAction.failedExecutionTimeUs,1769608588947000000,1769608648898000000,0
FlushQueue.queueSizeMax,1769608588947000000,1769608648898000000,0
ReadAction.executionsCount,1769608588947000000,1769608648898000000,1
FlushQueue.waitingTimeAvgNs,1769608588947000000,1769608648898000000,0.0
AWTEventQueue.dispatchTimeMaxNs,1769608588947000000,1769608648898000000,19583
FlushQueue.tasksExecuted,1769608588947000000,1769608648898000000,0
WriteAction.executionsCount,1769608588947000000,1769608648898000000,0
AWTEventQueue.dispatchTimeAvgNs,1769608588947000000,1769608648898000000,19520.0
NonBlockingReadAction.finalizedExecutionsCount,1769608588947000000,1769608648898000000,0
AWTEventQueue.eventsDispatched,1769608588947000000,1769608648898000000,1
FlushQueue.queueSizeAvg,1769608588947000000,1769608648898000000,0.0
FlushQueue.executionTimeMaxNs,1769608588947000000,1769608648898000000,0
NonBlockingReadAction.finalizedExecutionTimeUs,1769608588947000000,1769608648898000000,0
NonBlockingReadAction.failedExecutionsCount,1769608588947000000,1769608648898000000,0
FlushQueue.queueSize90P,1769608588947000000,1769608648898000000,0
FlushQueue.waitingTime90PNs,1769608588947000000,1769608648898000000,0
AWTEventQueue.dispatchTime90PNs,1769608588947000000,1769608648898000000,19583
FlushQueue.waitingTimeMaxNs,1769608588947000000,1769608648898000000,0
FlushQueue.executionTime90PNs,1769608588947000000,1769608648898000000,0
VFS.contentStorage.recordsUncompressedSize,1769608588947000000,1769608648898000000,0
VFS.fileByIdCache.misses,1769608588947000000,1769608648898000000,0
VFS.contentStorage.recordsReadDecompressed,1769608588947000000,1769608648898000000,0
VFS.contentStorage.recordsStoredSize,1769608588947000000,1769608648898000000,0
VFS.contentStorage.recordsReadSize,1769608588947000000,1769608648898000000,0
FileNameCache.queries,1769608588947000000,1769608648898000000,0
VFS.contentStorage.recordsDecompressionTimeUs,1769608588947000000,1769608648898000000,0
VFS.contentStorage.recordsDeduplicated,1769608588947000000,1769608648898000000,0
VFS.contentStorage.recordsRead,1769608588947000000,1769608648898000000,0
VFS.contentStorage.recordsStored,1769608588947000000,1769608648898000000,0
VFS.invertedFileNameIndex.requests,1769608588947000000,1769608648898000000,0
VFS.contentStorage.recordsStoredCompressed,1769608588947000000,1769608648898000000,0
VFS.fileChildByName,1769608588947000000,1769608648898000000,0
VFS.fileByIdCache.hits,1769608588947000000,1769608648898000000,0
FileNameCache.totalMisses,1769608588947000000,1769608648898000000,0
workspaceModel.global.apply.state.to.project.builder.ms,1769608588947000000,1769608648898000000,0
workspaceModel.mutableEntityStorage.changeLog.addReplaceEventForRemovedParent.ms,1769608588947000000,1769608648898000000,0
jps.apply.loaded.storage.ms,1769608588947000000,1769608648898000000,0
jps.global.handle.changed.events.ms,1769608588947000000,1769608648898000000,0
jps.global.initialize.library.bridges.ms,1769608588947000000,1769608648898000000,0
jps.facet.change.listener.init.bridge.ms,1769608588947000000,1769608648898000000,0
workspaceModel.moduleManagerBridge.new.nonPersistent.module.ms,1769608588947000000,1769608648898000000,0
workspaceModel.mutableEntityStorage.changeLog.addReplaceEventForRemovedChild.ms,1769608588947000000,1769608648898000000,0
jps.module.iml.entities.serializer.load.entities.ms,1769608588947000000,1769608648898000000,0
workspaceModel.mutableEntityStorage.referrers.ms,1769608588947000000,1769608648898000000,0
jps.library.entities.serializer.load.entities.ms,1769608588947000000,1769608648898000000,0
workspaceModel.global.updates.ms,1769608588947000000,1769608648898000000,0
jps.project.serializers.save.ms,1769608588947000000,1769608648898000000,0
jps.artifact.entities.serializer.save.entities.ms,1769608588947000000,1769608648898000000,0
workspaceModel.moduleBridge.facet.initialization.ms,1769608588947000000,1769608648898000000,0
jps.save.changed.project.entities.ms,1769608588947000000,1769608648898000000,0
workspaceModel.load.cache.metadata.from.file.ms,1769608588947000000,1769608648898000000,0
workspaceModel.mutableEntityStorage.changeLog.addReplaceEventForNewParent.ms,1769608588947000000,1769608648898000000,0
workspaceModel.mutableEntityStorage.mutable.ext.mapping.ms,1769608588947000000,1769608648898000000,0
workspaceModel.global.updates.count,1769608588947000000,1769608648898000000,0
jps.module.dependency.index.workspace.model.listener.on.changed.ms,1769608588947000000,1769608648898000000,0
workspaceModel.sync.entities.ms,1769608588947000000,1769608648898000000,0
jps.facet.change.listener.process.change.events.ms,1769608588947000000,1769608648898000000,0
jps.global.get.libraries.ms,1769608588947000000,1769608648898000000,0
jps.app.storage.content.writer.save.component.ms,1769608588947000000,1769608648898000000,0
workspaceModel.global.apply.state.to.project.ms,1769608588947000000,1769608648898000000,0
workspaceModel.mutableEntityStorage.has.same.entities.ms,1769608588947000000,1769608648898000000,0
workspaceModel.moduleBridge.update.option.ms,1769608588947000000,1769608648898000000,0
jps.library.entities.serializer.save.entities.ms,1769608588947000000,1769608648898000000,0
jps.global.handle.before.change.events.ms,1769608588947000000,1769608648898000000,0
workspaceModel.mutableEntityStorage.collect.changes.ms,1769608588947000000,1769608648898000000,0
workspaceModel.mutableEntityStorage.replace.by.source.ms,1769608588947000000,1769608648898000000,0
workspaceModel.mutableEntityStorage.entities.by.source.ms,1769608588947000000,1769608648898000000,0
workspaceModel.mutableEntityStorage.changeLog.addReplaceEventForNewChild.ms,1769608588947000000,1769608648898000000,0
workspaceModel.orphan.listener.update.ms,1769608588947000000,1769608648898000000,0
workspaceModel.mutableEntityStorage.apply.changes.from.ms,1769608588947000000,1769608648898000000,0
workspaceModel.mutableEntityStorage.resolve.ms,1769608588947000000,1769608648898000000,0
jps.global.get.library.by.name.ms,1769608588947000000,1769608648898000000,0
jps.save.global.entities.ms,1769608588947000000,1769608648898000000,0
workspaceModel.moduleBridge.before.changed.ms,1769608588947000000,1769608648898000000,0
jps.global.get.library.ms,1769608588947000000,1769608648898000000,0
workspaceModel.moduleManagerBridge.create.module.instance.ms,1769608588947000000,1769608648898000000,0
jps.storage.jps.conf.reader.load.component.ms,1769608588947000000,1769608648898000000,0
workspaceModel.mutableEntityStorage.to.snapshot.ms,1769608588947000000,1769608648898000000,0
workspaceModel.do.save.caches.ms,1769608588947000000,1769608648898000000,0
workspaceModel.moduleManagerBridge.build.module.graph.ms,1769608588947000000,1769608648898000000,0
jps.reload.project.entities.ms,1769608588947000000,1769608648898000000,0
workspaceModel.delayed.project.synchronizer.sync.ms,1769608588947000000,1769608648898000000,0
workspaceModel.mutableEntityStorage.entities.ms,1769608588947000000,1769608648898000000,0
workspaceModel.moduleBridgeLoader.loading.modules.ms,1769608588947000000,1769608648898000000,0
workspaceModel.mutableEntityStorage.remove.entity.ms,1769608588947000000,1769608648898000000,0
jps.global.initialize.library.bridges.after.loading.ms,1769608588947000000,1769608648898000000,0
workspaceModel.save.cache.to.file.ms,1769608588947000000,1769608648898000000,0
jps.load.project.to.empty.storage.ms,1769608588947000000,1769608648898000000,0
jps.project.serializers.load.ms,1769608588947000000,1769608648898000000,0
workspaceModel.moduleManagerBridge.set.unloadedModules.ms,1769608588947000000,1769608648898000000,0
workspaceModel.mutableEntityStorage.modify.entity.ms,1769608588947000000,1769608648898000000,0
jps.artifact.entities.serializer.load.entities.ms,1769608588947000000,1769608648898000000,0
workspaceModel.mutableEntityStorage.add.entity.ms,1769608588947000000,1769608648898000000,0
workspaceModel.moduleManagerBridge.newModule.ms,1769608588947000000,1769608648898000000,0
workspaceModel.moduleManagerBridge.load.module.ms,1769608588947000000,1769608648898000000,0
workspaceModel.moduleManagerBridge.load.all.modules.ms,1769608588947000000,1769608648898000000,0
jps.module.iml.entities.serializer.save.entities.ms,1769608588947000000,1769608648898000000,0
workspaceModel.mutableEntityStorage.put.entity.ms,1769608588947000000,1769608648898000000,0
workspaceModel.mutableEntityStorage.instances.count,1769608588947000000,1769608648898000000,0
jps.load.initial.state.ms,1769608588947000000,1769608648898000000,0
workspaceModel.mutableEntityStorage.mutable.vfurl.index.ms,1769608588947000000,1769608648898000000,0
workspaceModel.load.cache.from.file.ms,1769608588947000000,1769608648898000000,0
jps.app.storage.content.reader.load.component.ms,1769608588947000000,1769608648898000000,0
workspaceModel.moduleManagerBridge.get.modules.ms,1769608588947000000,1769608648898000000,0
jps.facet.change.listener.before.change.events.ms,1769608588947000000,1769608648898000000,0
workspaceModel.workspaceFileIndexData.getFileInfo.ms,1769608588947000000,1769608648898000000,0
workspaceModel.init.bridges.ms,1769608588947000000,1769608648898000000,0
workspaceModel.cachedValueWithParameters.calculated.count,1769608588947000000,1769608648898000000,0
workspaceModel.cachedValue.total.get.count,1769608588947000000,1769608648898000000,2
workspaceModel.workspaceFileIndexData.onEntitiesChanged.ms,1769608588947000000,1769608648898000000,0
workspaceModel.workspaceFileIndexData.visitFileSets.ms,1769608588947000000,1769608648898000000,0
workspaceModel.updates.ms,1769608588947000000,1769608648898000000,0
workspaceModel.cachedValue.calculated.count,1769608588947000000,1769608648898000000,0
workspaceModel.workspaceFileIndexData.instances.count,1769608588947000000,1769608648898000000,0
workspaceModel.workspaceFileIndexData.init.ms,1769608588947000000,1769608648898000000,0
workspaceModel.cachedValueWithParameters.total.get.count,1769608588947000000,1769608648898000000,0
workspaceModel.collect.changes.ms,1769608588947000000,1769608648898000000,0
workspaceModel.entityStorageSnapshotImpl.instances.count,1769608588947000000,1769608648898000000,0
workspaceModel.initializing.ms,1769608588947000000,1769608648898000000,0
workspaceModel.replace.project.model.ms,1769608588947000000,1769608648898000000,0
workspaceModel.workspaceFileIndexData.getPackageName.ms,1769608588947000000,1769608648898000000,0
workspaceModel.cachedValueWithParameters.clear.count,1769608588947000000,1769608648898000000,0
workspaceModel.pre.handlers.ms,1769608588947000000,1769608648898000000,0
workspaceModel.cachedValue.from.cache.count,1769608588947000000,1769608648898000000,2
workspaceModel.updates.count,1769608588947000000,1769608648898000000,0
workspaceModel.loading.from.cache.ms,1769608588947000000,1769608648898000000,0
workspaceModel.check.recursive.update.ms,1769608588947000000,1769608648898000000,0
workspaceModel.workspaceFileIndexData.getDirectoriesByPackageName.ms,1769608588947000000,1769608648898000000,0
workspaceModel.cachedValue.clear.count,1769608588947000000,1769608648898000000,0
workspaceModel.workspaceFileIndexContributor.registerFileSets.ms,1769608588947000000,1769608648898000000,0
workspaceModel.workspaceFileIndexData.updateDirtyEntities.ms,1769608588947000000,1769608648898000000,0
workspaceModel.on.before.changed.ms,1769608588947000000,1769608648898000000,0
workspaceModel.workspaceFileIndexData.processFileSets.ms,1769608588947000000,1769608648898000000,0
workspaceModel.workspaceFileIndexData.markDirty.ms,1769608588947000000,1769608648898000000,0
workspaceModel.loading.total.ms,1769608588947000000,1769608648898000000,0
workspaceModel.cachedValueWithParameters.from.cache.count,1769608588947000000,1769608648898000000,0
workspaceModel.full.replace.project.model.ms,1769608588947000000,1769608648898000000,0
workspaceModel.to.snapshot.ms,1769608588947000000,1769608648898000000,0
workspaceModel.on.changed.ms,1769608588947000000,1769608648898000000,0
workspaceModel.update.unloaded.entities.ms,1769608588947000000,1769608648898000000,0
workspaceModel.updates.precise.ms,1769608588947000000,1769608648898000000,0
cacheStateStorage.set.counter,1769608588947000000,1769608648898000000,0
cacheStateStorage.get.duration,1769608588947000000,1769608648898000000,0
cacheStateStorage.set.duration,1769608588947000000,1769608648898000000,0
cacheStateStorage.get.counter,1769608588947000000,1769608648898000000,0
DiskQueryRelay.tasksRequested,1769608588947000000,1769608648898000000,0
writeAction.max.wait.ms,1769608588947000000,1769608648898000000,2
DiskQueryRelay.tasksExecuted,1769608588947000000,1769608648898000000,0
DiskQueryRelay.taskWaitingTotalTimeUs,1769608588947000000,1769608648898000000,0
writeAction.count,1769608588947000000,1769608648898000000,0
writeAction.wait.ms,1769608588947000000,1769608648898000000,0
DiskQueryRelay.taskExecutionTotalTimeUs,1769608588947000000,1769608648898000000,0
writeAction.median.wait.ms,1769608588947000000,1769608648898000000,0
FilePageCache.uncachedFileAccess,1769608588947000000,1769608648898000000,0
FilePageCacheLockFree.totalPagesWriteMs,1769608588947000000,1769608648898000000,0
FilePageCacheLockFree.totalPagesAllocated,1769608588947000000,1769608648898000000,0
FilePageCacheLockFree.totalHeapBytesReclaimed,1769608588947000000,1769608648898000000,0
DirectByteBufferAllocator.totalSizeOfBuffersAllocatedInBytes,1769608588947000000,1769608648898000000,167829504
StorageLockContext.competingThreads.avg,1769608588947000000,1769608648898000000,0.0
DirectByteBufferAllocator.totalSizeOfBuffersCachedInBytes,1769608588947000000,1769608648898000000,0
FilePageCache.pageFastCacheHits,1769608588947000000,1769608648898000000,0
DirectByteBufferAllocator.reclaimed,1769608588947000000,1769608648898000000,0
FileChannelInterruptsRetryer.totalRetriedAttempts,1769608588947000000,1769608648898000000,0
MappedFileStorage.totalBytesMapped,1769608588947000000,1769608648898000000,257163264
StreamlinedBlobStorage.totalLiveRecordsPayloadBytes,1769608588947000000,1769608648898000000,0
FilePageCacheLockFree.totalPageAllocationsWaited,1769608588947000000,1769608648898000000,0
FilePageCacheLockFree.totalNativeBytesReclaimed,1769608588947000000,1769608648898000000,0
MappedFileStorage.totalTimeSpentOnMappingUs,1769608588947000000,1769608648898000000,10821
StorageLockContext.competingThreads.90P,1769608588947000000,1769608648898000000,0
FilePageCacheLockFree.totalPagesWritten,1769608588947000000,1769608648898000000,0
DirectByteBufferAllocator.hits,1769608588947000000,1769608648898000000,0
FilePageCacheLockFree.totalClosedStoragesReclaimed,1769608588947000000,1769608648898000000,0
FilePageCacheLockFree.nativeBytesInUse,1769608588947000000,1769608648898000000,0
FilePageCacheLockFree.totalHeapBytesAllocated,1769608588947000000,1769608648898000000,0
FilePageCacheLockFree.totalPagesRequested,1769608588947000000,1769608648898000000,0
StorageLockContext.competingThreads.max,1769608588947000000,1769608648898000000,0
MappedFileStorage.storages,1769608588947000000,1769608648898000000,15
FilePageCacheLockFree.totalPagesHandedOver,1769608588947000000,1769608648898000000,0
FilePageCache.disposedBuffers,1769608588947000000,1769608648898000000,0
FilePageCacheLockFree.totalBytesRequested,1769608588947000000,1769608648898000000,0
FilePageCache.totalPageDisposalsUs,1769608588947000000,1769608648898000000,0
FilePageCacheLockFree.heapBytesInUse,1769608588947000000,1769608648898000000,0
FilePageCacheLockFree.totalPagesReadMs,1769608588947000000,1769608648898000000,0
FilePageCacheLockFree.housekeeperTurnsDone,1769608588947000000,1769608648898000000,0
DirectByteBufferAllocator.disposed,1769608588947000000,1769608648898000000,0
FilePageCache.pageLoads,1769608588947000000,1769608648898000000,0
FilePageCacheLockFree.totalNativeBytesAllocated,1769608588947000000,1769608648898000000,0
FilePageCacheLockFree.totalPagesReclaimed,1769608588947000000,1769608648898000000,0
FilePageCache.capacityInBytes,1769608588947000000,1769608648898000000,503316478
StreamlinedBlobStorage.recordsAllocated,1769608588947000000,1769608648898000000,0
FilePageCacheLockFree.totalBytesRead,1769608588947000000,1769608648898000000,0
StreamlinedBlobStorage.recordsDeleted,1769608588947000000,1769608648898000000,0
FilePageCache.pageHits,1769608588947000000,1769608648898000000,0
FilePageCache.maxRegisteredFiles,1769608588947000000,1769608648898000000,252
StreamlinedBlobStorage.totalLiveRecordsCapacityBytes,1769608588947000000,1769608648898000000,0
FilePageCacheLockFree.totalPagesRequestsMs,1769608588947000000,1769608648898000000,0
FilePageCacheLockFree.housekeeperTurnsSkipped,1769608588947000000,1769608648898000000,0
MappedFileStorage.totalPagesMapped,1769608588947000000,1769608648898000000,20
FilePageCache.pageLoadsAboveSizeThreshold,1769608588947000000,1769608648898000000,0
FilePageCacheLockFree.totalBytesWritten,1769608588947000000,1769608648898000000,0
FilePageCache.maxCacheSizeInBytes,1769608588947000000,1769608648898000000,167829504
FilePageCache.totalPageLoadsUs,1769608588947000000,1769608648898000000,0
DirectByteBufferAllocator.misses,1769608588947000000,1769608648898000000,0
StreamlinedBlobStorage.recordsRelocated,1769608588947000000,1769608648898000000,0
FilePageCacheLockFree.housekeeperTimeSpentMs,1769608588947000000,1769608648898000000,0
Indexing.cache.totalCacheEvicted,1769608648898000000,1769608708896000000,0
Indexing.writesQueuedMax,1769608648898000000,1769608708896000000,0
Indexes.stubs.lookups,1769608648898000000,1769608708896000000,0
Indexing.writer_2.totalTimeSpentWritingMs,1769608648898000000,1769608708896000000,0
Indexing.writer_3.totalTimeSpentWritingMs,1769608648898000000,1769608708896000000,0
Indexes.allKeys.lookupDurationMaxMs,1769608648898000000,1769608708896000000,0.0
Indexes.entries.lookupDurationMaxMs,1769608648898000000,1769608708896000000,0.0
Indexing.writer_1.totalTimeSpentWritingMs,1769608648898000000,1769608708896000000,0
Indexing.writer_0.totalTimeSpentWritingMs,1769608648898000000,1769608708896000000,0
Indexes.allKeys.lookups,1769608648898000000,1769608708896000000,0
Indexes.entries.lookups,1769608648898000000,1769608708896000000,0
Indexing.cache.totalCacheAccesses,1769608648898000000,1769608708896000000,0
Indexes.entries.lookupDuration90PMs,1769608648898000000,1769608708896000000,0.0
IndexesFlusher.totalFlushingTimeUs,1769608648898000000,1769608708896000000,34427
Indexing.totalTimeIndexersSleptMs,1769608648898000000,1769608708896000000,0
IndexesFlusher.totalContentionQuotaSpent,1769608648898000000,1769608708896000000,0
Indexes.allKeys.lookupDuration90PMs,1769608648898000000,1769608708896000000,0.0
Indexes.entries.lookupDurationAvgMs,1769608648898000000,1769608708896000000,0.0
IndexesFlusher.totalFlushes,1769608648898000000,1769608708896000000,119
Indexes.stubs.lookupDurationMaxMs,1769608648898000000,1769608708896000000,0.0
Indexes.stubs.lookupDuration90PMs,1769608648898000000,1769608708896000000,0.0
Indexing.cache.totalCacheMisses,1769608648898000000,1769608708896000000,0
Indexes.stubs.lookupDurationAvgMs,1769608648898000000,1769608708896000000,0.0
IndexesFlusher.totalFlushesRetried,1769608648898000000,1769608708896000000,0
Indexes.allKeys.lookupDurationAvgMs,1769608648898000000,1769608708896000000,0.0
Indexing.writesQueuedMin,1769608648898000000,1769608708896000000,9223372036854775807
JVM.maxThreadCount,1769608648898000000,1769608708896000000,148
JVM.GC.collectionTimesMs,1769608648898000000,1769608708896000000,0
JVM.GC.collections,1769608648898000000,1769608708896000000,0
OS.loadAverage,1769608648898000000,1769608708896000000,1.3818359375
JVM.totalSafepointCount,1769608648898000000,1769608708896000000,11
JVM.threadCount,1769608648898000000,1769608708896000000,47
JVM.totalTimeAtSafepointsMs,1769608648898000000,1769608708896000000,0
JVM.newThreadsCount,1769608648898000000,1769608708896000000,3
JVM.totalBytesAllocated,1769608648898000000,1769608708896000000,29087856
JVM.totalCpuTimeMs,1769608648898000000,1769608708896000000,800
JVM.usedNativeBytes,1769608648898000000,1769608708896000000,357945296
JVM.maxHeapBytes,1769608648898000000,1769608708896000000,4196401152
JVM.totalDirectByteBuffersBytes,1769608648898000000,1769608708896000000,168535652
JVM.totalTimeToSafepointsMs,1769608648898000000,1769608708896000000,0
JVM.usedHeapBytes,1769608648898000000,1769608708896000000,668271072
AWTEventQueue.dispatchTimeTotalNS,1769608648898000000,1769608708896000000,75137896
FlushQueue.executionTimeAvgNs,1769608648898000000,1769608708896000000,0.0
NonBlockingReadAction.failedExecutionTimeUs,1769608648898000000,1769608708896000000,0
FlushQueue.queueSizeMax,1769608648898000000,1769608708896000000,0
ReadAction.executionsCount,1769608648898000000,1769608708896000000,128
FlushQueue.waitingTimeAvgNs,1769608648898000000,1769608708896000000,0.0
AWTEventQueue.dispatchTimeMaxNs,1769608648898000000,1769608708896000000,19839
FlushQueue.tasksExecuted,1769608648898000000,1769608708896000000,0
WriteAction.executionsCount,1769608648898000000,1769608708896000000,1
AWTEventQueue.dispatchTimeAvgNs,1769608648898000000,1769608708896000000,19776.0
NonBlockingReadAction.finalizedExecutionsCount,1769608648898000000,1769608708896000000,0
AWTEventQueue.eventsDispatched,1769608648898000000,1769608708896000000,1
FlushQueue.queueSizeAvg,1769608648898000000,1769608708896000000,0.0
FlushQueue.executionTimeMaxNs,1769608648898000000,1769608708896000000,0
NonBlockingReadAction.finalizedExecutionTimeUs,1769608648898000000,1769608708896000000,0
NonBlockingReadAction.failedExecutionsCount,1769608648898000000,1769608708896000000,0
FlushQueue.queueSize90P,1769608648898000000,1769608708896000000,0
FlushQueue.waitingTime90PNs,1769608648898000000,1769608708896000000,0
AWTEventQueue.dispatchTime90PNs,1769608648898000000,1769608708896000000,19839
FlushQueue.waitingTimeMaxNs,1769608648898000000,1769608708896000000,0
FlushQueue.executionTime90PNs,1769608648898000000,1769608708896000000,0
VFS.contentStorage.recordsUncompressedSize,1769608648898000000,1769608708896000000,0
VFS.fileByIdCache.misses,1769608648898000000,1769608708896000000,0
VFS.contentStorage.recordsReadDecompressed,1769608648898000000,1769608708896000000,0
VFS.contentStorage.recordsStoredSize,1769608648898000000,1769608708896000000,0
VFS.contentStorage.recordsReadSize,1769608648898000000,1769608708896000000,0
FileNameCache.queries,1769608648898000000,1769608708896000000,0
VFS.contentStorage.recordsDecompressionTimeUs,1769608648898000000,1769608708896000000,0
VFS.contentStorage.recordsDeduplicated,1769608648898000000,1769608708896000000,0
VFS.contentStorage.recordsRead,1769608648898000000,1769608708896000000,0
VFS.contentStorage.recordsStored,1769608648898000000,1769608708896000000,0
VFS.invertedFileNameIndex.requests,1769608648898000000,1769608708896000000,0
VFS.contentStorage.recordsStoredCompressed,1769608648898000000,1769608708896000000,0
VFS.fileChildByName,1769608648898000000,1769608708896000000,0
VFS.fileByIdCache.hits,1769608648898000000,1769608708896000000,0
FileNameCache.totalMisses,1769608648898000000,1769608708896000000,0
workspaceModel.global.apply.state.to.project.builder.ms,1769608648898000000,1769608708896000000,0
workspaceModel.mutableEntityStorage.changeLog.addReplaceEventForRemovedParent.ms,1769608648898000000,1769608708896000000,0
jps.apply.loaded.storage.ms,1769608648898000000,1769608708896000000,0
jps.global.handle.changed.events.ms,1769608648898000000,1769608708896000000,0
jps.global.initialize.library.bridges.ms,1769608648898000000,1769608708896000000,0
jps.facet.change.listener.init.bridge.ms,1769608648898000000,1769608708896000000,0
workspaceModel.moduleManagerBridge.new.nonPersistent.module.ms,1769608648898000000,1769608708896000000,0
workspaceModel.mutableEntityStorage.changeLog.addReplaceEventForRemovedChild.ms,1769608648898000000,1769608708896000000,0
jps.module.iml.entities.serializer.load.entities.ms,1769608648898000000,1769608708896000000,0
workspaceModel.mutableEntityStorage.referrers.ms,1769608648898000000,1769608708896000000,0
jps.library.entities.serializer.load.entities.ms,1769608648898000000,1769608708896000000,0
workspaceModel.global.updates.ms,1769608648898000000,1769608708896000000,0
jps.project.serializers.save.ms,1769608648898000000,1769608708896000000,0
jps.artifact.entities.serializer.save.entities.ms,1769608648898000000,1769608708896000000,0
workspaceModel.moduleBridge.facet.initialization.ms,1769608648898000000,1769608708896000000,0
jps.save.changed.project.entities.ms,1769608648898000000,1769608708896000000,0
workspaceModel.load.cache.metadata.from.file.ms,1769608648898000000,1769608708896000000,0
workspaceModel.mutableEntityStorage.changeLog.addReplaceEventForNewParent.ms,1769608648898000000,1769608708896000000,0
workspaceModel.mutableEntityStorage.mutable.ext.mapping.ms,1769608648898000000,1769608708896000000,0
workspaceModel.global.updates.count,1769608648898000000,1769608708896000000,0
jps.module.dependency.index.workspace.model.listener.on.changed.ms,1769608648898000000,1769608708896000000,0
workspaceModel.sync.entities.ms,1769608648898000000,1769608708896000000,0
jps.facet.change.listener.process.change.events.ms,1769608648898000000,1769608708896000000,0
jps.global.get.libraries.ms,1769608648898000000,1769608708896000000,0
jps.app.storage.content.writer.save.component.ms,1769608648898000000,1769608708896000000,0
workspaceModel.global.apply.state.to.project.ms,1769608648898000000,1769608708896000000,0
workspaceModel.mutableEntityStorage.has.same.entities.ms,1769608648898000000,1769608708896000000,0
workspaceModel.moduleBridge.update.option.ms,1769608648898000000,1769608708896000000,0
jps.library.entities.serializer.save.entities.ms,1769608648898000000,1769608708896000000,0
jps.global.handle.before.change.events.ms,1769608648898000000,1769608708896000000,0
workspaceModel.mutableEntityStorage.collect.changes.ms,1769608648898000000,1769608708896000000,0
workspaceModel.mutableEntityStorage.replace.by.source.ms,1769608648898000000,1769608708896000000,0
workspaceModel.mutableEntityStorage.entities.by.source.ms,1769608648898000000,1769608708896000000,0
workspaceModel.mutableEntityStorage.changeLog.addReplaceEventForNewChild.ms,1769608648898000000,1769608708896000000,0
workspaceModel.orphan.listener.update.ms,1769608648898000000,1769608708896000000,0
workspaceModel.mutableEntityStorage.apply.changes.from.ms,1769608648898000000,1769608708896000000,0
workspaceModel.mutableEntityStorage.resolve.ms,1769608648898000000,1769608708896000000,0
jps.global.get.library.by.name.ms,1769608648898000000,1769608708896000000,0
jps.save.global.entities.ms,1769608648898000000,1769608708896000000,0
workspaceModel.moduleBridge.before.changed.ms,1769608648898000000,1769608708896000000,0
jps.global.get.library.ms,1769608648898000000,1769608708896000000,0
workspaceModel.moduleManagerBridge.create.module.instance.ms,1769608648898000000,1769608708896000000,0
jps.storage.jps.conf.reader.load.component.ms,1769608648898000000,1769608708896000000,0
workspaceModel.mutableEntityStorage.to.snapshot.ms,1769608648898000000,1769608708896000000,0
workspaceModel.do.save.caches.ms,1769608648898000000,1769608708896000000,0
workspaceModel.moduleManagerBridge.build.module.graph.ms,1769608648898000000,1769608708896000000,0
jps.reload.project.entities.ms,1769608648898000000,1769608708896000000,0
workspaceModel.delayed.project.synchronizer.sync.ms,1769608648898000000,1769608708896000000,0
workspaceModel.mutableEntityStorage.entities.ms,1769608648898000000,1769608708896000000,0
workspaceModel.moduleBridgeLoader.loading.modules.ms,1769608648898000000,1769608708896000000,0
workspaceModel.mutableEntityStorage.remove.entity.ms,1769608648898000000,1769608708896000000,0
jps.global.initialize.library.bridges.after.loading.ms,1769608648898000000,1769608708896000000,0
workspaceModel.save.cache.to.file.ms,1769608648898000000,1769608708896000000,0
jps.load.project.to.empty.storage.ms,1769608648898000000,1769608708896000000,0
jps.project.serializers.load.ms,1769608648898000000,1769608708896000000,0
workspaceModel.moduleManagerBridge.set.unloadedModules.ms,1769608648898000000,1769608708896000000,0
workspaceModel.mutableEntityStorage.modify.entity.ms,1769608648898000000,1769608708896000000,0
jps.artifact.entities.serializer.load.entities.ms,1769608648898000000,1769608708896000000,0
workspaceModel.mutableEntityStorage.add.entity.ms,1769608648898000000,1769608708896000000,0
workspaceModel.moduleManagerBridge.newModule.ms,1769608648898000000,1769608708896000000,0
workspaceModel.moduleManagerBridge.load.module.ms,1769608648898000000,1769608708896000000,0
workspaceModel.moduleManagerBridge.load.all.modules.ms,1769608648898000000,1769608708896000000,0
jps.module.iml.entities.serializer.save.entities.ms,1769608648898000000,1769608708896000000,0
workspaceModel.mutableEntityStorage.put.entity.ms,1769608648898000000,1769608708896000000,0
workspaceModel.mutableEntityStorage.instances.count,1769608648898000000,1769608708896000000,0
jps.load.initial.state.ms,1769608648898000000,1769608708896000000,0
workspaceModel.mutableEntityStorage.mutable.vfurl.index.ms,1769608648898000000,1769608708896000000,0
workspaceModel.load.cache.from.file.ms,1769608648898000000,1769608708896000000,0
jps.app.storage.content.reader.load.component.ms,1769608648898000000,1769608708896000000,0
workspaceModel.moduleManagerBridge.get.modules.ms,1769608648898000000,1769608708896000000,0
jps.facet.change.listener.before.change.events.ms,1769608648898000000,1769608708896000000,0
workspaceModel.workspaceFileIndexData.getFileInfo.ms,1769608648898000000,1769608708896000000,0
workspaceModel.init.bridges.ms,1769608648898000000,1769608708896000000,0
workspaceModel.cachedValueWithParameters.calculated.count,1769608648898000000,1769608708896000000,0
workspaceModel.cachedValue.total.get.count,1769608648898000000,1769608708896000000,0
workspaceModel.workspaceFileIndexData.onEntitiesChanged.ms,1769608648898000000,1769608708896000000,0
workspaceModel.workspaceFileIndexData.visitFileSets.ms,1769608648898000000,1769608708896000000,0
workspaceModel.updates.ms,1769608648898000000,1769608708896000000,0
workspaceModel.cachedValue.calculated.count,1769608648898000000,1769608708896000000,0
workspaceModel.workspaceFileIndexData.instances.count,1769608648898000000,1769608708896000000,0
workspaceModel.workspaceFileIndexData.init.ms,1769608648898000000,1769608708896000000,0
workspaceModel.cachedValueWithParameters.total.get.count,1769608648898000000,1769608708896000000,0
workspaceModel.collect.changes.ms,1769608648898000000,1769608708896000000,0
workspaceModel.entityStorageSnapshotImpl.instances.count,1769608648898000000,1769608708896000000,0
workspaceModel.initializing.ms,1769608648898000000,1769608708896000000,0
workspaceModel.replace.project.model.ms,1769608648898000000,1769608708896000000,0
workspaceModel.workspaceFileIndexData.getPackageName.ms,1769608648898000000,1769608708896000000,0
workspaceModel.cachedValueWithParameters.clear.count,1769608648898000000,1769608708896000000,0
workspaceModel.pre.handlers.ms,1769608648898000000,1769608708896000000,0
workspaceModel.cachedValue.from.cache.count,1769608648898000000,1769608708896000000,0
workspaceModel.updates.count,1769608648898000000,1769608708896000000,0
workspaceModel.loading.from.cache.ms,1769608648898000000,1769608708896000000,0
workspaceModel.check.recursive.update.ms,1769608648898000000,1769608708896000000,0
workspaceModel.workspaceFileIndexData.getDirectoriesByPackageName.ms,1769608648898000000,1769608708896000000,0
workspaceModel.cachedValue.clear.count,1769608648898000000,1769608708896000000,0
workspaceModel.workspaceFileIndexContributor.registerFileSets.ms,1769608648898000000,1769608708896000000,0
workspaceModel.workspaceFileIndexData.updateDirtyEntities.ms,1769608648898000000,1769608708896000000,0
workspaceModel.on.before.changed.ms,1769608648898000000,1769608708896000000,0
workspaceModel.workspaceFileIndexData.processFileSets.ms,1769608648898000000,1769608708896000000,0
workspaceModel.workspaceFileIndexData.markDirty.ms,1769608648898000000,1769608708896000000,0
workspaceModel.loading.total.ms,1769608648898000000,1769608708896000000,0
workspaceModel.cachedValueWithParameters.from.cache.count,1769608648898000000,1769608708896000000,0
workspaceModel.full.replace.project.model.ms,1769608648898000000,1769608708896000000,0
workspaceModel.to.snapshot.ms,1769608648898000000,1769608708896000000,0
workspaceModel.on.changed.ms,1769608648898000000,1769608708896000000,0
workspaceModel.update.unloaded.entities.ms,1769608648898000000,1769608708896000000,0
workspaceModel.updates.precise.ms,1769608648898000000,1769608708896000000,0
cacheStateStorage.set.counter,1769608648898000000,1769608708896000000,0
cacheStateStorage.get.duration,1769608648898000000,1769608708896000000,0
cacheStateStorage.set.duration,1769608648898000000,1769608708896000000,0
cacheStateStorage.get.counter,1769608648898000000,1769608708896000000,0
DiskQueryRelay.tasksRequested,1769608648898000000,1769608708896000000,0
writeAction.max.wait.ms,1769608648898000000,1769608708896000000,2
DiskQueryRelay.tasksExecuted,1769608648898000000,1769608708896000000,0
DiskQueryRelay.taskWaitingTotalTimeUs,1769608648898000000,1769608708896000000,0
writeAction.count,1769608648898000000,1769608708896000000,1
writeAction.wait.ms,1769608648898000000,1769608708896000000,0
DiskQueryRelay.taskExecutionTotalTimeUs,1769608648898000000,1769608708896000000,0
writeAction.median.wait.ms,1769608648898000000,1769608708896000000,0
FilePageCache.uncachedFileAccess,1769608648898000000,1769608708896000000,0
FilePageCacheLockFree.totalPagesWriteMs,1769608648898000000,1769608708896000000,0
FilePageCacheLockFree.totalPagesAllocated,1769608648898000000,1769608708896000000,0
FilePageCacheLockFree.totalHeapBytesReclaimed,1769608648898000000,1769608708896000000,0
DirectByteBufferAllocator.totalSizeOfBuffersAllocatedInBytes,1769608648898000000,1769608708896000000,167829504
StorageLockContext.competingThreads.avg,1769608648898000000,1769608708896000000,0.0
DirectByteBufferAllocator.totalSizeOfBuffersCachedInBytes,1769608648898000000,1769608708896000000,0
FilePageCache.pageFastCacheHits,1769608648898000000,1769608708896000000,0
DirectByteBufferAllocator.reclaimed,1769608648898000000,1769608708896000000,0
FileChannelInterruptsRetryer.totalRetriedAttempts,1769608648898000000,1769608708896000000,0
MappedFileStorage.totalBytesMapped,1769608648898000000,1769608708896000000,257163264
StreamlinedBlobStorage.totalLiveRecordsPayloadBytes,1769608648898000000,1769608708896000000,0
FilePageCacheLockFree.totalPageAllocationsWaited,1769608648898000000,1769608708896000000,0
FilePageCacheLockFree.totalNativeBytesReclaimed,1769608648898000000,1769608708896000000,0
MappedFileStorage.totalTimeSpentOnMappingUs,1769608648898000000,1769608708896000000,10821
StorageLockContext.competingThreads.90P,1769608648898000000,1769608708896000000,0
FilePageCacheLockFree.totalPagesWritten,1769608648898000000,1769608708896000000,0
DirectByteBufferAllocator.hits,1769608648898000000,1769608708896000000,0
FilePageCacheLockFree.totalClosedStoragesReclaimed,1769608648898000000,1769608708896000000,0
FilePageCacheLockFree.nativeBytesInUse,1769608648898000000,1769608708896000000,0
FilePageCacheLockFree.totalHeapBytesAllocated,1769608648898000000,1769608708896000000,0
FilePageCacheLockFree.totalPagesRequested,1769608648898000000,1769608708896000000,0
StorageLockContext.competingThreads.max,1769608648898000000,1769608708896000000,0
MappedFileStorage.storages,1769608648898000000,1769608708896000000,15
FilePageCacheLockFree.totalPagesHandedOver,1769608648898000000,1769608708896000000,0
FilePageCache.disposedBuffers,1769608648898000000,1769608708896000000,0
FilePageCacheLockFree.totalBytesRequested,1769608648898000000,1769608708896000000,0
FilePageCache.totalPageDisposalsUs,1769608648898000000,1769608708896000000,0
FilePageCacheLockFree.heapBytesInUse,1769608648898000000,1769608708896000000,0
FilePageCacheLockFree.totalPagesReadMs,1769608648898000000,1769608708896000000,0
FilePageCacheLockFree.housekeeperTurnsDone,1769608648898000000,1769608708896000000,0
DirectByteBufferAllocator.disposed,1769608648898000000,1769608708896000000,0
FilePageCache.pageLoads,1769608648898000000,1769608708896000000,0
FilePageCacheLockFree.totalNativeBytesAllocated,1769608648898000000,1769608708896000000,0
FilePageCacheLockFree.totalPagesReclaimed,1769608648898000000,1769608708896000000,0
FilePageCache.capacityInBytes,1769608648898000000,1769608708896000000,503316478
StreamlinedBlobStorage.recordsAllocated,1769608648898000000,1769608708896000000,0
FilePageCacheLockFree.totalBytesRead,1769608648898000000,1769608708896000000,0
StreamlinedBlobStorage.recordsDeleted,1769608648898000000,1769608708896000000,0
FilePageCache.pageHits,1769608648898000000,1769608708896000000,0
FilePageCache.maxRegisteredFiles,1769608648898000000,1769608708896000000,252
StreamlinedBlobStorage.totalLiveRecordsCapacityBytes,1769608648898000000,1769608708896000000,0
FilePageCacheLockFree.totalPagesRequestsMs,1769608648898000000,1769608708896000000,0
FilePageCacheLockFree.housekeeperTurnsSkipped,1769608648898000000,1769608708896000000,0
MappedFileStorage.totalPagesMapped,1769608648898000000,1769608708896000000,20
FilePageCache.pageLoadsAboveSizeThreshold,1769608648898000000,1769608708896000000,0
FilePageCacheLockFree.totalBytesWritten,1769608648898000000,1769608708896000000,0
FilePageCache.maxCacheSizeInBytes,1769608648898000000,1769608708896000000,167829504
FilePageCache.totalPageLoadsUs,1769608648898000000,1769608708896000000,0
DirectByteBufferAllocator.misses,1769608648898000000,1769608708896000000,0
StreamlinedBlobStorage.recordsRelocated,1769608648898000000,1769608708896000000,0
FilePageCacheLockFree.housekeeperTimeSpentMs,1769608648898000000,1769608708896000000,0
Indexing.cache.totalCacheEvicted,1769608708896000000,1769608768898000000,0
Indexing.writesQueuedMax,1769608708896000000,1769608768898000000,0
Indexes.stubs.lookups,1769608708896000000,1769608768898000000,0
Indexing.writer_2.totalTimeSpentWritingMs,1769608708896000000,1769608768898000000,0
Indexing.writer_3.totalTimeSpentWritingMs,1769608708896000000,1769608768898000000,0
Indexes.allKeys.lookupDurationMaxMs,1769608708896000000,1769608768898000000,0.0
Indexes.entries.lookupDurationMaxMs,1769608708896000000,1769608768898000000,0.0
Indexing.writer_1.totalTimeSpentWritingMs,1769608708896000000,1769608768898000000,0
Indexing.writer_0.totalTimeSpentWritingMs,1769608708896000000,1769608768898000000,0
Indexes.allKeys.lookups,1769608708896000000,1769608768898000000,0
Indexes.entries.lookups,1769608708896000000,1769608768898000000,0
Indexing.cache.totalCacheAccesses,1769608708896000000,1769608768898000000,0
Indexes.entries.lookupDuration90PMs,1769608708896000000,1769608768898000000,0.0
IndexesFlusher.totalFlushingTimeUs,1769608708896000000,1769608768898000000,32975
Indexing.totalTimeIndexersSleptMs,1769608708896000000,1769608768898000000,0
IndexesFlusher.totalContentionQuotaSpent,1769608708896000000,1769608768898000000,0
Indexes.allKeys.lookupDuration90PMs,1769608708896000000,1769608768898000000,0.0
Indexes.entries.lookupDurationAvgMs,1769608708896000000,1769608768898000000,0.0
IndexesFlusher.totalFlushes,1769608708896000000,1769608768898000000,120
Indexes.stubs.lookupDurationMaxMs,1769608708896000000,1769608768898000000,0.0
Indexes.stubs.lookupDuration90PMs,1769608708896000000,1769608768898000000,0.0
Indexing.cache.totalCacheMisses,1769608708896000000,1769608768898000000,0
Indexes.stubs.lookupDurationAvgMs,1769608708896000000,1769608768898000000,0.0
IndexesFlusher.totalFlushesRetried,1769608708896000000,1769608768898000000,0
Indexes.allKeys.lookupDurationAvgMs,1769608708896000000,1769608768898000000,0.0
Indexing.writesQueuedMin,1769608708896000000,1769608768898000000,9223372036854775807
JVM.maxThreadCount,1769608708896000000,1769608768898000000,148
JVM.GC.collectionTimesMs,1769608708896000000,1769608768898000000,0
JVM.GC.collections,1769608708896000000,1769608768898000000,0
OS.loadAverage,1769608708896000000,1769608768898000000,1.31689453125
JVM.totalSafepointCount,1769608708896000000,1769608768898000000,8
JVM.threadCount,1769608708896000000,1769608768898000000,47
JVM.totalTimeAtSafepointsMs,1769608708896000000,1769608768898000000,1
JVM.newThreadsCount,1769608708896000000,1769608768898000000,1
JVM.totalBytesAllocated,1769608708896000000,1769608768898000000,27394624
JVM.totalCpuTimeMs,1769608708896000000,1769608768898000000,620
JVM.usedNativeBytes,1769608708896000000,1769608768898000000,358443296
JVM.maxHeapBytes,1769608708896000000,1769608768898000000,4196401152
JVM.totalDirectByteBuffersBytes,1769608708896000000,1769608768898000000,168503397
JVM.totalTimeToSafepointsMs,1769608708896000000,1769608768898000000,0
JVM.usedHeapBytes,1769608708896000000,1769608768898000000,697631200
AWTEventQueue.dispatchTimeTotalNS,1769608708896000000,1769608768898000000,60583112
FlushQueue.executionTimeAvgNs,1769608708896000000,1769608768898000000,0.0
NonBlockingReadAction.failedExecutionTimeUs,1769608708896000000,1769608768898000000,0
FlushQueue.queueSizeMax,1769608708896000000,1769608768898000000,0
ReadAction.executionsCount,1769608708896000000,1769608768898000000,0
FlushQueue.waitingTimeAvgNs,1769608708896000000,1769608768898000000,0.0
AWTEventQueue.dispatchTimeMaxNs,1769608708896000000,1769608768898000000,24959
FlushQueue.tasksExecuted,1769608708896000000,1769608768898000000,0
WriteAction.executionsCount,1769608708896000000,1769608768898000000,0
AWTEventQueue.dispatchTimeAvgNs,1769608708896000000,1769608768898000000,24896.0
NonBlockingReadAction.finalizedExecutionsCount,1769608708896000000,1769608768898000000,0
AWTEventQueue.eventsDispatched,1769608708896000000,1769608768898000000,1
FlushQueue.queueSizeAvg,1769608708896000000,1769608768898000000,0.0
FlushQueue.executionTimeMaxNs,1769608708896000000,1769608768898000000,0
NonBlockingReadAction.finalizedExecutionTimeUs,1769608708896000000,1769608768898000000,0
NonBlockingReadAction.failedExecutionsCount,1769608708896000000,1769608768898000000,0
FlushQueue.queueSize90P,1769608708896000000,1769608768898000000,0
FlushQueue.waitingTime90PNs,1769608708896000000,1769608768898000000,0
AWTEventQueue.dispatchTime90PNs,1769608708896000000,1769608768898000000,24959
FlushQueue.waitingTimeMaxNs,1769608708896000000,1769608768898000000,0
FlushQueue.executionTime90PNs,1769608708896000000,1769608768898000000,0
VFS.contentStorage.recordsUncompressedSize,1769608708896000000,1769608768898000000,0
VFS.fileByIdCache.misses,1769608708896000000,1769608768898000000,0
VFS.contentStorage.recordsReadDecompressed,1769608708896000000,1769608768898000000,0
VFS.contentStorage.recordsStoredSize,1769608708896000000,1769608768898000000,0
VFS.contentStorage.recordsReadSize,1769608708896000000,1769608768898000000,0
FileNameCache.queries,1769608708896000000,1769608768898000000,0
VFS.contentStorage.recordsDecompressionTimeUs,1769608708896000000,1769608768898000000,0
VFS.contentStorage.recordsDeduplicated,1769608708896000000,1769608768898000000,0
VFS.contentStorage.recordsRead,1769608708896000000,1769608768898000000,0
VFS.contentStorage.recordsStored,1769608708896000000,1769608768898000000,0
VFS.invertedFileNameIndex.requests,1769608708896000000,1769608768898000000,0
VFS.contentStorage.recordsStoredCompressed,1769608708896000000,1769608768898000000,0
VFS.fileChildByName,1769608708896000000,1769608768898000000,0
VFS.fileByIdCache.hits,1769608708896000000,1769608768898000000,0
FileNameCache.totalMisses,1769608708896000000,1769608768898000000,0
workspaceModel.global.apply.state.to.project.builder.ms,1769608708896000000,1769608768898000000,0
workspaceModel.mutableEntityStorage.changeLog.addReplaceEventForRemovedParent.ms,1769608708896000000,1769608768898000000,0
jps.apply.loaded.storage.ms,1769608708896000000,1769608768898000000,0
jps.global.handle.changed.events.ms,1769608708896000000,1769608768898000000,0
jps.global.initialize.library.bridges.ms,1769608708896000000,1769608768898000000,0
jps.facet.change.listener.init.bridge.ms,1769608708896000000,1769608768898000000,0
workspaceModel.moduleManagerBridge.new.nonPersistent.module.ms,1769608708896000000,1769608768898000000,0
workspaceModel.mutableEntityStorage.changeLog.addReplaceEventForRemovedChild.ms,1769608708896000000,1769608768898000000,0
jps.module.iml.entities.serializer.load.entities.ms,1769608708896000000,1769608768898000000,0
workspaceModel.mutableEntityStorage.referrers.ms,1769608708896000000,1769608768898000000,0
jps.library.entities.serializer.load.entities.ms,1769608708896000000,1769608768898000000,0
workspaceModel.global.updates.ms,1769608708896000000,1769608768898000000,0
jps.project.serializers.save.ms,1769608708896000000,1769608768898000000,0
jps.artifact.entities.serializer.save.entities.ms,1769608708896000000,1769608768898000000,0
workspaceModel.moduleBridge.facet.initialization.ms,1769608708896000000,1769608768898000000,0
jps.save.changed.project.entities.ms,1769608708896000000,1769608768898000000,0
workspaceModel.load.cache.metadata.from.file.ms,1769608708896000000,1769608768898000000,0
workspaceModel.mutableEntityStorage.changeLog.addReplaceEventForNewParent.ms,1769608708896000000,1769608768898000000,0
workspaceModel.mutableEntityStorage.mutable.ext.mapping.ms,1769608708896000000,1769608768898000000,0
workspaceModel.global.updates.count,1769608708896000000,1769608768898000000,0
jps.module.dependency.index.workspace.model.listener.on.changed.ms,1769608708896000000,1769608768898000000,0
workspaceModel.sync.entities.ms,1769608708896000000,1769608768898000000,0
jps.facet.change.listener.process.change.events.ms,1769608708896000000,1769608768898000000,0
jps.global.get.libraries.ms,1769608708896000000,1769608768898000000,0
jps.app.storage.content.writer.save.component.ms,1769608708896000000,1769608768898000000,0
workspaceModel.global.apply.state.to.project.ms,1769608708896000000,1769608768898000000,0
workspaceModel.mutableEntityStorage.has.same.entities.ms,1769608708896000000,1769608768898000000,0
workspaceModel.moduleBridge.update.option.ms,1769608708896000000,1769608768898000000,0
jps.library.entities.serializer.save.entities.ms,1769608708896000000,1769608768898000000,0
jps.global.handle.before.change.events.ms,1769608708896000000,1769608768898000000,0
workspaceModel.mutableEntityStorage.collect.changes.ms,1769608708896000000,1769608768898000000,0
workspaceModel.mutableEntityStorage.replace.by.source.ms,1769608708896000000,1769608768898000000,0
workspaceModel.mutableEntityStorage.entities.by.source.ms,1769608708896000000,1769608768898000000,0
workspaceModel.mutableEntityStorage.changeLog.addReplaceEventForNewChild.ms,1769608708896000000,1769608768898000000,0
workspaceModel.orphan.listener.update.ms,1769608708896000000,1769608768898000000,0
workspaceModel.mutableEntityStorage.apply.changes.from.ms,1769608708896000000,1769608768898000000,0
workspaceModel.mutableEntityStorage.resolve.ms,1769608708896000000,1769608768898000000,0
jps.global.get.library.by.name.ms,1769608708896000000,1769608768898000000,0
jps.save.global.entities.ms,1769608708896000000,1769608768898000000,0
workspaceModel.moduleBridge.before.changed.ms,1769608708896000000,1769608768898000000,0
jps.global.get.library.ms,1769608708896000000,1769608768898000000,0
workspaceModel.moduleManagerBridge.create.module.instance.ms,1769608708896000000,1769608768898000000,0
jps.storage.jps.conf.reader.load.component.ms,1769608708896000000,1769608768898000000,0
workspaceModel.mutableEntityStorage.to.snapshot.ms,1769608708896000000,1769608768898000000,0
workspaceModel.do.save.caches.ms,1769608708896000000,1769608768898000000,0
workspaceModel.moduleManagerBridge.build.module.graph.ms,1769608708896000000,1769608768898000000,0
jps.reload.project.entities.ms,1769608708896000000,1769608768898000000,0
workspaceModel.delayed.project.synchronizer.sync.ms,1769608708896000000,1769608768898000000,0
workspaceModel.mutableEntityStorage.entities.ms,1769608708896000000,1769608768898000000,0
workspaceModel.moduleBridgeLoader.loading.modules.ms,1769608708896000000,1769608768898000000,0
workspaceModel.mutableEntityStorage.remove.entity.ms,1769608708896000000,1769608768898000000,0
jps.global.initialize.library.bridges.after.loading.ms,1769608708896000000,1769608768898000000,0
workspaceModel.save.cache.to.file.ms,1769608708896000000,1769608768898000000,0
jps.load.project.to.empty.storage.ms,1769608708896000000,1769608768898000000,0
jps.project.serializers.load.ms,1769608708896000000,1769608768898000000,0
workspaceModel.moduleManagerBridge.set.unloadedModules.ms,1769608708896000000,1769608768898000000,0
workspaceModel.mutableEntityStorage.modify.entity.ms,1769608708896000000,1769608768898000000,0
jps.artifact.entities.serializer.load.entities.ms,1769608708896000000,1769608768898000000,0
workspaceModel.mutableEntityStorage.add.entity.ms,1769608708896000000,1769608768898000000,0
workspaceModel.moduleManagerBridge.newModule.ms,1769608708896000000,1769608768898000000,0
workspaceModel.moduleManagerBridge.load.module.ms,1769608708896000000,1769608768898000000,0
workspaceModel.moduleManagerBridge.load.all.modules.ms,1769608708896000000,1769608768898000000,0
jps.module.iml.entities.serializer.save.entities.ms,1769608708896000000,1769608768898000000,0
workspaceModel.mutableEntityStorage.put.entity.ms,1769608708896000000,1769608768898000000,0
workspaceModel.mutableEntityStorage.instances.count,1769608708896000000,1769608768898000000,0
jps.load.initial.state.ms,1769608708896000000,1769608768898000000,0
workspaceModel.mutableEntityStorage.mutable.vfurl.index.ms,1769608708896000000,1769608768898000000,0
workspaceModel.load.cache.from.file.ms,1769608708896000000,1769608768898000000,0
jps.app.storage.content.reader.load.component.ms,1769608708896000000,1769608768898000000,0
workspaceModel.moduleManagerBridge.get.modules.ms,1769608708896000000,1769608768898000000,0
jps.facet.change.listener.before.change.events.ms,1769608708896000000,1769608768898000000,0
workspaceModel.workspaceFileIndexData.getFileInfo.ms,1769608708896000000,1769608768898000000,0
workspaceModel.init.bridges.ms,1769608708896000000,1769608768898000000,0
workspaceModel.cachedValueWithParameters.calculated.count,1769608708896000000,1769608768898000000,0
workspaceModel.cachedValue.total.get.count,1769608708896000000,1769608768898000000,0
workspaceModel.workspaceFileIndexData.onEntitiesChanged.ms,1769608708896000000,1769608768898000000,0
workspaceModel.workspaceFileIndexData.visitFileSets.ms,1769608708896000000,1769608768898000000,0
workspaceModel.updates.ms,1769608708896000000,1769608768898000000,0
workspaceModel.cachedValue.calculated.count,1769608708896000000,1769608768898000000,0
workspaceModel.workspaceFileIndexData.instances.count,1769608708896000000,1769608768898000000,0
workspaceModel.workspaceFileIndexData.init.ms,1769608708896000000,1769608768898000000,0
workspaceModel.cachedValueWithParameters.total.get.count,1769608708896000000,1769608768898000000,0
workspaceModel.collect.changes.ms,1769608708896000000,1769608768898000000,0
workspaceModel.entityStorageSnapshotImpl.instances.count,1769608708896000000,1769608768898000000,0
workspaceModel.initializing.ms,1769608708896000000,1769608768898000000,0
workspaceModel.replace.project.model.ms,1769608708896000000,1769608768898000000,0
workspaceModel.workspaceFileIndexData.getPackageName.ms,1769608708896000000,1769608768898000000,0
workspaceModel.cachedValueWithParameters.clear.count,1769608708896000000,1769608768898000000,0
workspaceModel.pre.handlers.ms,1769608708896000000,1769608768898000000,0
workspaceModel.cachedValue.from.cache.count,1769608708896000000,1769608768898000000,0
workspaceModel.updates.count,1769608708896000000,1769608768898000000,0
workspaceModel.loading.from.cache.ms,1769608708896000000,1769608768898000000,0
workspaceModel.check.recursive.update.ms,1769608708896000000,1769608768898000000,0
workspaceModel.workspaceFileIndexData.getDirectoriesByPackageName.ms,1769608708896000000,1769608768898000000,0
workspaceModel.cachedValue.clear.count,1769608708896000000,1769608768898000000,0
workspaceModel.workspaceFileIndexContributor.registerFileSets.ms,1769608708896000000,1769608768898000000,0
workspaceModel.workspaceFileIndexData.updateDirtyEntities.ms,1769608708896000000,1769608768898000000,0
workspaceModel.on.before.changed.ms,1769608708896000000,1769608768898000000,0
workspaceModel.workspaceFileIndexData.processFileSets.ms,1769608708896000000,1769608768898000000,0
workspaceModel.workspaceFileIndexData.markDirty.ms,1769608708896000000,1769608768898000000,0
workspaceModel.loading.total.ms,1769608708896000000,1769608768898000000,0
workspaceModel.cachedValueWithParameters.from.cache.count,1769608708896000000,1769608768898000000,0
workspaceModel.full.replace.project.model.ms,1769608708896000000,1769608768898000000,0
workspaceModel.to.snapshot.ms,1769608708896000000,1769608768898000000,0
workspaceModel.on.changed.ms,1769608708896000000,1769608768898000000,0
workspaceModel.update.unloaded.entities.ms,1769608708896000000,1769608768898000000,0
workspaceModel.updates.precise.ms,1769608708896000000,1769608768898000000,0
cacheStateStorage.set.counter,1769608708896000000,1769608768898000000,0
cacheStateStorage.get.duration,1769608708896000000,1769608768898000000,0
cacheStateStorage.set.duration,1769608708896000000,1769608768898000000,0
cacheStateStorage.get.counter,1769608708896000000,1769608768898000000,0
DiskQueryRelay.tasksRequested,1769608708896000000,1769608768898000000,0
writeAction.max.wait.ms,1769608708896000000,1769608768898000000,2
DiskQueryRelay.tasksExecuted,1769608708896000000,1769608768898000000,0
DiskQueryRelay.taskWaitingTotalTimeUs,1769608708896000000,1769608768898000000,0
writeAction.count,1769608708896000000,1769608768898000000,0
writeAction.wait.ms,1769608708896000000,1769608768898000000,0
DiskQueryRelay.taskExecutionTotalTimeUs,1769608708896000000,1769608768898000000,0
writeAction.median.wait.ms,1769608708896000000,1769608768898000000,0
FilePageCache.uncachedFileAccess,1769608708896000000,1769608768898000000,0
FilePageCacheLockFree.totalPagesWriteMs,1769608708896000000,1769608768898000000,0
FilePageCacheLockFree.totalPagesAllocated,1769608708896000000,1769608768898000000,0
FilePageCacheLockFree.totalHeapBytesReclaimed,1769608708896000000,1769608768898000000,0
DirectByteBufferAllocator.totalSizeOfBuffersAllocatedInBytes,1769608708896000000,1769608768898000000,167829504
StorageLockContext.competingThreads.avg,1769608708896000000,1769608768898000000,0.0
DirectByteBufferAllocator.totalSizeOfBuffersCachedInBytes,1769608708896000000,1769608768898000000,0
FilePageCache.pageFastCacheHits,1769608708896000000,1769608768898000000,0
DirectByteBufferAllocator.reclaimed,1769608708896000000,1769608768898000000,0
FileChannelInterruptsRetryer.totalRetriedAttempts,1769608708896000000,1769608768898000000,0
MappedFileStorage.totalBytesMapped,1769608708896000000,1769608768898000000,257163264
StreamlinedBlobStorage.totalLiveRecordsPayloadBytes,1769608708896000000,1769608768898000000,0
FilePageCacheLockFree.totalPageAllocationsWaited,1769608708896000000,1769608768898000000,0
FilePageCacheLockFree.totalNativeBytesReclaimed,1769608708896000000,1769608768898000000,0
MappedFileStorage.totalTimeSpentOnMappingUs,1769608708896000000,1769608768898000000,10821
StorageLockContext.competingThreads.90P,1769608708896000000,1769608768898000000,0
FilePageCacheLockFree.totalPagesWritten,1769608708896000000,1769608768898000000,0
DirectByteBufferAllocator.hits,1769608708896000000,1769608768898000000,0
FilePageCacheLockFree.totalClosedStoragesReclaimed,1769608708896000000,1769608768898000000,0
FilePageCacheLockFree.nativeBytesInUse,1769608708896000000,1769608768898000000,0
FilePageCacheLockFree.totalHeapBytesAllocated,1769608708896000000,1769608768898000000,0
FilePageCacheLockFree.totalPagesRequested,1769608708896000000,1769608768898000000,0
StorageLockContext.competingThreads.max,1769608708896000000,1769608768898000000,0
MappedFileStorage.storages,1769608708896000000,1769608768898000000,15
FilePageCacheLockFree.totalPagesHandedOver,1769608708896000000,1769608768898000000,0
FilePageCache.disposedBuffers,1769608708896000000,1769608768898000000,0
FilePageCacheLockFree.totalBytesRequested,1769608708896000000,1769608768898000000,0
FilePageCache.totalPageDisposalsUs,1769608708896000000,1769608768898000000,0
FilePageCacheLockFree.heapBytesInUse,1769608708896000000,1769608768898000000,0
FilePageCacheLockFree.totalPagesReadMs,1769608708896000000,1769608768898000000,0
FilePageCacheLockFree.housekeeperTurnsDone,1769608708896000000,1769608768898000000,0
DirectByteBufferAllocator.disposed,1769608708896000000,1769608768898000000,0
FilePageCache.pageLoads,1769608708896000000,1769608768898000000,0
FilePageCacheLockFree.totalNativeBytesAllocated,1769608708896000000,1769608768898000000,0
FilePageCacheLockFree.totalPagesReclaimed,1769608708896000000,1769608768898000000,0
FilePageCache.capacityInBytes,1769608708896000000,1769608768898000000,503316478
StreamlinedBlobStorage.recordsAllocated,1769608708896000000,1769608768898000000,0
FilePageCacheLockFree.totalBytesRead,1769608708896000000,1769608768898000000,0
StreamlinedBlobStorage.recordsDeleted,1769608708896000000,1769608768898000000,0
FilePageCache.pageHits,1769608708896000000,1769608768898000000,0
FilePageCache.maxRegisteredFiles,1769608708896000000,1769608768898000000,252
StreamlinedBlobStorage.totalLiveRecordsCapacityBytes,1769608708896000000,1769608768898000000,0
FilePageCacheLockFree.totalPagesRequestsMs,1769608708896000000,1769608768898000000,0
FilePageCacheLockFree.housekeeperTurnsSkipped,1769608708896000000,1769608768898000000,0
MappedFileStorage.totalPagesMapped,1769608708896000000,1769608768898000000,20
FilePageCache.pageLoadsAboveSizeThreshold,1769608708896000000,1769608768898000000,0
FilePageCacheLockFree.totalBytesWritten,1769608708896000000,1769608768898000000,0
FilePageCache.maxCacheSizeInBytes,1769608708896000000,1769608768898000000,167829504
FilePageCache.totalPageLoadsUs,1769608708896000000,1769608768898000000,0
DirectByteBufferAllocator.misses,1769608708896000000,1769608768898000000,0
StreamlinedBlobStorage.recordsRelocated,1769608708896000000,1769608768898000000,0
FilePageCacheLockFree.housekeeperTimeSpentMs,1769608708896000000,1769608768898000000,0
Indexing.cache.totalCacheEvicted,1769608768898000000,1769608828896000000,0
Indexing.writesQueuedMax,1769608768898000000,1769608828896000000,0
Indexes.stubs.lookups,1769608768898000000,1769608828896000000,0
Indexing.writer_2.totalTimeSpentWritingMs,1769608768898000000,1769608828896000000,0
Indexing.writer_3.totalTimeSpentWritingMs,1769608768898000000,1769608828896000000,0
Indexes.allKeys.lookupDurationMaxMs,1769608768898000000,1769608828896000000,0.0
Indexes.entries.lookupDurationMaxMs,1769608768898000000,1769608828896000000,0.0
Indexing.writer_1.totalTimeSpentWritingMs,1769608768898000000,1769608828896000000,0
Indexing.writer_0.totalTimeSpentWritingMs,1769608768898000000,1769608828896000000,0
Indexes.allKeys.lookups,1769608768898000000,1769608828896000000,0
Indexes.entries.lookups,1769608768898000000,1769608828896000000,0
Indexing.cache.totalCacheAccesses,1769608768898000000,1769608828896000000,0
Indexes.entries.lookupDuration90PMs,1769608768898000000,1769608828896000000,0.0
IndexesFlusher.totalFlushingTimeUs,1769608768898000000,1769608828896000000,31755
Indexing.totalTimeIndexersSleptMs,1769608768898000000,1769608828896000000,0
IndexesFlusher.totalContentionQuotaSpent,1769608768898000000,1769608828896000000,0
Indexes.allKeys.lookupDuration90PMs,1769608768898000000,1769608828896000000,0.0
Indexes.entries.lookupDurationAvgMs,1769608768898000000,1769608828896000000,0.0
IndexesFlusher.totalFlushes,1769608768898000000,1769608828896000000,120
Indexes.stubs.lookupDurationMaxMs,1769608768898000000,1769608828896000000,0.0
Indexes.stubs.lookupDuration90PMs,1769608768898000000,1769608828896000000,0.0
Indexing.cache.totalCacheMisses,1769608768898000000,1769608828896000000,0
Indexes.stubs.lookupDurationAvgMs,1769608768898000000,1769608828896000000,0.0
IndexesFlusher.totalFlushesRetried,1769608768898000000,1769608828896000000,0
Indexes.allKeys.lookupDurationAvgMs,1769608768898000000,1769608828896000000,0.0
Indexing.writesQueuedMin,1769608768898000000,1769608828896000000,9223372036854775807
JVM.maxThreadCount,1769608768898000000,1769608828896000000,148
JVM.GC.collectionTimesMs,1769608768898000000,1769608828896000000,0
JVM.GC.collections,1769608768898000000,1769608828896000000,0
OS.loadAverage,1769608768898000000,1769608828896000000,1.3701171875
JVM.totalSafepointCount,1769608768898000000,1769608828896000000,7
JVM.threadCount,1769608768898000000,1769608828896000000,47
JVM.totalTimeAtSafepointsMs,1769608768898000000,1769608828896000000,0
JVM.newThreadsCount,1769608768898000000,1769608828896000000,0
JVM.totalBytesAllocated,1769608768898000000,1769608828896000000,27537936
JVM.totalCpuTimeMs,1769608768898000000,1769608828896000000,690
JVM.usedNativeBytes,1769608768898000000,1769608828896000000,359046448
JVM.maxHeapBytes,1769608768898000000,1769608828896000000,4196401152
JVM.totalDirectByteBuffersBytes,1769608768898000000,1769608828896000000,168503397
JVM.totalTimeToSafepointsMs,1769608768898000000,1769608828896000000,0
JVM.usedHeapBytes,1769608768898000000,1769608828896000000,724894176
AWTEventQueue.dispatchTimeTotalNS,1769608768898000000,1769608828896000000,62406619
FlushQueue.executionTimeAvgNs,1769608768898000000,1769608828896000000,0.0
NonBlockingReadAction.failedExecutionTimeUs,1769608768898000000,1769608828896000000,0
FlushQueue.queueSizeMax,1769608768898000000,1769608828896000000,0
ReadAction.executionsCount,1769608768898000000,1769608828896000000,0
FlushQueue.waitingTimeAvgNs,1769608768898000000,1769608828896000000,0.0
AWTEventQueue.dispatchTimeMaxNs,1769608768898000000,1769608828896000000,0
FlushQueue.tasksExecuted,1769608768898000000,1769608828896000000,0
WriteAction.executionsCount,1769608768898000000,1769608828896000000,0
AWTEventQueue.dispatchTimeAvgNs,1769608768898000000,1769608828896000000,0.0
NonBlockingReadAction.finalizedExecutionsCount,1769608768898000000,1769608828896000000,0
AWTEventQueue.eventsDispatched,1769608768898000000,1769608828896000000,0
FlushQueue.queueSizeAvg,1769608768898000000,1769608828896000000,0.0
FlushQueue.executionTimeMaxNs,1769608768898000000,1769608828896000000,0
NonBlockingReadAction.finalizedExecutionTimeUs,1769608768898000000,1769608828896000000,0
NonBlockingReadAction.failedExecutionsCount,1769608768898000000,1769608828896000000,0
FlushQueue.queueSize90P,1769608768898000000,1769608828896000000,0
FlushQueue.waitingTime90PNs,1769608768898000000,1769608828896000000,0
AWTEventQueue.dispatchTime90PNs,1769608768898000000,1769608828896000000,0
FlushQueue.waitingTimeMaxNs,1769608768898000000,1769608828896000000,0
FlushQueue.executionTime90PNs,1769608768898000000,1769608828896000000,0
VFS.contentStorage.recordsUncompressedSize,1769608768898000000,1769608828896000000,0
VFS.fileByIdCache.misses,1769608768898000000,1769608828896000000,0
VFS.contentStorage.recordsReadDecompressed,1769608768898000000,1769608828896000000,0
VFS.contentStorage.recordsStoredSize,1769608768898000000,1769608828896000000,0
VFS.contentStorage.recordsReadSize,1769608768898000000,1769608828896000000,0
FileNameCache.queries,1769608768898000000,1769608828896000000,0
VFS.contentStorage.recordsDecompressionTimeUs,1769608768898000000,1769608828896000000,0
VFS.contentStorage.recordsDeduplicated,1769608768898000000,1769608828896000000,0
VFS.contentStorage.recordsRead,1769608768898000000,1769608828896000000,0
VFS.contentStorage.recordsStored,1769608768898000000,1769608828896000000,0
VFS.invertedFileNameIndex.requests,1769608768898000000,1769608828896000000,0
VFS.contentStorage.recordsStoredCompressed,1769608768898000000,1769608828896000000,0
VFS.fileChildByName,1769608768898000000,1769608828896000000,0
VFS.fileByIdCache.hits,1769608768898000000,1769608828896000000,0
FileNameCache.totalMisses,1769608768898000000,1769608828896000000,0
workspaceModel.global.apply.state.to.project.builder.ms,1769608768898000000,1769608828896000000,0
workspaceModel.mutableEntityStorage.changeLog.addReplaceEventForRemovedParent.ms,1769608768898000000,1769608828896000000,0
jps.apply.loaded.storage.ms,1769608768898000000,1769608828896000000,0
jps.global.handle.changed.events.ms,1769608768898000000,1769608828896000000,0
jps.global.initialize.library.bridges.ms,1769608768898000000,1769608828896000000,0
jps.facet.change.listener.init.bridge.ms,1769608768898000000,1769608828896000000,0
workspaceModel.moduleManagerBridge.new.nonPersistent.module.ms,1769608768898000000,1769608828896000000,0
workspaceModel.mutableEntityStorage.changeLog.addReplaceEventForRemovedChild.ms,1769608768898000000,1769608828896000000,0
jps.module.iml.entities.serializer.load.entities.ms,1769608768898000000,1769608828896000000,0
workspaceModel.mutableEntityStorage.referrers.ms,1769608768898000000,1769608828896000000,0
jps.library.entities.serializer.load.entities.ms,1769608768898000000,1769608828896000000,0
workspaceModel.global.updates.ms,1769608768898000000,1769608828896000000,0
jps.project.serializers.save.ms,1769608768898000000,1769608828896000000,0
jps.artifact.entities.serializer.save.entities.ms,1769608768898000000,1769608828896000000,0
workspaceModel.moduleBridge.facet.initialization.ms,1769608768898000000,1769608828896000000,0
jps.save.changed.project.entities.ms,1769608768898000000,1769608828896000000,0
workspaceModel.load.cache.metadata.from.file.ms,1769608768898000000,1769608828896000000,0
workspaceModel.mutableEntityStorage.changeLog.addReplaceEventForNewParent.ms,1769608768898000000,1769608828896000000,0
workspaceModel.mutableEntityStorage.mutable.ext.mapping.ms,1769608768898000000,1769608828896000000,0
workspaceModel.global.updates.count,1769608768898000000,1769608828896000000,0
jps.module.dependency.index.workspace.model.listener.on.changed.ms,1769608768898000000,1769608828896000000,0
workspaceModel.sync.entities.ms,1769608768898000000,1769608828896000000,0
jps.facet.change.listener.process.change.events.ms,1769608768898000000,1769608828896000000,0
jps.global.get.libraries.ms,1769608768898000000,1769608828896000000,0
jps.app.storage.content.writer.save.component.ms,1769608768898000000,1769608828896000000,0
workspaceModel.global.apply.state.to.project.ms,1769608768898000000,1769608828896000000,0
workspaceModel.mutableEntityStorage.has.same.entities.ms,1769608768898000000,1769608828896000000,0
workspaceModel.moduleBridge.update.option.ms,1769608768898000000,1769608828896000000,0
jps.library.entities.serializer.save.entities.ms,1769608768898000000,1769608828896000000,0
jps.global.handle.before.change.events.ms,1769608768898000000,1769608828896000000,0
workspaceModel.mutableEntityStorage.collect.changes.ms,1769608768898000000,1769608828896000000,0
workspaceModel.mutableEntityStorage.replace.by.source.ms,1769608768898000000,1769608828896000000,0
workspaceModel.mutableEntityStorage.entities.by.source.ms,1769608768898000000,1769608828896000000,0
workspaceModel.mutableEntityStorage.changeLog.addReplaceEventForNewChild.ms,1769608768898000000,1769608828896000000,0
workspaceModel.orphan.listener.update.ms,1769608768898000000,1769608828896000000,0
workspaceModel.mutableEntityStorage.apply.changes.from.ms,1769608768898000000,1769608828896000000,0
workspaceModel.mutableEntityStorage.resolve.ms,1769608768898000000,1769608828896000000,0
jps.global.get.library.by.name.ms,1769608768898000000,1769608828896000000,0
jps.save.global.entities.ms,1769608768898000000,1769608828896000000,0
workspaceModel.moduleBridge.before.changed.ms,1769608768898000000,1769608828896000000,0
jps.global.get.library.ms,1769608768898000000,1769608828896000000,0
workspaceModel.moduleManagerBridge.create.module.instance.ms,1769608768898000000,1769608828896000000,0
jps.storage.jps.conf.reader.load.component.ms,1769608768898000000,1769608828896000000,0
workspaceModel.mutableEntityStorage.to.snapshot.ms,1769608768898000000,1769608828896000000,0
workspaceModel.do.save.caches.ms,1769608768898000000,1769608828896000000,0
workspaceModel.moduleManagerBridge.build.module.graph.ms,1769608768898000000,1769608828896000000,0
jps.reload.project.entities.ms,1769608768898000000,1769608828896000000,0
workspaceModel.delayed.project.synchronizer.sync.ms,1769608768898000000,1769608828896000000,0
workspaceModel.mutableEntityStorage.entities.ms,1769608768898000000,1769608828896000000,0
workspaceModel.moduleBridgeLoader.loading.modules.ms,1769608768898000000,1769608828896000000,0
workspaceModel.mutableEntityStorage.remove.entity.ms,1769608768898000000,1769608828896000000,0
jps.global.initialize.library.bridges.after.loading.ms,1769608768898000000,1769608828896000000,0
workspaceModel.save.cache.to.file.ms,1769608768898000000,1769608828896000000,0
jps.load.project.to.empty.storage.ms,1769608768898000000,1769608828896000000,0
jps.project.serializers.load.ms,1769608768898000000,1769608828896000000,0
workspaceModel.moduleManagerBridge.set.unloadedModules.ms,1769608768898000000,1769608828896000000,0
workspaceModel.mutableEntityStorage.modify.entity.ms,1769608768898000000,1769608828896000000,0
jps.artifact.entities.serializer.load.entities.ms,1769608768898000000,1769608828896000000,0
workspaceModel.mutableEntityStorage.add.entity.ms,1769608768898000000,1769608828896000000,0
workspaceModel.moduleManagerBridge.newModule.ms,1769608768898000000,1769608828896000000,0
workspaceModel.moduleManagerBridge.load.module.ms,1769608768898000000,1769608828896000000,0
workspaceModel.moduleManagerBridge.load.all.modules.ms,1769608768898000000,1769608828896000000,0
jps.module.iml.entities.serializer.save.entities.ms,1769608768898000000,1769608828896000000,0
workspaceModel.mutableEntityStorage.put.entity.ms,1769608768898000000,1769608828896000000,0
workspaceModel.mutableEntityStorage.instances.count,1769608768898000000,1769608828896000000,0
jps.load.initial.state.ms,1769608768898000000,1769608828896000000,0
workspaceModel.mutableEntityStorage.mutable.vfurl.index.ms,1769608768898000000,1769608828896000000,0
workspaceModel.load.cache.from.file.ms,1769608768898000000,1769608828896000000,0
jps.app.storage.content.reader.load.component.ms,1769608768898000000,1769608828896000000,0
workspaceModel.moduleManagerBridge.get.modules.ms,1769608768898000000,1769608828896000000,0
jps.facet.change.listener.before.change.events.ms,1769608768898000000,1769608828896000000,0
workspaceModel.workspaceFileIndexData.getFileInfo.ms,1769608768898000000,1769608828896000000,0
workspaceModel.init.bridges.ms,1769608768898000000,1769608828896000000,0
workspaceModel.cachedValueWithParameters.calculated.count,1769608768898000000,1769608828896000000,0
workspaceModel.cachedValue.total.get.count,1769608768898000000,1769608828896000000,0
workspaceModel.workspaceFileIndexData.onEntitiesChanged.ms,1769608768898000000,1769608828896000000,0
workspaceModel.workspaceFileIndexData.visitFileSets.ms,1769608768898000000,1769608828896000000,0
workspaceModel.updates.ms,1769608768898000000,1769608828896000000,0
workspaceModel.cachedValue.calculated.count,1769608768898000000,1769608828896000000,0
workspaceModel.workspaceFileIndexData.instances.count,1769608768898000000,1769608828896000000,0
workspaceModel.workspaceFileIndexData.init.ms,1769608768898000000,1769608828896000000,0
workspaceModel.cachedValueWithParameters.total.get.count,1769608768898000000,1769608828896000000,0
workspaceModel.collect.changes.ms,1769608768898000000,1769608828896000000,0
workspaceModel.entityStorageSnapshotImpl.instances.count,1769608768898000000,1769608828896000000,0
workspaceModel.initializing.ms,1769608768898000000,1769608828896000000,0
workspaceModel.replace.project.model.ms,1769608768898000000,1769608828896000000,0
workspaceModel.workspaceFileIndexData.getPackageName.ms,1769608768898000000,1769608828896000000,0
workspaceModel.cachedValueWithParameters.clear.count,1769608768898000000,1769608828896000000,0
workspaceModel.pre.handlers.ms,1769608768898000000,1769608828896000000,0
workspaceModel.cachedValue.from.cache.count,1769608768898000000,1769608828896000000,0
workspaceModel.updates.count,1769608768898000000,1769608828896000000,0
workspaceModel.loading.from.cache.ms,1769608768898000000,1769608828896000000,0
workspaceModel.check.recursive.update.ms,1769608768898000000,1769608828896000000,0
workspaceModel.workspaceFileIndexData.getDirectoriesByPackageName.ms,1769608768898000000,1769608828896000000,0
workspaceModel.cachedValue.clear.count,1769608768898000000,1769608828896000000,0
workspaceModel.workspaceFileIndexContributor.registerFileSets.ms,1769608768898000000,1769608828896000000,0
workspaceModel.workspaceFileIndexData.updateDirtyEntities.ms,1769608768898000000,1769608828896000000,0
workspaceModel.on.before.changed.ms,1769608768898000000,1769608828896000000,0
workspaceModel.workspaceFileIndexData.processFileSets.ms,1769608768898000000,1769608828896000000,0
workspaceModel.workspaceFileIndexData.markDirty.ms,1769608768898000000,1769608828896000000,0
workspaceModel.loading.total.ms,1769608768898000000,1769608828896000000,0
workspaceModel.cachedValueWithParameters.from.cache.count,1769608768898000000,1769608828896000000,0
workspaceModel.full.replace.project.model.ms,1769608768898000000,1769608828896000000,0
workspaceModel.to.snapshot.ms,1769608768898000000,1769608828896000000,0
workspaceModel.on.changed.ms,1769608768898000000,1769608828896000000,0
workspaceModel.update.unloaded.entities.ms,1769608768898000000,1769608828896000000,0
workspaceModel.updates.precise.ms,1769608768898000000,1769608828896000000,0
cacheStateStorage.set.counter,1769608768898000000,1769608828896000000,0
cacheStateStorage.get.duration,1769608768898000000,1769608828896000000,0
cacheStateStorage.set.duration,1769608768898000000,1769608828896000000,0
cacheStateStorage.get.counter,1769608768898000000,1769608828896000000,0
DiskQueryRelay.tasksRequested,1769608768898000000,1769608828896000000,0
writeAction.max.wait.ms,1769608768898000000,1769608828896000000,2
DiskQueryRelay.tasksExecuted,1769608768898000000,1769608828896000000,0
DiskQueryRelay.taskWaitingTotalTimeUs,1769608768898000000,1769608828896000000,0
writeAction.count,1769608768898000000,1769608828896000000,0
writeAction.wait.ms,1769608768898000000,1769608828896000000,0
DiskQueryRelay.taskExecutionTotalTimeUs,1769608768898000000,1769608828896000000,0
writeAction.median.wait.ms,1769608768898000000,1769608828896000000,0
FilePageCache.uncachedFileAccess,1769608768898000000,1769608828896000000,0
FilePageCacheLockFree.totalPagesWriteMs,1769608768898000000,1769608828896000000,0
FilePageCacheLockFree.totalPagesAllocated,1769608768898000000,1769608828896000000,0
FilePageCacheLockFree.totalHeapBytesReclaimed,1769608768898000000,1769608828896000000,0
DirectByteBufferAllocator.totalSizeOfBuffersAllocatedInBytes,1769608768898000000,1769608828896000000,167829504
StorageLockContext.competingThreads.avg,1769608768898000000,1769608828896000000,0.0
DirectByteBufferAllocator.totalSizeOfBuffersCachedInBytes,1769608768898000000,1769608828896000000,0
FilePageCache.pageFastCacheHits,1769608768898000000,1769608828896000000,0
DirectByteBufferAllocator.reclaimed,1769608768898000000,1769608828896000000,0
FileChannelInterruptsRetryer.totalRetriedAttempts,1769608768898000000,1769608828896000000,0
MappedFileStorage.totalBytesMapped,1769608768898000000,1769608828896000000,257163264
StreamlinedBlobStorage.totalLiveRecordsPayloadBytes,1769608768898000000,1769608828896000000,0
FilePageCacheLockFree.totalPageAllocationsWaited,1769608768898000000,1769608828896000000,0
FilePageCacheLockFree.totalNativeBytesReclaimed,1769608768898000000,1769608828896000000,0
MappedFileStorage.totalTimeSpentOnMappingUs,1769608768898000000,1769608828896000000,10821
StorageLockContext.competingThreads.90P,1769608768898000000,1769608828896000000,0
FilePageCacheLockFree.totalPagesWritten,1769608768898000000,1769608828896000000,0
DirectByteBufferAllocator.hits,1769608768898000000,1769608828896000000,0
FilePageCacheLockFree.totalClosedStoragesReclaimed,1769608768898000000,1769608828896000000,0
FilePageCacheLockFree.nativeBytesInUse,1769608768898000000,1769608828896000000,0
FilePageCacheLockFree.totalHeapBytesAllocated,1769608768898000000,1769608828896000000,0
FilePageCacheLockFree.totalPagesRequested,1769608768898000000,1769608828896000000,0
StorageLockContext.competingThreads.max,1769608768898000000,1769608828896000000,0
MappedFileStorage.storages,1769608768898000000,1769608828896000000,15
FilePageCacheLockFree.totalPagesHandedOver,1769608768898000000,1769608828896000000,0
FilePageCache.disposedBuffers,1769608768898000000,1769608828896000000,0
FilePageCacheLockFree.totalBytesRequested,1769608768898000000,1769608828896000000,0
FilePageCache.totalPageDisposalsUs,1769608768898000000,1769608828896000000,0
FilePageCacheLockFree.heapBytesInUse,1769608768898000000,1769608828896000000,0
FilePageCacheLockFree.totalPagesReadMs,1769608768898000000,1769608828896000000,0
FilePageCacheLockFree.housekeeperTurnsDone,1769608768898000000,1769608828896000000,0
DirectByteBufferAllocator.disposed,1769608768898000000,1769608828896000000,0
FilePageCache.pageLoads,1769608768898000000,1769608828896000000,0
FilePageCacheLockFree.totalNativeBytesAllocated,1769608768898000000,1769608828896000000,0
FilePageCacheLockFree.totalPagesReclaimed,1769608768898000000,1769608828896000000,0
FilePageCache.capacityInBytes,1769608768898000000,1769608828896000000,503316478
StreamlinedBlobStorage.recordsAllocated,1769608768898000000,1769608828896000000,0
FilePageCacheLockFree.totalBytesRead,1769608768898000000,1769608828896000000,0
StreamlinedBlobStorage.recordsDeleted,1769608768898000000,1769608828896000000,0
FilePageCache.pageHits,1769608768898000000,1769608828896000000,0
FilePageCache.maxRegisteredFiles,1769608768898000000,1769608828896000000,252
StreamlinedBlobStorage.totalLiveRecordsCapacityBytes,1769608768898000000,1769608828896000000,0
FilePageCacheLockFree.totalPagesRequestsMs,1769608768898000000,1769608828896000000,0
FilePageCacheLockFree.housekeeperTurnsSkipped,1769608768898000000,1769608828896000000,0
MappedFileStorage.totalPagesMapped,1769608768898000000,1769608828896000000,20
FilePageCache.pageLoadsAboveSizeThreshold,1769608768898000000,1769608828896000000,0
FilePageCacheLockFree.totalBytesWritten,1769608768898000000,1769608828896000000,0
FilePageCache.maxCacheSizeInBytes,1769608768898000000,1769608828896000000,167829504
FilePageCache.totalPageLoadsUs,1769608768898000000,1769608828896000000,0
DirectByteBufferAllocator.misses,1769608768898000000,1769608828896000000,0
StreamlinedBlobStorage.recordsRelocated,1769608768898000000,1769608828896000000,0
FilePageCacheLockFree.housekeeperTimeSpentMs,1769608768898000000,1769608828896000000,0
Indexing.cache.totalCacheEvicted,1769608828896000000,1769608888896000000,0
Indexing.writesQueuedMax,1769608828896000000,1769608888896000000,0
Indexes.stubs.lookups,1769608828896000000,1769608888896000000,0
Indexing.writer_2.totalTimeSpentWritingMs,1769608828896000000,1769608888896000000,0
Indexing.writer_3.totalTimeSpentWritingMs,1769608828896000000,1769608888896000000,0
Indexes.allKeys.lookupDurationMaxMs,1769608828896000000,1769608888896000000,0.0
Indexes.entries.lookupDurationMaxMs,1769608828896000000,1769608888896000000,0.0
Indexing.writer_1.totalTimeSpentWritingMs,1769608828896000000,1769608888896000000,0
Indexing.writer_0.totalTimeSpentWritingMs,1769608828896000000,1769608888896000000,0
Indexes.allKeys.lookups,1769608828896000000,1769608888896000000,0
Indexes.entries.lookups,1769608828896000000,1769608888896000000,1
Indexing.cache.totalCacheAccesses,1769608828896000000,1769608888896000000,0
Indexes.entries.lookupDuration90PMs,1769608828896000000,1769608888896000000,0.0
IndexesFlusher.totalFlushingTimeUs,1769608828896000000,1769608888896000000,29649
Indexing.totalTimeIndexersSleptMs,1769608828896000000,1769608888896000000,0
IndexesFlusher.totalContentionQuotaSpent,1769608828896000000,1769608888896000000,0
Indexes.allKeys.lookupDuration90PMs,1769608828896000000,1769608888896000000,0.0
Indexes.entries.lookupDurationAvgMs,1769608828896000000,1769608888896000000,0.0
IndexesFlusher.totalFlushes,1769608828896000000,1769608888896000000,120
Indexes.stubs.lookupDurationMaxMs,1769608828896000000,1769608888896000000,0.0
Indexes.stubs.lookupDuration90PMs,1769608828896000000,1769608888896000000,0.0
Indexing.cache.totalCacheMisses,1769608828896000000,1769608888896000000,0
Indexes.stubs.lookupDurationAvgMs,1769608828896000000,1769608888896000000,0.0
IndexesFlusher.totalFlushesRetried,1769608828896000000,1769608888896000000,0
Indexes.allKeys.lookupDurationAvgMs,1769608828896000000,1769608888896000000,0.0
Indexing.writesQueuedMin,1769608828896000000,1769608888896000000,9223372036854775807
JVM.maxThreadCount,1769608828896000000,1769608888896000000,148
JVM.GC.collectionTimesMs,1769608828896000000,1769608888896000000,0
JVM.GC.collections,1769608828896000000,1769608888896000000,0
OS.loadAverage,1769608828896000000,1769608888896000000,1.31982421875
JVM.totalSafepointCount,1769608828896000000,1769608888896000000,6
JVM.threadCount,1769608828896000000,1769608888896000000,54
JVM.totalTimeAtSafepointsMs,1769608828896000000,1769608888896000000,0
JVM.newThreadsCount,1769608828896000000,1769608888896000000,7
JVM.totalBytesAllocated,1769608828896000000,1769608888896000000,119979816
JVM.totalCpuTimeMs,1769608828896000000,1769608888896000000,1360
JVM.usedNativeBytes,1769608828896000000,1769608888896000000,368029104
JVM.maxHeapBytes,1769608828896000000,1769608888896000000,4196401152
JVM.totalDirectByteBuffersBytes,1769608828896000000,1769608888896000000,168543375
JVM.totalTimeToSafepointsMs,1769608828896000000,1769608888896000000,0
JVM.usedHeapBytes,1769608828896000000,1769608888896000000,846528992
AWTEventQueue.dispatchTimeTotalNS,1769608828896000000,1769608888896000000,62357750
FlushQueue.executionTimeAvgNs,1769608828896000000,1769608888896000000,0.0
NonBlockingReadAction.failedExecutionTimeUs,1769608828896000000,1769608888896000000,0
FlushQueue.queueSizeMax,1769608828896000000,1769608888896000000,0
ReadAction.executionsCount,1769608828896000000,1769608888896000000,36788
FlushQueue.waitingTimeAvgNs,1769608828896000000,1769608888896000000,0.0
AWTEventQueue.dispatchTimeMaxNs,1769608828896000000,1769608888896000000,0
FlushQueue.tasksExecuted,1769608828896000000,1769608888896000000,0
WriteAction.executionsCount,1769608828896000000,1769608888896000000,0
AWTEventQueue.dispatchTimeAvgNs,1769608828896000000,1769608888896000000,0.0
NonBlockingReadAction.finalizedExecutionsCount,1769608828896000000,1769608888896000000,4
AWTEventQueue.eventsDispatched,1769608828896000000,1769608888896000000,0
FlushQueue.queueSizeAvg,1769608828896000000,1769608888896000000,0.0
FlushQueue.executionTimeMaxNs,1769608828896000000,1769608888896000000,0
NonBlockingReadAction.finalizedExecutionTimeUs,1769608828896000000,1769608888896000000,2495
NonBlockingReadAction.failedExecutionsCount,1769608828896000000,1769608888896000000,0
FlushQueue.queueSize90P,1769608828896000000,1769608888896000000,0
FlushQueue.waitingTime90PNs,1769608828896000000,1769608888896000000,0
AWTEventQueue.dispatchTime90PNs,1769608828896000000,1769608888896000000,0
FlushQueue.waitingTimeMaxNs,1769608828896000000,1769608888896000000,0
FlushQueue.executionTime90PNs,1769608828896000000,1769608888896000000,0
VFS.contentStorage.recordsUncompressedSize,1769608828896000000,1769608888896000000,0
VFS.fileByIdCache.misses,1769608828896000000,1769608888896000000,166
VFS.contentStorage.recordsReadDecompressed,1769608828896000000,1769608888896000000,0
VFS.contentStorage.recordsStoredSize,1769608828896000000,1769608888896000000,0
VFS.contentStorage.recordsReadSize,1769608828896000000,1769608888896000000,0
FileNameCache.queries,1769608828896000000,1769608888896000000,2688
VFS.contentStorage.recordsDecompressionTimeUs,1769608828896000000,1769608888896000000,0
VFS.contentStorage.recordsDeduplicated,1769608828896000000,1769608888896000000,0
VFS.contentStorage.recordsRead,1769608828896000000,1769608888896000000,0
VFS.contentStorage.recordsStored,1769608828896000000,1769608888896000000,0
VFS.invertedFileNameIndex.requests,1769608828896000000,1769608888896000000,0
VFS.contentStorage.recordsStoredCompressed,1769608828896000000,1769608888896000000,0
VFS.fileChildByName,1769608828896000000,1769608888896000000,1709
VFS.fileByIdCache.hits,1769608828896000000,1769608888896000000,0
FileNameCache.totalMisses,1769608828896000000,1769608888896000000,192
workspaceModel.global.apply.state.to.project.builder.ms,1769608828896000000,1769608888896000000,0
workspaceModel.mutableEntityStorage.changeLog.addReplaceEventForRemovedParent.ms,1769608828896000000,1769608888896000000,0
jps.apply.loaded.storage.ms,1769608828896000000,1769608888896000000,0
jps.global.handle.changed.events.ms,1769608828896000000,1769608888896000000,0
jps.global.initialize.library.bridges.ms,1769608828896000000,1769608888896000000,0
jps.facet.change.listener.init.bridge.ms,1769608828896000000,1769608888896000000,0
workspaceModel.moduleManagerBridge.new.nonPersistent.module.ms,1769608828896000000,1769608888896000000,0
workspaceModel.mutableEntityStorage.changeLog.addReplaceEventForRemovedChild.ms,1769608828896000000,1769608888896000000,0
jps.module.iml.entities.serializer.load.entities.ms,1769608828896000000,1769608888896000000,0
workspaceModel.mutableEntityStorage.referrers.ms,1769608828896000000,1769608888896000000,0
jps.library.entities.serializer.load.entities.ms,1769608828896000000,1769608888896000000,0
workspaceModel.global.updates.ms,1769608828896000000,1769608888896000000,0
jps.project.serializers.save.ms,1769608828896000000,1769608888896000000,0
jps.artifact.entities.serializer.save.entities.ms,1769608828896000000,1769608888896000000,0
workspaceModel.moduleBridge.facet.initialization.ms,1769608828896000000,1769608888896000000,0
jps.save.changed.project.entities.ms,1769608828896000000,1769608888896000000,0
workspaceModel.load.cache.metadata.from.file.ms,1769608828896000000,1769608888896000000,0
workspaceModel.mutableEntityStorage.changeLog.addReplaceEventForNewParent.ms,1769608828896000000,1769608888896000000,0
workspaceModel.mutableEntityStorage.mutable.ext.mapping.ms,1769608828896000000,1769608888896000000,0
workspaceModel.global.updates.count,1769608828896000000,1769608888896000000,0
jps.module.dependency.index.workspace.model.listener.on.changed.ms,1769608828896000000,1769608888896000000,0
workspaceModel.sync.entities.ms,1769608828896000000,1769608888896000000,0
jps.facet.change.listener.process.change.events.ms,1769608828896000000,1769608888896000000,0
jps.global.get.libraries.ms,1769608828896000000,1769608888896000000,0
jps.app.storage.content.writer.save.component.ms,1769608828896000000,1769608888896000000,0
workspaceModel.global.apply.state.to.project.ms,1769608828896000000,1769608888896000000,0
workspaceModel.mutableEntityStorage.has.same.entities.ms,1769608828896000000,1769608888896000000,0
workspaceModel.moduleBridge.update.option.ms,1769608828896000000,1769608888896000000,0
jps.library.entities.serializer.save.entities.ms,1769608828896000000,1769608888896000000,0
jps.global.handle.before.change.events.ms,1769608828896000000,1769608888896000000,0
workspaceModel.mutableEntityStorage.collect.changes.ms,1769608828896000000,1769608888896000000,0
workspaceModel.mutableEntityStorage.replace.by.source.ms,1769608828896000000,1769608888896000000,0
workspaceModel.mutableEntityStorage.entities.by.source.ms,1769608828896000000,1769608888896000000,0
workspaceModel.mutableEntityStorage.changeLog.addReplaceEventForNewChild.ms,1769608828896000000,1769608888896000000,0
workspaceModel.orphan.listener.update.ms,1769608828896000000,1769608888896000000,0
workspaceModel.mutableEntityStorage.apply.changes.from.ms,1769608828896000000,1769608888896000000,0
workspaceModel.mutableEntityStorage.resolve.ms,1769608828896000000,1769608888896000000,0
jps.global.get.library.by.name.ms,1769608828896000000,1769608888896000000,0
jps.save.global.entities.ms,1769608828896000000,1769608888896000000,0
workspaceModel.moduleBridge.before.changed.ms,1769608828896000000,1769608888896000000,0
jps.global.get.library.ms,1769608828896000000,1769608888896000000,0
workspaceModel.moduleManagerBridge.create.module.instance.ms,1769608828896000000,1769608888896000000,0
jps.storage.jps.conf.reader.load.component.ms,1769608828896000000,1769608888896000000,0
workspaceModel.mutableEntityStorage.to.snapshot.ms,1769608828896000000,1769608888896000000,0
workspaceModel.do.save.caches.ms,1769608828896000000,1769608888896000000,0
workspaceModel.moduleManagerBridge.build.module.graph.ms,1769608828896000000,1769608888896000000,1
jps.reload.project.entities.ms,1769608828896000000,1769608888896000000,0
workspaceModel.delayed.project.synchronizer.sync.ms,1769608828896000000,1769608888896000000,0
workspaceModel.mutableEntityStorage.entities.ms,1769608828896000000,1769608888896000000,0
workspaceModel.moduleBridgeLoader.loading.modules.ms,1769608828896000000,1769608888896000000,0
workspaceModel.mutableEntityStorage.remove.entity.ms,1769608828896000000,1769608888896000000,0
jps.global.initialize.library.bridges.after.loading.ms,1769608828896000000,1769608888896000000,0
workspaceModel.save.cache.to.file.ms,1769608828896000000,1769608888896000000,0
jps.load.project.to.empty.storage.ms,1769608828896000000,1769608888896000000,0
jps.project.serializers.load.ms,1769608828896000000,1769608888896000000,0
workspaceModel.moduleManagerBridge.set.unloadedModules.ms,1769608828896000000,1769608888896000000,0
workspaceModel.mutableEntityStorage.modify.entity.ms,1769608828896000000,1769608888896000000,0
jps.artifact.entities.serializer.load.entities.ms,1769608828896000000,1769608888896000000,0
workspaceModel.mutableEntityStorage.add.entity.ms,1769608828896000000,1769608888896000000,0
workspaceModel.moduleManagerBridge.newModule.ms,1769608828896000000,1769608888896000000,0
workspaceModel.moduleManagerBridge.load.module.ms,1769608828896000000,1769608888896000000,0
workspaceModel.moduleManagerBridge.load.all.modules.ms,1769608828896000000,1769608888896000000,0
jps.module.iml.entities.serializer.save.entities.ms,1769608828896000000,1769608888896000000,0
workspaceModel.mutableEntityStorage.put.entity.ms,1769608828896000000,1769608888896000000,0
workspaceModel.mutableEntityStorage.instances.count,1769608828896000000,1769608888896000000,0
jps.load.initial.state.ms,1769608828896000000,1769608888896000000,0
workspaceModel.mutableEntityStorage.mutable.vfurl.index.ms,1769608828896000000,1769608888896000000,0
workspaceModel.load.cache.from.file.ms,1769608828896000000,1769608888896000000,0
jps.app.storage.content.reader.load.component.ms,1769608828896000000,1769608888896000000,0
workspaceModel.moduleManagerBridge.get.modules.ms,1769608828896000000,1769608888896000000,0
jps.facet.change.listener.before.change.events.ms,1769608828896000000,1769608888896000000,0
workspaceModel.workspaceFileIndexData.getFileInfo.ms,1769608828896000000,1769608888896000000,15
workspaceModel.init.bridges.ms,1769608828896000000,1769608888896000000,0
workspaceModel.cachedValueWithParameters.calculated.count,1769608828896000000,1769608888896000000,0
workspaceModel.cachedValue.total.get.count,1769608828896000000,1769608888896000000,23
workspaceModel.workspaceFileIndexData.onEntitiesChanged.ms,1769608828896000000,1769608888896000000,0
workspaceModel.workspaceFileIndexData.visitFileSets.ms,1769608828896000000,1769608888896000000,0
workspaceModel.updates.ms,1769608828896000000,1769608888896000000,0
workspaceModel.cachedValue.calculated.count,1769608828896000000,1769608888896000000,2
workspaceModel.workspaceFileIndexData.instances.count,1769608828896000000,1769608888896000000,0
workspaceModel.workspaceFileIndexData.init.ms,1769608828896000000,1769608888896000000,0
workspaceModel.cachedValueWithParameters.total.get.count,1769608828896000000,1769608888896000000,0
workspaceModel.collect.changes.ms,1769608828896000000,1769608888896000000,0
workspaceModel.entityStorageSnapshotImpl.instances.count,1769608828896000000,1769608888896000000,0
workspaceModel.initializing.ms,1769608828896000000,1769608888896000000,0
workspaceModel.replace.project.model.ms,1769608828896000000,1769608888896000000,0
workspaceModel.workspaceFileIndexData.getPackageName.ms,1769608828896000000,1769608888896000000,0
workspaceModel.cachedValueWithParameters.clear.count,1769608828896000000,1769608888896000000,0
workspaceModel.pre.handlers.ms,1769608828896000000,1769608888896000000,0
workspaceModel.cachedValue.from.cache.count,1769608828896000000,1769608888896000000,21
workspaceModel.updates.count,1769608828896000000,1769608888896000000,0
workspaceModel.loading.from.cache.ms,1769608828896000000,1769608888896000000,0
workspaceModel.check.recursive.update.ms,1769608828896000000,1769608888896000000,0
workspaceModel.workspaceFileIndexData.getDirectoriesByPackageName.ms,1769608828896000000,1769608888896000000,0
workspaceModel.cachedValue.clear.count,1769608828896000000,1769608888896000000,0
workspaceModel.workspaceFileIndexContributor.registerFileSets.ms,1769608828896000000,1769608888896000000,0
workspaceModel.workspaceFileIndexData.updateDirtyEntities.ms,1769608828896000000,1769608888896000000,0
workspaceModel.on.before.changed.ms,1769608828896000000,1769608888896000000,0
workspaceModel.workspaceFileIndexData.processFileSets.ms,1769608828896000000,1769608888896000000,0
workspaceModel.workspaceFileIndexData.markDirty.ms,1769608828896000000,1769608888896000000,0
workspaceModel.loading.total.ms,1769608828896000000,1769608888896000000,0
workspaceModel.cachedValueWithParameters.from.cache.count,1769608828896000000,1769608888896000000,0
workspaceModel.full.replace.project.model.ms,1769608828896000000,1769608888896000000,0
workspaceModel.to.snapshot.ms,1769608828896000000,1769608888896000000,0
workspaceModel.on.changed.ms,1769608828896000000,1769608888896000000,0
workspaceModel.update.unloaded.entities.ms,1769608828896000000,1769608888896000000,0
workspaceModel.updates.precise.ms,1769608828896000000,1769608888896000000,0
cacheStateStorage.set.counter,1769608828896000000,1769608888896000000,0
cacheStateStorage.get.duration,1769608828896000000,1769608888896000000,0
cacheStateStorage.set.duration,1769608828896000000,1769608888896000000,0
cacheStateStorage.get.counter,1769608828896000000,1769608888896000000,0
DiskQueryRelay.tasksRequested,1769608828896000000,1769608888896000000,0
writeAction.max.wait.ms,1769608828896000000,1769608888896000000,2
DiskQueryRelay.tasksExecuted,1769608828896000000,1769608888896000000,0
DiskQueryRelay.taskWaitingTotalTimeUs,1769608828896000000,1769608888896000000,0
writeAction.count,1769608828896000000,1769608888896000000,0
writeAction.wait.ms,1769608828896000000,1769608888896000000,0
DiskQueryRelay.taskExecutionTotalTimeUs,1769608828896000000,1769608888896000000,0
writeAction.median.wait.ms,1769608828896000000,1769608888896000000,0
FilePageCache.uncachedFileAccess,1769608828896000000,1769608888896000000,0
FilePageCacheLockFree.totalPagesWriteMs,1769608828896000000,1769608888896000000,0
FilePageCacheLockFree.totalPagesAllocated,1769608828896000000,1769608888896000000,0
FilePageCacheLockFree.totalHeapBytesReclaimed,1769608828896000000,1769608888896000000,0
DirectByteBufferAllocator.totalSizeOfBuffersAllocatedInBytes,1769608828896000000,1769608888896000000,167829504
StorageLockContext.competingThreads.avg,1769608828896000000,1769608888896000000,0.0
DirectByteBufferAllocator.totalSizeOfBuffersCachedInBytes,1769608828896000000,1769608888896000000,0
FilePageCache.pageFastCacheHits,1769608828896000000,1769608888896000000,0
DirectByteBufferAllocator.reclaimed,1769608828896000000,1769608888896000000,0
FileChannelInterruptsRetryer.totalRetriedAttempts,1769608828896000000,1769608888896000000,0
MappedFileStorage.totalBytesMapped,1769608828896000000,1769608888896000000,257163264
StreamlinedBlobStorage.totalLiveRecordsPayloadBytes,1769608828896000000,1769608888896000000,0
FilePageCacheLockFree.totalPageAllocationsWaited,1769608828896000000,1769608888896000000,0
FilePageCacheLockFree.totalNativeBytesReclaimed,1769608828896000000,1769608888896000000,0
MappedFileStorage.totalTimeSpentOnMappingUs,1769608828896000000,1769608888896000000,10821
StorageLockContext.competingThreads.90P,1769608828896000000,1769608888896000000,0
FilePageCacheLockFree.totalPagesWritten,1769608828896000000,1769608888896000000,0
DirectByteBufferAllocator.hits,1769608828896000000,1769608888896000000,0
FilePageCacheLockFree.totalClosedStoragesReclaimed,1769608828896000000,1769608888896000000,0
FilePageCacheLockFree.nativeBytesInUse,1769608828896000000,1769608888896000000,0
FilePageCacheLockFree.totalHeapBytesAllocated,1769608828896000000,1769608888896000000,0
FilePageCacheLockFree.totalPagesRequested,1769608828896000000,1769608888896000000,0
StorageLockContext.competingThreads.max,1769608828896000000,1769608888896000000,0
MappedFileStorage.storages,1769608828896000000,1769608888896000000,15
FilePageCacheLockFree.totalPagesHandedOver,1769608828896000000,1769608888896000000,0
FilePageCache.disposedBuffers,1769608828896000000,1769608888896000000,0
FilePageCacheLockFree.totalBytesRequested,1769608828896000000,1769608888896000000,0
FilePageCache.totalPageDisposalsUs,1769608828896000000,1769608888896000000,0
FilePageCacheLockFree.heapBytesInUse,1769608828896000000,1769608888896000000,0
FilePageCacheLockFree.totalPagesReadMs,1769608828896000000,1769608888896000000,0
FilePageCacheLockFree.housekeeperTurnsDone,1769608828896000000,1769608888896000000,0
DirectByteBufferAllocator.disposed,1769608828896000000,1769608888896000000,0
FilePageCache.pageLoads,1769608828896000000,1769608888896000000,0
FilePageCacheLockFree.totalNativeBytesAllocated,1769608828896000000,1769608888896000000,0
FilePageCacheLockFree.totalPagesReclaimed,1769608828896000000,1769608888896000000,0
FilePageCache.capacityInBytes,1769608828896000000,1769608888896000000,503316478
StreamlinedBlobStorage.recordsAllocated,1769608828896000000,1769608888896000000,0
FilePageCacheLockFree.totalBytesRead,1769608828896000000,1769608888896000000,0
StreamlinedBlobStorage.recordsDeleted,1769608828896000000,1769608888896000000,0
FilePageCache.pageHits,1769608828896000000,1769608888896000000,0
FilePageCache.maxRegisteredFiles,1769608828896000000,1769608888896000000,252
StreamlinedBlobStorage.totalLiveRecordsCapacityBytes,1769608828896000000,1769608888896000000,0
FilePageCacheLockFree.totalPagesRequestsMs,1769608828896000000,1769608888896000000,0
FilePageCacheLockFree.housekeeperTurnsSkipped,1769608828896000000,1769608888896000000,0
MappedFileStorage.totalPagesMapped,1769608828896000000,1769608888896000000,20
FilePageCache.pageLoadsAboveSizeThreshold,1769608828896000000,1769608888896000000,0
FilePageCacheLockFree.totalBytesWritten,1769608828896000000,1769608888896000000,0
FilePageCache.maxCacheSizeInBytes,1769608828896000000,1769608888896000000,167829504
FilePageCache.totalPageLoadsUs,1769608828896000000,1769608888896000000,0
DirectByteBufferAllocator.misses,1769608828896000000,1769608888896000000,0
StreamlinedBlobStorage.recordsRelocated,1769608828896000000,1769608888896000000,0
FilePageCacheLockFree.housekeeperTimeSpentMs,1769608828896000000,1769608888896000000,0
Indexing.cache.totalCacheEvicted,1769608888896000000,1769608948894000000,0
Indexing.writesQueuedMax,1769608888896000000,1769608948894000000,0
Indexes.stubs.lookups,1769608888896000000,1769608948894000000,0
Indexing.writer_2.totalTimeSpentWritingMs,1769608888896000000,1769608948894000000,0
Indexing.writer_3.totalTimeSpentWritingMs,1769608888896000000,1769608948894000000,0
Indexes.allKeys.lookupDurationMaxMs,1769608888896000000,1769608948894000000,0.0
Indexes.entries.lookupDurationMaxMs,1769608888896000000,1769608948894000000,0.0
Indexing.writer_1.totalTimeSpentWritingMs,1769608888896000000,1769608948894000000,0
Indexing.writer_0.totalTimeSpentWritingMs,1769608888896000000,1769608948894000000,0
Indexes.allKeys.lookups,1769608888896000000,1769608948894000000,0
Indexes.entries.lookups,1769608888896000000,1769608948894000000,0
Indexing.cache.totalCacheAccesses,1769608888896000000,1769608948894000000,0
Indexes.entries.lookupDuration90PMs,1769608888896000000,1769608948894000000,0.0
IndexesFlusher.totalFlushingTimeUs,1769608888896000000,1769608948894000000,30176
Indexing.totalTimeIndexersSleptMs,1769608888896000000,1769608948894000000,0
IndexesFlusher.totalContentionQuotaSpent,1769608888896000000,1769608948894000000,0
Indexes.allKeys.lookupDuration90PMs,1769608888896000000,1769608948894000000,0.0
Indexes.entries.lookupDurationAvgMs,1769608888896000000,1769608948894000000,0.0
IndexesFlusher.totalFlushes,1769608888896000000,1769608948894000000,119
Indexes.stubs.lookupDurationMaxMs,1769608888896000000,1769608948894000000,0.0
Indexes.stubs.lookupDuration90PMs,1769608888896000000,1769608948894000000,0.0
Indexing.cache.totalCacheMisses,1769608888896000000,1769608948894000000,0
Indexes.stubs.lookupDurationAvgMs,1769608888896000000,1769608948894000000,0.0
IndexesFlusher.totalFlushesRetried,1769608888896000000,1769608948894000000,0
Indexes.allKeys.lookupDurationAvgMs,1769608888896000000,1769608948894000000,0.0
Indexing.writesQueuedMin,1769608888896000000,1769608948894000000,9223372036854775807
JVM.maxThreadCount,1769608888896000000,1769608948894000000,148
JVM.GC.collectionTimesMs,1769608888896000000,1769608948894000000,0
JVM.GC.collections,1769608888896000000,1769608948894000000,0
OS.loadAverage,1769608888896000000,1769608948894000000,1.3232421875
JVM.totalSafepointCount,1769608888896000000,1769608948894000000,5
JVM.threadCount,1769608888896000000,1769608948894000000,47
JVM.totalTimeAtSafepointsMs,1769608888896000000,1769608948894000000,0
JVM.newThreadsCount,1769608888896000000,1769608948894000000,1
JVM.totalBytesAllocated,1769608888896000000,1769608948894000000,27422168
JVM.totalCpuTimeMs,1769608888896000000,1769608948894000000,620
JVM.usedNativeBytes,1769608888896000000,1769608948894000000,368492232
JVM.maxHeapBytes,1769608888896000000,1769608948894000000,4196401152
JVM.totalDirectByteBuffersBytes,1769608888896000000,1769608948894000000,168491336
JVM.totalTimeToSafepointsMs,1769608888896000000,1769608948894000000,0
JVM.usedHeapBytes,1769608888896000000,1769608948894000000,875889120
AWTEventQueue.dispatchTimeTotalNS,1769608888896000000,1769608948894000000,74455935
FlushQueue.executionTimeAvgNs,1769608888896000000,1769608948894000000,0.0
NonBlockingReadAction.failedExecutionTimeUs,1769608888896000000,1769608948894000000,0
FlushQueue.queueSizeMax,1769608888896000000,1769608948894000000,0
ReadAction.executionsCount,1769608888896000000,1769608948894000000,0
FlushQueue.waitingTimeAvgNs,1769608888896000000,1769608948894000000,0.0
AWTEventQueue.dispatchTimeMaxNs,1769608888896000000,1769608948894000000,0
FlushQueue.tasksExecuted,1769608888896000000,1769608948894000000,0
WriteAction.executionsCount,1769608888896000000,1769608948894000000,0
AWTEventQueue.dispatchTimeAvgNs,1769608888896000000,1769608948894000000,0.0
NonBlockingReadAction.finalizedExecutionsCount,1769608888896000000,1769608948894000000,0
AWTEventQueue.eventsDispatched,1769608888896000000,1769608948894000000,0
FlushQueue.queueSizeAvg,1769608888896000000,1769608948894000000,0.0
FlushQueue.executionTimeMaxNs,1769608888896000000,1769608948894000000,0
NonBlockingReadAction.finalizedExecutionTimeUs,1769608888896000000,1769608948894000000,0
NonBlockingReadAction.failedExecutionsCount,1769608888896000000,1769608948894000000,0
FlushQueue.queueSize90P,1769608888896000000,1769608948894000000,0
FlushQueue.waitingTime90PNs,1769608888896000000,1769608948894000000,0
AWTEventQueue.dispatchTime90PNs,1769608888896000000,1769608948894000000,0
FlushQueue.waitingTimeMaxNs,1769608888896000000,1769608948894000000,0
FlushQueue.executionTime90PNs,1769608888896000000,1769608948894000000,0
VFS.contentStorage.recordsUncompressedSize,1769608888896000000,1769608948894000000,0
VFS.fileByIdCache.misses,1769608888896000000,1769608948894000000,0
VFS.contentStorage.recordsReadDecompressed,1769608888896000000,1769608948894000000,0
VFS.contentStorage.recordsStoredSize,1769608888896000000,1769608948894000000,0
VFS.contentStorage.recordsReadSize,1769608888896000000,1769608948894000000,0
FileNameCache.queries,1769608888896000000,1769608948894000000,0
VFS.contentStorage.recordsDecompressionTimeUs,1769608888896000000,1769608948894000000,0
VFS.contentStorage.recordsDeduplicated,1769608888896000000,1769608948894000000,0
VFS.contentStorage.recordsRead,1769608888896000000,1769608948894000000,0
VFS.contentStorage.recordsStored,1769608888896000000,1769608948894000000,0
VFS.invertedFileNameIndex.requests,1769608888896000000,1769608948894000000,0
VFS.contentStorage.recordsStoredCompressed,1769608888896000000,1769608948894000000,0
VFS.fileChildByName,1769608888896000000,1769608948894000000,0
VFS.fileByIdCache.hits,1769608888896000000,1769608948894000000,0
FileNameCache.totalMisses,1769608888896000000,1769608948894000000,0
workspaceModel.global.apply.state.to.project.builder.ms,1769608888896000000,1769608948894000000,0
workspaceModel.mutableEntityStorage.changeLog.addReplaceEventForRemovedParent.ms,1769608888896000000,1769608948894000000,0
jps.apply.loaded.storage.ms,1769608888896000000,1769608948894000000,0
jps.global.handle.changed.events.ms,1769608888896000000,1769608948894000000,0
jps.global.initialize.library.bridges.ms,1769608888896000000,1769608948894000000,0
jps.facet.change.listener.init.bridge.ms,1769608888896000000,1769608948894000000,0
workspaceModel.moduleManagerBridge.new.nonPersistent.module.ms,1769608888896000000,1769608948894000000,0
workspaceModel.mutableEntityStorage.changeLog.addReplaceEventForRemovedChild.ms,1769608888896000000,1769608948894000000,0
jps.module.iml.entities.serializer.load.entities.ms,1769608888896000000,1769608948894000000,0
workspaceModel.mutableEntityStorage.referrers.ms,1769608888896000000,1769608948894000000,0
jps.library.entities.serializer.load.entities.ms,1769608888896000000,1769608948894000000,0
workspaceModel.global.updates.ms,1769608888896000000,1769608948894000000,0
jps.project.serializers.save.ms,1769608888896000000,1769608948894000000,0
jps.artifact.entities.serializer.save.entities.ms,1769608888896000000,1769608948894000000,0
workspaceModel.moduleBridge.facet.initialization.ms,1769608888896000000,1769608948894000000,0
jps.save.changed.project.entities.ms,1769608888896000000,1769608948894000000,0
workspaceModel.load.cache.metadata.from.file.ms,1769608888896000000,1769608948894000000,0
workspaceModel.mutableEntityStorage.changeLog.addReplaceEventForNewParent.ms,1769608888896000000,1769608948894000000,0
workspaceModel.mutableEntityStorage.mutable.ext.mapping.ms,1769608888896000000,1769608948894000000,0
workspaceModel.global.updates.count,1769608888896000000,1769608948894000000,0
jps.module.dependency.index.workspace.model.listener.on.changed.ms,1769608888896000000,1769608948894000000,0
workspaceModel.sync.entities.ms,1769608888896000000,1769608948894000000,0
jps.facet.change.listener.process.change.events.ms,1769608888896000000,1769608948894000000,0
jps.global.get.libraries.ms,1769608888896000000,1769608948894000000,0
jps.app.storage.content.writer.save.component.ms,1769608888896000000,1769608948894000000,0
workspaceModel.global.apply.state.to.project.ms,1769608888896000000,1769608948894000000,0
workspaceModel.mutableEntityStorage.has.same.entities.ms,1769608888896000000,1769608948894000000,0
workspaceModel.moduleBridge.update.option.ms,1769608888896000000,1769608948894000000,0
jps.library.entities.serializer.save.entities.ms,1769608888896000000,1769608948894000000,0
jps.global.handle.before.change.events.ms,1769608888896000000,1769608948894000000,0
workspaceModel.mutableEntityStorage.collect.changes.ms,1769608888896000000,1769608948894000000,0
workspaceModel.mutableEntityStorage.replace.by.source.ms,1769608888896000000,1769608948894000000,0
workspaceModel.mutableEntityStorage.entities.by.source.ms,1769608888896000000,1769608948894000000,0
workspaceModel.mutableEntityStorage.changeLog.addReplaceEventForNewChild.ms,1769608888896000000,1769608948894000000,0
workspaceModel.orphan.listener.update.ms,1769608888896000000,1769608948894000000,0
workspaceModel.mutableEntityStorage.apply.changes.from.ms,1769608888896000000,1769608948894000000,0
workspaceModel.mutableEntityStorage.resolve.ms,1769608888896000000,1769608948894000000,0
jps.global.get.library.by.name.ms,1769608888896000000,1769608948894000000,0
jps.save.global.entities.ms,1769608888896000000,1769608948894000000,0
workspaceModel.moduleBridge.before.changed.ms,1769608888896000000,1769608948894000000,0
jps.global.get.library.ms,1769608888896000000,1769608948894000000,0
workspaceModel.moduleManagerBridge.create.module.instance.ms,1769608888896000000,1769608948894000000,0
jps.storage.jps.conf.reader.load.component.ms,1769608888896000000,1769608948894000000,0
workspaceModel.mutableEntityStorage.to.snapshot.ms,1769608888896000000,1769608948894000000,0
workspaceModel.do.save.caches.ms,1769608888896000000,1769608948894000000,0
workspaceModel.moduleManagerBridge.build.module.graph.ms,1769608888896000000,1769608948894000000,0
jps.reload.project.entities.ms,1769608888896000000,1769608948894000000,0
workspaceModel.delayed.project.synchronizer.sync.ms,1769608888896000000,1769608948894000000,0
workspaceModel.mutableEntityStorage.entities.ms,1769608888896000000,1769608948894000000,0
workspaceModel.moduleBridgeLoader.loading.modules.ms,1769608888896000000,1769608948894000000,0
workspaceModel.mutableEntityStorage.remove.entity.ms,1769608888896000000,1769608948894000000,0
jps.global.initialize.library.bridges.after.loading.ms,1769608888896000000,1769608948894000000,0
workspaceModel.save.cache.to.file.ms,1769608888896000000,1769608948894000000,0
jps.load.project.to.empty.storage.ms,1769608888896000000,1769608948894000000,0
jps.project.serializers.load.ms,1769608888896000000,1769608948894000000,0
workspaceModel.moduleManagerBridge.set.unloadedModules.ms,1769608888896000000,1769608948894000000,0
workspaceModel.mutableEntityStorage.modify.entity.ms,1769608888896000000,1769608948894000000,0
jps.artifact.entities.serializer.load.entities.ms,1769608888896000000,1769608948894000000,0
workspaceModel.mutableEntityStorage.add.entity.ms,1769608888896000000,1769608948894000000,0
workspaceModel.moduleManagerBridge.newModule.ms,1769608888896000000,1769608948894000000,0
workspaceModel.moduleManagerBridge.load.module.ms,1769608888896000000,1769608948894000000,0
workspaceModel.moduleManagerBridge.load.all.modules.ms,1769608888896000000,1769608948894000000,0
jps.module.iml.entities.serializer.save.entities.ms,1769608888896000000,1769608948894000000,0
workspaceModel.mutableEntityStorage.put.entity.ms,1769608888896000000,1769608948894000000,0
workspaceModel.mutableEntityStorage.instances.count,1769608888896000000,1769608948894000000,0
jps.load.initial.state.ms,1769608888896000000,1769608948894000000,0
workspaceModel.mutableEntityStorage.mutable.vfurl.index.ms,1769608888896000000,1769608948894000000,0
workspaceModel.load.cache.from.file.ms,1769608888896000000,1769608948894000000,0
jps.app.storage.content.reader.load.component.ms,1769608888896000000,1769608948894000000,0
workspaceModel.moduleManagerBridge.get.modules.ms,1769608888896000000,1769608948894000000,0
jps.facet.change.listener.before.change.events.ms,1769608888896000000,1769608948894000000,0
workspaceModel.workspaceFileIndexData.getFileInfo.ms,1769608888896000000,1769608948894000000,0
workspaceModel.init.bridges.ms,1769608888896000000,1769608948894000000,0
workspaceModel.cachedValueWithParameters.calculated.count,1769608888896000000,1769608948894000000,0
workspaceModel.cachedValue.total.get.count,1769608888896000000,1769608948894000000,0
workspaceModel.workspaceFileIndexData.onEntitiesChanged.ms,1769608888896000000,1769608948894000000,0
workspaceModel.workspaceFileIndexData.visitFileSets.ms,1769608888896000000,1769608948894000000,0
workspaceModel.updates.ms,1769608888896000000,1769608948894000000,0
workspaceModel.cachedValue.calculated.count,1769608888896000000,1769608948894000000,0
workspaceModel.workspaceFileIndexData.instances.count,1769608888896000000,1769608948894000000,0
workspaceModel.workspaceFileIndexData.init.ms,1769608888896000000,1769608948894000000,0
workspaceModel.cachedValueWithParameters.total.get.count,1769608888896000000,1769608948894000000,0
workspaceModel.collect.changes.ms,1769608888896000000,1769608948894000000,0
workspaceModel.entityStorageSnapshotImpl.instances.count,1769608888896000000,1769608948894000000,0
workspaceModel.initializing.ms,1769608888896000000,1769608948894000000,0
workspaceModel.replace.project.model.ms,1769608888896000000,1769608948894000000,0
workspaceModel.workspaceFileIndexData.getPackageName.ms,1769608888896000000,1769608948894000000,0
workspaceModel.cachedValueWithParameters.clear.count,1769608888896000000,1769608948894000000,0
workspaceModel.pre.handlers.ms,1769608888896000000,1769608948894000000,0
workspaceModel.cachedValue.from.cache.count,1769608888896000000,1769608948894000000,0
workspaceModel.updates.count,1769608888896000000,1769608948894000000,0
workspaceModel.loading.from.cache.ms,1769608888896000000,1769608948894000000,0
workspaceModel.check.recursive.update.ms,1769608888896000000,1769608948894000000,0
workspaceModel.workspaceFileIndexData.getDirectoriesByPackageName.ms,1769608888896000000,1769608948894000000,0
workspaceModel.cachedValue.clear.count,1769608888896000000,1769608948894000000,0
workspaceModel.workspaceFileIndexContributor.registerFileSets.ms,1769608888896000000,1769608948894000000,0
workspaceModel.workspaceFileIndexData.updateDirtyEntities.ms,1769608888896000000,1769608948894000000,0
workspaceModel.on.before.changed.ms,1769608888896000000,1769608948894000000,0
workspaceModel.workspaceFileIndexData.processFileSets.ms,1769608888896000000,1769608948894000000,0
workspaceModel.workspaceFileIndexData.markDirty.ms,1769608888896000000,1769608948894000000,0
workspaceModel.loading.total.ms,1769608888896000000,1769608948894000000,0
workspaceModel.cachedValueWithParameters.from.cache.count,1769608888896000000,1769608948894000000,0
workspaceModel.full.replace.project.model.ms,1769608888896000000,1769608948894000000,0
workspaceModel.to.snapshot.ms,1769608888896000000,1769608948894000000,0
workspaceModel.on.changed.ms,1769608888896000000,1769608948894000000,0
workspaceModel.update.unloaded.entities.ms,1769608888896000000,1769608948894000000,0
workspaceModel.updates.precise.ms,1769608888896000000,1769608948894000000,0
cacheStateStorage.set.counter,1769608888896000000,1769608948894000000,0
cacheStateStorage.get.duration,1769608888896000000,1769608948894000000,0
cacheStateStorage.set.duration,1769608888896000000,1769608948894000000,0
cacheStateStorage.get.counter,1769608888896000000,1769608948894000000,0
DiskQueryRelay.tasksRequested,1769608888896000000,1769608948894000000,0
writeAction.max.wait.ms,1769608888896000000,1769608948894000000,2
DiskQueryRelay.tasksExecuted,1769608888896000000,1769608948894000000,0
DiskQueryRelay.taskWaitingTotalTimeUs,1769608888896000000,1769608948894000000,0
writeAction.count,1769608888896000000,1769608948894000000,0
writeAction.wait.ms,1769608888896000000,1769608948894000000,0
DiskQueryRelay.taskExecutionTotalTimeUs,1769608888896000000,1769608948894000000,0
writeAction.median.wait.ms,1769608888896000000,1769608948894000000,0
FilePageCache.uncachedFileAccess,1769608888896000000,1769608948894000000,0
FilePageCacheLockFree.totalPagesWriteMs,1769608888896000000,1769608948894000000,0
FilePageCacheLockFree.totalPagesAllocated,1769608888896000000,1769608948894000000,0
FilePageCacheLockFree.totalHeapBytesReclaimed,1769608888896000000,1769608948894000000,0
DirectByteBufferAllocator.totalSizeOfBuffersAllocatedInBytes,1769608888896000000,1769608948894000000,167829504
StorageLockContext.competingThreads.avg,1769608888896000000,1769608948894000000,0.0
DirectByteBufferAllocator.totalSizeOfBuffersCachedInBytes,1769608888896000000,1769608948894000000,0
FilePageCache.pageFastCacheHits,1769608888896000000,1769608948894000000,0
DirectByteBufferAllocator.reclaimed,1769608888896000000,1769608948894000000,0
FileChannelInterruptsRetryer.totalRetriedAttempts,1769608888896000000,1769608948894000000,0
MappedFileStorage.totalBytesMapped,1769608888896000000,1769608948894000000,257163264
StreamlinedBlobStorage.totalLiveRecordsPayloadBytes,1769608888896000000,1769608948894000000,0
FilePageCacheLockFree.totalPageAllocationsWaited,1769608888896000000,1769608948894000000,0
FilePageCacheLockFree.totalNativeBytesReclaimed,1769608888896000000,1769608948894000000,0
MappedFileStorage.totalTimeSpentOnMappingUs,1769608888896000000,1769608948894000000,10821
StorageLockContext.competingThreads.90P,1769608888896000000,1769608948894000000,0
FilePageCacheLockFree.totalPagesWritten,1769608888896000000,1769608948894000000,0
DirectByteBufferAllocator.hits,1769608888896000000,1769608948894000000,0
FilePageCacheLockFree.totalClosedStoragesReclaimed,1769608888896000000,1769608948894000000,0
FilePageCacheLockFree.nativeBytesInUse,1769608888896000000,1769608948894000000,0
FilePageCacheLockFree.totalHeapBytesAllocated,1769608888896000000,1769608948894000000,0
FilePageCacheLockFree.totalPagesRequested,1769608888896000000,1769608948894000000,0
StorageLockContext.competingThreads.max,1769608888896000000,1769608948894000000,0
MappedFileStorage.storages,1769608888896000000,1769608948894000000,15
FilePageCacheLockFree.totalPagesHandedOver,1769608888896000000,1769608948894000000,0
FilePageCache.disposedBuffers,1769608888896000000,1769608948894000000,0
FilePageCacheLockFree.totalBytesRequested,1769608888896000000,1769608948894000000,0
FilePageCache.totalPageDisposalsUs,1769608888896000000,1769608948894000000,0
FilePageCacheLockFree.heapBytesInUse,1769608888896000000,1769608948894000000,0
FilePageCacheLockFree.totalPagesReadMs,1769608888896000000,1769608948894000000,0
FilePageCacheLockFree.housekeeperTurnsDone,1769608888896000000,1769608948894000000,0
DirectByteBufferAllocator.disposed,1769608888896000000,1769608948894000000,0
FilePageCache.pageLoads,1769608888896000000,1769608948894000000,0
FilePageCacheLockFree.totalNativeBytesAllocated,1769608888896000000,1769608948894000000,0
FilePageCacheLockFree.totalPagesReclaimed,1769608888896000000,1769608948894000000,0
FilePageCache.capacityInBytes,1769608888896000000,1769608948894000000,503316478
StreamlinedBlobStorage.recordsAllocated,1769608888896000000,1769608948894000000,0
FilePageCacheLockFree.totalBytesRead,1769608888896000000,1769608948894000000,0
StreamlinedBlobStorage.recordsDeleted,1769608888896000000,1769608948894000000,0
FilePageCache.pageHits,1769608888896000000,1769608948894000000,0
FilePageCache.maxRegisteredFiles,1769608888896000000,1769608948894000000,252
StreamlinedBlobStorage.totalLiveRecordsCapacityBytes,1769608888896000000,1769608948894000000,0
FilePageCacheLockFree.totalPagesRequestsMs,1769608888896000000,1769608948894000000,0
FilePageCacheLockFree.housekeeperTurnsSkipped,1769608888896000000,1769608948894000000,0
MappedFileStorage.totalPagesMapped,1769608888896000000,1769608948894000000,20
FilePageCache.pageLoadsAboveSizeThreshold,1769608888896000000,1769608948894000000,0
FilePageCacheLockFree.totalBytesWritten,1769608888896000000,1769608948894000000,0
FilePageCache.maxCacheSizeInBytes,1769608888896000000,1769608948894000000,167829504
FilePageCache.totalPageLoadsUs,1769608888896000000,1769608948894000000,0
DirectByteBufferAllocator.misses,1769608888896000000,1769608948894000000,0
StreamlinedBlobStorage.recordsRelocated,1769608888896000000,1769608948894000000,0
FilePageCacheLockFree.housekeeperTimeSpentMs,1769608888896000000,1769608948894000000,0
Indexing.cache.totalCacheEvicted,1769608948894000000,1769609008894000000,0
Indexing.writesQueuedMax,1769608948894000000,1769609008894000000,0
Indexes.stubs.lookups,1769608948894000000,1769609008894000000,0
Indexing.writer_2.totalTimeSpentWritingMs,1769608948894000000,1769609008894000000,0
Indexing.writer_3.totalTimeSpentWritingMs,1769608948894000000,1769609008894000000,0
Indexes.allKeys.lookupDurationMaxMs,1769608948894000000,1769609008894000000,0.0
Indexes.entries.lookupDurationMaxMs,1769608948894000000,1769609008894000000,0.0
Indexing.writer_1.totalTimeSpentWritingMs,1769608948894000000,1769609008894000000,0
Indexing.writer_0.totalTimeSpentWritingMs,1769608948894000000,1769609008894000000,0
Indexes.allKeys.lookups,1769608948894000000,1769609008894000000,0
Indexes.entries.lookups,1769608948894000000,1769609008894000000,0
Indexing.cache.totalCacheAccesses,1769608948894000000,1769609008894000000,0
Indexes.entries.lookupDuration90PMs,1769608948894000000,1769609008894000000,0.0
IndexesFlusher.totalFlushingTimeUs,1769608948894000000,1769609008894000000,37656
Indexing.totalTimeIndexersSleptMs,1769608948894000000,1769609008894000000,0
IndexesFlusher.totalContentionQuotaSpent,1769608948894000000,1769609008894000000,0
Indexes.allKeys.lookupDuration90PMs,1769608948894000000,1769609008894000000,0.0
Indexes.entries.lookupDurationAvgMs,1769608948894000000,1769609008894000000,0.0
IndexesFlusher.totalFlushes,1769608948894000000,1769609008894000000,120
Indexes.stubs.lookupDurationMaxMs,1769608948894000000,1769609008894000000,0.0
Indexes.stubs.lookupDuration90PMs,1769608948894000000,1769609008894000000,0.0
Indexing.cache.totalCacheMisses,1769608948894000000,1769609008894000000,0
Indexes.stubs.lookupDurationAvgMs,1769608948894000000,1769609008894000000,0.0
IndexesFlusher.totalFlushesRetried,1769608948894000000,1769609008894000000,0
Indexes.allKeys.lookupDurationAvgMs,1769608948894000000,1769609008894000000,0.0
Indexing.writesQueuedMin,1769608948894000000,1769609008894000000,9223372036854775807
JVM.maxThreadCount,1769608948894000000,1769609008894000000,148
JVM.GC.collectionTimesMs,1769608948894000000,1769609008894000000,0
JVM.GC.collections,1769608948894000000,1769609008894000000,0
OS.loadAverage,1769608948894000000,1769609008894000000,0.54150390625
JVM.totalSafepointCount,1769608948894000000,1769609008894000000,5
JVM.threadCount,1769608948894000000,1769609008894000000,46
JVM.totalTimeAtSafepointsMs,1769608948894000000,1769609008894000000,0
JVM.newThreadsCount,1769608948894000000,1769609008894000000,5
JVM.totalBytesAllocated,1769608948894000000,1769609008894000000,28067120
JVM.totalCpuTimeMs,1769608948894000000,1769609008894000000,1180
JVM.usedNativeBytes,1769608948894000000,1769609008894000000,368896632
JVM.maxHeapBytes,1769608948894000000,1769609008894000000,4196401152
JVM.totalDirectByteBuffersBytes,1769608948894000000,1769609008894000000,168491336
JVM.totalTimeToSafepointsMs,1769608948894000000,1769609008894000000,0
JVM.usedHeapBytes,1769608948894000000,1769609008894000000,905249248
AWTEventQueue.dispatchTimeTotalNS,1769608948894000000,1769609008894000000,174074444
FlushQueue.executionTimeAvgNs,1769608948894000000,1769609008894000000,0.0
NonBlockingReadAction.failedExecutionTimeUs,1769608948894000000,1769609008894000000,0
FlushQueue.queueSizeMax,1769608948894000000,1769609008894000000,0
ReadAction.executionsCount,1769608948894000000,1769609008894000000,128
FlushQueue.waitingTimeAvgNs,1769608948894000000,1769609008894000000,0.0
AWTEventQueue.dispatchTimeMaxNs,1769608948894000000,1769609008894000000,0
FlushQueue.tasksExecuted,1769608948894000000,1769609008894000000,0
WriteAction.executionsCount,1769608948894000000,1769609008894000000,1
AWTEventQueue.dispatchTimeAvgNs,1769608948894000000,1769609008894000000,0.0
NonBlockingReadAction.finalizedExecutionsCount,1769608948894000000,1769609008894000000,0
AWTEventQueue.eventsDispatched,1769608948894000000,1769609008894000000,0
FlushQueue.queueSizeAvg,1769608948894000000,1769609008894000000,0.0
FlushQueue.executionTimeMaxNs,1769608948894000000,1769609008894000000,0
NonBlockingReadAction.finalizedExecutionTimeUs,1769608948894000000,1769609008894000000,0
NonBlockingReadAction.failedExecutionsCount,1769608948894000000,1769609008894000000,0
FlushQueue.queueSize90P,1769608948894000000,1769609008894000000,0
FlushQueue.waitingTime90PNs,1769608948894000000,1769609008894000000,0
AWTEventQueue.dispatchTime90PNs,1769608948894000000,1769609008894000000,0
FlushQueue.waitingTimeMaxNs,1769608948894000000,1769609008894000000,0
FlushQueue.executionTime90PNs,1769608948894000000,1769609008894000000,0
VFS.contentStorage.recordsUncompressedSize,1769608948894000000,1769609008894000000,0
VFS.fileByIdCache.misses,1769608948894000000,1769609008894000000,0
VFS.contentStorage.recordsReadDecompressed,1769608948894000000,1769609008894000000,0
VFS.contentStorage.recordsStoredSize,1769608948894000000,1769609008894000000,0
VFS.contentStorage.recordsReadSize,1769608948894000000,1769609008894000000,0
FileNameCache.queries,1769608948894000000,1769609008894000000,0
VFS.contentStorage.recordsDecompressionTimeUs,1769608948894000000,1769609008894000000,0
VFS.contentStorage.recordsDeduplicated,1769608948894000000,1769609008894000000,0
VFS.contentStorage.recordsRead,1769608948894000000,1769609008894000000,0
VFS.contentStorage.recordsStored,1769608948894000000,1769609008894000000,0
VFS.invertedFileNameIndex.requests,1769608948894000000,1769609008894000000,0
VFS.contentStorage.recordsStoredCompressed,1769608948894000000,1769609008894000000,0
VFS.fileChildByName,1769608948894000000,1769609008894000000,0
VFS.fileByIdCache.hits,1769608948894000000,1769609008894000000,0
FileNameCache.totalMisses,1769608948894000000,1769609008894000000,0
workspaceModel.global.apply.state.to.project.builder.ms,1769608948894000000,1769609008894000000,0
workspaceModel.mutableEntityStorage.changeLog.addReplaceEventForRemovedParent.ms,1769608948894000000,1769609008894000000,0
jps.apply.loaded.storage.ms,1769608948894000000,1769609008894000000,0
jps.global.handle.changed.events.ms,1769608948894000000,1769609008894000000,0
jps.global.initialize.library.bridges.ms,1769608948894000000,1769609008894000000,0
jps.facet.change.listener.init.bridge.ms,1769608948894000000,1769609008894000000,0
workspaceModel.moduleManagerBridge.new.nonPersistent.module.ms,1769608948894000000,1769609008894000000,0
workspaceModel.mutableEntityStorage.changeLog.addReplaceEventForRemovedChild.ms,1769608948894000000,1769609008894000000,0
jps.module.iml.entities.serializer.load.entities.ms,1769608948894000000,1769609008894000000,0
workspaceModel.mutableEntityStorage.referrers.ms,1769608948894000000,1769609008894000000,0
jps.library.entities.serializer.load.entities.ms,1769608948894000000,1769609008894000000,0
workspaceModel.global.updates.ms,1769608948894000000,1769609008894000000,0
jps.project.serializers.save.ms,1769608948894000000,1769609008894000000,0
jps.artifact.entities.serializer.save.entities.ms,1769608948894000000,1769609008894000000,0
workspaceModel.moduleBridge.facet.initialization.ms,1769608948894000000,1769609008894000000,0
jps.save.changed.project.entities.ms,1769608948894000000,1769609008894000000,0
workspaceModel.load.cache.metadata.from.file.ms,1769608948894000000,1769609008894000000,0
workspaceModel.mutableEntityStorage.changeLog.addReplaceEventForNewParent.ms,1769608948894000000,1769609008894000000,0
workspaceModel.mutableEntityStorage.mutable.ext.mapping.ms,1769608948894000000,1769609008894000000,0
workspaceModel.global.updates.count,1769608948894000000,1769609008894000000,0
jps.module.dependency.index.workspace.model.listener.on.changed.ms,1769608948894000000,1769609008894000000,0
workspaceModel.sync.entities.ms,1769608948894000000,1769609008894000000,0
jps.facet.change.listener.process.change.events.ms,1769608948894000000,1769609008894000000,0
jps.global.get.libraries.ms,1769608948894000000,1769609008894000000,0
jps.app.storage.content.writer.save.component.ms,1769608948894000000,1769609008894000000,0
workspaceModel.global.apply.state.to.project.ms,1769608948894000000,1769609008894000000,0
workspaceModel.mutableEntityStorage.has.same.entities.ms,1769608948894000000,1769609008894000000,0
workspaceModel.moduleBridge.update.option.ms,1769608948894000000,1769609008894000000,0
jps.library.entities.serializer.save.entities.ms,1769608948894000000,1769609008894000000,0
jps.global.handle.before.change.events.ms,1769608948894000000,1769609008894000000,0
workspaceModel.mutableEntityStorage.collect.changes.ms,1769608948894000000,1769609008894000000,0
workspaceModel.mutableEntityStorage.replace.by.source.ms,1769608948894000000,1769609008894000000,0
workspaceModel.mutableEntityStorage.entities.by.source.ms,1769608948894000000,1769609008894000000,0
workspaceModel.mutableEntityStorage.changeLog.addReplaceEventForNewChild.ms,1769608948894000000,1769609008894000000,0
workspaceModel.orphan.listener.update.ms,1769608948894000000,1769609008894000000,0
workspaceModel.mutableEntityStorage.apply.changes.from.ms,1769608948894000000,1769609008894000000,0
workspaceModel.mutableEntityStorage.resolve.ms,1769608948894000000,1769609008894000000,0
jps.global.get.library.by.name.ms,1769608948894000000,1769609008894000000,0
jps.save.global.entities.ms,1769608948894000000,1769609008894000000,0
workspaceModel.moduleBridge.before.changed.ms,1769608948894000000,1769609008894000000,0
jps.global.get.library.ms,1769608948894000000,1769609008894000000,0
workspaceModel.moduleManagerBridge.create.module.instance.ms,1769608948894000000,1769609008894000000,0
jps.storage.jps.conf.reader.load.component.ms,1769608948894000000,1769609008894000000,0
workspaceModel.mutableEntityStorage.to.snapshot.ms,1769608948894000000,1769609008894000000,0
workspaceModel.do.save.caches.ms,1769608948894000000,1769609008894000000,0
workspaceModel.moduleManagerBridge.build.module.graph.ms,1769608948894000000,1769609008894000000,0
jps.reload.project.entities.ms,1769608948894000000,1769609008894000000,0
workspaceModel.delayed.project.synchronizer.sync.ms,1769608948894000000,1769609008894000000,0
workspaceModel.mutableEntityStorage.entities.ms,1769608948894000000,1769609008894000000,0
workspaceModel.moduleBridgeLoader.loading.modules.ms,1769608948894000000,1769609008894000000,0
workspaceModel.mutableEntityStorage.remove.entity.ms,1769608948894000000,1769609008894000000,0
jps.global.initialize.library.bridges.after.loading.ms,1769608948894000000,1769609008894000000,0
workspaceModel.save.cache.to.file.ms,1769608948894000000,1769609008894000000,0
jps.load.project.to.empty.storage.ms,1769608948894000000,1769609008894000000,0
jps.project.serializers.load.ms,1769608948894000000,1769609008894000000,0
workspaceModel.moduleManagerBridge.set.unloadedModules.ms,1769608948894000000,1769609008894000000,0
workspaceModel.mutableEntityStorage.modify.entity.ms,1769608948894000000,1769609008894000000,0
jps.artifact.entities.serializer.load.entities.ms,1769608948894000000,1769609008894000000,0
workspaceModel.mutableEntityStorage.add.entity.ms,1769608948894000000,1769609008894000000,0
workspaceModel.moduleManagerBridge.newModule.ms,1769608948894000000,1769609008894000000,0
workspaceModel.moduleManagerBridge.load.module.ms,1769608948894000000,1769609008894000000,0
workspaceModel.moduleManagerBridge.load.all.modules.ms,1769608948894000000,1769609008894000000,0
jps.module.iml.entities.serializer.save.entities.ms,1769608948894000000,1769609008894000000,0
workspaceModel.mutableEntityStorage.put.entity.ms,1769608948894000000,1769609008894000000,0
workspaceModel.mutableEntityStorage.instances.count,1769608948894000000,1769609008894000000,0
jps.load.initial.state.ms,1769608948894000000,1769609008894000000,0
workspaceModel.mutableEntityStorage.mutable.vfurl.index.ms,1769608948894000000,1769609008894000000,0
workspaceModel.load.cache.from.file.ms,1769608948894000000,1769609008894000000,0
jps.app.storage.content.reader.load.component.ms,1769608948894000000,1769609008894000000,0
workspaceModel.moduleManagerBridge.get.modules.ms,1769608948894000000,1769609008894000000,0
jps.facet.change.listener.before.change.events.ms,1769608948894000000,1769609008894000000,0
workspaceModel.workspaceFileIndexData.getFileInfo.ms,1769608948894000000,1769609008894000000,0
workspaceModel.init.bridges.ms,1769608948894000000,1769609008894000000,0
workspaceModel.cachedValueWithParameters.calculated.count,1769608948894000000,1769609008894000000,0
workspaceModel.cachedValue.total.get.count,1769608948894000000,1769609008894000000,0
workspaceModel.workspaceFileIndexData.onEntitiesChanged.ms,1769608948894000000,1769609008894000000,0
workspaceModel.workspaceFileIndexData.visitFileSets.ms,1769608948894000000,1769609008894000000,0
workspaceModel.updates.ms,1769608948894000000,1769609008894000000,0
workspaceModel.cachedValue.calculated.count,1769608948894000000,1769609008894000000,0
workspaceModel.workspaceFileIndexData.instances.count,1769608948894000000,1769609008894000000,0
workspaceModel.workspaceFileIndexData.init.ms,1769608948894000000,1769609008894000000,0
workspaceModel.cachedValueWithParameters.total.get.count,1769608948894000000,1769609008894000000,0
workspaceModel.collect.changes.ms,1769608948894000000,1769609008894000000,0
workspaceModel.entityStorageSnapshotImpl.instances.count,1769608948894000000,1769609008894000000,0
workspaceModel.initializing.ms,1769608948894000000,1769609008894000000,0
workspaceModel.replace.project.model.ms,1769608948894000000,1769609008894000000,0
workspaceModel.workspaceFileIndexData.getPackageName.ms,1769608948894000000,1769609008894000000,0
workspaceModel.cachedValueWithParameters.clear.count,1769608948894000000,1769609008894000000,0
workspaceModel.pre.handlers.ms,1769608948894000000,1769609008894000000,0
workspaceModel.cachedValue.from.cache.count,1769608948894000000,1769609008894000000,0
workspaceModel.updates.count,1769608948894000000,1769609008894000000,0
workspaceModel.loading.from.cache.ms,1769608948894000000,1769609008894000000,0
workspaceModel.check.recursive.update.ms,1769608948894000000,1769609008894000000,0
workspaceModel.workspaceFileIndexData.getDirectoriesByPackageName.ms,1769608948894000000,1769609008894000000,0
workspaceModel.cachedValue.clear.count,1769608948894000000,1769609008894000000,0
workspaceModel.workspaceFileIndexContributor.registerFileSets.ms,1769608948894000000,1769609008894000000,0
workspaceModel.workspaceFileIndexData.updateDirtyEntities.ms,1769608948894000000,1769609008894000000,0
workspaceModel.on.before.changed.ms,1769608948894000000,1769609008894000000,0
workspaceModel.workspaceFileIndexData.processFileSets.ms,1769608948894000000,1769609008894000000,0
workspaceModel.workspaceFileIndexData.markDirty.ms,1769608948894000000,1769609008894000000,0
workspaceModel.loading.total.ms,1769608948894000000,1769609008894000000,0
workspaceModel.cachedValueWithParameters.from.cache.count,1769608948894000000,1769609008894000000,0
workspaceModel.full.replace.project.model.ms,1769608948894000000,1769609008894000000,0
workspaceModel.to.snapshot.ms,1769608948894000000,1769609008894000000,0
workspaceModel.on.changed.ms,1769608948894000000,1769609008894000000,0
workspaceModel.update.unloaded.entities.ms,1769608948894000000,1769609008894000000,0
workspaceModel.updates.precise.ms,1769608948894000000,1769609008894000000,0
cacheStateStorage.set.counter,1769608948894000000,1769609008894000000,0
cacheStateStorage.get.duration,1769608948894000000,1769609008894000000,0
cacheStateStorage.set.duration,1769608948894000000,1769609008894000000,0
cacheStateStorage.get.counter,1769608948894000000,1769609008894000000,0
DiskQueryRelay.tasksRequested,1769608948894000000,1769609008894000000,0
writeAction.max.wait.ms,1769608948894000000,1769609008894000000,2
DiskQueryRelay.tasksExecuted,1769608948894000000,1769609008894000000,0
DiskQueryRelay.taskWaitingTotalTimeUs,1769608948894000000,1769609008894000000,0
writeAction.count,1769608948894000000,1769609008894000000,1
writeAction.wait.ms,1769608948894000000,1769609008894000000,0
DiskQueryRelay.taskExecutionTotalTimeUs,1769608948894000000,1769609008894000000,0
writeAction.median.wait.ms,1769608948894000000,1769609008894000000,0
FilePageCache.uncachedFileAccess,1769608948894000000,1769609008894000000,0
FilePageCacheLockFree.totalPagesWriteMs,1769608948894000000,1769609008894000000,0
FilePageCacheLockFree.totalPagesAllocated,1769608948894000000,1769609008894000000,0
FilePageCacheLockFree.totalHeapBytesReclaimed,1769608948894000000,1769609008894000000,0
DirectByteBufferAllocator.totalSizeOfBuffersAllocatedInBytes,1769608948894000000,1769609008894000000,167829504
StorageLockContext.competingThreads.avg,1769608948894000000,1769609008894000000,0.0
DirectByteBufferAllocator.totalSizeOfBuffersCachedInBytes,1769608948894000000,1769609008894000000,0
FilePageCache.pageFastCacheHits,1769608948894000000,1769609008894000000,0
DirectByteBufferAllocator.reclaimed,1769608948894000000,1769609008894000000,0
FileChannelInterruptsRetryer.totalRetriedAttempts,1769608948894000000,1769609008894000000,0
MappedFileStorage.totalBytesMapped,1769608948894000000,1769609008894000000,257163264
StreamlinedBlobStorage.totalLiveRecordsPayloadBytes,1769608948894000000,1769609008894000000,0
FilePageCacheLockFree.totalPageAllocationsWaited,1769608948894000000,1769609008894000000,0
FilePageCacheLockFree.totalNativeBytesReclaimed,1769608948894000000,1769609008894000000,0
MappedFileStorage.totalTimeSpentOnMappingUs,1769608948894000000,1769609008894000000,10821
StorageLockContext.competingThreads.90P,1769608948894000000,1769609008894000000,0
FilePageCacheLockFree.totalPagesWritten,1769608948894000000,1769609008894000000,0
DirectByteBufferAllocator.hits,1769608948894000000,1769609008894000000,0
FilePageCacheLockFree.totalClosedStoragesReclaimed,1769608948894000000,1769609008894000000,0
FilePageCacheLockFree.nativeBytesInUse,1769608948894000000,1769609008894000000,0
FilePageCacheLockFree.totalHeapBytesAllocated,1769608948894000000,1769609008894000000,0
FilePageCacheLockFree.totalPagesRequested,1769608948894000000,1769609008894000000,0
StorageLockContext.competingThreads.max,1769608948894000000,1769609008894000000,0
MappedFileStorage.storages,1769608948894000000,1769609008894000000,15
FilePageCacheLockFree.totalPagesHandedOver,1769608948894000000,1769609008894000000,0
FilePageCache.disposedBuffers,1769608948894000000,1769609008894000000,0
FilePageCacheLockFree.totalBytesRequested,1769608948894000000,1769609008894000000,0
FilePageCache.totalPageDisposalsUs,1769608948894000000,1769609008894000000,0
FilePageCacheLockFree.heapBytesInUse,1769608948894000000,1769609008894000000,0
FilePageCacheLockFree.totalPagesReadMs,1769608948894000000,1769609008894000000,0
FilePageCacheLockFree.housekeeperTurnsDone,1769608948894000000,1769609008894000000,0
DirectByteBufferAllocator.disposed,1769608948894000000,1769609008894000000,0
FilePageCache.pageLoads,1769608948894000000,1769609008894000000,0
FilePageCacheLockFree.totalNativeBytesAllocated,1769608948894000000,1769609008894000000,0
FilePageCacheLockFree.totalPagesReclaimed,1769608948894000000,1769609008894000000,0
FilePageCache.capacityInBytes,1769608948894000000,1769609008894000000,503316478
StreamlinedBlobStorage.recordsAllocated,1769608948894000000,1769609008894000000,0
FilePageCacheLockFree.totalBytesRead,1769608948894000000,1769609008894000000,0
StreamlinedBlobStorage.recordsDeleted,1769608948894000000,1769609008894000000,0
FilePageCache.pageHits,1769608948894000000,1769609008894000000,0
FilePageCache.maxRegisteredFiles,1769608948894000000,1769609008894000000,252
StreamlinedBlobStorage.totalLiveRecordsCapacityBytes,1769608948894000000,1769609008894000000,0
FilePageCacheLockFree.totalPagesRequestsMs,1769608948894000000,1769609008894000000,0
FilePageCacheLockFree.housekeeperTurnsSkipped,1769608948894000000,1769609008894000000,0
MappedFileStorage.totalPagesMapped,1769608948894000000,1769609008894000000,20
FilePageCache.pageLoadsAboveSizeThreshold,1769608948894000000,1769609008894000000,0
FilePageCacheLockFree.totalBytesWritten,1769608948894000000,1769609008894000000,0
FilePageCache.maxCacheSizeInBytes,1769608948894000000,1769609008894000000,167829504
FilePageCache.totalPageLoadsUs,1769608948894000000,1769609008894000000,0
DirectByteBufferAllocator.misses,1769608948894000000,1769609008894000000,0
StreamlinedBlobStorage.recordsRelocated,1769608948894000000,1769609008894000000,0
FilePageCacheLockFree.housekeeperTimeSpentMs,1769608948894000000,1769609008894000000,0
Indexing.cache.totalCacheEvicted,1769609008894000000,1769609068894000000,0
Indexing.writesQueuedMax,1769609008894000000,1769609068894000000,0
Indexes.stubs.lookups,1769609008894000000,1769609068894000000,0
Indexing.writer_2.totalTimeSpentWritingMs,1769609008894000000,1769609068894000000,0
Indexing.writer_3.totalTimeSpentWritingMs,1769609008894000000,1769609068894000000,0
Indexes.allKeys.lookupDurationMaxMs,1769609008894000000,1769609068894000000,0.0
Indexes.entries.lookupDurationMaxMs,1769609008894000000,1769609068894000000,0.0
Indexing.writer_1.totalTimeSpentWritingMs,1769609008894000000,1769609068894000000,0
Indexing.writer_0.totalTimeSpentWritingMs,1769609008894000000,1769609068894000000,0
Indexes.allKeys.lookups,1769609008894000000,1769609068894000000,0
Indexes.entries.lookups,1769609008894000000,1769609068894000000,0
Indexing.cache.totalCacheAccesses,1769609008894000000,1769609068894000000,0
Indexes.entries.lookupDuration90PMs,1769609008894000000,1769609068894000000,0.0
IndexesFlusher.totalFlushingTimeUs,1769609008894000000,1769609068894000000,32490
Indexing.totalTimeIndexersSleptMs,1769609008894000000,1769609068894000000,0
IndexesFlusher.totalContentionQuotaSpent,1769609008894000000,1769609068894000000,0
Indexes.allKeys.lookupDuration90PMs,1769609008894000000,1769609068894000000,0.0
Indexes.entries.lookupDurationAvgMs,1769609008894000000,1769609068894000000,0.0
IndexesFlusher.totalFlushes,1769609008894000000,1769609068894000000,120
Indexes.stubs.lookupDurationMaxMs,1769609008894000000,1769609068894000000,0.0
Indexes.stubs.lookupDuration90PMs,1769609008894000000,1769609068894000000,0.0
Indexing.cache.totalCacheMisses,1769609008894000000,1769609068894000000,0
Indexes.stubs.lookupDurationAvgMs,1769609008894000000,1769609068894000000,0.0
IndexesFlusher.totalFlushesRetried,1769609008894000000,1769609068894000000,0
Indexes.allKeys.lookupDurationAvgMs,1769609008894000000,1769609068894000000,0.0
Indexing.writesQueuedMin,1769609008894000000,1769609068894000000,9223372036854775807
JVM.maxThreadCount,1769609008894000000,1769609068894000000,148
JVM.GC.collectionTimesMs,1769609008894000000,1769609068894000000,14
JVM.GC.collections,1769609008894000000,1769609068894000000,1
OS.loadAverage,1769609008894000000,1769609068894000000,1.2724609375
JVM.totalSafepointCount,1769609008894000000,1769609068894000000,11
JVM.threadCount,1769609008894000000,1769609068894000000,58
JVM.totalTimeAtSafepointsMs,1769609008894000000,1769609068894000000,14
JVM.newThreadsCount,1769609008894000000,1769609068894000000,17
JVM.totalBytesAllocated,1769609008894000000,1769609068894000000,62288144
JVM.totalCpuTimeMs,1769609008894000000,1769609068894000000,1980
JVM.usedNativeBytes,1769609008894000000,1769609068894000000,372735224
JVM.maxHeapBytes,1769609008894000000,1769609068894000000,4196401152
JVM.totalDirectByteBuffersBytes,1769609008894000000,1769609068894000000,168892469
JVM.totalTimeToSafepointsMs,1769609008894000000,1769609068894000000,1
JVM.usedHeapBytes,1769609008894000000,1769609068894000000,492118880
AWTEventQueue.dispatchTimeTotalNS,1769609008894000000,1769609068894000000,362285787
FlushQueue.executionTimeAvgNs,1769609008894000000,1769609068894000000,0.0
NonBlockingReadAction.failedExecutionTimeUs,1769609008894000000,1769609068894000000,0
FlushQueue.queueSizeMax,1769609008894000000,1769609068894000000,0
ReadAction.executionsCount,1769609008894000000,1769609068894000000,4054
FlushQueue.waitingTimeAvgNs,1769609008894000000,1769609068894000000,0.0
AWTEventQueue.dispatchTimeMaxNs,1769609008894000000,1769609068894000000,0
FlushQueue.tasksExecuted,1769609008894000000,1769609068894000000,0
WriteAction.executionsCount,1769609008894000000,1769609068894000000,1
AWTEventQueue.dispatchTimeAvgNs,1769609008894000000,1769609068894000000,0.0
NonBlockingReadAction.finalizedExecutionsCount,1769609008894000000,1769609068894000000,9
AWTEventQueue.eventsDispatched,1769609008894000000,1769609068894000000,0
FlushQueue.queueSizeAvg,1769609008894000000,1769609068894000000,0.0
FlushQueue.executionTimeMaxNs,1769609008894000000,1769609068894000000,0
NonBlockingReadAction.finalizedExecutionTimeUs,1769609008894000000,1769609068894000000,424
NonBlockingReadAction.failedExecutionsCount,1769609008894000000,1769609068894000000,0
FlushQueue.queueSize90P,1769609008894000000,1769609068894000000,0
FlushQueue.waitingTime90PNs,1769609008894000000,1769609068894000000,0
AWTEventQueue.dispatchTime90PNs,1769609008894000000,1769609068894000000,0
FlushQueue.waitingTimeMaxNs,1769609008894000000,1769609068894000000,0
FlushQueue.executionTime90PNs,1769609008894000000,1769609068894000000,0
VFS.contentStorage.recordsUncompressedSize,1769609008894000000,1769609068894000000,0
VFS.fileByIdCache.misses,1769609008894000000,1769609068894000000,0
VFS.contentStorage.recordsReadDecompressed,1769609008894000000,1769609068894000000,0
VFS.contentStorage.recordsStoredSize,1769609008894000000,1769609068894000000,0
VFS.contentStorage.recordsReadSize,1769609008894000000,1769609068894000000,0
FileNameCache.queries,1769609008894000000,1769609068894000000,0
VFS.contentStorage.recordsDecompressionTimeUs,1769609008894000000,1769609068894000000,0
VFS.contentStorage.recordsDeduplicated,1769609008894000000,1769609068894000000,0
VFS.contentStorage.recordsRead,1769609008894000000,1769609068894000000,0
VFS.contentStorage.recordsStored,1769609008894000000,1769609068894000000,0
VFS.invertedFileNameIndex.requests,1769609008894000000,1769609068894000000,0
VFS.contentStorage.recordsStoredCompressed,1769609008894000000,1769609068894000000,0
VFS.fileChildByName,1769609008894000000,1769609068894000000,743
VFS.fileByIdCache.hits,1769609008894000000,1769609068894000000,0
FileNameCache.totalMisses,1769609008894000000,1769609068894000000,0
workspaceModel.global.apply.state.to.project.builder.ms,1769609008894000000,1769609068894000000,0
workspaceModel.mutableEntityStorage.changeLog.addReplaceEventForRemovedParent.ms,1769609008894000000,1769609068894000000,0
jps.apply.loaded.storage.ms,1769609008894000000,1769609068894000000,0
jps.global.handle.changed.events.ms,1769609008894000000,1769609068894000000,0
jps.global.initialize.library.bridges.ms,1769609008894000000,1769609068894000000,0
jps.facet.change.listener.init.bridge.ms,1769609008894000000,1769609068894000000,0
workspaceModel.moduleManagerBridge.new.nonPersistent.module.ms,1769609008894000000,1769609068894000000,0
workspaceModel.mutableEntityStorage.changeLog.addReplaceEventForRemovedChild.ms,1769609008894000000,1769609068894000000,0
jps.module.iml.entities.serializer.load.entities.ms,1769609008894000000,1769609068894000000,0
workspaceModel.mutableEntityStorage.referrers.ms,1769609008894000000,1769609068894000000,0
jps.library.entities.serializer.load.entities.ms,1769609008894000000,1769609068894000000,0
workspaceModel.global.updates.ms,1769609008894000000,1769609068894000000,0
jps.project.serializers.save.ms,1769609008894000000,1769609068894000000,0
jps.artifact.entities.serializer.save.entities.ms,1769609008894000000,1769609068894000000,0
workspaceModel.moduleBridge.facet.initialization.ms,1769609008894000000,1769609068894000000,0
jps.save.changed.project.entities.ms,1769609008894000000,1769609068894000000,0
workspaceModel.load.cache.metadata.from.file.ms,1769609008894000000,1769609068894000000,0
workspaceModel.mutableEntityStorage.changeLog.addReplaceEventForNewParent.ms,1769609008894000000,1769609068894000000,0
workspaceModel.mutableEntityStorage.mutable.ext.mapping.ms,1769609008894000000,1769609068894000000,0
workspaceModel.global.updates.count,1769609008894000000,1769609068894000000,0
jps.module.dependency.index.workspace.model.listener.on.changed.ms,1769609008894000000,1769609068894000000,0
workspaceModel.sync.entities.ms,1769609008894000000,1769609068894000000,0
jps.facet.change.listener.process.change.events.ms,1769609008894000000,1769609068894000000,0
jps.global.get.libraries.ms,1769609008894000000,1769609068894000000,0
jps.app.storage.content.writer.save.component.ms,1769609008894000000,1769609068894000000,2
workspaceModel.global.apply.state.to.project.ms,1769609008894000000,1769609068894000000,0
workspaceModel.mutableEntityStorage.has.same.entities.ms,1769609008894000000,1769609068894000000,0
workspaceModel.moduleBridge.update.option.ms,1769609008894000000,1769609068894000000,0
jps.library.entities.serializer.save.entities.ms,1769609008894000000,1769609068894000000,0
jps.global.handle.before.change.events.ms,1769609008894000000,1769609068894000000,0
workspaceModel.mutableEntityStorage.collect.changes.ms,1769609008894000000,1769609068894000000,0
workspaceModel.mutableEntityStorage.replace.by.source.ms,1769609008894000000,1769609068894000000,0
workspaceModel.mutableEntityStorage.entities.by.source.ms,1769609008894000000,1769609068894000000,0
workspaceModel.mutableEntityStorage.changeLog.addReplaceEventForNewChild.ms,1769609008894000000,1769609068894000000,0
workspaceModel.orphan.listener.update.ms,1769609008894000000,1769609068894000000,0
workspaceModel.mutableEntityStorage.apply.changes.from.ms,1769609008894000000,1769609068894000000,0
workspaceModel.mutableEntityStorage.resolve.ms,1769609008894000000,1769609068894000000,0
jps.global.get.library.by.name.ms,1769609008894000000,1769609068894000000,0
jps.save.global.entities.ms,1769609008894000000,1769609068894000000,17
workspaceModel.moduleBridge.before.changed.ms,1769609008894000000,1769609068894000000,0
jps.global.get.library.ms,1769609008894000000,1769609068894000000,0
workspaceModel.moduleManagerBridge.create.module.instance.ms,1769609008894000000,1769609068894000000,0
jps.storage.jps.conf.reader.load.component.ms,1769609008894000000,1769609068894000000,0
workspaceModel.mutableEntityStorage.to.snapshot.ms,1769609008894000000,1769609068894000000,0
workspaceModel.do.save.caches.ms,1769609008894000000,1769609068894000000,0
workspaceModel.moduleManagerBridge.build.module.graph.ms,1769609008894000000,1769609068894000000,0
jps.reload.project.entities.ms,1769609008894000000,1769609068894000000,0
workspaceModel.delayed.project.synchronizer.sync.ms,1769609008894000000,1769609068894000000,0
workspaceModel.mutableEntityStorage.entities.ms,1769609008894000000,1769609068894000000,0
workspaceModel.moduleBridgeLoader.loading.modules.ms,1769609008894000000,1769609068894000000,0
workspaceModel.mutableEntityStorage.remove.entity.ms,1769609008894000000,1769609068894000000,0
jps.global.initialize.library.bridges.after.loading.ms,1769609008894000000,1769609068894000000,0
workspaceModel.save.cache.to.file.ms,1769609008894000000,1769609068894000000,0
jps.load.project.to.empty.storage.ms,1769609008894000000,1769609068894000000,0
jps.project.serializers.load.ms,1769609008894000000,1769609068894000000,0
workspaceModel.moduleManagerBridge.set.unloadedModules.ms,1769609008894000000,1769609068894000000,0
workspaceModel.mutableEntityStorage.modify.entity.ms,1769609008894000000,1769609068894000000,0
jps.artifact.entities.serializer.load.entities.ms,1769609008894000000,1769609068894000000,0
workspaceModel.mutableEntityStorage.add.entity.ms,1769609008894000000,1769609068894000000,0
workspaceModel.moduleManagerBridge.newModule.ms,1769609008894000000,1769609068894000000,0
workspaceModel.moduleManagerBridge.load.module.ms,1769609008894000000,1769609068894000000,0
workspaceModel.moduleManagerBridge.load.all.modules.ms,1769609008894000000,1769609068894000000,0
jps.module.iml.entities.serializer.save.entities.ms,1769609008894000000,1769609068894000000,0
workspaceModel.mutableEntityStorage.put.entity.ms,1769609008894000000,1769609068894000000,0
workspaceModel.mutableEntityStorage.instances.count,1769609008894000000,1769609068894000000,0
jps.load.initial.state.ms,1769609008894000000,1769609068894000000,0
workspaceModel.mutableEntityStorage.mutable.vfurl.index.ms,1769609008894000000,1769609068894000000,0
workspaceModel.load.cache.from.file.ms,1769609008894000000,1769609068894000000,0
jps.app.storage.content.reader.load.component.ms,1769609008894000000,1769609068894000000,0
workspaceModel.moduleManagerBridge.get.modules.ms,1769609008894000000,1769609068894000000,0
jps.facet.change.listener.before.change.events.ms,1769609008894000000,1769609068894000000,0
workspaceModel.workspaceFileIndexData.getFileInfo.ms,1769609008894000000,1769609068894000000,0
workspaceModel.init.bridges.ms,1769609008894000000,1769609068894000000,0
workspaceModel.cachedValueWithParameters.calculated.count,1769609008894000000,1769609068894000000,0
workspaceModel.cachedValue.total.get.count,1769609008894000000,1769609068894000000,37
workspaceModel.workspaceFileIndexData.onEntitiesChanged.ms,1769609008894000000,1769609068894000000,0
workspaceModel.workspaceFileIndexData.visitFileSets.ms,1769609008894000000,1769609068894000000,0
workspaceModel.updates.ms,1769609008894000000,1769609068894000000,0
workspaceModel.cachedValue.calculated.count,1769609008894000000,1769609068894000000,0
workspaceModel.workspaceFileIndexData.instances.count,1769609008894000000,1769609068894000000,0
workspaceModel.workspaceFileIndexData.init.ms,1769609008894000000,1769609068894000000,0
workspaceModel.cachedValueWithParameters.total.get.count,1769609008894000000,1769609068894000000,0
workspaceModel.collect.changes.ms,1769609008894000000,1769609068894000000,0
workspaceModel.entityStorageSnapshotImpl.instances.count,1769609008894000000,1769609068894000000,0
workspaceModel.initializing.ms,1769609008894000000,1769609068894000000,0
workspaceModel.replace.project.model.ms,1769609008894000000,1769609068894000000,0
workspaceModel.workspaceFileIndexData.getPackageName.ms,1769609008894000000,1769609068894000000,0
workspaceModel.cachedValueWithParameters.clear.count,1769609008894000000,1769609068894000000,0
workspaceModel.pre.handlers.ms,1769609008894000000,1769609068894000000,0
workspaceModel.cachedValue.from.cache.count,1769609008894000000,1769609068894000000,37
workspaceModel.updates.count,1769609008894000000,1769609068894000000,0
workspaceModel.loading.from.cache.ms,1769609008894000000,1769609068894000000,0
workspaceModel.check.recursive.update.ms,1769609008894000000,1769609068894000000,0
workspaceModel.workspaceFileIndexData.getDirectoriesByPackageName.ms,1769609008894000000,1769609068894000000,0
workspaceModel.cachedValue.clear.count,1769609008894000000,1769609068894000000,0
workspaceModel.workspaceFileIndexContributor.registerFileSets.ms,1769609008894000000,1769609068894000000,0
workspaceModel.workspaceFileIndexData.updateDirtyEntities.ms,1769609008894000000,1769609068894000000,0
workspaceModel.on.before.changed.ms,1769609008894000000,1769609068894000000,0
workspaceModel.workspaceFileIndexData.processFileSets.ms,1769609008894000000,1769609068894000000,0
workspaceModel.workspaceFileIndexData.markDirty.ms,1769609008894000000,1769609068894000000,0
workspaceModel.loading.total.ms,1769609008894000000,1769609068894000000,0
workspaceModel.cachedValueWithParameters.from.cache.count,1769609008894000000,1769609068894000000,0
workspaceModel.full.replace.project.model.ms,1769609008894000000,1769609068894000000,0
workspaceModel.to.snapshot.ms,1769609008894000000,1769609068894000000,0
workspaceModel.on.changed.ms,1769609008894000000,1769609068894000000,0
workspaceModel.update.unloaded.entities.ms,1769609008894000000,1769609068894000000,0
workspaceModel.updates.precise.ms,1769609008894000000,1769609068894000000,0
cacheStateStorage.set.counter,1769609008894000000,1769609068894000000,4
cacheStateStorage.get.duration,1769609008894000000,1769609068894000000,0
cacheStateStorage.set.duration,1769609008894000000,1769609068894000000,6
cacheStateStorage.get.counter,1769609008894000000,1769609068894000000,0
DiskQueryRelay.tasksRequested,1769609008894000000,1769609068894000000,26
writeAction.max.wait.ms,1769609008894000000,1769609068894000000,2
DiskQueryRelay.tasksExecuted,1769609008894000000,1769609068894000000,26
DiskQueryRelay.taskWaitingTotalTimeUs,1769609008894000000,1769609068894000000,789
writeAction.count,1769609008894000000,1769609068894000000,1
writeAction.wait.ms,1769609008894000000,1769609068894000000,0
DiskQueryRelay.taskExecutionTotalTimeUs,1769609008894000000,1769609068894000000,419
writeAction.median.wait.ms,1769609008894000000,1769609068894000000,0
FilePageCache.uncachedFileAccess,1769609008894000000,1769609068894000000,3
FilePageCacheLockFree.totalPagesWriteMs,1769609008894000000,1769609068894000000,0
FilePageCacheLockFree.totalPagesAllocated,1769609008894000000,1769609068894000000,0
FilePageCacheLockFree.totalHeapBytesReclaimed,1769609008894000000,1769609068894000000,0
DirectByteBufferAllocator.totalSizeOfBuffersAllocatedInBytes,1769609008894000000,1769609068894000000,167829504
StorageLockContext.competingThreads.avg,1769609008894000000,1769609068894000000,0.0
DirectByteBufferAllocator.totalSizeOfBuffersCachedInBytes,1769609008894000000,1769609068894000000,0
FilePageCache.pageFastCacheHits,1769609008894000000,1769609068894000000,20
DirectByteBufferAllocator.reclaimed,1769609008894000000,1769609068894000000,0
FileChannelInterruptsRetryer.totalRetriedAttempts,1769609008894000000,1769609068894000000,0
MappedFileStorage.totalBytesMapped,1769609008894000000,1769609068894000000,257163264
StreamlinedBlobStorage.totalLiveRecordsPayloadBytes,1769609008894000000,1769609068894000000,0
FilePageCacheLockFree.totalPageAllocationsWaited,1769609008894000000,1769609068894000000,0
FilePageCacheLockFree.totalNativeBytesReclaimed,1769609008894000000,1769609068894000000,0
MappedFileStorage.totalTimeSpentOnMappingUs,1769609008894000000,1769609068894000000,10821
StorageLockContext.competingThreads.90P,1769609008894000000,1769609068894000000,0
FilePageCacheLockFree.totalPagesWritten,1769609008894000000,1769609068894000000,0
DirectByteBufferAllocator.hits,1769609008894000000,1769609068894000000,0
FilePageCacheLockFree.totalClosedStoragesReclaimed,1769609008894000000,1769609068894000000,0
FilePageCacheLockFree.nativeBytesInUse,1769609008894000000,1769609068894000000,0
FilePageCacheLockFree.totalHeapBytesAllocated,1769609008894000000,1769609068894000000,0
FilePageCacheLockFree.totalPagesRequested,1769609008894000000,1769609068894000000,0
StorageLockContext.competingThreads.max,1769609008894000000,1769609068894000000,0
MappedFileStorage.storages,1769609008894000000,1769609068894000000,15
FilePageCacheLockFree.totalPagesHandedOver,1769609008894000000,1769609068894000000,0
FilePageCache.disposedBuffers,1769609008894000000,1769609068894000000,0
FilePageCacheLockFree.totalBytesRequested,1769609008894000000,1769609068894000000,0
FilePageCache.totalPageDisposalsUs,1769609008894000000,1769609068894000000,0
FilePageCacheLockFree.heapBytesInUse,1769609008894000000,1769609068894000000,0
FilePageCacheLockFree.totalPagesReadMs,1769609008894000000,1769609068894000000,0
FilePageCacheLockFree.housekeeperTurnsDone,1769609008894000000,1769609068894000000,0
DirectByteBufferAllocator.disposed,1769609008894000000,1769609068894000000,0
FilePageCache.pageLoads,1769609008894000000,1769609068894000000,0
FilePageCacheLockFree.totalNativeBytesAllocated,1769609008894000000,1769609068894000000,0
FilePageCacheLockFree.totalPagesReclaimed,1769609008894000000,1769609068894000000,0
FilePageCache.capacityInBytes,1769609008894000000,1769609068894000000,503316478
StreamlinedBlobStorage.recordsAllocated,1769609008894000000,1769609068894000000,0
FilePageCacheLockFree.totalBytesRead,1769609008894000000,1769609068894000000,0
StreamlinedBlobStorage.recordsDeleted,1769609008894000000,1769609068894000000,0
FilePageCache.pageHits,1769609008894000000,1769609068894000000,0
FilePageCache.maxRegisteredFiles,1769609008894000000,1769609068894000000,252
StreamlinedBlobStorage.totalLiveRecordsCapacityBytes,1769609008894000000,1769609068894000000,0
FilePageCacheLockFree.totalPagesRequestsMs,1769609008894000000,1769609068894000000,0
FilePageCacheLockFree.housekeeperTurnsSkipped,1769609008894000000,1769609068894000000,0
MappedFileStorage.totalPagesMapped,1769609008894000000,1769609068894000000,20
FilePageCache.pageLoadsAboveSizeThreshold,1769609008894000000,1769609068894000000,0
FilePageCacheLockFree.totalBytesWritten,1769609008894000000,1769609068894000000,0
FilePageCache.maxCacheSizeInBytes,1769609008894000000,1769609068894000000,167829504
FilePageCache.totalPageLoadsUs,1769609008894000000,1769609068894000000,0
DirectByteBufferAllocator.misses,1769609008894000000,1769609068894000000,0
StreamlinedBlobStorage.recordsRelocated,1769609008894000000,1769609068894000000,0
FilePageCacheLockFree.housekeeperTimeSpentMs,1769609008894000000,1769609068894000000,0
Indexing.cache.totalCacheEvicted,1769609068894000000,1769609128894000000,0
Indexing.writesQueuedMax,1769609068894000000,1769609128894000000,0
Indexes.stubs.lookups,1769609068894000000,1769609128894000000,0
Indexing.writer_2.totalTimeSpentWritingMs,1769609068894000000,1769609128894000000,0
Indexing.writer_3.totalTimeSpentWritingMs,1769609068894000000,1769609128894000000,0
Indexes.allKeys.lookupDurationMaxMs,1769609068894000000,1769609128894000000,0.0
Indexes.entries.lookupDurationMaxMs,1769609068894000000,1769609128894000000,0.0
Indexing.writer_1.totalTimeSpentWritingMs,1769609068894000000,1769609128894000000,0
Indexing.writer_0.totalTimeSpentWritingMs,1769609068894000000,1769609128894000000,0
Indexes.allKeys.lookups,1769609068894000000,1769609128894000000,0
Indexes.entries.lookups,1769609068894000000,1769609128894000000,0
Indexing.cache.totalCacheAccesses,1769609068894000000,1769609128894000000,0
Indexes.entries.lookupDuration90PMs,1769609068894000000,1769609128894000000,0.0
IndexesFlusher.totalFlushingTimeUs,1769609068894000000,1769609128894000000,33119
Indexing.totalTimeIndexersSleptMs,1769609068894000000,1769609128894000000,0
IndexesFlusher.totalContentionQuotaSpent,1769609068894000000,1769609128894000000,0
Indexes.allKeys.lookupDuration90PMs,1769609068894000000,1769609128894000000,0.0
Indexes.entries.lookupDurationAvgMs,1769609068894000000,1769609128894000000,0.0
IndexesFlusher.totalFlushes,1769609068894000000,1769609128894000000,120
Indexes.stubs.lookupDurationMaxMs,1769609068894000000,1769609128894000000,0.0
Indexes.stubs.lookupDuration90PMs,1769609068894000000,1769609128894000000,0.0
Indexing.cache.totalCacheMisses,1769609068894000000,1769609128894000000,0
Indexes.stubs.lookupDurationAvgMs,1769609068894000000,1769609128894000000,0.0
IndexesFlusher.totalFlushesRetried,1769609068894000000,1769609128894000000,0
Indexes.allKeys.lookupDurationAvgMs,1769609068894000000,1769609128894000000,0.0
Indexing.writesQueuedMin,1769609068894000000,1769609128894000000,9223372036854775807
JVM.maxThreadCount,1769609068894000000,1769609128894000000,148
JVM.GC.collectionTimesMs,1769609068894000000,1769609128894000000,0
JVM.GC.collections,1769609068894000000,1769609128894000000,0
OS.loadAverage,1769609068894000000,1769609128894000000,1.6455078125
JVM.totalSafepointCount,1769609068894000000,1769609128894000000,2
JVM.threadCount,1769609068894000000,1769609128894000000,47
JVM.totalTimeAtSafepointsMs,1769609068894000000,1769609128894000000,0
JVM.newThreadsCount,1769609068894000000,1769609128894000000,1
JVM.totalBytesAllocated,1769609068894000000,1769609128894000000,29018904
JVM.totalCpuTimeMs,1769609068894000000,1769609128894000000,640
JVM.usedNativeBytes,1769609068894000000,1769609128894000000,372966600
JVM.maxHeapBytes,1769609068894000000,1769609128894000000,4196401152
JVM.totalDirectByteBuffersBytes,1769609068894000000,1769609128894000000,168657914
JVM.totalTimeToSafepointsMs,1769609068894000000,1769609128894000000,0
JVM.usedHeapBytes,1769609068894000000,1769609128894000000,523576160
AWTEventQueue.dispatchTimeTotalNS,1769609068894000000,1769609128894000000,78154103
FlushQueue.executionTimeAvgNs,1769609068894000000,1769609128894000000,0.0
NonBlockingReadAction.failedExecutionTimeUs,1769609068894000000,1769609128894000000,0
FlushQueue.queueSizeMax,1769609068894000000,1769609128894000000,0
ReadAction.executionsCount,1769609068894000000,1769609128894000000,0
FlushQueue.waitingTimeAvgNs,1769609068894000000,1769609128894000000,0.0
AWTEventQueue.dispatchTimeMaxNs,1769609068894000000,1769609128894000000,34303
FlushQueue.tasksExecuted,1769609068894000000,1769609128894000000,0
WriteAction.executionsCount,1769609068894000000,1769609128894000000,0
AWTEventQueue.dispatchTimeAvgNs,1769609068894000000,1769609128894000000,34176.0
NonBlockingReadAction.finalizedExecutionsCount,1769609068894000000,1769609128894000000,0
AWTEventQueue.eventsDispatched,1769609068894000000,1769609128894000000,1
FlushQueue.queueSizeAvg,1769609068894000000,1769609128894000000,0.0
FlushQueue.executionTimeMaxNs,1769609068894000000,1769609128894000000,0
NonBlockingReadAction.finalizedExecutionTimeUs,1769609068894000000,1769609128894000000,0
NonBlockingReadAction.failedExecutionsCount,1769609068894000000,1769609128894000000,0
FlushQueue.queueSize90P,1769609068894000000,1769609128894000000,0
FlushQueue.waitingTime90PNs,1769609068894000000,1769609128894000000,0
AWTEventQueue.dispatchTime90PNs,1769609068894000000,1769609128894000000,34303
FlushQueue.waitingTimeMaxNs,1769609068894000000,1769609128894000000,0
FlushQueue.executionTime90PNs,1769609068894000000,1769609128894000000,0
VFS.contentStorage.recordsUncompressedSize,1769609068894000000,1769609128894000000,0
VFS.fileByIdCache.misses,1769609068894000000,1769609128894000000,0
VFS.contentStorage.recordsReadDecompressed,1769609068894000000,1769609128894000000,0
VFS.contentStorage.recordsStoredSize,1769609068894000000,1769609128894000000,0
VFS.contentStorage.recordsReadSize,1769609068894000000,1769609128894000000,0
FileNameCache.queries,1769609068894000000,1769609128894000000,0
VFS.contentStorage.recordsDecompressionTimeUs,1769609068894000000,1769609128894000000,0
VFS.contentStorage.recordsDeduplicated,1769609068894000000,1769609128894000000,0
VFS.contentStorage.recordsRead,1769609068894000000,1769609128894000000,0
VFS.contentStorage.recordsStored,1769609068894000000,1769609128894000000,0
VFS.invertedFileNameIndex.requests,1769609068894000000,1769609128894000000,0
VFS.contentStorage.recordsStoredCompressed,1769609068894000000,1769609128894000000,0
VFS.fileChildByName,1769609068894000000,1769609128894000000,0
VFS.fileByIdCache.hits,1769609068894000000,1769609128894000000,0
FileNameCache.totalMisses,1769609068894000000,1769609128894000000,0
workspaceModel.global.apply.state.to.project.builder.ms,1769609068894000000,1769609128894000000,0
workspaceModel.mutableEntityStorage.changeLog.addReplaceEventForRemovedParent.ms,1769609068894000000,1769609128894000000,0
jps.apply.loaded.storage.ms,1769609068894000000,1769609128894000000,0
jps.global.handle.changed.events.ms,1769609068894000000,1769609128894000000,0
jps.global.initialize.library.bridges.ms,1769609068894000000,1769609128894000000,0
jps.facet.change.listener.init.bridge.ms,1769609068894000000,1769609128894000000,0
workspaceModel.moduleManagerBridge.new.nonPersistent.module.ms,1769609068894000000,1769609128894000000,0
workspaceModel.mutableEntityStorage.changeLog.addReplaceEventForRemovedChild.ms,1769609068894000000,1769609128894000000,0
jps.module.iml.entities.serializer.load.entities.ms,1769609068894000000,1769609128894000000,0
workspaceModel.mutableEntityStorage.referrers.ms,1769609068894000000,1769609128894000000,0
jps.library.entities.serializer.load.entities.ms,1769609068894000000,1769609128894000000,0
workspaceModel.global.updates.ms,1769609068894000000,1769609128894000000,0
jps.project.serializers.save.ms,1769609068894000000,1769609128894000000,0
jps.artifact.entities.serializer.save.entities.ms,1769609068894000000,1769609128894000000,0
workspaceModel.moduleBridge.facet.initialization.ms,1769609068894000000,1769609128894000000,0
jps.save.changed.project.entities.ms,1769609068894000000,1769609128894000000,0
workspaceModel.load.cache.metadata.from.file.ms,1769609068894000000,1769609128894000000,0
workspaceModel.mutableEntityStorage.changeLog.addReplaceEventForNewParent.ms,1769609068894000000,1769609128894000000,0
workspaceModel.mutableEntityStorage.mutable.ext.mapping.ms,1769609068894000000,1769609128894000000,0
workspaceModel.global.updates.count,1769609068894000000,1769609128894000000,0
jps.module.dependency.index.workspace.model.listener.on.changed.ms,1769609068894000000,1769609128894000000,0
workspaceModel.sync.entities.ms,1769609068894000000,1769609128894000000,0
jps.facet.change.listener.process.change.events.ms,1769609068894000000,1769609128894000000,0
jps.global.get.libraries.ms,1769609068894000000,1769609128894000000,0
jps.app.storage.content.writer.save.component.ms,1769609068894000000,1769609128894000000,0
workspaceModel.global.apply.state.to.project.ms,1769609068894000000,1769609128894000000,0
workspaceModel.mutableEntityStorage.has.same.entities.ms,1769609068894000000,1769609128894000000,0
workspaceModel.moduleBridge.update.option.ms,1769609068894000000,1769609128894000000,0
jps.library.entities.serializer.save.entities.ms,1769609068894000000,1769609128894000000,0
jps.global.handle.before.change.events.ms,1769609068894000000,1769609128894000000,0
workspaceModel.mutableEntityStorage.collect.changes.ms,1769609068894000000,1769609128894000000,0
workspaceModel.mutableEntityStorage.replace.by.source.ms,1769609068894000000,1769609128894000000,0
workspaceModel.mutableEntityStorage.entities.by.source.ms,1769609068894000000,1769609128894000000,0
workspaceModel.mutableEntityStorage.changeLog.addReplaceEventForNewChild.ms,1769609068894000000,1769609128894000000,0
workspaceModel.orphan.listener.update.ms,1769609068894000000,1769609128894000000,0
workspaceModel.mutableEntityStorage.apply.changes.from.ms,1769609068894000000,1769609128894000000,0
workspaceModel.mutableEntityStorage.resolve.ms,1769609068894000000,1769609128894000000,0
jps.global.get.library.by.name.ms,1769609068894000000,1769609128894000000,0
jps.save.global.entities.ms,1769609068894000000,1769609128894000000,0
workspaceModel.moduleBridge.before.changed.ms,1769609068894000000,1769609128894000000,0
jps.global.get.library.ms,1769609068894000000,1769609128894000000,0
workspaceModel.moduleManagerBridge.create.module.instance.ms,1769609068894000000,1769609128894000000,0
jps.storage.jps.conf.reader.load.component.ms,1769609068894000000,1769609128894000000,0
workspaceModel.mutableEntityStorage.to.snapshot.ms,1769609068894000000,1769609128894000000,0
workspaceModel.do.save.caches.ms,1769609068894000000,1769609128894000000,0
workspaceModel.moduleManagerBridge.build.module.graph.ms,1769609068894000000,1769609128894000000,0
jps.reload.project.entities.ms,1769609068894000000,1769609128894000000,0
workspaceModel.delayed.project.synchronizer.sync.ms,1769609068894000000,1769609128894000000,0
workspaceModel.mutableEntityStorage.entities.ms,1769609068894000000,1769609128894000000,0
workspaceModel.moduleBridgeLoader.loading.modules.ms,1769609068894000000,1769609128894000000,0
workspaceModel.mutableEntityStorage.remove.entity.ms,1769609068894000000,1769609128894000000,0
jps.global.initialize.library.bridges.after.loading.ms,1769609068894000000,1769609128894000000,0
workspaceModel.save.cache.to.file.ms,1769609068894000000,1769609128894000000,0
jps.load.project.to.empty.storage.ms,1769609068894000000,1769609128894000000,0
jps.project.serializers.load.ms,1769609068894000000,1769609128894000000,0
workspaceModel.moduleManagerBridge.set.unloadedModules.ms,1769609068894000000,1769609128894000000,0
workspaceModel.mutableEntityStorage.modify.entity.ms,1769609068894000000,1769609128894000000,0
jps.artifact.entities.serializer.load.entities.ms,1769609068894000000,1769609128894000000,0
workspaceModel.mutableEntityStorage.add.entity.ms,1769609068894000000,1769609128894000000,0
workspaceModel.moduleManagerBridge.newModule.ms,1769609068894000000,1769609128894000000,0
workspaceModel.moduleManagerBridge.load.module.ms,1769609068894000000,1769609128894000000,0
workspaceModel.moduleManagerBridge.load.all.modules.ms,1769609068894000000,1769609128894000000,0
jps.module.iml.entities.serializer.save.entities.ms,1769609068894000000,1769609128894000000,0
workspaceModel.mutableEntityStorage.put.entity.ms,1769609068894000000,1769609128894000000,0
workspaceModel.mutableEntityStorage.instances.count,1769609068894000000,1769609128894000000,0
jps.load.initial.state.ms,1769609068894000000,1769609128894000000,0
workspaceModel.mutableEntityStorage.mutable.vfurl.index.ms,1769609068894000000,1769609128894000000,0
workspaceModel.load.cache.from.file.ms,1769609068894000000,1769609128894000000,0
jps.app.storage.content.reader.load.component.ms,1769609068894000000,1769609128894000000,0
workspaceModel.moduleManagerBridge.get.modules.ms,1769609068894000000,1769609128894000000,0
jps.facet.change.listener.before.change.events.ms,1769609068894000000,1769609128894000000,0
workspaceModel.workspaceFileIndexData.getFileInfo.ms,1769609068894000000,1769609128894000000,0
workspaceModel.init.bridges.ms,1769609068894000000,1769609128894000000,0
workspaceModel.cachedValueWithParameters.calculated.count,1769609068894000000,1769609128894000000,0
workspaceModel.cachedValue.total.get.count,1769609068894000000,1769609128894000000,0
workspaceModel.workspaceFileIndexData.onEntitiesChanged.ms,1769609068894000000,1769609128894000000,0
workspaceModel.workspaceFileIndexData.visitFileSets.ms,1769609068894000000,1769609128894000000,0
workspaceModel.updates.ms,1769609068894000000,1769609128894000000,0
workspaceModel.cachedValue.calculated.count,1769609068894000000,1769609128894000000,0
workspaceModel.workspaceFileIndexData.instances.count,1769609068894000000,1769609128894000000,0
workspaceModel.workspaceFileIndexData.init.ms,1769609068894000000,1769609128894000000,0
workspaceModel.cachedValueWithParameters.total.get.count,1769609068894000000,1769609128894000000,0
workspaceModel.collect.changes.ms,1769609068894000000,1769609128894000000,0
workspaceModel.entityStorageSnapshotImpl.instances.count,1769609068894000000,1769609128894000000,0
workspaceModel.initializing.ms,1769609068894000000,1769609128894000000,0
workspaceModel.replace.project.model.ms,1769609068894000000,1769609128894000000,0
workspaceModel.workspaceFileIndexData.getPackageName.ms,1769609068894000000,1769609128894000000,0
workspaceModel.cachedValueWithParameters.clear.count,1769609068894000000,1769609128894000000,0
workspaceModel.pre.handlers.ms,1769609068894000000,1769609128894000000,0
workspaceModel.cachedValue.from.cache.count,1769609068894000000,1769609128894000000,0
workspaceModel.updates.count,1769609068894000000,1769609128894000000,0
workspaceModel.loading.from.cache.ms,1769609068894000000,1769609128894000000,0
workspaceModel.check.recursive.update.ms,1769609068894000000,1769609128894000000,0
workspaceModel.workspaceFileIndexData.getDirectoriesByPackageName.ms,1769609068894000000,1769609128894000000,0
workspaceModel.cachedValue.clear.count,1769609068894000000,1769609128894000000,0
workspaceModel.workspaceFileIndexContributor.registerFileSets.ms,1769609068894000000,1769609128894000000,0
workspaceModel.workspaceFileIndexData.updateDirtyEntities.ms,1769609068894000000,1769609128894000000,0
workspaceModel.on.before.changed.ms,1769609068894000000,1769609128894000000,0
workspaceModel.workspaceFileIndexData.processFileSets.ms,1769609068894000000,1769609128894000000,0
workspaceModel.workspaceFileIndexData.markDirty.ms,1769609068894000000,1769609128894000000,0
workspaceModel.loading.total.ms,1769609068894000000,1769609128894000000,0
workspaceModel.cachedValueWithParameters.from.cache.count,1769609068894000000,1769609128894000000,0
workspaceModel.full.replace.project.model.ms,1769609068894000000,1769609128894000000,0
workspaceModel.to.snapshot.ms,1769609068894000000,1769609128894000000,0
workspaceModel.on.changed.ms,1769609068894000000,1769609128894000000,0
workspaceModel.update.unloaded.entities.ms,1769609068894000000,1769609128894000000,0
workspaceModel.updates.precise.ms,1769609068894000000,1769609128894000000,0
cacheStateStorage.set.counter,1769609068894000000,1769609128894000000,0
cacheStateStorage.get.duration,1769609068894000000,1769609128894000000,0
cacheStateStorage.set.duration,1769609068894000000,1769609128894000000,0
cacheStateStorage.get.counter,1769609068894000000,1769609128894000000,0
DiskQueryRelay.tasksRequested,1769609068894000000,1769609128894000000,0
writeAction.max.wait.ms,1769609068894000000,1769609128894000000,2
DiskQueryRelay.tasksExecuted,1769609068894000000,1769609128894000000,0
DiskQueryRelay.taskWaitingTotalTimeUs,1769609068894000000,1769609128894000000,0
writeAction.count,1769609068894000000,1769609128894000000,0
writeAction.wait.ms,1769609068894000000,1769609128894000000,0
DiskQueryRelay.taskExecutionTotalTimeUs,1769609068894000000,1769609128894000000,0
writeAction.median.wait.ms,1769609068894000000,1769609128894000000,0
FilePageCache.uncachedFileAccess,1769609068894000000,1769609128894000000,0
FilePageCacheLockFree.totalPagesWriteMs,1769609068894000000,1769609128894000000,0
FilePageCacheLockFree.totalPagesAllocated,1769609068894000000,1769609128894000000,0
FilePageCacheLockFree.totalHeapBytesReclaimed,1769609068894000000,1769609128894000000,0
DirectByteBufferAllocator.totalSizeOfBuffersAllocatedInBytes,1769609068894000000,1769609128894000000,167829504
StorageLockContext.competingThreads.avg,1769609068894000000,1769609128894000000,0.0
DirectByteBufferAllocator.totalSizeOfBuffersCachedInBytes,1769609068894000000,1769609128894000000,0
FilePageCache.pageFastCacheHits,1769609068894000000,1769609128894000000,0
DirectByteBufferAllocator.reclaimed,1769609068894000000,1769609128894000000,0
FileChannelInterruptsRetryer.totalRetriedAttempts,1769609068894000000,1769609128894000000,0
MappedFileStorage.totalBytesMapped,1769609068894000000,1769609128894000000,257163264
StreamlinedBlobStorage.totalLiveRecordsPayloadBytes,1769609068894000000,1769609128894000000,0
FilePageCacheLockFree.totalPageAllocationsWaited,1769609068894000000,1769609128894000000,0
FilePageCacheLockFree.totalNativeBytesReclaimed,1769609068894000000,1769609128894000000,0
MappedFileStorage.totalTimeSpentOnMappingUs,1769609068894000000,1769609128894000000,10821
StorageLockContext.competingThreads.90P,1769609068894000000,1769609128894000000,0
FilePageCacheLockFree.totalPagesWritten,1769609068894000000,1769609128894000000,0
DirectByteBufferAllocator.hits,1769609068894000000,1769609128894000000,0
FilePageCacheLockFree.totalClosedStoragesReclaimed,1769609068894000000,1769609128894000000,0
FilePageCacheLockFree.nativeBytesInUse,1769609068894000000,1769609128894000000,0
FilePageCacheLockFree.totalHeapBytesAllocated,1769609068894000000,1769609128894000000,0
FilePageCacheLockFree.totalPagesRequested,1769609068894000000,1769609128894000000,0
StorageLockContext.competingThreads.max,1769609068894000000,1769609128894000000,0
MappedFileStorage.storages,1769609068894000000,1769609128894000000,15
FilePageCacheLockFree.totalPagesHandedOver,1769609068894000000,1769609128894000000,0
FilePageCache.disposedBuffers,1769609068894000000,1769609128894000000,0
FilePageCacheLockFree.totalBytesRequested,1769609068894000000,1769609128894000000,0
FilePageCache.totalPageDisposalsUs,1769609068894000000,1769609128894000000,0
FilePageCacheLockFree.heapBytesInUse,1769609068894000000,1769609128894000000,0
FilePageCacheLockFree.totalPagesReadMs,1769609068894000000,1769609128894000000,0
FilePageCacheLockFree.housekeeperTurnsDone,1769609068894000000,1769609128894000000,0
DirectByteBufferAllocator.disposed,1769609068894000000,1769609128894000000,0
FilePageCache.pageLoads,1769609068894000000,1769609128894000000,0
FilePageCacheLockFree.totalNativeBytesAllocated,1769609068894000000,1769609128894000000,0
FilePageCacheLockFree.totalPagesReclaimed,1769609068894000000,1769609128894000000,0
FilePageCache.capacityInBytes,1769609068894000000,1769609128894000000,503316478
StreamlinedBlobStorage.recordsAllocated,1769609068894000000,1769609128894000000,0
FilePageCacheLockFree.totalBytesRead,1769609068894000000,1769609128894000000,0
StreamlinedBlobStorage.recordsDeleted,1769609068894000000,1769609128894000000,0
FilePageCache.pageHits,1769609068894000000,1769609128894000000,0
FilePageCache.maxRegisteredFiles,1769609068894000000,1769609128894000000,252
StreamlinedBlobStorage.totalLiveRecordsCapacityBytes,1769609068894000000,1769609128894000000,0
FilePageCacheLockFree.totalPagesRequestsMs,1769609068894000000,1769609128894000000,0
FilePageCacheLockFree.housekeeperTurnsSkipped,1769609068894000000,1769609128894000000,0
MappedFileStorage.totalPagesMapped,1769609068894000000,1769609128894000000,20
FilePageCache.pageLoadsAboveSizeThreshold,1769609068894000000,1769609128894000000,0
FilePageCacheLockFree.totalBytesWritten,1769609068894000000,1769609128894000000,0
FilePageCache.maxCacheSizeInBytes,1769609068894000000,1769609128894000000,167829504
FilePageCache.totalPageLoadsUs,1769609068894000000,1769609128894000000,0
DirectByteBufferAllocator.misses,1769609068894000000,1769609128894000000,0
StreamlinedBlobStorage.recordsRelocated,1769609068894000000,1769609128894000000,0
FilePageCacheLockFree.housekeeperTimeSpentMs,1769609068894000000,1769609128894000000,0
Indexing.cache.totalCacheEvicted,1769609128894000000,1769609188894000000,16
Indexing.writesQueuedMax,1769609128894000000,1769609188894000000,0
Indexes.stubs.lookups,1769609128894000000,1769609188894000000,2
Indexing.writer_2.totalTimeSpentWritingMs,1769609128894000000,1769609188894000000,0
Indexing.writer_3.totalTimeSpentWritingMs,1769609128894000000,1769609188894000000,0
Indexes.allKeys.lookupDurationMaxMs,1769609128894000000,1769609188894000000,0.0
Indexes.entries.lookupDurationMaxMs,1769609128894000000,1769609188894000000,0.0
Indexing.writer_1.totalTimeSpentWritingMs,1769609128894000000,1769609188894000000,0
Indexing.writer_0.totalTimeSpentWritingMs,1769609128894000000,1769609188894000000,0
Indexes.allKeys.lookups,1769609128894000000,1769609188894000000,0
Indexes.entries.lookups,1769609128894000000,1769609188894000000,8
Indexing.cache.totalCacheAccesses,1769609128894000000,1769609188894000000,44
Indexes.entries.lookupDuration90PMs,1769609128894000000,1769609188894000000,0.0
IndexesFlusher.totalFlushingTimeUs,1769609128894000000,1769609188894000000,35161
Indexing.totalTimeIndexersSleptMs,1769609128894000000,1769609188894000000,0
IndexesFlusher.totalContentionQuotaSpent,1769609128894000000,1769609188894000000,0
Indexes.allKeys.lookupDuration90PMs,1769609128894000000,1769609188894000000,0.0
Indexes.entries.lookupDurationAvgMs,1769609128894000000,1769609188894000000,0.0
IndexesFlusher.totalFlushes,1769609128894000000,1769609188894000000,120
Indexes.stubs.lookupDurationMaxMs,1769609128894000000,1769609188894000000,0.0
Indexes.stubs.lookupDuration90PMs,1769609128894000000,1769609188894000000,0.0
Indexing.cache.totalCacheMisses,1769609128894000000,1769609188894000000,16
Indexes.stubs.lookupDurationAvgMs,1769609128894000000,1769609188894000000,0.0
IndexesFlusher.totalFlushesRetried,1769609128894000000,1769609188894000000,0
Indexes.allKeys.lookupDurationAvgMs,1769609128894000000,1769609188894000000,0.0
Indexing.writesQueuedMin,1769609128894000000,1769609188894000000,9223372036854775807
JVM.maxThreadCount,1769609128894000000,1769609188894000000,148
JVM.GC.collectionTimesMs,1769609128894000000,1769609188894000000,0
JVM.GC.collections,1769609128894000000,1769609188894000000,0
OS.loadAverage,1769609128894000000,1769609188894000000,1.5615234375
JVM.totalSafepointCount,1769609128894000000,1769609188894000000,14
JVM.threadCount,1769609128894000000,1769609188894000000,71
JVM.totalTimeAtSafepointsMs,1769609128894000000,1769609188894000000,1
JVM.newThreadsCount,1769609128894000000,1769609188894000000,29
JVM.totalBytesAllocated,1769609128894000000,1769609188894000000,395455688
JVM.totalCpuTimeMs,1769609128894000000,1769609188894000000,2960
JVM.usedNativeBytes,1769609128894000000,1769609188894000000,376804320
JVM.maxHeapBytes,1769609128894000000,1769609188894000000,4196401152
JVM.totalDirectByteBuffersBytes,1769609128894000000,1769609188894000000,168661361
JVM.totalTimeToSafepointsMs,1769609128894000000,1769609188894000000,0
JVM.usedHeapBytes,1769609128894000000,1769609188894000000,934617952
AWTEventQueue.dispatchTimeTotalNS,1769609128894000000,1769609188894000000,182841037
FlushQueue.executionTimeAvgNs,1769609128894000000,1769609188894000000,0.0
NonBlockingReadAction.failedExecutionTimeUs,1769609128894000000,1769609188894000000,0
FlushQueue.queueSizeMax,1769609128894000000,1769609188894000000,0
ReadAction.executionsCount,1769609128894000000,1769609188894000000,22938
FlushQueue.waitingTimeAvgNs,1769609128894000000,1769609188894000000,0.0
AWTEventQueue.dispatchTimeMaxNs,1769609128894000000,1769609188894000000,0
FlushQueue.tasksExecuted,1769609128894000000,1769609188894000000,0
WriteAction.executionsCount,1769609128894000000,1769609188894000000,6
AWTEventQueue.dispatchTimeAvgNs,1769609128894000000,1769609188894000000,0.0
NonBlockingReadAction.finalizedExecutionsCount,1769609128894000000,1769609188894000000,20
AWTEventQueue.eventsDispatched,1769609128894000000,1769609188894000000,0
FlushQueue.queueSizeAvg,1769609128894000000,1769609188894000000,0.0
FlushQueue.executionTimeMaxNs,1769609128894000000,1769609188894000000,0
NonBlockingReadAction.finalizedExecutionTimeUs,1769609128894000000,1769609188894000000,12021
NonBlockingReadAction.failedExecutionsCount,1769609128894000000,1769609188894000000,0
FlushQueue.queueSize90P,1769609128894000000,1769609188894000000,0
FlushQueue.waitingTime90PNs,1769609128894000000,1769609188894000000,0
AWTEventQueue.dispatchTime90PNs,1769609128894000000,1769609188894000000,0
FlushQueue.waitingTimeMaxNs,1769609128894000000,1769609188894000000,0
FlushQueue.executionTime90PNs,1769609128894000000,1769609188894000000,0
VFS.contentStorage.recordsUncompressedSize,1769609128894000000,1769609188894000000,0
VFS.fileByIdCache.misses,1769609128894000000,1769609188894000000,404
VFS.contentStorage.recordsReadDecompressed,1769609128894000000,1769609188894000000,7
VFS.contentStorage.recordsStoredSize,1769609128894000000,1769609188894000000,0
VFS.contentStorage.recordsReadSize,1769609128894000000,1769609188894000000,112896
FileNameCache.queries,1769609128894000000,1769609188894000000,475584
VFS.contentStorage.recordsDecompressionTimeUs,1769609128894000000,1769609188894000000,332
VFS.contentStorage.recordsDeduplicated,1769609128894000000,1769609188894000000,0
VFS.contentStorage.recordsRead,1769609128894000000,1769609188894000000,24
VFS.contentStorage.recordsStored,1769609128894000000,1769609188894000000,0
VFS.invertedFileNameIndex.requests,1769609128894000000,1769609188894000000,0
VFS.contentStorage.recordsStoredCompressed,1769609128894000000,1769609188894000000,0
VFS.fileChildByName,1769609128894000000,1769609188894000000,61451
VFS.fileByIdCache.hits,1769609128894000000,1769609188894000000,2
FileNameCache.totalMisses,1769609128894000000,1769609188894000000,0
workspaceModel.global.apply.state.to.project.builder.ms,1769609128894000000,1769609188894000000,0
workspaceModel.mutableEntityStorage.changeLog.addReplaceEventForRemovedParent.ms,1769609128894000000,1769609188894000000,0
jps.apply.loaded.storage.ms,1769609128894000000,1769609188894000000,0
jps.global.handle.changed.events.ms,1769609128894000000,1769609188894000000,0
jps.global.initialize.library.bridges.ms,1769609128894000000,1769609188894000000,0
jps.facet.change.listener.init.bridge.ms,1769609128894000000,1769609188894000000,0
workspaceModel.moduleManagerBridge.new.nonPersistent.module.ms,1769609128894000000,1769609188894000000,0
workspaceModel.mutableEntityStorage.changeLog.addReplaceEventForRemovedChild.ms,1769609128894000000,1769609188894000000,0
jps.module.iml.entities.serializer.load.entities.ms,1769609128894000000,1769609188894000000,0
workspaceModel.mutableEntityStorage.referrers.ms,1769609128894000000,1769609188894000000,0
jps.library.entities.serializer.load.entities.ms,1769609128894000000,1769609188894000000,0
workspaceModel.global.updates.ms,1769609128894000000,1769609188894000000,0
jps.project.serializers.save.ms,1769609128894000000,1769609188894000000,0
jps.artifact.entities.serializer.save.entities.ms,1769609128894000000,1769609188894000000,0
workspaceModel.moduleBridge.facet.initialization.ms,1769609128894000000,1769609188894000000,0
jps.save.changed.project.entities.ms,1769609128894000000,1769609188894000000,0
workspaceModel.load.cache.metadata.from.file.ms,1769609128894000000,1769609188894000000,0
workspaceModel.mutableEntityStorage.changeLog.addReplaceEventForNewParent.ms,1769609128894000000,1769609188894000000,0
workspaceModel.mutableEntityStorage.mutable.ext.mapping.ms,1769609128894000000,1769609188894000000,0
workspaceModel.global.updates.count,1769609128894000000,1769609188894000000,0
jps.module.dependency.index.workspace.model.listener.on.changed.ms,1769609128894000000,1769609188894000000,0
workspaceModel.sync.entities.ms,1769609128894000000,1769609188894000000,0
jps.facet.change.listener.process.change.events.ms,1769609128894000000,1769609188894000000,0
jps.global.get.libraries.ms,1769609128894000000,1769609188894000000,0
jps.app.storage.content.writer.save.component.ms,1769609128894000000,1769609188894000000,0
workspaceModel.global.apply.state.to.project.ms,1769609128894000000,1769609188894000000,0
workspaceModel.mutableEntityStorage.has.same.entities.ms,1769609128894000000,1769609188894000000,0
workspaceModel.moduleBridge.update.option.ms,1769609128894000000,1769609188894000000,0
jps.library.entities.serializer.save.entities.ms,1769609128894000000,1769609188894000000,0
jps.global.handle.before.change.events.ms,1769609128894000000,1769609188894000000,0
workspaceModel.mutableEntityStorage.collect.changes.ms,1769609128894000000,1769609188894000000,0
workspaceModel.mutableEntityStorage.replace.by.source.ms,1769609128894000000,1769609188894000000,0
workspaceModel.mutableEntityStorage.entities.by.source.ms,1769609128894000000,1769609188894000000,0
workspaceModel.mutableEntityStorage.changeLog.addReplaceEventForNewChild.ms,1769609128894000000,1769609188894000000,0
workspaceModel.orphan.listener.update.ms,1769609128894000000,1769609188894000000,0
workspaceModel.mutableEntityStorage.apply.changes.from.ms,1769609128894000000,1769609188894000000,0
workspaceModel.mutableEntityStorage.resolve.ms,1769609128894000000,1769609188894000000,0
jps.global.get.library.by.name.ms,1769609128894000000,1769609188894000000,0
jps.save.global.entities.ms,1769609128894000000,1769609188894000000,0
workspaceModel.moduleBridge.before.changed.ms,1769609128894000000,1769609188894000000,0
jps.global.get.library.ms,1769609128894000000,1769609188894000000,0
workspaceModel.moduleManagerBridge.create.module.instance.ms,1769609128894000000,1769609188894000000,0
jps.storage.jps.conf.reader.load.component.ms,1769609128894000000,1769609188894000000,0
workspaceModel.mutableEntityStorage.to.snapshot.ms,1769609128894000000,1769609188894000000,0
workspaceModel.do.save.caches.ms,1769609128894000000,1769609188894000000,0
workspaceModel.moduleManagerBridge.build.module.graph.ms,1769609128894000000,1769609188894000000,0
jps.reload.project.entities.ms,1769609128894000000,1769609188894000000,0
workspaceModel.delayed.project.synchronizer.sync.ms,1769609128894000000,1769609188894000000,0
workspaceModel.mutableEntityStorage.entities.ms,1769609128894000000,1769609188894000000,0
workspaceModel.moduleBridgeLoader.loading.modules.ms,1769609128894000000,1769609188894000000,0
workspaceModel.mutableEntityStorage.remove.entity.ms,1769609128894000000,1769609188894000000,0
jps.global.initialize.library.bridges.after.loading.ms,1769609128894000000,1769609188894000000,0
workspaceModel.save.cache.to.file.ms,1769609128894000000,1769609188894000000,0
jps.load.project.to.empty.storage.ms,1769609128894000000,1769609188894000000,0
jps.project.serializers.load.ms,1769609128894000000,1769609188894000000,0
workspaceModel.moduleManagerBridge.set.unloadedModules.ms,1769609128894000000,1769609188894000000,0
workspaceModel.mutableEntityStorage.modify.entity.ms,1769609128894000000,1769609188894000000,0
jps.artifact.entities.serializer.load.entities.ms,1769609128894000000,1769609188894000000,0
workspaceModel.mutableEntityStorage.add.entity.ms,1769609128894000000,1769609188894000000,0
workspaceModel.moduleManagerBridge.newModule.ms,1769609128894000000,1769609188894000000,0
workspaceModel.moduleManagerBridge.load.module.ms,1769609128894000000,1769609188894000000,0
workspaceModel.moduleManagerBridge.load.all.modules.ms,1769609128894000000,1769609188894000000,0
jps.module.iml.entities.serializer.save.entities.ms,1769609128894000000,1769609188894000000,0
workspaceModel.mutableEntityStorage.put.entity.ms,1769609128894000000,1769609188894000000,0
workspaceModel.mutableEntityStorage.instances.count,1769609128894000000,1769609188894000000,0
jps.load.initial.state.ms,1769609128894000000,1769609188894000000,0
workspaceModel.mutableEntityStorage.mutable.vfurl.index.ms,1769609128894000000,1769609188894000000,0
workspaceModel.load.cache.from.file.ms,1769609128894000000,1769609188894000000,0
jps.app.storage.content.reader.load.component.ms,1769609128894000000,1769609188894000000,0
workspaceModel.moduleManagerBridge.get.modules.ms,1769609128894000000,1769609188894000000,0
jps.facet.change.listener.before.change.events.ms,1769609128894000000,1769609188894000000,0
workspaceModel.workspaceFileIndexData.getFileInfo.ms,1769609128894000000,1769609188894000000,15
workspaceModel.init.bridges.ms,1769609128894000000,1769609188894000000,0
workspaceModel.cachedValueWithParameters.calculated.count,1769609128894000000,1769609188894000000,0
workspaceModel.cachedValue.total.get.count,1769609128894000000,1769609188894000000,3468
workspaceModel.workspaceFileIndexData.onEntitiesChanged.ms,1769609128894000000,1769609188894000000,0
workspaceModel.workspaceFileIndexData.visitFileSets.ms,1769609128894000000,1769609188894000000,0
workspaceModel.updates.ms,1769609128894000000,1769609188894000000,0
workspaceModel.cachedValue.calculated.count,1769609128894000000,1769609188894000000,0
workspaceModel.workspaceFileIndexData.instances.count,1769609128894000000,1769609188894000000,0
workspaceModel.workspaceFileIndexData.init.ms,1769609128894000000,1769609188894000000,0
workspaceModel.cachedValueWithParameters.total.get.count,1769609128894000000,1769609188894000000,0
workspaceModel.collect.changes.ms,1769609128894000000,1769609188894000000,0
workspaceModel.entityStorageSnapshotImpl.instances.count,1769609128894000000,1769609188894000000,0
workspaceModel.initializing.ms,1769609128894000000,1769609188894000000,0
workspaceModel.replace.project.model.ms,1769609128894000000,1769609188894000000,0
workspaceModel.workspaceFileIndexData.getPackageName.ms,1769609128894000000,1769609188894000000,0
workspaceModel.cachedValueWithParameters.clear.count,1769609128894000000,1769609188894000000,0
workspaceModel.pre.handlers.ms,1769609128894000000,1769609188894000000,0
workspaceModel.cachedValue.from.cache.count,1769609128894000000,1769609188894000000,3468
workspaceModel.updates.count,1769609128894000000,1769609188894000000,0
workspaceModel.loading.from.cache.ms,1769609128894000000,1769609188894000000,0
workspaceModel.check.recursive.update.ms,1769609128894000000,1769609188894000000,0
workspaceModel.workspaceFileIndexData.getDirectoriesByPackageName.ms,1769609128894000000,1769609188894000000,0
workspaceModel.cachedValue.clear.count,1769609128894000000,1769609188894000000,0
workspaceModel.workspaceFileIndexContributor.registerFileSets.ms,1769609128894000000,1769609188894000000,0
workspaceModel.workspaceFileIndexData.updateDirtyEntities.ms,1769609128894000000,1769609188894000000,0
workspaceModel.on.before.changed.ms,1769609128894000000,1769609188894000000,0
workspaceModel.workspaceFileIndexData.processFileSets.ms,1769609128894000000,1769609188894000000,0
workspaceModel.workspaceFileIndexData.markDirty.ms,1769609128894000000,1769609188894000000,0
workspaceModel.loading.total.ms,1769609128894000000,1769609188894000000,0
workspaceModel.cachedValueWithParameters.from.cache.count,1769609128894000000,1769609188894000000,0
workspaceModel.full.replace.project.model.ms,1769609128894000000,1769609188894000000,0
workspaceModel.to.snapshot.ms,1769609128894000000,1769609188894000000,0
workspaceModel.on.changed.ms,1769609128894000000,1769609188894000000,0
workspaceModel.update.unloaded.entities.ms,1769609128894000000,1769609188894000000,0
workspaceModel.updates.precise.ms,1769609128894000000,1769609188894000000,0
cacheStateStorage.set.counter,1769609128894000000,1769609188894000000,1
cacheStateStorage.get.duration,1769609128894000000,1769609188894000000,117
cacheStateStorage.set.duration,1769609128894000000,1769609188894000000,0
cacheStateStorage.get.counter,1769609128894000000,1769609188894000000,9
DiskQueryRelay.tasksRequested,1769609128894000000,1769609188894000000,37
lexer.Python.time.ns,1769609128894000000,1769609188894000000,277743
writeAction.max.wait.ms,1769609128894000000,1769609188894000000,2
DiskQueryRelay.tasksExecuted,1769609128894000000,1769609188894000000,37
DiskQueryRelay.taskWaitingTotalTimeUs,1769609128894000000,1769609188894000000,1081
lexer.Python.size.bytes,1769609128894000000,1769609188894000000,2217
writeAction.count,1769609128894000000,1769609188894000000,6
writeAction.wait.ms,1769609128894000000,1769609188894000000,0
parser.Python.time.ns,1769609128894000000,1769609188894000000,1448863
DiskQueryRelay.taskExecutionTotalTimeUs,1769609128894000000,1769609188894000000,797
parser.Python.size.bytes,1769609128894000000,1769609188894000000,2217
writeAction.median.wait.ms,1769609128894000000,1769609188894000000,0
FilePageCache.uncachedFileAccess,1769609128894000000,1769609188894000000,6
FilePageCacheLockFree.totalPagesWriteMs,1769609128894000000,1769609188894000000,0
FilePageCacheLockFree.totalPagesAllocated,1769609128894000000,1769609188894000000,0
FilePageCacheLockFree.totalHeapBytesReclaimed,1769609128894000000,1769609188894000000,0
DirectByteBufferAllocator.totalSizeOfBuffersAllocatedInBytes,1769609128894000000,1769609188894000000,167829504
StorageLockContext.competingThreads.avg,1769609128894000000,1769609188894000000,0.0
DirectByteBufferAllocator.totalSizeOfBuffersCachedInBytes,1769609128894000000,1769609188894000000,0
FilePageCache.pageFastCacheHits,1769609128894000000,1769609188894000000,60
DirectByteBufferAllocator.reclaimed,1769609128894000000,1769609188894000000,0
FileChannelInterruptsRetryer.totalRetriedAttempts,1769609128894000000,1769609188894000000,0
MappedFileStorage.totalBytesMapped,1769609128894000000,1769609188894000000,257163264
StreamlinedBlobStorage.totalLiveRecordsPayloadBytes,1769609128894000000,1769609188894000000,23
FilePageCacheLockFree.totalPageAllocationsWaited,1769609128894000000,1769609188894000000,0
FilePageCacheLockFree.totalNativeBytesReclaimed,1769609128894000000,1769609188894000000,0
MappedFileStorage.totalTimeSpentOnMappingUs,1769609128894000000,1769609188894000000,10821
StorageLockContext.competingThreads.90P,1769609128894000000,1769609188894000000,0
FilePageCacheLockFree.totalPagesWritten,1769609128894000000,1769609188894000000,0
DirectByteBufferAllocator.hits,1769609128894000000,1769609188894000000,0
FilePageCacheLockFree.totalClosedStoragesReclaimed,1769609128894000000,1769609188894000000,0
FilePageCacheLockFree.nativeBytesInUse,1769609128894000000,1769609188894000000,0
FilePageCacheLockFree.totalHeapBytesAllocated,1769609128894000000,1769609188894000000,0
FilePageCacheLockFree.totalPagesRequested,1769609128894000000,1769609188894000000,0
StorageLockContext.competingThreads.max,1769609128894000000,1769609188894000000,0
MappedFileStorage.storages,1769609128894000000,1769609188894000000,15
FilePageCacheLockFree.totalPagesHandedOver,1769609128894000000,1769609188894000000,0
FilePageCache.disposedBuffers,1769609128894000000,1769609188894000000,0
FilePageCacheLockFree.totalBytesRequested,1769609128894000000,1769609188894000000,0
FilePageCache.totalPageDisposalsUs,1769609128894000000,1769609188894000000,0
FilePageCacheLockFree.heapBytesInUse,1769609128894000000,1769609188894000000,0
FilePageCacheLockFree.totalPagesReadMs,1769609128894000000,1769609188894000000,0
FilePageCacheLockFree.housekeeperTurnsDone,1769609128894000000,1769609188894000000,0
DirectByteBufferAllocator.disposed,1769609128894000000,1769609188894000000,0
FilePageCache.pageLoads,1769609128894000000,1769609188894000000,0
FilePageCacheLockFree.totalNativeBytesAllocated,1769609128894000000,1769609188894000000,0
FilePageCacheLockFree.totalPagesReclaimed,1769609128894000000,1769609188894000000,0
FilePageCache.capacityInBytes,1769609128894000000,1769609188894000000,503316478
StreamlinedBlobStorage.recordsAllocated,1769609128894000000,1769609188894000000,2
FilePageCacheLockFree.totalBytesRead,1769609128894000000,1769609188894000000,0
StreamlinedBlobStorage.recordsDeleted,1769609128894000000,1769609188894000000,0
FilePageCache.pageHits,1769609128894000000,1769609188894000000,1
FilePageCache.maxRegisteredFiles,1769609128894000000,1769609188894000000,252
StreamlinedBlobStorage.totalLiveRecordsCapacityBytes,1769609128894000000,1769609188894000000,140
FilePageCacheLockFree.totalPagesRequestsMs,1769609128894000000,1769609188894000000,0
FilePageCacheLockFree.housekeeperTurnsSkipped,1769609128894000000,1769609188894000000,0
MappedFileStorage.totalPagesMapped,1769609128894000000,1769609188894000000,20
FilePageCache.pageLoadsAboveSizeThreshold,1769609128894000000,1769609188894000000,0
FilePageCacheLockFree.totalBytesWritten,1769609128894000000,1769609188894000000,0
FilePageCache.maxCacheSizeInBytes,1769609128894000000,1769609188894000000,167829504
FilePageCache.totalPageLoadsUs,1769609128894000000,1769609188894000000,0
DirectByteBufferAllocator.misses,1769609128894000000,1769609188894000000,0
StreamlinedBlobStorage.recordsRelocated,1769609128894000000,1769609188894000000,0
FilePageCacheLockFree.housekeeperTimeSpentMs,1769609128894000000,1769609188894000000,0
Indexing.cache.totalCacheEvicted,1769609188894000000,1769609248894000000,0
Indexing.writesQueuedMax,1769609188894000000,1769609248894000000,0
Indexes.stubs.lookups,1769609188894000000,1769609248894000000,0
Indexing.writer_2.totalTimeSpentWritingMs,1769609188894000000,1769609248894000000,0
Indexing.writer_3.totalTimeSpentWritingMs,1769609188894000000,1769609248894000000,0
Indexes.allKeys.lookupDurationMaxMs,1769609188894000000,1769609248894000000,0.0
Indexes.entries.lookupDurationMaxMs,1769609188894000000,1769609248894000000,0.0
Indexing.writer_1.totalTimeSpentWritingMs,1769609188894000000,1769609248894000000,0
Indexing.writer_0.totalTimeSpentWritingMs,1769609188894000000,1769609248894000000,0
Indexes.allKeys.lookups,1769609188894000000,1769609248894000000,0
Indexes.entries.lookups,1769609188894000000,1769609248894000000,0
Indexing.cache.totalCacheAccesses,1769609188894000000,1769609248894000000,0
Indexes.entries.lookupDuration90PMs,1769609188894000000,1769609248894000000,0.0
IndexesFlusher.totalFlushingTimeUs,1769609188894000000,1769609248894000000,35931
Indexing.totalTimeIndexersSleptMs,1769609188894000000,1769609248894000000,0
IndexesFlusher.totalContentionQuotaSpent,1769609188894000000,1769609248894000000,0
Indexes.allKeys.lookupDuration90PMs,1769609188894000000,1769609248894000000,0.0
Indexes.entries.lookupDurationAvgMs,1769609188894000000,1769609248894000000,0.0
IndexesFlusher.totalFlushes,1769609188894000000,1769609248894000000,120
Indexes.stubs.lookupDurationMaxMs,1769609188894000000,1769609248894000000,0.0
Indexes.stubs.lookupDuration90PMs,1769609188894000000,1769609248894000000,0.0
Indexing.cache.totalCacheMisses,1769609188894000000,1769609248894000000,0
Indexes.stubs.lookupDurationAvgMs,1769609188894000000,1769609248894000000,0.0
IndexesFlusher.totalFlushesRetried,1769609188894000000,1769609248894000000,0
Indexes.allKeys.lookupDurationAvgMs,1769609188894000000,1769609248894000000,0.0
Indexing.writesQueuedMin,1769609188894000000,1769609248894000000,9223372036854775807
JVM.maxThreadCount,1769609188894000000,1769609248894000000,148
JVM.GC.collectionTimesMs,1769609188894000000,1769609248894000000,30
JVM.GC.collections,1769609188894000000,1769609248894000000,1
OS.loadAverage,1769609188894000000,1769609248894000000,1.251953125
JVM.totalSafepointCount,1769609188894000000,1769609248894000000,5
JVM.threadCount,1769609188894000000,1769609248894000000,63
JVM.totalTimeAtSafepointsMs,1769609188894000000,1769609248894000000,31
JVM.newThreadsCount,1769609188894000000,1769609248894000000,0
JVM.totalBytesAllocated,1769609188894000000,1769609248894000000,27178016
JVM.totalCpuTimeMs,1769609188894000000,1769609248894000000,850
JVM.usedNativeBytes,1769609188894000000,1769609248894000000,376975176
JVM.maxHeapBytes,1769609188894000000,1769609248894000000,4196401152
JVM.totalDirectByteBuffersBytes,1769609188894000000,1769609248894000000,168661361
JVM.totalTimeToSafepointsMs,1769609188894000000,1769609248894000000,0
JVM.usedHeapBytes,1769609188894000000,1769609248894000000,555536240
AWTEventQueue.dispatchTimeTotalNS,1769609188894000000,1769609248894000000,66053899
FlushQueue.executionTimeAvgNs,1769609188894000000,1769609248894000000,0.0
NonBlockingReadAction.failedExecutionTimeUs,1769609188894000000,1769609248894000000,0
FlushQueue.queueSizeMax,1769609188894000000,1769609248894000000,0
ReadAction.executionsCount,1769609188894000000,1769609248894000000,16
FlushQueue.waitingTimeAvgNs,1769609188894000000,1769609248894000000,0.0
AWTEventQueue.dispatchTimeMaxNs,1769609188894000000,1769609248894000000,0
FlushQueue.tasksExecuted,1769609188894000000,1769609248894000000,0
WriteAction.executionsCount,1769609188894000000,1769609248894000000,0
AWTEventQueue.dispatchTimeAvgNs,1769609188894000000,1769609248894000000,0.0
NonBlockingReadAction.finalizedExecutionsCount,1769609188894000000,1769609248894000000,0
AWTEventQueue.eventsDispatched,1769609188894000000,1769609248894000000,0
FlushQueue.queueSizeAvg,1769609188894000000,1769609248894000000,0.0
FlushQueue.executionTimeMaxNs,1769609188894000000,1769609248894000000,0
NonBlockingReadAction.finalizedExecutionTimeUs,1769609188894000000,1769609248894000000,0
NonBlockingReadAction.failedExecutionsCount,1769609188894000000,1769609248894000000,0
FlushQueue.queueSize90P,1769609188894000000,1769609248894000000,0
FlushQueue.waitingTime90PNs,1769609188894000000,1769609248894000000,0
AWTEventQueue.dispatchTime90PNs,1769609188894000000,1769609248894000000,0
FlushQueue.waitingTimeMaxNs,1769609188894000000,1769609248894000000,0
FlushQueue.executionTime90PNs,1769609188894000000,1769609248894000000,0
VFS.contentStorage.recordsUncompressedSize,1769609188894000000,1769609248894000000,0
VFS.fileByIdCache.misses,1769609188894000000,1769609248894000000,0
VFS.contentStorage.recordsReadDecompressed,1769609188894000000,1769609248894000000,0
VFS.contentStorage.recordsStoredSize,1769609188894000000,1769609248894000000,0
VFS.contentStorage.recordsReadSize,1769609188894000000,1769609248894000000,0
FileNameCache.queries,1769609188894000000,1769609248894000000,0
VFS.contentStorage.recordsDecompressionTimeUs,1769609188894000000,1769609248894000000,0
VFS.contentStorage.recordsDeduplicated,1769609188894000000,1769609248894000000,0
VFS.contentStorage.recordsRead,1769609188894000000,1769609248894000000,0
VFS.contentStorage.recordsStored,1769609188894000000,1769609248894000000,0
VFS.invertedFileNameIndex.requests,1769609188894000000,1769609248894000000,0
VFS.contentStorage.recordsStoredCompressed,1769609188894000000,1769609248894000000,0
VFS.fileChildByName,1769609188894000000,1769609248894000000,0
VFS.fileByIdCache.hits,1769609188894000000,1769609248894000000,0
FileNameCache.totalMisses,1769609188894000000,1769609248894000000,0
workspaceModel.global.apply.state.to.project.builder.ms,1769609188894000000,1769609248894000000,0
workspaceModel.mutableEntityStorage.changeLog.addReplaceEventForRemovedParent.ms,1769609188894000000,1769609248894000000,0
jps.apply.loaded.storage.ms,1769609188894000000,1769609248894000000,0
jps.global.handle.changed.events.ms,1769609188894000000,1769609248894000000,0
jps.global.initialize.library.bridges.ms,1769609188894000000,1769609248894000000,0
jps.facet.change.listener.init.bridge.ms,1769609188894000000,1769609248894000000,0
workspaceModel.moduleManagerBridge.new.nonPersistent.module.ms,1769609188894000000,1769609248894000000,0
workspaceModel.mutableEntityStorage.changeLog.addReplaceEventForRemovedChild.ms,1769609188894000000,1769609248894000000,0
jps.module.iml.entities.serializer.load.entities.ms,1769609188894000000,1769609248894000000,0
workspaceModel.mutableEntityStorage.referrers.ms,1769609188894000000,1769609248894000000,0
jps.library.entities.serializer.load.entities.ms,1769609188894000000,1769609248894000000,0
workspaceModel.global.updates.ms,1769609188894000000,1769609248894000000,0
jps.project.serializers.save.ms,1769609188894000000,1769609248894000000,0
jps.artifact.entities.serializer.save.entities.ms,1769609188894000000,1769609248894000000,0
workspaceModel.moduleBridge.facet.initialization.ms,1769609188894000000,1769609248894000000,0
jps.save.changed.project.entities.ms,1769609188894000000,1769609248894000000,0
workspaceModel.load.cache.metadata.from.file.ms,1769609188894000000,1769609248894000000,0
workspaceModel.mutableEntityStorage.changeLog.addReplaceEventForNewParent.ms,1769609188894000000,1769609248894000000,0
workspaceModel.mutableEntityStorage.mutable.ext.mapping.ms,1769609188894000000,1769609248894000000,0
workspaceModel.global.updates.count,1769609188894000000,1769609248894000000,0
jps.module.dependency.index.workspace.model.listener.on.changed.ms,1769609188894000000,1769609248894000000,0
workspaceModel.sync.entities.ms,1769609188894000000,1769609248894000000,0
jps.facet.change.listener.process.change.events.ms,1769609188894000000,1769609248894000000,0
jps.global.get.libraries.ms,1769609188894000000,1769609248894000000,0
jps.app.storage.content.writer.save.component.ms,1769609188894000000,1769609248894000000,0
workspaceModel.global.apply.state.to.project.ms,1769609188894000000,1769609248894000000,0
workspaceModel.mutableEntityStorage.has.same.entities.ms,1769609188894000000,1769609248894000000,0
workspaceModel.moduleBridge.update.option.ms,1769609188894000000,1769609248894000000,0
jps.library.entities.serializer.save.entities.ms,1769609188894000000,1769609248894000000,0
jps.global.handle.before.change.events.ms,1769609188894000000,1769609248894000000,0
workspaceModel.mutableEntityStorage.collect.changes.ms,1769609188894000000,1769609248894000000,0
workspaceModel.mutableEntityStorage.replace.by.source.ms,1769609188894000000,1769609248894000000,0
workspaceModel.mutableEntityStorage.entities.by.source.ms,1769609188894000000,1769609248894000000,0
workspaceModel.mutableEntityStorage.changeLog.addReplaceEventForNewChild.ms,1769609188894000000,1769609248894000000,0
workspaceModel.orphan.listener.update.ms,1769609188894000000,1769609248894000000,0
workspaceModel.mutableEntityStorage.apply.changes.from.ms,1769609188894000000,1769609248894000000,0
workspaceModel.mutableEntityStorage.resolve.ms,1769609188894000000,1769609248894000000,0
jps.global.get.library.by.name.ms,1769609188894000000,1769609248894000000,0
jps.save.global.entities.ms,1769609188894000000,1769609248894000000,0
workspaceModel.moduleBridge.before.changed.ms,1769609188894000000,1769609248894000000,0
jps.global.get.library.ms,1769609188894000000,1769609248894000000,0
workspaceModel.moduleManagerBridge.create.module.instance.ms,1769609188894000000,1769609248894000000,0
jps.storage.jps.conf.reader.load.component.ms,1769609188894000000,1769609248894000000,0
workspaceModel.mutableEntityStorage.to.snapshot.ms,1769609188894000000,1769609248894000000,0
workspaceModel.do.save.caches.ms,1769609188894000000,1769609248894000000,0
workspaceModel.moduleManagerBridge.build.module.graph.ms,1769609188894000000,1769609248894000000,0
jps.reload.project.entities.ms,1769609188894000000,1769609248894000000,0
workspaceModel.delayed.project.synchronizer.sync.ms,1769609188894000000,1769609248894000000,0
workspaceModel.mutableEntityStorage.entities.ms,1769609188894000000,1769609248894000000,0
workspaceModel.moduleBridgeLoader.loading.modules.ms,1769609188894000000,1769609248894000000,0
workspaceModel.mutableEntityStorage.remove.entity.ms,1769609188894000000,1769609248894000000,0
jps.global.initialize.library.bridges.after.loading.ms,1769609188894000000,1769609248894000000,0
workspaceModel.save.cache.to.file.ms,1769609188894000000,1769609248894000000,0
jps.load.project.to.empty.storage.ms,1769609188894000000,1769609248894000000,0
jps.project.serializers.load.ms,1769609188894000000,1769609248894000000,0
workspaceModel.moduleManagerBridge.set.unloadedModules.ms,1769609188894000000,1769609248894000000,0
workspaceModel.mutableEntityStorage.modify.entity.ms,1769609188894000000,1769609248894000000,0
jps.artifact.entities.serializer.load.entities.ms,1769609188894000000,1769609248894000000,0
workspaceModel.mutableEntityStorage.add.entity.ms,1769609188894000000,1769609248894000000,0
workspaceModel.moduleManagerBridge.newModule.ms,1769609188894000000,1769609248894000000,0
workspaceModel.moduleManagerBridge.load.module.ms,1769609188894000000,1769609248894000000,0
workspaceModel.moduleManagerBridge.load.all.modules.ms,1769609188894000000,1769609248894000000,0
jps.module.iml.entities.serializer.save.entities.ms,1769609188894000000,1769609248894000000,0
workspaceModel.mutableEntityStorage.put.entity.ms,1769609188894000000,1769609248894000000,0
workspaceModel.mutableEntityStorage.instances.count,1769609188894000000,1769609248894000000,0
jps.load.initial.state.ms,1769609188894000000,1769609248894000000,0
workspaceModel.mutableEntityStorage.mutable.vfurl.index.ms,1769609188894000000,1769609248894000000,0
workspaceModel.load.cache.from.file.ms,1769609188894000000,1769609248894000000,0
jps.app.storage.content.reader.load.component.ms,1769609188894000000,1769609248894000000,0
workspaceModel.moduleManagerBridge.get.modules.ms,1769609188894000000,1769609248894000000,0
jps.facet.change.listener.before.change.events.ms,1769609188894000000,1769609248894000000,0
workspaceModel.workspaceFileIndexData.getFileInfo.ms,1769609188894000000,1769609248894000000,0
workspaceModel.init.bridges.ms,1769609188894000000,1769609248894000000,0
workspaceModel.cachedValueWithParameters.calculated.count,1769609188894000000,1769609248894000000,0
workspaceModel.cachedValue.total.get.count,1769609188894000000,1769609248894000000,0
workspaceModel.workspaceFileIndexData.onEntitiesChanged.ms,1769609188894000000,1769609248894000000,0
workspaceModel.workspaceFileIndexData.visitFileSets.ms,1769609188894000000,1769609248894000000,0
workspaceModel.updates.ms,1769609188894000000,1769609248894000000,0
workspaceModel.cachedValue.calculated.count,1769609188894000000,1769609248894000000,0
workspaceModel.workspaceFileIndexData.instances.count,1769609188894000000,1769609248894000000,0
workspaceModel.workspaceFileIndexData.init.ms,1769609188894000000,1769609248894000000,0
workspaceModel.cachedValueWithParameters.total.get.count,1769609188894000000,1769609248894000000,0
workspaceModel.collect.changes.ms,1769609188894000000,1769609248894000000,0
workspaceModel.entityStorageSnapshotImpl.instances.count,1769609188894000000,1769609248894000000,0
workspaceModel.initializing.ms,1769609188894000000,1769609248894000000,0
workspaceModel.replace.project.model.ms,1769609188894000000,1769609248894000000,0
workspaceModel.workspaceFileIndexData.getPackageName.ms,1769609188894000000,1769609248894000000,0
workspaceModel.cachedValueWithParameters.clear.count,1769609188894000000,1769609248894000000,0
workspaceModel.pre.handlers.ms,1769609188894000000,1769609248894000000,0
workspaceModel.cachedValue.from.cache.count,1769609188894000000,1769609248894000000,0
workspaceModel.updates.count,1769609188894000000,1769609248894000000,0
workspaceModel.loading.from.cache.ms,1769609188894000000,1769609248894000000,0
workspaceModel.check.recursive.update.ms,1769609188894000000,1769609248894000000,0
workspaceModel.workspaceFileIndexData.getDirectoriesByPackageName.ms,1769609188894000000,1769609248894000000,0
workspaceModel.cachedValue.clear.count,1769609188894000000,1769609248894000000,0
workspaceModel.workspaceFileIndexContributor.registerFileSets.ms,1769609188894000000,1769609248894000000,0
workspaceModel.workspaceFileIndexData.updateDirtyEntities.ms,1769609188894000000,1769609248894000000,0
workspaceModel.on.before.changed.ms,1769609188894000000,1769609248894000000,0
workspaceModel.workspaceFileIndexData.processFileSets.ms,1769609188894000000,1769609248894000000,0
workspaceModel.workspaceFileIndexData.markDirty.ms,1769609188894000000,1769609248894000000,0
workspaceModel.loading.total.ms,1769609188894000000,1769609248894000000,0
workspaceModel.cachedValueWithParameters.from.cache.count,1769609188894000000,1769609248894000000,0
workspaceModel.full.replace.project.model.ms,1769609188894000000,1769609248894000000,0
workspaceModel.to.snapshot.ms,1769609188894000000,1769609248894000000,0
workspaceModel.on.changed.ms,1769609188894000000,1769609248894000000,0
workspaceModel.update.unloaded.entities.ms,1769609188894000000,1769609248894000000,0
workspaceModel.updates.precise.ms,1769609188894000000,1769609248894000000,0
cacheStateStorage.set.counter,1769609188894000000,1769609248894000000,0
cacheStateStorage.get.duration,1769609188894000000,1769609248894000000,0
cacheStateStorage.set.duration,1769609188894000000,1769609248894000000,0
cacheStateStorage.get.counter,1769609188894000000,1769609248894000000,0
DiskQueryRelay.tasksRequested,1769609188894000000,1769609248894000000,19
writeAction.max.wait.ms,1769609188894000000,1769609248894000000,2
DiskQueryRelay.tasksExecuted,1769609188894000000,1769609248894000000,19
DiskQueryRelay.taskWaitingTotalTimeUs,1769609188894000000,1769609248894000000,316
writeAction.count,1769609188894000000,1769609248894000000,0
writeAction.wait.ms,1769609188894000000,1769609248894000000,0
DiskQueryRelay.taskExecutionTotalTimeUs,1769609188894000000,1769609248894000000,311
writeAction.median.wait.ms,1769609188894000000,1769609248894000000,0
FilePageCache.uncachedFileAccess,1769609188894000000,1769609248894000000,0
FilePageCacheLockFree.totalPagesWriteMs,1769609188894000000,1769609248894000000,0
FilePageCacheLockFree.totalPagesAllocated,1769609188894000000,1769609248894000000,0
FilePageCacheLockFree.totalHeapBytesReclaimed,1769609188894000000,1769609248894000000,0
DirectByteBufferAllocator.totalSizeOfBuffersAllocatedInBytes,1769609188894000000,1769609248894000000,167829504
StorageLockContext.competingThreads.avg,1769609188894000000,1769609248894000000,0.0
DirectByteBufferAllocator.totalSizeOfBuffersCachedInBytes,1769609188894000000,1769609248894000000,0
FilePageCache.pageFastCacheHits,1769609188894000000,1769609248894000000,0
DirectByteBufferAllocator.reclaimed,1769609188894000000,1769609248894000000,0
FileChannelInterruptsRetryer.totalRetriedAttempts,1769609188894000000,1769609248894000000,0
MappedFileStorage.totalBytesMapped,1769609188894000000,1769609248894000000,257163264
StreamlinedBlobStorage.totalLiveRecordsPayloadBytes,1769609188894000000,1769609248894000000,0
FilePageCacheLockFree.totalPageAllocationsWaited,1769609188894000000,1769609248894000000,0
FilePageCacheLockFree.totalNativeBytesReclaimed,1769609188894000000,1769609248894000000,0
MappedFileStorage.totalTimeSpentOnMappingUs,1769609188894000000,1769609248894000000,10821
StorageLockContext.competingThreads.90P,1769609188894000000,1769609248894000000,0
FilePageCacheLockFree.totalPagesWritten,1769609188894000000,1769609248894000000,0
DirectByteBufferAllocator.hits,1769609188894000000,1769609248894000000,0
FilePageCacheLockFree.totalClosedStoragesReclaimed,1769609188894000000,1769609248894000000,0
FilePageCacheLockFree.nativeBytesInUse,1769609188894000000,1769609248894000000,0
FilePageCacheLockFree.totalHeapBytesAllocated,1769609188894000000,1769609248894000000,0
FilePageCacheLockFree.totalPagesRequested,1769609188894000000,1769609248894000000,0
StorageLockContext.competingThreads.max,1769609188894000000,1769609248894000000,0
MappedFileStorage.storages,1769609188894000000,1769609248894000000,15
FilePageCacheLockFree.totalPagesHandedOver,1769609188894000000,1769609248894000000,0
FilePageCache.disposedBuffers,1769609188894000000,1769609248894000000,0
FilePageCacheLockFree.totalBytesRequested,1769609188894000000,1769609248894000000,0
FilePageCache.totalPageDisposalsUs,1769609188894000000,1769609248894000000,0
FilePageCacheLockFree.heapBytesInUse,1769609188894000000,1769609248894000000,0
FilePageCacheLockFree.totalPagesReadMs,1769609188894000000,1769609248894000000,0
FilePageCacheLockFree.housekeeperTurnsDone,1769609188894000000,1769609248894000000,0
DirectByteBufferAllocator.disposed,1769609188894000000,1769609248894000000,0
FilePageCache.pageLoads,1769609188894000000,1769609248894000000,0
FilePageCacheLockFree.totalNativeBytesAllocated,1769609188894000000,1769609248894000000,0
FilePageCacheLockFree.totalPagesReclaimed,1769609188894000000,1769609248894000000,0
FilePageCache.capacityInBytes,1769609188894000000,1769609248894000000,503316478
StreamlinedBlobStorage.recordsAllocated,1769609188894000000,1769609248894000000,0
FilePageCacheLockFree.totalBytesRead,1769609188894000000,1769609248894000000,0
StreamlinedBlobStorage.recordsDeleted,1769609188894000000,1769609248894000000,0
FilePageCache.pageHits,1769609188894000000,1769609248894000000,0
FilePageCache.maxRegisteredFiles,1769609188894000000,1769609248894000000,252
StreamlinedBlobStorage.totalLiveRecordsCapacityBytes,1769609188894000000,1769609248894000000,0
FilePageCacheLockFree.totalPagesRequestsMs,1769609188894000000,1769609248894000000,0
FilePageCacheLockFree.housekeeperTurnsSkipped,1769609188894000000,1769609248894000000,0
MappedFileStorage.totalPagesMapped,1769609188894000000,1769609248894000000,20
FilePageCache.pageLoadsAboveSizeThreshold,1769609188894000000,1769609248894000000,0
FilePageCacheLockFree.totalBytesWritten,1769609188894000000,1769609248894000000,0
FilePageCache.maxCacheSizeInBytes,1769609188894000000,1769609248894000000,167829504
FilePageCache.totalPageLoadsUs,1769609188894000000,1769609248894000000,0
DirectByteBufferAllocator.misses,1769609188894000000,1769609248894000000,0
StreamlinedBlobStorage.recordsRelocated,1769609188894000000,1769609248894000000,0
FilePageCacheLockFree.housekeeperTimeSpentMs,1769609188894000000,1769609248894000000,0
Indexing.cache.totalCacheEvicted,1769609248894000000,1769609308896000000,854
Indexing.writesQueuedMax,1769609248894000000,1769609308896000000,0
Indexes.stubs.lookups,1769609248894000000,1769609308896000000,2
Indexing.writer_2.totalTimeSpentWritingMs,1769609248894000000,1769609308896000000,0
Indexing.writer_3.totalTimeSpentWritingMs,1769609248894000000,1769609308896000000,0
Indexes.allKeys.lookupDurationMaxMs,1769609248894000000,1769609308896000000,0.0
Indexes.entries.lookupDurationMaxMs,1769609248894000000,1769609308896000000,0.0
Indexing.writer_1.totalTimeSpentWritingMs,1769609248894000000,1769609308896000000,0
Indexing.writer_0.totalTimeSpentWritingMs,1769609248894000000,1769609308896000000,0
Indexes.allKeys.lookups,1769609248894000000,1769609308896000000,0
Indexes.entries.lookups,1769609248894000000,1769609308896000000,8
Indexing.cache.totalCacheAccesses,1769609248894000000,1769609308896000000,1666
Indexes.entries.lookupDuration90PMs,1769609248894000000,1769609308896000000,0.0
IndexesFlusher.totalFlushingTimeUs,1769609248894000000,1769609308896000000,42711
Indexing.totalTimeIndexersSleptMs,1769609248894000000,1769609308896000000,0
IndexesFlusher.totalContentionQuotaSpent,1769609248894000000,1769609308896000000,0
Indexes.allKeys.lookupDuration90PMs,1769609248894000000,1769609308896000000,0.0
Indexes.entries.lookupDurationAvgMs,1769609248894000000,1769609308896000000,0.0
IndexesFlusher.totalFlushes,1769609248894000000,1769609308896000000,120
Indexes.stubs.lookupDurationMaxMs,1769609248894000000,1769609308896000000,0.0
Indexes.stubs.lookupDuration90PMs,1769609248894000000,1769609308896000000,0.0
Indexing.cache.totalCacheMisses,1769609248894000000,1769609308896000000,854
Indexes.stubs.lookupDurationAvgMs,1769609248894000000,1769609308896000000,0.0
IndexesFlusher.totalFlushesRetried,1769609248894000000,1769609308896000000,0
Indexes.allKeys.lookupDurationAvgMs,1769609248894000000,1769609308896000000,0.0
Indexing.writesQueuedMin,1769609248894000000,1769609308896000000,9223372036854775807
JVM.maxThreadCount,1769609248894000000,1769609308896000000,148
JVM.GC.collectionTimesMs,1769609248894000000,1769609308896000000,28
JVM.GC.collections,1769609248894000000,1769609308896000000,3
OS.loadAverage,1769609248894000000,1769609308896000000,1.46435546875
JVM.totalSafepointCount,1769609248894000000,1769609308896000000,16
JVM.threadCount,1769609248894000000,1769609308896000000,70
JVM.totalTimeAtSafepointsMs,1769609248894000000,1769609308896000000,28
JVM.newThreadsCount,1769609248894000000,1769609308896000000,22
JVM.totalBytesAllocated,1769609248894000000,1769609308896000000,336295432
JVM.totalCpuTimeMs,1769609248894000000,1769609308896000000,3480
JVM.usedNativeBytes,1769609248894000000,1769609308896000000,380584344
JVM.maxHeapBytes,1769609248894000000,1769609308896000000,4196401152
JVM.totalDirectByteBuffersBytes,1769609248894000000,1769609308896000000,168544682
JVM.totalTimeToSafepointsMs,1769609248894000000,1769609308896000000,1
JVM.usedHeapBytes,1769609248894000000,1769609308896000000,735031664
AWTEventQueue.dispatchTimeTotalNS,1769609248894000000,1769609308896000000,345042321
FlushQueue.executionTimeAvgNs,1769609248894000000,1769609308896000000,0.0
NonBlockingReadAction.failedExecutionTimeUs,1769609248894000000,1769609308896000000,0
FlushQueue.queueSizeMax,1769609248894000000,1769609308896000000,0
ReadAction.executionsCount,1769609248894000000,1769609308896000000,10842
FlushQueue.waitingTimeAvgNs,1769609248894000000,1769609308896000000,0.0
AWTEventQueue.dispatchTimeMaxNs,1769609248894000000,1769609308896000000,0
FlushQueue.tasksExecuted,1769609248894000000,1769609308896000000,0
WriteAction.executionsCount,1769609248894000000,1769609308896000000,7
AWTEventQueue.dispatchTimeAvgNs,1769609248894000000,1769609308896000000,0.0
NonBlockingReadAction.finalizedExecutionsCount,1769609248894000000,1769609308896000000,19
AWTEventQueue.eventsDispatched,1769609248894000000,1769609308896000000,0
FlushQueue.queueSizeAvg,1769609248894000000,1769609308896000000,0.0
FlushQueue.executionTimeMaxNs,1769609248894000000,1769609308896000000,0
NonBlockingReadAction.finalizedExecutionTimeUs,1769609248894000000,1769609308896000000,8373
NonBlockingReadAction.failedExecutionsCount,1769609248894000000,1769609308896000000,0
FlushQueue.queueSize90P,1769609248894000000,1769609308896000000,0
FlushQueue.waitingTime90PNs,1769609248894000000,1769609308896000000,0
AWTEventQueue.dispatchTime90PNs,1769609248894000000,1769609308896000000,0
FlushQueue.waitingTimeMaxNs,1769609248894000000,1769609308896000000,0
FlushQueue.executionTime90PNs,1769609248894000000,1769609308896000000,0
VFS.contentStorage.recordsUncompressedSize,1769609248894000000,1769609308896000000,13
VFS.fileByIdCache.misses,1769609248894000000,1769609308896000000,404
VFS.contentStorage.recordsReadDecompressed,1769609248894000000,1769609308896000000,14
VFS.contentStorage.recordsStoredSize,1769609248894000000,1769609308896000000,13
VFS.contentStorage.recordsReadSize,1769609248894000000,1769609308896000000,210723
FileNameCache.queries,1769609248894000000,1769609308896000000,500608
VFS.contentStorage.recordsDecompressionTimeUs,1769609248894000000,1769609308896000000,304
VFS.contentStorage.recordsDeduplicated,1769609248894000000,1769609308896000000,2
VFS.contentStorage.recordsRead,1769609248894000000,1769609308896000000,40
VFS.contentStorage.recordsStored,1769609248894000000,1769609308896000000,1
VFS.invertedFileNameIndex.requests,1769609248894000000,1769609308896000000,0
VFS.contentStorage.recordsStoredCompressed,1769609248894000000,1769609308896000000,0
VFS.fileChildByName,1769609248894000000,1769609308896000000,69139
VFS.fileByIdCache.hits,1769609248894000000,1769609308896000000,2
FileNameCache.totalMisses,1769609248894000000,1769609308896000000,0
workspaceModel.global.apply.state.to.project.builder.ms,1769609248894000000,1769609308896000000,0
workspaceModel.mutableEntityStorage.changeLog.addReplaceEventForRemovedParent.ms,1769609248894000000,1769609308896000000,0
jps.apply.loaded.storage.ms,1769609248894000000,1769609308896000000,0
jps.global.handle.changed.events.ms,1769609248894000000,1769609308896000000,0
jps.global.initialize.library.bridges.ms,1769609248894000000,1769609308896000000,0
jps.facet.change.listener.init.bridge.ms,1769609248894000000,1769609308896000000,0
workspaceModel.moduleManagerBridge.new.nonPersistent.module.ms,1769609248894000000,1769609308896000000,0
workspaceModel.mutableEntityStorage.changeLog.addReplaceEventForRemovedChild.ms,1769609248894000000,1769609308896000000,0
jps.module.iml.entities.serializer.load.entities.ms,1769609248894000000,1769609308896000000,0
workspaceModel.mutableEntityStorage.referrers.ms,1769609248894000000,1769609308896000000,0
jps.library.entities.serializer.load.entities.ms,1769609248894000000,1769609308896000000,0
workspaceModel.global.updates.ms,1769609248894000000,1769609308896000000,0
jps.project.serializers.save.ms,1769609248894000000,1769609308896000000,0
jps.artifact.entities.serializer.save.entities.ms,1769609248894000000,1769609308896000000,0
workspaceModel.moduleBridge.facet.initialization.ms,1769609248894000000,1769609308896000000,0
jps.save.changed.project.entities.ms,1769609248894000000,1769609308896000000,0
workspaceModel.load.cache.metadata.from.file.ms,1769609248894000000,1769609308896000000,0
workspaceModel.mutableEntityStorage.changeLog.addReplaceEventForNewParent.ms,1769609248894000000,1769609308896000000,0
workspaceModel.mutableEntityStorage.mutable.ext.mapping.ms,1769609248894000000,1769609308896000000,0
workspaceModel.global.updates.count,1769609248894000000,1769609308896000000,0
jps.module.dependency.index.workspace.model.listener.on.changed.ms,1769609248894000000,1769609308896000000,0
workspaceModel.sync.entities.ms,1769609248894000000,1769609308896000000,0
jps.facet.change.listener.process.change.events.ms,1769609248894000000,1769609308896000000,0
jps.global.get.libraries.ms,1769609248894000000,1769609308896000000,0
jps.app.storage.content.writer.save.component.ms,1769609248894000000,1769609308896000000,0
workspaceModel.global.apply.state.to.project.ms,1769609248894000000,1769609308896000000,0
workspaceModel.mutableEntityStorage.has.same.entities.ms,1769609248894000000,1769609308896000000,0
workspaceModel.moduleBridge.update.option.ms,1769609248894000000,1769609308896000000,0
jps.library.entities.serializer.save.entities.ms,1769609248894000000,1769609308896000000,0
jps.global.handle.before.change.events.ms,1769609248894000000,1769609308896000000,0
workspaceModel.mutableEntityStorage.collect.changes.ms,1769609248894000000,1769609308896000000,0
workspaceModel.mutableEntityStorage.replace.by.source.ms,1769609248894000000,1769609308896000000,0
workspaceModel.mutableEntityStorage.entities.by.source.ms,1769609248894000000,1769609308896000000,0
workspaceModel.mutableEntityStorage.changeLog.addReplaceEventForNewChild.ms,1769609248894000000,1769609308896000000,0
workspaceModel.orphan.listener.update.ms,1769609248894000000,1769609308896000000,0
workspaceModel.mutableEntityStorage.apply.changes.from.ms,1769609248894000000,1769609308896000000,0
workspaceModel.mutableEntityStorage.resolve.ms,1769609248894000000,1769609308896000000,0
jps.global.get.library.by.name.ms,1769609248894000000,1769609308896000000,0
jps.save.global.entities.ms,1769609248894000000,1769609308896000000,0
workspaceModel.moduleBridge.before.changed.ms,1769609248894000000,1769609308896000000,0
jps.global.get.library.ms,1769609248894000000,1769609308896000000,0
workspaceModel.moduleManagerBridge.create.module.instance.ms,1769609248894000000,1769609308896000000,0
jps.storage.jps.conf.reader.load.component.ms,1769609248894000000,1769609308896000000,0
workspaceModel.mutableEntityStorage.to.snapshot.ms,1769609248894000000,1769609308896000000,0
workspaceModel.do.save.caches.ms,1769609248894000000,1769609308896000000,0
workspaceModel.moduleManagerBridge.build.module.graph.ms,1769609248894000000,1769609308896000000,0
jps.reload.project.entities.ms,1769609248894000000,1769609308896000000,0
workspaceModel.delayed.project.synchronizer.sync.ms,1769609248894000000,1769609308896000000,0
workspaceModel.mutableEntityStorage.entities.ms,1769609248894000000,1769609308896000000,0
workspaceModel.moduleBridgeLoader.loading.modules.ms,1769609248894000000,1769609308896000000,0
workspaceModel.mutableEntityStorage.remove.entity.ms,1769609248894000000,1769609308896000000,0
jps.global.initialize.library.bridges.after.loading.ms,1769609248894000000,1769609308896000000,0
workspaceModel.save.cache.to.file.ms,1769609248894000000,1769609308896000000,0
jps.load.project.to.empty.storage.ms,1769609248894000000,1769609308896000000,0
jps.project.serializers.load.ms,1769609248894000000,1769609308896000000,0
workspaceModel.moduleManagerBridge.set.unloadedModules.ms,1769609248894000000,1769609308896000000,0
workspaceModel.mutableEntityStorage.modify.entity.ms,1769609248894000000,1769609308896000000,0
jps.artifact.entities.serializer.load.entities.ms,1769609248894000000,1769609308896000000,0
workspaceModel.mutableEntityStorage.add.entity.ms,1769609248894000000,1769609308896000000,0
workspaceModel.moduleManagerBridge.newModule.ms,1769609248894000000,1769609308896000000,0
workspaceModel.moduleManagerBridge.load.module.ms,1769609248894000000,1769609308896000000,0
workspaceModel.moduleManagerBridge.load.all.modules.ms,1769609248894000000,1769609308896000000,0
jps.module.iml.entities.serializer.save.entities.ms,1769609248894000000,1769609308896000000,0
workspaceModel.mutableEntityStorage.put.entity.ms,1769609248894000000,1769609308896000000,0
workspaceModel.mutableEntityStorage.instances.count,1769609248894000000,1769609308896000000,0
jps.load.initial.state.ms,1769609248894000000,1769609308896000000,0
workspaceModel.mutableEntityStorage.mutable.vfurl.index.ms,1769609248894000000,1769609308896000000,0
workspaceModel.load.cache.from.file.ms,1769609248894000000,1769609308896000000,0
jps.app.storage.content.reader.load.component.ms,1769609248894000000,1769609308896000000,0
workspaceModel.moduleManagerBridge.get.modules.ms,1769609248894000000,1769609308896000000,0
jps.facet.change.listener.before.change.events.ms,1769609248894000000,1769609308896000000,0
workspaceModel.workspaceFileIndexData.getFileInfo.ms,1769609248894000000,1769609308896000000,12
workspaceModel.init.bridges.ms,1769609248894000000,1769609308896000000,0
workspaceModel.cachedValueWithParameters.calculated.count,1769609248894000000,1769609308896000000,0
workspaceModel.cachedValue.total.get.count,1769609248894000000,1769609308896000000,3620
workspaceModel.workspaceFileIndexData.onEntitiesChanged.ms,1769609248894000000,1769609308896000000,0
workspaceModel.workspaceFileIndexData.visitFileSets.ms,1769609248894000000,1769609308896000000,0
workspaceModel.updates.ms,1769609248894000000,1769609308896000000,0
workspaceModel.cachedValue.calculated.count,1769609248894000000,1769609308896000000,0
workspaceModel.workspaceFileIndexData.instances.count,1769609248894000000,1769609308896000000,0
workspaceModel.workspaceFileIndexData.init.ms,1769609248894000000,1769609308896000000,0
workspaceModel.cachedValueWithParameters.total.get.count,1769609248894000000,1769609308896000000,0
workspaceModel.collect.changes.ms,1769609248894000000,1769609308896000000,0
workspaceModel.entityStorageSnapshotImpl.instances.count,1769609248894000000,1769609308896000000,0
workspaceModel.initializing.ms,1769609248894000000,1769609308896000000,0
workspaceModel.replace.project.model.ms,1769609248894000000,1769609308896000000,0
workspaceModel.workspaceFileIndexData.getPackageName.ms,1769609248894000000,1769609308896000000,0
workspaceModel.cachedValueWithParameters.clear.count,1769609248894000000,1769609308896000000,0
workspaceModel.pre.handlers.ms,1769609248894000000,1769609308896000000,0
workspaceModel.cachedValue.from.cache.count,1769609248894000000,1769609308896000000,3620
workspaceModel.updates.count,1769609248894000000,1769609308896000000,0
workspaceModel.loading.from.cache.ms,1769609248894000000,1769609308896000000,0
workspaceModel.check.recursive.update.ms,1769609248894000000,1769609308896000000,0
workspaceModel.workspaceFileIndexData.getDirectoriesByPackageName.ms,1769609248894000000,1769609308896000000,0
workspaceModel.cachedValue.clear.count,1769609248894000000,1769609308896000000,0
workspaceModel.workspaceFileIndexContributor.registerFileSets.ms,1769609248894000000,1769609308896000000,0
workspaceModel.workspaceFileIndexData.updateDirtyEntities.ms,1769609248894000000,1769609308896000000,0
workspaceModel.on.before.changed.ms,1769609248894000000,1769609308896000000,0
workspaceModel.workspaceFileIndexData.processFileSets.ms,1769609248894000000,1769609308896000000,0
workspaceModel.workspaceFileIndexData.markDirty.ms,1769609248894000000,1769609308896000000,0
workspaceModel.loading.total.ms,1769609248894000000,1769609308896000000,0
workspaceModel.cachedValueWithParameters.from.cache.count,1769609248894000000,1769609308896000000,0
workspaceModel.full.replace.project.model.ms,1769609248894000000,1769609308896000000,0
workspaceModel.to.snapshot.ms,1769609248894000000,1769609308896000000,0
workspaceModel.on.changed.ms,1769609248894000000,1769609308896000000,0
workspaceModel.update.unloaded.entities.ms,1769609248894000000,1769609308896000000,0
workspaceModel.updates.precise.ms,1769609248894000000,1769609308896000000,0
cacheStateStorage.set.counter,1769609248894000000,1769609308896000000,0
cacheStateStorage.get.duration,1769609248894000000,1769609308896000000,20
cacheStateStorage.set.duration,1769609248894000000,1769609308896000000,0
cacheStateStorage.get.counter,1769609248894000000,1769609308896000000,6
DiskQueryRelay.tasksRequested,1769609248894000000,1769609308896000000,41
lexer.Python.time.ns,1769609248894000000,1769609308896000000,349254
writeAction.max.wait.ms,1769609248894000000,1769609308896000000,2
parser.HTML.size.bytes,1769609248894000000,1769609308896000000,2969
DiskQueryRelay.tasksExecuted,1769609248894000000,1769609308896000000,41
DiskQueryRelay.taskWaitingTotalTimeUs,1769609248894000000,1769609308896000000,16984
lexer.Python.size.bytes,1769609248894000000,1769609308896000000,2264
writeAction.count,1769609248894000000,1769609308896000000,7
lexer.HTML.time.ns,1769609248894000000,1769609308896000000,536465
writeAction.wait.ms,1769609248894000000,1769609308896000000,1
parser.Python.time.ns,1769609248894000000,1769609308896000000,1491073
DiskQueryRelay.taskExecutionTotalTimeUs,1769609248894000000,1769609308896000000,949
parser.Python.size.bytes,1769609248894000000,1769609308896000000,2264
writeAction.median.wait.ms,1769609248894000000,1769609308896000000,0
parser.HTML.time.ns,1769609248894000000,1769609308896000000,1037083
lexer.HTML.size.bytes,1769609248894000000,1769609308896000000,2969
FilePageCache.uncachedFileAccess,1769609248894000000,1769609308896000000,21
FilePageCacheLockFree.totalPagesWriteMs,1769609248894000000,1769609308896000000,0
FilePageCacheLockFree.totalPagesAllocated,1769609248894000000,1769609308896000000,0
FilePageCacheLockFree.totalHeapBytesReclaimed,1769609248894000000,1769609308896000000,0
DirectByteBufferAllocator.totalSizeOfBuffersAllocatedInBytes,1769609248894000000,1769609308896000000,167837696
StorageLockContext.competingThreads.avg,1769609248894000000,1769609308896000000,0.0
DirectByteBufferAllocator.totalSizeOfBuffersCachedInBytes,1769609248894000000,1769609308896000000,0
FilePageCache.pageFastCacheHits,1769609248894000000,1769609308896000000,2071
DirectByteBufferAllocator.reclaimed,1769609248894000000,1769609308896000000,0
FileChannelInterruptsRetryer.totalRetriedAttempts,1769609248894000000,1769609308896000000,0
MappedFileStorage.totalBytesMapped,1769609248894000000,1769609308896000000,257163264
StreamlinedBlobStorage.totalLiveRecordsPayloadBytes,1769609248894000000,1769609308896000000,29
FilePageCacheLockFree.totalPageAllocationsWaited,1769609248894000000,1769609308896000000,0
FilePageCacheLockFree.totalNativeBytesReclaimed,1769609248894000000,1769609308896000000,0
MappedFileStorage.totalTimeSpentOnMappingUs,1769609248894000000,1769609308896000000,10821
StorageLockContext.competingThreads.90P,1769609248894000000,1769609308896000000,0
FilePageCacheLockFree.totalPagesWritten,1769609248894000000,1769609308896000000,0
DirectByteBufferAllocator.hits,1769609248894000000,1769609308896000000,0
FilePageCacheLockFree.totalClosedStoragesReclaimed,1769609248894000000,1769609308896000000,0
FilePageCacheLockFree.nativeBytesInUse,1769609248894000000,1769609308896000000,0
FilePageCacheLockFree.totalHeapBytesAllocated,1769609248894000000,1769609308896000000,0
FilePageCacheLockFree.totalPagesRequested,1769609248894000000,1769609308896000000,0
StorageLockContext.competingThreads.max,1769609248894000000,1769609308896000000,0
MappedFileStorage.storages,1769609248894000000,1769609308896000000,15
FilePageCacheLockFree.totalPagesHandedOver,1769609248894000000,1769609308896000000,0
FilePageCache.disposedBuffers,1769609248894000000,1769609308896000000,0
FilePageCacheLockFree.totalBytesRequested,1769609248894000000,1769609308896000000,0
FilePageCache.totalPageDisposalsUs,1769609248894000000,1769609308896000000,2
FilePageCacheLockFree.heapBytesInUse,1769609248894000000,1769609308896000000,0
FilePageCacheLockFree.totalPagesReadMs,1769609248894000000,1769609308896000000,0
FilePageCacheLockFree.housekeeperTurnsDone,1769609248894000000,1769609308896000000,0
DirectByteBufferAllocator.disposed,1769609248894000000,1769609308896000000,0
FilePageCache.pageLoads,1769609248894000000,1769609308896000000,1
FilePageCacheLockFree.totalNativeBytesAllocated,1769609248894000000,1769609308896000000,0
FilePageCacheLockFree.totalPagesReclaimed,1769609248894000000,1769609308896000000,0
FilePageCache.capacityInBytes,1769609248894000000,1769609308896000000,503316478
StreamlinedBlobStorage.recordsAllocated,1769609248894000000,1769609308896000000,2
FilePageCacheLockFree.totalBytesRead,1769609248894000000,1769609308896000000,0
StreamlinedBlobStorage.recordsDeleted,1769609248894000000,1769609308896000000,0
FilePageCache.pageHits,1769609248894000000,1769609308896000000,139
FilePageCache.maxRegisteredFiles,1769609248894000000,1769609308896000000,252
StreamlinedBlobStorage.totalLiveRecordsCapacityBytes,1769609248894000000,1769609308896000000,140
FilePageCacheLockFree.totalPagesRequestsMs,1769609248894000000,1769609308896000000,0
FilePageCacheLockFree.housekeeperTurnsSkipped,1769609248894000000,1769609308896000000,0
MappedFileStorage.totalPagesMapped,1769609248894000000,1769609308896000000,20
FilePageCache.pageLoadsAboveSizeThreshold,1769609248894000000,1769609308896000000,0
FilePageCacheLockFree.totalBytesWritten,1769609248894000000,1769609308896000000,0
FilePageCache.maxCacheSizeInBytes,1769609248894000000,1769609308896000000,167837696
FilePageCache.totalPageLoadsUs,1769609248894000000,1769609308896000000,121
DirectByteBufferAllocator.misses,1769609248894000000,1769609308896000000,1
StreamlinedBlobStorage.recordsRelocated,1769609248894000000,1769609308896000000,0
FilePageCacheLockFree.housekeeperTimeSpentMs,1769609248894000000,1769609308896000000,0
Indexing.cache.totalCacheEvicted,1769609308896000000,1769609368894000000,30437
Indexing.writesQueuedMax,1769609308896000000,1769609368894000000,0
Indexes.stubs.lookups,1769609308896000000,1769609368894000000,0
Indexing.writer_2.totalTimeSpentWritingMs,1769609308896000000,1769609368894000000,55
Indexing.writer_3.totalTimeSpentWritingMs,1769609308896000000,1769609368894000000,0
Indexes.allKeys.lookupDurationMaxMs,1769609308896000000,1769609368894000000,0.0
Indexes.entries.lookupDurationMaxMs,1769609308896000000,1769609368894000000,0.0
Indexing.writer_1.totalTimeSpentWritingMs,1769609308896000000,1769609368894000000,20
Indexing.writer_0.totalTimeSpentWritingMs,1769609308896000000,1769609368894000000,75
Indexes.allKeys.lookups,1769609308896000000,1769609368894000000,0
Indexes.entries.lookups,1769609308896000000,1769609368894000000,0
Indexing.cache.totalCacheAccesses,1769609308896000000,1769609368894000000,175909
Indexes.entries.lookupDuration90PMs,1769609308896000000,1769609368894000000,0.0
IndexesFlusher.totalFlushingTimeUs,1769609308896000000,1769609368894000000,95957
Indexing.totalTimeIndexersSleptMs,1769609308896000000,1769609368894000000,0
IndexesFlusher.totalContentionQuotaSpent,1769609308896000000,1769609368894000000,0
Indexes.allKeys.lookupDuration90PMs,1769609308896000000,1769609368894000000,0.0
Indexes.entries.lookupDurationAvgMs,1769609308896000000,1769609368894000000,0.0
IndexesFlusher.totalFlushes,1769609308896000000,1769609368894000000,120
Indexes.stubs.lookupDurationMaxMs,1769609308896000000,1769609368894000000,0.0
Indexes.stubs.lookupDuration90PMs,1769609308896000000,1769609368894000000,0.0
Indexing.cache.totalCacheMisses,1769609308896000000,1769609368894000000,30437
Indexes.stubs.lookupDurationAvgMs,1769609308896000000,1769609368894000000,0.0
IndexesFlusher.totalFlushesRetried,1769609308896000000,1769609368894000000,0
Indexes.allKeys.lookupDurationAvgMs,1769609308896000000,1769609368894000000,0.0
Indexing.writesQueuedMin,1769609308896000000,1769609368894000000,9223372036854775807
JVM.maxThreadCount,1769609308896000000,1769609368894000000,148
JVM.GC.collectionTimesMs,1769609308896000000,1769609368894000000,16
JVM.GC.collections,1769609308896000000,1769609368894000000,1
OS.loadAverage,1769609308896000000,1769609368894000000,1.421875
JVM.totalSafepointCount,1769609308896000000,1769609368894000000,32
JVM.threadCount,1769609308896000000,1769609368894000000,79
JVM.totalTimeAtSafepointsMs,1769609308896000000,1769609368894000000,17
JVM.newThreadsCount,1769609308896000000,1769609368894000000,15
JVM.totalBytesAllocated,1769609308896000000,1769609368894000000,451667584
JVM.totalCpuTimeMs,1769609308896000000,1769609368894000000,6420
JVM.usedNativeBytes,1769609308896000000,1769609368894000000,393968000
JVM.maxHeapBytes,1769609308896000000,1769609368894000000,4196401152
JVM.totalDirectByteBuffersBytes,1769609308896000000,1769609368894000000,173407998
JVM.totalTimeToSafepointsMs,1769609308896000000,1769609368894000000,1
JVM.usedHeapBytes,1769609308896000000,1769609368894000000,809480560
AWTEventQueue.dispatchTimeTotalNS,1769609308896000000,1769609368894000000,802828687
FlushQueue.executionTimeAvgNs,1769609308896000000,1769609368894000000,0.0
NonBlockingReadAction.failedExecutionTimeUs,1769609308896000000,1769609368894000000,0
FlushQueue.queueSizeMax,1769609308896000000,1769609368894000000,0
ReadAction.executionsCount,1769609308896000000,1769609368894000000,20816
FlushQueue.waitingTimeAvgNs,1769609308896000000,1769609368894000000,0.0
AWTEventQueue.dispatchTimeMaxNs,1769609308896000000,1769609368894000000,25983
FlushQueue.tasksExecuted,1769609308896000000,1769609368894000000,0
WriteAction.executionsCount,1769609308896000000,1769609368894000000,16
AWTEventQueue.dispatchTimeAvgNs,1769609308896000000,1769609368894000000,25920.0
NonBlockingReadAction.finalizedExecutionsCount,1769609308896000000,1769609368894000000,71
AWTEventQueue.eventsDispatched,1769609308896000000,1769609368894000000,1
FlushQueue.queueSizeAvg,1769609308896000000,1769609368894000000,0.0
FlushQueue.executionTimeMaxNs,1769609308896000000,1769609368894000000,0
NonBlockingReadAction.finalizedExecutionTimeUs,1769609308896000000,1769609368894000000,36083
NonBlockingReadAction.failedExecutionsCount,1769609308896000000,1769609368894000000,0
FlushQueue.queueSize90P,1769609308896000000,1769609368894000000,0
FlushQueue.waitingTime90PNs,1769609308896000000,1769609368894000000,0
AWTEventQueue.dispatchTime90PNs,1769609308896000000,1769609368894000000,25983
FlushQueue.waitingTimeMaxNs,1769609308896000000,1769609368894000000,0
FlushQueue.executionTime90PNs,1769609308896000000,1769609368894000000,0
VFS.contentStorage.recordsUncompressedSize,1769609308896000000,1769609368894000000,0
VFS.fileByIdCache.misses,1769609308896000000,1769609368894000000,0
VFS.contentStorage.recordsReadDecompressed,1769609308896000000,1769609368894000000,0
VFS.contentStorage.recordsStoredSize,1769609308896000000,1769609368894000000,0
VFS.contentStorage.recordsReadSize,1769609308896000000,1769609368894000000,13
FileNameCache.queries,1769609308896000000,1769609368894000000,15552
VFS.contentStorage.recordsDecompressionTimeUs,1769609308896000000,1769609368894000000,0
VFS.contentStorage.recordsDeduplicated,1769609308896000000,1769609368894000000,1
VFS.contentStorage.recordsRead,1769609308896000000,1769609368894000000,3
VFS.contentStorage.recordsStored,1769609308896000000,1769609368894000000,0
VFS.invertedFileNameIndex.requests,1769609308896000000,1769609368894000000,0
VFS.contentStorage.recordsStoredCompressed,1769609308896000000,1769609368894000000,0
VFS.fileChildByName,1769609308896000000,1769609368894000000,9492
VFS.fileByIdCache.hits,1769609308896000000,1769609368894000000,5
FileNameCache.totalMisses,1769609308896000000,1769609368894000000,0
workspaceModel.global.apply.state.to.project.builder.ms,1769609308896000000,1769609368894000000,0
workspaceModel.mutableEntityStorage.changeLog.addReplaceEventForRemovedParent.ms,1769609308896000000,1769609368894000000,0
jps.apply.loaded.storage.ms,1769609308896000000,1769609368894000000,0
jps.global.handle.changed.events.ms,1769609308896000000,1769609368894000000,0
jps.global.initialize.library.bridges.ms,1769609308896000000,1769609368894000000,0
jps.facet.change.listener.init.bridge.ms,1769609308896000000,1769609368894000000,0
workspaceModel.moduleManagerBridge.new.nonPersistent.module.ms,1769609308896000000,1769609368894000000,0
workspaceModel.mutableEntityStorage.changeLog.addReplaceEventForRemovedChild.ms,1769609308896000000,1769609368894000000,0
jps.module.iml.entities.serializer.load.entities.ms,1769609308896000000,1769609368894000000,0
workspaceModel.mutableEntityStorage.referrers.ms,1769609308896000000,1769609368894000000,0
jps.library.entities.serializer.load.entities.ms,1769609308896000000,1769609368894000000,0
workspaceModel.global.updates.ms,1769609308896000000,1769609368894000000,0
jps.project.serializers.save.ms,1769609308896000000,1769609368894000000,0
jps.artifact.entities.serializer.save.entities.ms,1769609308896000000,1769609368894000000,0
workspaceModel.moduleBridge.facet.initialization.ms,1769609308896000000,1769609368894000000,0
jps.save.changed.project.entities.ms,1769609308896000000,1769609368894000000,0
workspaceModel.load.cache.metadata.from.file.ms,1769609308896000000,1769609368894000000,0
workspaceModel.mutableEntityStorage.changeLog.addReplaceEventForNewParent.ms,1769609308896000000,1769609368894000000,0
workspaceModel.mutableEntityStorage.mutable.ext.mapping.ms,1769609308896000000,1769609368894000000,0
workspaceModel.global.updates.count,1769609308896000000,1769609368894000000,0
jps.module.dependency.index.workspace.model.listener.on.changed.ms,1769609308896000000,1769609368894000000,0
workspaceModel.sync.entities.ms,1769609308896000000,1769609368894000000,0
jps.facet.change.listener.process.change.events.ms,1769609308896000000,1769609368894000000,0
jps.global.get.libraries.ms,1769609308896000000,1769609368894000000,0
jps.app.storage.content.writer.save.component.ms,1769609308896000000,1769609368894000000,0
workspaceModel.global.apply.state.to.project.ms,1769609308896000000,1769609368894000000,0
workspaceModel.mutableEntityStorage.has.same.entities.ms,1769609308896000000,1769609368894000000,0
workspaceModel.moduleBridge.update.option.ms,1769609308896000000,1769609368894000000,0
jps.library.entities.serializer.save.entities.ms,1769609308896000000,1769609368894000000,0
jps.global.handle.before.change.events.ms,1769609308896000000,1769609368894000000,0
workspaceModel.mutableEntityStorage.collect.changes.ms,1769609308896000000,1769609368894000000,0
workspaceModel.mutableEntityStorage.replace.by.source.ms,1769609308896000000,1769609368894000000,0
workspaceModel.mutableEntityStorage.entities.by.source.ms,1769609308896000000,1769609368894000000,0
workspaceModel.mutableEntityStorage.changeLog.addReplaceEventForNewChild.ms,1769609308896000000,1769609368894000000,0
workspaceModel.orphan.listener.update.ms,1769609308896000000,1769609368894000000,0
workspaceModel.mutableEntityStorage.apply.changes.from.ms,1769609308896000000,1769609368894000000,0
workspaceModel.mutableEntityStorage.resolve.ms,1769609308896000000,1769609368894000000,0
jps.global.get.library.by.name.ms,1769609308896000000,1769609368894000000,0
jps.save.global.entities.ms,1769609308896000000,1769609368894000000,0
workspaceModel.moduleBridge.before.changed.ms,1769609308896000000,1769609368894000000,0
jps.global.get.library.ms,1769609308896000000,1769609368894000000,0
workspaceModel.moduleManagerBridge.create.module.instance.ms,1769609308896000000,1769609368894000000,0
jps.storage.jps.conf.reader.load.component.ms,1769609308896000000,1769609368894000000,0
workspaceModel.mutableEntityStorage.to.snapshot.ms,1769609308896000000,1769609368894000000,0
workspaceModel.do.save.caches.ms,1769609308896000000,1769609368894000000,0
workspaceModel.moduleManagerBridge.build.module.graph.ms,1769609308896000000,1769609368894000000,0
jps.reload.project.entities.ms,1769609308896000000,1769609368894000000,0
workspaceModel.delayed.project.synchronizer.sync.ms,1769609308896000000,1769609368894000000,0
workspaceModel.mutableEntityStorage.entities.ms,1769609308896000000,1769609368894000000,0
workspaceModel.moduleBridgeLoader.loading.modules.ms,1769609308896000000,1769609368894000000,0
workspaceModel.mutableEntityStorage.remove.entity.ms,1769609308896000000,1769609368894000000,0
jps.global.initialize.library.bridges.after.loading.ms,1769609308896000000,1769609368894000000,0
workspaceModel.save.cache.to.file.ms,1769609308896000000,1769609368894000000,0
jps.load.project.to.empty.storage.ms,1769609308896000000,1769609368894000000,0
jps.project.serializers.load.ms,1769609308896000000,1769609368894000000,0
workspaceModel.moduleManagerBridge.set.unloadedModules.ms,1769609308896000000,1769609368894000000,0
workspaceModel.mutableEntityStorage.modify.entity.ms,1769609308896000000,1769609368894000000,0
jps.artifact.entities.serializer.load.entities.ms,1769609308896000000,1769609368894000000,0
workspaceModel.mutableEntityStorage.add.entity.ms,1769609308896000000,1769609368894000000,0
workspaceModel.moduleManagerBridge.newModule.ms,1769609308896000000,1769609368894000000,0
workspaceModel.moduleManagerBridge.load.module.ms,1769609308896000000,1769609368894000000,0
workspaceModel.moduleManagerBridge.load.all.modules.ms,1769609308896000000,1769609368894000000,0
jps.module.iml.entities.serializer.save.entities.ms,1769609308896000000,1769609368894000000,0
workspaceModel.mutableEntityStorage.put.entity.ms,1769609308896000000,1769609368894000000,0
workspaceModel.mutableEntityStorage.instances.count,1769609308896000000,1769609368894000000,0
jps.load.initial.state.ms,1769609308896000000,1769609368894000000,0
workspaceModel.mutableEntityStorage.mutable.vfurl.index.ms,1769609308896000000,1769609368894000000,0
workspaceModel.load.cache.from.file.ms,1769609308896000000,1769609368894000000,0
jps.app.storage.content.reader.load.component.ms,1769609308896000000,1769609368894000000,0
workspaceModel.moduleManagerBridge.get.modules.ms,1769609308896000000,1769609368894000000,0
jps.facet.change.listener.before.change.events.ms,1769609308896000000,1769609368894000000,0
workspaceModel.workspaceFileIndexData.getFileInfo.ms,1769609308896000000,1769609368894000000,11
workspaceModel.init.bridges.ms,1769609308896000000,1769609368894000000,0
workspaceModel.cachedValueWithParameters.calculated.count,1769609308896000000,1769609368894000000,0
workspaceModel.cachedValue.total.get.count,1769609308896000000,1769609368894000000,524
workspaceModel.workspaceFileIndexData.onEntitiesChanged.ms,1769609308896000000,1769609368894000000,0
workspaceModel.workspaceFileIndexData.visitFileSets.ms,1769609308896000000,1769609368894000000,0
workspaceModel.updates.ms,1769609308896000000,1769609368894000000,0
workspaceModel.cachedValue.calculated.count,1769609308896000000,1769609368894000000,0
workspaceModel.workspaceFileIndexData.instances.count,1769609308896000000,1769609368894000000,0
workspaceModel.workspaceFileIndexData.init.ms,1769609308896000000,1769609368894000000,0
workspaceModel.cachedValueWithParameters.total.get.count,1769609308896000000,1769609368894000000,0
workspaceModel.collect.changes.ms,1769609308896000000,1769609368894000000,0
workspaceModel.entityStorageSnapshotImpl.instances.count,1769609308896000000,1769609368894000000,0
workspaceModel.initializing.ms,1769609308896000000,1769609368894000000,0
workspaceModel.replace.project.model.ms,1769609308896000000,1769609368894000000,0
workspaceModel.workspaceFileIndexData.getPackageName.ms,1769609308896000000,1769609368894000000,0
workspaceModel.cachedValueWithParameters.clear.count,1769609308896000000,1769609368894000000,0
workspaceModel.pre.handlers.ms,1769609308896000000,1769609368894000000,0
workspaceModel.cachedValue.from.cache.count,1769609308896000000,1769609368894000000,524
workspaceModel.updates.count,1769609308896000000,1769609368894000000,0
workspaceModel.loading.from.cache.ms,1769609308896000000,1769609368894000000,0
workspaceModel.check.recursive.update.ms,1769609308896000000,1769609368894000000,0
workspaceModel.workspaceFileIndexData.getDirectoriesByPackageName.ms,1769609308896000000,1769609368894000000,0
workspaceModel.cachedValue.clear.count,1769609308896000000,1769609368894000000,0
workspaceModel.workspaceFileIndexContributor.registerFileSets.ms,1769609308896000000,1769609368894000000,0
workspaceModel.workspaceFileIndexData.updateDirtyEntities.ms,1769609308896000000,1769609368894000000,0
workspaceModel.on.before.changed.ms,1769609308896000000,1769609368894000000,0
workspaceModel.workspaceFileIndexData.processFileSets.ms,1769609308896000000,1769609368894000000,0
workspaceModel.workspaceFileIndexData.markDirty.ms,1769609308896000000,1769609368894000000,0
workspaceModel.loading.total.ms,1769609308896000000,1769609368894000000,0
workspaceModel.cachedValueWithParameters.from.cache.count,1769609308896000000,1769609368894000000,0
workspaceModel.full.replace.project.model.ms,1769609308896000000,1769609368894000000,0
workspaceModel.to.snapshot.ms,1769609308896000000,1769609368894000000,0
workspaceModel.on.changed.ms,1769609308896000000,1769609368894000000,0
workspaceModel.update.unloaded.entities.ms,1769609308896000000,1769609368894000000,0
workspaceModel.updates.precise.ms,1769609308896000000,1769609368894000000,0
cacheStateStorage.set.counter,1769609308896000000,1769609368894000000,0
cacheStateStorage.get.duration,1769609308896000000,1769609368894000000,4
cacheStateStorage.set.duration,1769609308896000000,1769609368894000000,0
cacheStateStorage.get.counter,1769609308896000000,1769609368894000000,67
parser.Markdown.time.ns,1769609308896000000,1769609368894000000,3854213
parser.PythonStub.size.bytes,1769609308896000000,1769609368894000000,41
lexer.Markdown.time.ns,1769609308896000000,1769609368894000000,1734536
writeAction.max.wait.ms,1769609308896000000,1769609368894000000,2
parser.Markdown.size.bytes,1769609308896000000,1769609368894000000,891
lexer.PythonStub.size.bytes,1769609308896000000,1769609368894000000,41
lexer.Python.size.bytes,1769609308896000000,1769609368894000000,2022670
writeAction.count,1769609308896000000,1769609368894000000,16
lexer.Markdown.size.bytes,1769609308896000000,1769609368894000000,891
parser.Requirements.time.ns,1769609308896000000,1769609368894000000,6192342
parser.Python.size.bytes,1769609308896000000,1769609368894000000,2022670
parser.PythonStub.time.ns,1769609308896000000,1769609368894000000,1287179
writeAction.median.wait.ms,1769609308896000000,1769609368894000000,0
parser.Requirements.size.bytes,1769609308896000000,1769609368894000000,13
DiskQueryRelay.tasksRequested,1769609308896000000,1769609368894000000,464
lexer.Requirements.time.ns,1769609308896000000,1769609368894000000,100440
lexer.Python.time.ns,1769609308896000000,1769609368894000000,154719709
parser.HTML.size.bytes,1769609308896000000,1769609368894000000,0
DiskQueryRelay.tasksExecuted,1769609308896000000,1769609368894000000,464
DiskQueryRelay.taskWaitingTotalTimeUs,1769609308896000000,1769609368894000000,18748
lexer.Requirements.size.bytes,1769609308896000000,1769609368894000000,13
lexer.HTML.time.ns,1769609308896000000,1769609368894000000,17923
writeAction.wait.ms,1769609308896000000,1769609368894000000,0
parser.Python.time.ns,1769609308896000000,1769609368894000000,306729560
DiskQueryRelay.taskExecutionTotalTimeUs,1769609308896000000,1769609368894000000,16926
lexer.PythonStub.time.ns,1769609308896000000,1769609368894000000,16782
parser.HTML.time.ns,1769609308896000000,1769609368894000000,41939
lexer.HTML.size.bytes,1769609308896000000,1769609368894000000,0
FilePageCache.uncachedFileAccess,1769609308896000000,1769609368894000000,60
FilePageCacheLockFree.totalPagesWriteMs,1769609308896000000,1769609368894000000,0
FilePageCacheLockFree.totalPagesAllocated,1769609308896000000,1769609368894000000,0
FilePageCacheLockFree.totalHeapBytesReclaimed,1769609308896000000,1769609368894000000,0
DirectByteBufferAllocator.totalSizeOfBuffersAllocatedInBytes,1769609308896000000,1769609368894000000,172032000
StorageLockContext.competingThreads.avg,1769609308896000000,1769609368894000000,0.0
DirectByteBufferAllocator.totalSizeOfBuffersCachedInBytes,1769609308896000000,1769609368894000000,0
FilePageCache.pageFastCacheHits,1769609308896000000,1769609368894000000,76457
DirectByteBufferAllocator.reclaimed,1769609308896000000,1769609368894000000,0
FileChannelInterruptsRetryer.totalRetriedAttempts,1769609308896000000,1769609368894000000,0
MappedFileStorage.totalBytesMapped,1769609308896000000,1769609368894000000,257163264
StreamlinedBlobStorage.totalLiveRecordsPayloadBytes,1769609308896000000,1769609368894000000,968
FilePageCacheLockFree.totalPageAllocationsWaited,1769609308896000000,1769609368894000000,0
FilePageCacheLockFree.totalNativeBytesReclaimed,1769609308896000000,1769609368894000000,0
MappedFileStorage.totalTimeSpentOnMappingUs,1769609308896000000,1769609368894000000,10821
StorageLockContext.competingThreads.90P,1769609308896000000,1769609368894000000,0
FilePageCacheLockFree.totalPagesWritten,1769609308896000000,1769609368894000000,0
DirectByteBufferAllocator.hits,1769609308896000000,1769609368894000000,0
FilePageCacheLockFree.totalClosedStoragesReclaimed,1769609308896000000,1769609368894000000,0
FilePageCacheLockFree.nativeBytesInUse,1769609308896000000,1769609368894000000,0
FilePageCacheLockFree.totalHeapBytesAllocated,1769609308896000000,1769609368894000000,0
FilePageCacheLockFree.totalPagesRequested,1769609308896000000,1769609368894000000,0
StorageLockContext.competingThreads.max,1769609308896000000,1769609368894000000,0
MappedFileStorage.storages,1769609308896000000,1769609368894000000,15
FilePageCacheLockFree.totalPagesHandedOver,1769609308896000000,1769609368894000000,0
FilePageCache.disposedBuffers,1769609308896000000,1769609368894000000,0
FilePageCacheLockFree.totalBytesRequested,1769609308896000000,1769609368894000000,0
FilePageCache.totalPageDisposalsUs,1769609308896000000,1769609368894000000,6
FilePageCacheLockFree.heapBytesInUse,1769609308896000000,1769609368894000000,0
FilePageCacheLockFree.totalPagesReadMs,1769609308896000000,1769609368894000000,0
FilePageCacheLockFree.housekeeperTurnsDone,1769609308896000000,1769609368894000000,0
DirectByteBufferAllocator.disposed,1769609308896000000,1769609368894000000,0
FilePageCache.pageLoads,1769609308896000000,1769609368894000000,4
FilePageCacheLockFree.totalNativeBytesAllocated,1769609308896000000,1769609368894000000,0
FilePageCacheLockFree.totalPagesReclaimed,1769609308896000000,1769609368894000000,0
FilePageCache.capacityInBytes,1769609308896000000,1769609368894000000,503316478
StreamlinedBlobStorage.recordsAllocated,1769609308896000000,1769609368894000000,84
FilePageCacheLockFree.totalBytesRead,1769609308896000000,1769609368894000000,0
StreamlinedBlobStorage.recordsDeleted,1769609308896000000,1769609368894000000,0
FilePageCache.pageHits,1769609308896000000,1769609368894000000,4378
FilePageCache.maxRegisteredFiles,1769609308896000000,1769609368894000000,252
StreamlinedBlobStorage.totalLiveRecordsCapacityBytes,1769609308896000000,1769609368894000000,5880
FilePageCacheLockFree.totalPagesRequestsMs,1769609308896000000,1769609368894000000,0
FilePageCacheLockFree.housekeeperTurnsSkipped,1769609308896000000,1769609368894000000,0
MappedFileStorage.totalPagesMapped,1769609308896000000,1769609368894000000,20
FilePageCache.pageLoadsAboveSizeThreshold,1769609308896000000,1769609368894000000,0
FilePageCacheLockFree.totalBytesWritten,1769609308896000000,1769609368894000000,0
FilePageCache.maxCacheSizeInBytes,1769609308896000000,1769609368894000000,172032000
FilePageCache.totalPageLoadsUs,1769609308896000000,1769609368894000000,2433
DirectByteBufferAllocator.misses,1769609308896000000,1769609368894000000,4
StreamlinedBlobStorage.recordsRelocated,1769609308896000000,1769609368894000000,0
FilePageCacheLockFree.housekeeperTimeSpentMs,1769609308896000000,1769609368894000000,0
Indexing.cache.totalCacheEvicted,1769609368894000000,1769609428895000000,3
Indexing.writesQueuedMax,1769609368894000000,1769609428895000000,0
Indexes.stubs.lookups,1769609368894000000,1769609428895000000,0
Indexing.writer_2.totalTimeSpentWritingMs,1769609368894000000,1769609428895000000,0
Indexing.writer_3.totalTimeSpentWritingMs,1769609368894000000,1769609428895000000,0
Indexes.allKeys.lookupDurationMaxMs,1769609368894000000,1769609428895000000,0.0
Indexes.entries.lookupDurationMaxMs,1769609368894000000,1769609428895000000,0.0
Indexing.writer_1.totalTimeSpentWritingMs,1769609368894000000,1769609428895000000,0
Indexing.writer_0.totalTimeSpentWritingMs,1769609368894000000,1769609428895000000,0
Indexes.allKeys.lookups,1769609368894000000,1769609428895000000,0
Indexes.entries.lookups,1769609368894000000,1769609428895000000,0
Indexing.cache.totalCacheAccesses,1769609368894000000,1769609428895000000,3
Indexes.entries.lookupDuration90PMs,1769609368894000000,1769609428895000000,0.0
IndexesFlusher.totalFlushingTimeUs,1769609368894000000,1769609428895000000,33262
Indexing.totalTimeIndexersSleptMs,1769609368894000000,1769609428895000000,0
IndexesFlusher.totalContentionQuotaSpent,1769609368894000000,1769609428895000000,0
Indexes.allKeys.lookupDuration90PMs,1769609368894000000,1769609428895000000,0.0
Indexes.entries.lookupDurationAvgMs,1769609368894000000,1769609428895000000,0.0
IndexesFlusher.totalFlushes,1769609368894000000,1769609428895000000,119
Indexes.stubs.lookupDurationMaxMs,1769609368894000000,1769609428895000000,0.0
Indexes.stubs.lookupDuration90PMs,1769609368894000000,1769609428895000000,0.0
Indexing.cache.totalCacheMisses,1769609368894000000,1769609428895000000,3
Indexes.stubs.lookupDurationAvgMs,1769609368894000000,1769609428895000000,0.0
IndexesFlusher.totalFlushesRetried,1769609368894000000,1769609428895000000,0
Indexes.allKeys.lookupDurationAvgMs,1769609368894000000,1769609428895000000,0.0
Indexing.writesQueuedMin,1769609368894000000,1769609428895000000,9223372036854775807
JVM.maxThreadCount,1769609368894000000,1769609428895000000,148
JVM.GC.collectionTimesMs,1769609368894000000,1769609428895000000,109
JVM.GC.collections,1769609368894000000,1769609428895000000,9
OS.loadAverage,1769609368894000000,1769609428895000000,1.32421875
JVM.totalSafepointCount,1769609368894000000,1769609428895000000,35
JVM.threadCount,1769609368894000000,1769609428895000000,80
JVM.totalTimeAtSafepointsMs,1769609368894000000,1769609428895000000,110
JVM.newThreadsCount,1769609368894000000,1769609428895000000,6
JVM.totalBytesAllocated,1769609368894000000,1769609428895000000,1512775104
JVM.totalCpuTimeMs,1769609368894000000,1769609428895000000,10650
JVM.usedNativeBytes,1769609368894000000,1769609428895000000,378007512
JVM.maxHeapBytes,1769609368894000000,1769609428895000000,4196401152
JVM.totalDirectByteBuffersBytes,1769609368894000000,1769609428895000000,173430848
JVM.totalTimeToSafepointsMs,1769609368894000000,1769609428895000000,0
JVM.usedHeapBytes,1769609368894000000,1769609428895000000,847019216
AWTEventQueue.dispatchTimeTotalNS,1769609368894000000,1769609428895000000,1602310576
FlushQueue.executionTimeAvgNs,1769609368894000000,1769609428895000000,21184.0
NonBlockingReadAction.failedExecutionTimeUs,1769609368894000000,1769609428895000000,0
FlushQueue.queueSizeMax,1769609368894000000,1769609428895000000,0
ReadAction.executionsCount,1769609368894000000,1769609428895000000,65703
FlushQueue.waitingTimeAvgNs,1769609368894000000,1769609428895000000,50048.0
AWTEventQueue.dispatchTimeMaxNs,1769609368894000000,1769609428895000000,46335
FlushQueue.tasksExecuted,1769609368894000000,1769609428895000000,1
WriteAction.executionsCount,1769609368894000000,1769609428895000000,2
AWTEventQueue.dispatchTimeAvgNs,1769609368894000000,1769609428895000000,46208.0
NonBlockingReadAction.finalizedExecutionsCount,1769609368894000000,1769609428895000000,7
AWTEventQueue.eventsDispatched,1769609368894000000,1769609428895000000,1
FlushQueue.queueSizeAvg,1769609368894000000,1769609428895000000,0.0
FlushQueue.executionTimeMaxNs,1769609368894000000,1769609428895000000,21247
NonBlockingReadAction.finalizedExecutionTimeUs,1769609368894000000,1769609428895000000,490
NonBlockingReadAction.failedExecutionsCount,1769609368894000000,1769609428895000000,0
FlushQueue.queueSize90P,1769609368894000000,1769609428895000000,0
FlushQueue.waitingTime90PNs,1769609368894000000,1769609428895000000,50175
AWTEventQueue.dispatchTime90PNs,1769609368894000000,1769609428895000000,46335
FlushQueue.waitingTimeMaxNs,1769609368894000000,1769609428895000000,50175
FlushQueue.executionTime90PNs,1769609368894000000,1769609428895000000,21247
VFS.contentStorage.recordsUncompressedSize,1769609368894000000,1769609428895000000,0
VFS.fileByIdCache.misses,1769609368894000000,1769609428895000000,0
VFS.contentStorage.recordsReadDecompressed,1769609368894000000,1769609428895000000,0
VFS.contentStorage.recordsStoredSize,1769609368894000000,1769609428895000000,0
VFS.contentStorage.recordsReadSize,1769609368894000000,1769609428895000000,0
FileNameCache.queries,1769609368894000000,1769609428895000000,105536
VFS.contentStorage.recordsDecompressionTimeUs,1769609368894000000,1769609428895000000,0
VFS.contentStorage.recordsDeduplicated,1769609368894000000,1769609428895000000,0
VFS.contentStorage.recordsRead,1769609368894000000,1769609428895000000,6
VFS.contentStorage.recordsStored,1769609368894000000,1769609428895000000,0
VFS.invertedFileNameIndex.requests,1769609368894000000,1769609428895000000,0
VFS.contentStorage.recordsStoredCompressed,1769609368894000000,1769609428895000000,0
VFS.fileChildByName,1769609368894000000,1769609428895000000,2503
VFS.fileByIdCache.hits,1769609368894000000,1769609428895000000,0
FileNameCache.totalMisses,1769609368894000000,1769609428895000000,384
workspaceModel.global.apply.state.to.project.builder.ms,1769609368894000000,1769609428895000000,0
workspaceModel.mutableEntityStorage.changeLog.addReplaceEventForRemovedParent.ms,1769609368894000000,1769609428895000000,0
jps.apply.loaded.storage.ms,1769609368894000000,1769609428895000000,0
jps.global.handle.changed.events.ms,1769609368894000000,1769609428895000000,0
jps.global.initialize.library.bridges.ms,1769609368894000000,1769609428895000000,0
jps.facet.change.listener.init.bridge.ms,1769609368894000000,1769609428895000000,0
workspaceModel.moduleManagerBridge.new.nonPersistent.module.ms,1769609368894000000,1769609428895000000,0
workspaceModel.mutableEntityStorage.changeLog.addReplaceEventForRemovedChild.ms,1769609368894000000,1769609428895000000,0
jps.module.iml.entities.serializer.load.entities.ms,1769609368894000000,1769609428895000000,0
workspaceModel.mutableEntityStorage.referrers.ms,1769609368894000000,1769609428895000000,0
jps.library.entities.serializer.load.entities.ms,1769609368894000000,1769609428895000000,0
workspaceModel.global.updates.ms,1769609368894000000,1769609428895000000,0
jps.project.serializers.save.ms,1769609368894000000,1769609428895000000,0
jps.artifact.entities.serializer.save.entities.ms,1769609368894000000,1769609428895000000,0
workspaceModel.moduleBridge.facet.initialization.ms,1769609368894000000,1769609428895000000,0
jps.save.changed.project.entities.ms,1769609368894000000,1769609428895000000,0
workspaceModel.load.cache.metadata.from.file.ms,1769609368894000000,1769609428895000000,0
workspaceModel.mutableEntityStorage.changeLog.addReplaceEventForNewParent.ms,1769609368894000000,1769609428895000000,0
workspaceModel.mutableEntityStorage.mutable.ext.mapping.ms,1769609368894000000,1769609428895000000,0
workspaceModel.global.updates.count,1769609368894000000,1769609428895000000,0
jps.module.dependency.index.workspace.model.listener.on.changed.ms,1769609368894000000,1769609428895000000,0
workspaceModel.sync.entities.ms,1769609368894000000,1769609428895000000,0
jps.facet.change.listener.process.change.events.ms,1769609368894000000,1769609428895000000,0
jps.global.get.libraries.ms,1769609368894000000,1769609428895000000,0
jps.app.storage.content.writer.save.component.ms,1769609368894000000,1769609428895000000,0
workspaceModel.global.apply.state.to.project.ms,1769609368894000000,1769609428895000000,0
workspaceModel.mutableEntityStorage.has.same.entities.ms,1769609368894000000,1769609428895000000,0
workspaceModel.moduleBridge.update.option.ms,1769609368894000000,1769609428895000000,0
jps.library.entities.serializer.save.entities.ms,1769609368894000000,1769609428895000000,0
jps.global.handle.before.change.events.ms,1769609368894000000,1769609428895000000,0
workspaceModel.mutableEntityStorage.collect.changes.ms,1769609368894000000,1769609428895000000,0
workspaceModel.mutableEntityStorage.replace.by.source.ms,1769609368894000000,1769609428895000000,0
workspaceModel.mutableEntityStorage.entities.by.source.ms,1769609368894000000,1769609428895000000,0
workspaceModel.mutableEntityStorage.changeLog.addReplaceEventForNewChild.ms,1769609368894000000,1769609428895000000,0
workspaceModel.orphan.listener.update.ms,1769609368894000000,1769609428895000000,0
workspaceModel.mutableEntityStorage.apply.changes.from.ms,1769609368894000000,1769609428895000000,0
workspaceModel.mutableEntityStorage.resolve.ms,1769609368894000000,1769609428895000000,0
jps.global.get.library.by.name.ms,1769609368894000000,1769609428895000000,0
jps.save.global.entities.ms,1769609368894000000,1769609428895000000,3
workspaceModel.moduleBridge.before.changed.ms,1769609368894000000,1769609428895000000,0
jps.global.get.library.ms,1769609368894000000,1769609428895000000,0
workspaceModel.moduleManagerBridge.create.module.instance.ms,1769609368894000000,1769609428895000000,0
jps.storage.jps.conf.reader.load.component.ms,1769609368894000000,1769609428895000000,0
workspaceModel.mutableEntityStorage.to.snapshot.ms,1769609368894000000,1769609428895000000,0
workspaceModel.do.save.caches.ms,1769609368894000000,1769609428895000000,0
workspaceModel.moduleManagerBridge.build.module.graph.ms,1769609368894000000,1769609428895000000,0
jps.reload.project.entities.ms,1769609368894000000,1769609428895000000,0
workspaceModel.delayed.project.synchronizer.sync.ms,1769609368894000000,1769609428895000000,0
workspaceModel.mutableEntityStorage.entities.ms,1769609368894000000,1769609428895000000,0
workspaceModel.moduleBridgeLoader.loading.modules.ms,1769609368894000000,1769609428895000000,0
workspaceModel.mutableEntityStorage.remove.entity.ms,1769609368894000000,1769609428895000000,0
jps.global.initialize.library.bridges.after.loading.ms,1769609368894000000,1769609428895000000,0
workspaceModel.save.cache.to.file.ms,1769609368894000000,1769609428895000000,0
jps.load.project.to.empty.storage.ms,1769609368894000000,1769609428895000000,0
jps.project.serializers.load.ms,1769609368894000000,1769609428895000000,0
workspaceModel.moduleManagerBridge.set.unloadedModules.ms,1769609368894000000,1769609428895000000,0
workspaceModel.mutableEntityStorage.modify.entity.ms,1769609368894000000,1769609428895000000,0
jps.artifact.entities.serializer.load.entities.ms,1769609368894000000,1769609428895000000,0
workspaceModel.mutableEntityStorage.add.entity.ms,1769609368894000000,1769609428895000000,0
workspaceModel.moduleManagerBridge.newModule.ms,1769609368894000000,1769609428895000000,0
workspaceModel.moduleManagerBridge.load.module.ms,1769609368894000000,1769609428895000000,0
workspaceModel.moduleManagerBridge.load.all.modules.ms,1769609368894000000,1769609428895000000,0
jps.module.iml.entities.serializer.save.entities.ms,1769609368894000000,1769609428895000000,0
workspaceModel.mutableEntityStorage.put.entity.ms,1769609368894000000,1769609428895000000,0
workspaceModel.mutableEntityStorage.instances.count,1769609368894000000,1769609428895000000,0
jps.load.initial.state.ms,1769609368894000000,1769609428895000000,0
workspaceModel.mutableEntityStorage.mutable.vfurl.index.ms,1769609368894000000,1769609428895000000,0
workspaceModel.load.cache.from.file.ms,1769609368894000000,1769609428895000000,0
jps.app.storage.content.reader.load.component.ms,1769609368894000000,1769609428895000000,0
workspaceModel.moduleManagerBridge.get.modules.ms,1769609368894000000,1769609428895000000,0
jps.facet.change.listener.before.change.events.ms,1769609368894000000,1769609428895000000,0
workspaceModel.workspaceFileIndexData.getFileInfo.ms,1769609368894000000,1769609428895000000,0
workspaceModel.init.bridges.ms,1769609368894000000,1769609428895000000,0
workspaceModel.cachedValueWithParameters.calculated.count,1769609368894000000,1769609428895000000,0
workspaceModel.cachedValue.total.get.count,1769609368894000000,1769609428895000000,130
workspaceModel.workspaceFileIndexData.onEntitiesChanged.ms,1769609368894000000,1769609428895000000,0
workspaceModel.workspaceFileIndexData.visitFileSets.ms,1769609368894000000,1769609428895000000,0
workspaceModel.updates.ms,1769609368894000000,1769609428895000000,0
workspaceModel.cachedValue.calculated.count,1769609368894000000,1769609428895000000,0
workspaceModel.workspaceFileIndexData.instances.count,1769609368894000000,1769609428895000000,0
workspaceModel.workspaceFileIndexData.init.ms,1769609368894000000,1769609428895000000,0
workspaceModel.cachedValueWithParameters.total.get.count,1769609368894000000,1769609428895000000,0
workspaceModel.collect.changes.ms,1769609368894000000,1769609428895000000,0
workspaceModel.entityStorageSnapshotImpl.instances.count,1769609368894000000,1769609428895000000,0
workspaceModel.initializing.ms,1769609368894000000,1769609428895000000,0
workspaceModel.replace.project.model.ms,1769609368894000000,1769609428895000000,0
workspaceModel.workspaceFileIndexData.getPackageName.ms,1769609368894000000,1769609428895000000,0
workspaceModel.cachedValueWithParameters.clear.count,1769609368894000000,1769609428895000000,0
workspaceModel.pre.handlers.ms,1769609368894000000,1769609428895000000,0
workspaceModel.cachedValue.from.cache.count,1769609368894000000,1769609428895000000,130
workspaceModel.updates.count,1769609368894000000,1769609428895000000,0
workspaceModel.loading.from.cache.ms,1769609368894000000,1769609428895000000,0
workspaceModel.check.recursive.update.ms,1769609368894000000,1769609428895000000,0
workspaceModel.workspaceFileIndexData.getDirectoriesByPackageName.ms,1769609368894000000,1769609428895000000,0
workspaceModel.cachedValue.clear.count,1769609368894000000,1769609428895000000,0
workspaceModel.workspaceFileIndexContributor.registerFileSets.ms,1769609368894000000,1769609428895000000,0
workspaceModel.workspaceFileIndexData.updateDirtyEntities.ms,1769609368894000000,1769609428895000000,0
workspaceModel.on.before.changed.ms,1769609368894000000,1769609428895000000,0
workspaceModel.workspaceFileIndexData.processFileSets.ms,1769609368894000000,1769609428895000000,0
workspaceModel.workspaceFileIndexData.markDirty.ms,1769609368894000000,1769609428895000000,0
workspaceModel.loading.total.ms,1769609368894000000,1769609428895000000,0
workspaceModel.cachedValueWithParameters.from.cache.count,1769609368894000000,1769609428895000000,0
workspaceModel.full.replace.project.model.ms,1769609368894000000,1769609428895000000,0
workspaceModel.to.snapshot.ms,1769609368894000000,1769609428895000000,0
workspaceModel.on.changed.ms,1769609368894000000,1769609428895000000,0
workspaceModel.update.unloaded.entities.ms,1769609368894000000,1769609428895000000,0
workspaceModel.updates.precise.ms,1769609368894000000,1769609428895000000,0
cacheStateStorage.set.counter,1769609368894000000,1769609428895000000,4
cacheStateStorage.get.duration,1769609368894000000,1769609428895000000,1
cacheStateStorage.set.duration,1769609368894000000,1769609428895000000,0
cacheStateStorage.get.counter,1769609368894000000,1769609428895000000,132
writeAction.max.wait.ms,1769609368894000000,1769609428895000000,2
writeAction.count,1769609368894000000,1769609428895000000,2
writeAction.median.wait.ms,1769609368894000000,1769609428895000000,0
DiskQueryRelay.tasksRequested,1769609368894000000,1769609428895000000,1853
DiskQueryRelay.tasksExecuted,1769609368894000000,1769609428895000000,1853
DiskQueryRelay.taskWaitingTotalTimeUs,1769609368894000000,1769609428895000000,134486
writeAction.wait.ms,1769609368894000000,1769609428895000000,0
DiskQueryRelay.taskExecutionTotalTimeUs,1769609368894000000,1769609428895000000,130969
FilePageCache.uncachedFileAccess,1769609368894000000,1769609428895000000,3
FilePageCacheLockFree.totalPagesWriteMs,1769609368894000000,1769609428895000000,0
FilePageCacheLockFree.totalPagesAllocated,1769609368894000000,1769609428895000000,0
FilePageCacheLockFree.totalHeapBytesReclaimed,1769609368894000000,1769609428895000000,0
DirectByteBufferAllocator.totalSizeOfBuffersAllocatedInBytes,1769609368894000000,1769609428895000000,172032000
StorageLockContext.competingThreads.avg,1769609368894000000,1769609428895000000,0.0
DirectByteBufferAllocator.totalSizeOfBuffersCachedInBytes,1769609368894000000,1769609428895000000,0
FilePageCache.pageFastCacheHits,1769609368894000000,1769609428895000000,20
DirectByteBufferAllocator.reclaimed,1769609368894000000,1769609428895000000,0
FileChannelInterruptsRetryer.totalRetriedAttempts,1769609368894000000,1769609428895000000,0
MappedFileStorage.totalBytesMapped,1769609368894000000,1769609428895000000,257163264
StreamlinedBlobStorage.totalLiveRecordsPayloadBytes,1769609368894000000,1769609428895000000,0
FilePageCacheLockFree.totalPageAllocationsWaited,1769609368894000000,1769609428895000000,0
FilePageCacheLockFree.totalNativeBytesReclaimed,1769609368894000000,1769609428895000000,0
MappedFileStorage.totalTimeSpentOnMappingUs,1769609368894000000,1769609428895000000,10821
StorageLockContext.competingThreads.90P,1769609368894000000,1769609428895000000,0
FilePageCacheLockFree.totalPagesWritten,1769609368894000000,1769609428895000000,0
DirectByteBufferAllocator.hits,1769609368894000000,1769609428895000000,0
FilePageCacheLockFree.totalClosedStoragesReclaimed,1769609368894000000,1769609428895000000,0
FilePageCacheLockFree.nativeBytesInUse,1769609368894000000,1769609428895000000,0
FilePageCacheLockFree.totalHeapBytesAllocated,1769609368894000000,1769609428895000000,0
FilePageCacheLockFree.totalPagesRequested,1769609368894000000,1769609428895000000,0
StorageLockContext.competingThreads.max,1769609368894000000,1769609428895000000,0
MappedFileStorage.storages,1769609368894000000,1769609428895000000,15
FilePageCacheLockFree.totalPagesHandedOver,1769609368894000000,1769609428895000000,0
FilePageCache.disposedBuffers,1769609368894000000,1769609428895000000,0
FilePageCacheLockFree.totalBytesRequested,1769609368894000000,1769609428895000000,0
FilePageCache.totalPageDisposalsUs,1769609368894000000,1769609428895000000,0
FilePageCacheLockFree.heapBytesInUse,1769609368894000000,1769609428895000000,0
FilePageCacheLockFree.totalPagesReadMs,1769609368894000000,1769609428895000000,0
FilePageCacheLockFree.housekeeperTurnsDone,1769609368894000000,1769609428895000000,0
DirectByteBufferAllocator.disposed,1769609368894000000,1769609428895000000,0
FilePageCache.pageLoads,1769609368894000000,1769609428895000000,0
FilePageCacheLockFree.totalNativeBytesAllocated,1769609368894000000,1769609428895000000,0
FilePageCacheLockFree.totalPagesReclaimed,1769609368894000000,1769609428895000000,0
FilePageCache.capacityInBytes,1769609368894000000,1769609428895000000,503316478
StreamlinedBlobStorage.recordsAllocated,1769609368894000000,1769609428895000000,0
FilePageCacheLockFree.totalBytesRead,1769609368894000000,1769609428895000000,0
StreamlinedBlobStorage.recordsDeleted,1769609368894000000,1769609428895000000,0
FilePageCache.pageHits,1769609368894000000,1769609428895000000,0
FilePageCache.maxRegisteredFiles,1769609368894000000,1769609428895000000,252
StreamlinedBlobStorage.totalLiveRecordsCapacityBytes,1769609368894000000,1769609428895000000,0
FilePageCacheLockFree.totalPagesRequestsMs,1769609368894000000,1769609428895000000,0
FilePageCacheLockFree.housekeeperTurnsSkipped,1769609368894000000,1769609428895000000,0
MappedFileStorage.totalPagesMapped,1769609368894000000,1769609428895000000,20
FilePageCache.pageLoadsAboveSizeThreshold,1769609368894000000,1769609428895000000,0
FilePageCacheLockFree.totalBytesWritten,1769609368894000000,1769609428895000000,0
FilePageCache.maxCacheSizeInBytes,1769609368894000000,1769609428895000000,172032000
FilePageCache.totalPageLoadsUs,1769609368894000000,1769609428895000000,0
DirectByteBufferAllocator.misses,1769609368894000000,1769609428895000000,0
StreamlinedBlobStorage.recordsRelocated,1769609368894000000,1769609428895000000,0
FilePageCacheLockFree.housekeeperTimeSpentMs,1769609368894000000,1769609428895000000,0
Indexing.cache.totalCacheEvicted,1769609428895000000,1769609488893000000,0
Indexing.writesQueuedMax,1769609428895000000,1769609488893000000,0
Indexes.stubs.lookups,1769609428895000000,1769609488893000000,0
Indexing.writer_2.totalTimeSpentWritingMs,1769609428895000000,1769609488893000000,0
Indexing.writer_3.totalTimeSpentWritingMs,1769609428895000000,1769609488893000000,0
Indexes.allKeys.lookupDurationMaxMs,1769609428895000000,1769609488893000000,0.0
Indexes.entries.lookupDurationMaxMs,1769609428895000000,1769609488893000000,0.0
Indexing.writer_1.totalTimeSpentWritingMs,1769609428895000000,1769609488893000000,0
Indexing.writer_0.totalTimeSpentWritingMs,1769609428895000000,1769609488893000000,0
Indexes.allKeys.lookups,1769609428895000000,1769609488893000000,0
Indexes.entries.lookups,1769609428895000000,1769609488893000000,0
Indexing.cache.totalCacheAccesses,1769609428895000000,1769609488893000000,0
Indexes.entries.lookupDuration90PMs,1769609428895000000,1769609488893000000,0.0
IndexesFlusher.totalFlushingTimeUs,1769609428895000000,1769609488893000000,32921
Indexing.totalTimeIndexersSleptMs,1769609428895000000,1769609488893000000,0
IndexesFlusher.totalContentionQuotaSpent,1769609428895000000,1769609488893000000,0
Indexes.allKeys.lookupDuration90PMs,1769609428895000000,1769609488893000000,0.0
Indexes.entries.lookupDurationAvgMs,1769609428895000000,1769609488893000000,0.0
IndexesFlusher.totalFlushes,1769609428895000000,1769609488893000000,120
Indexes.stubs.lookupDurationMaxMs,1769609428895000000,1769609488893000000,0.0
Indexes.stubs.lookupDuration90PMs,1769609428895000000,1769609488893000000,0.0
Indexing.cache.totalCacheMisses,1769609428895000000,1769609488893000000,0
Indexes.stubs.lookupDurationAvgMs,1769609428895000000,1769609488893000000,0.0
IndexesFlusher.totalFlushesRetried,1769609428895000000,1769609488893000000,0
Indexes.allKeys.lookupDurationAvgMs,1769609428895000000,1769609488893000000,0.0
Indexing.writesQueuedMin,1769609428895000000,1769609488893000000,9223372036854775807
JVM.maxThreadCount,1769609428895000000,1769609488893000000,148
JVM.GC.collectionTimesMs,1769609428895000000,1769609488893000000,0
JVM.GC.collections,1769609428895000000,1769609488893000000,0
OS.loadAverage,1769609428895000000,1769609488893000000,1.259765625
JVM.totalSafepointCount,1769609428895000000,1769609488893000000,7
JVM.threadCount,1769609428895000000,1769609488893000000,54
JVM.totalTimeAtSafepointsMs,1769609428895000000,1769609488893000000,0
JVM.newThreadsCount,1769609428895000000,1769609488893000000,0
JVM.totalBytesAllocated,1769609428895000000,1769609488893000000,110681272
JVM.totalCpuTimeMs,1769609428895000000,1769609488893000000,960
JVM.usedNativeBytes,1769609428895000000,1769609488893000000,378608672
JVM.maxHeapBytes,1769609428895000000,1769609488893000000,4196401152
JVM.totalDirectByteBuffersBytes,1769609428895000000,1769609488893000000,173001006
JVM.totalTimeToSafepointsMs,1769609428895000000,1769609488893000000,0
JVM.usedHeapBytes,1769609428895000000,1769609488893000000,958168272
AWTEventQueue.dispatchTimeTotalNS,1769609428895000000,1769609488893000000,132354768
FlushQueue.executionTimeAvgNs,1769609428895000000,1769609488893000000,0.0
NonBlockingReadAction.failedExecutionTimeUs,1769609428895000000,1769609488893000000,0
FlushQueue.queueSizeMax,1769609428895000000,1769609488893000000,0
ReadAction.executionsCount,1769609428895000000,1769609488893000000,12732
FlushQueue.waitingTimeAvgNs,1769609428895000000,1769609488893000000,0.0
AWTEventQueue.dispatchTimeMaxNs,1769609428895000000,1769609488893000000,0
FlushQueue.tasksExecuted,1769609428895000000,1769609488893000000,0
WriteAction.executionsCount,1769609428895000000,1769609488893000000,0
AWTEventQueue.dispatchTimeAvgNs,1769609428895000000,1769609488893000000,0.0
NonBlockingReadAction.finalizedExecutionsCount,1769609428895000000,1769609488893000000,2
AWTEventQueue.eventsDispatched,1769609428895000000,1769609488893000000,0
FlushQueue.queueSizeAvg,1769609428895000000,1769609488893000000,0.0
FlushQueue.executionTimeMaxNs,1769609428895000000,1769609488893000000,0
NonBlockingReadAction.finalizedExecutionTimeUs,1769609428895000000,1769609488893000000,902
NonBlockingReadAction.failedExecutionsCount,1769609428895000000,1769609488893000000,0
FlushQueue.queueSize90P,1769609428895000000,1769609488893000000,0
FlushQueue.waitingTime90PNs,1769609428895000000,1769609488893000000,0
AWTEventQueue.dispatchTime90PNs,1769609428895000000,1769609488893000000,0
FlushQueue.waitingTimeMaxNs,1769609428895000000,1769609488893000000,0
FlushQueue.executionTime90PNs,1769609428895000000,1769609488893000000,0
VFS.contentStorage.recordsUncompressedSize,1769609428895000000,1769609488893000000,0
VFS.fileByIdCache.misses,1769609428895000000,1769609488893000000,0
VFS.contentStorage.recordsReadDecompressed,1769609428895000000,1769609488893000000,0
VFS.contentStorage.recordsStoredSize,1769609428895000000,1769609488893000000,0
VFS.contentStorage.recordsReadSize,1769609428895000000,1769609488893000000,0
FileNameCache.queries,1769609428895000000,1769609488893000000,320
VFS.contentStorage.recordsDecompressionTimeUs,1769609428895000000,1769609488893000000,0
VFS.contentStorage.recordsDeduplicated,1769609428895000000,1769609488893000000,0
VFS.contentStorage.recordsRead,1769609428895000000,1769609488893000000,0
VFS.contentStorage.recordsStored,1769609428895000000,1769609488893000000,0
VFS.invertedFileNameIndex.requests,1769609428895000000,1769609488893000000,0
VFS.contentStorage.recordsStoredCompressed,1769609428895000000,1769609488893000000,0
VFS.fileChildByName,1769609428895000000,1769609488893000000,1794
VFS.fileByIdCache.hits,1769609428895000000,1769609488893000000,0
FileNameCache.totalMisses,1769609428895000000,1769609488893000000,0
workspaceModel.global.apply.state.to.project.builder.ms,1769609428895000000,1769609488893000000,0
workspaceModel.mutableEntityStorage.changeLog.addReplaceEventForRemovedParent.ms,1769609428895000000,1769609488893000000,0
jps.apply.loaded.storage.ms,1769609428895000000,1769609488893000000,0
jps.global.handle.changed.events.ms,1769609428895000000,1769609488893000000,0
jps.global.initialize.library.bridges.ms,1769609428895000000,1769609488893000000,0
jps.facet.change.listener.init.bridge.ms,1769609428895000000,1769609488893000000,0
workspaceModel.moduleManagerBridge.new.nonPersistent.module.ms,1769609428895000000,1769609488893000000,0
workspaceModel.mutableEntityStorage.changeLog.addReplaceEventForRemovedChild.ms,1769609428895000000,1769609488893000000,0
jps.module.iml.entities.serializer.load.entities.ms,1769609428895000000,1769609488893000000,0
workspaceModel.mutableEntityStorage.referrers.ms,1769609428895000000,1769609488893000000,0
jps.library.entities.serializer.load.entities.ms,1769609428895000000,1769609488893000000,0
workspaceModel.global.updates.ms,1769609428895000000,1769609488893000000,0
jps.project.serializers.save.ms,1769609428895000000,1769609488893000000,0
jps.artifact.entities.serializer.save.entities.ms,1769609428895000000,1769609488893000000,0
workspaceModel.moduleBridge.facet.initialization.ms,1769609428895000000,1769609488893000000,0
jps.save.changed.project.entities.ms,1769609428895000000,1769609488893000000,0
workspaceModel.load.cache.metadata.from.file.ms,1769609428895000000,1769609488893000000,0
workspaceModel.mutableEntityStorage.changeLog.addReplaceEventForNewParent.ms,1769609428895000000,1769609488893000000,0
workspaceModel.mutableEntityStorage.mutable.ext.mapping.ms,1769609428895000000,1769609488893000000,0
workspaceModel.global.updates.count,1769609428895000000,1769609488893000000,0
jps.module.dependency.index.workspace.model.listener.on.changed.ms,1769609428895000000,1769609488893000000,0
workspaceModel.sync.entities.ms,1769609428895000000,1769609488893000000,0
jps.facet.change.listener.process.change.events.ms,1769609428895000000,1769609488893000000,0
jps.global.get.libraries.ms,1769609428895000000,1769609488893000000,1
jps.app.storage.content.writer.save.component.ms,1769609428895000000,1769609488893000000,0
workspaceModel.global.apply.state.to.project.ms,1769609428895000000,1769609488893000000,0
workspaceModel.mutableEntityStorage.has.same.entities.ms,1769609428895000000,1769609488893000000,0
workspaceModel.moduleBridge.update.option.ms,1769609428895000000,1769609488893000000,0
jps.library.entities.serializer.save.entities.ms,1769609428895000000,1769609488893000000,0
jps.global.handle.before.change.events.ms,1769609428895000000,1769609488893000000,0
workspaceModel.mutableEntityStorage.collect.changes.ms,1769609428895000000,1769609488893000000,0
workspaceModel.mutableEntityStorage.replace.by.source.ms,1769609428895000000,1769609488893000000,0
workspaceModel.mutableEntityStorage.entities.by.source.ms,1769609428895000000,1769609488893000000,0
workspaceModel.mutableEntityStorage.changeLog.addReplaceEventForNewChild.ms,1769609428895000000,1769609488893000000,0
workspaceModel.orphan.listener.update.ms,1769609428895000000,1769609488893000000,0
workspaceModel.mutableEntityStorage.apply.changes.from.ms,1769609428895000000,1769609488893000000,0
workspaceModel.mutableEntityStorage.resolve.ms,1769609428895000000,1769609488893000000,0
jps.global.get.library.by.name.ms,1769609428895000000,1769609488893000000,0
jps.save.global.entities.ms,1769609428895000000,1769609488893000000,0
workspaceModel.moduleBridge.before.changed.ms,1769609428895000000,1769609488893000000,0
jps.global.get.library.ms,1769609428895000000,1769609488893000000,0
workspaceModel.moduleManagerBridge.create.module.instance.ms,1769609428895000000,1769609488893000000,0
jps.storage.jps.conf.reader.load.component.ms,1769609428895000000,1769609488893000000,0
workspaceModel.mutableEntityStorage.to.snapshot.ms,1769609428895000000,1769609488893000000,0
workspaceModel.do.save.caches.ms,1769609428895000000,1769609488893000000,0
workspaceModel.moduleManagerBridge.build.module.graph.ms,1769609428895000000,1769609488893000000,0
jps.reload.project.entities.ms,1769609428895000000,1769609488893000000,0
workspaceModel.delayed.project.synchronizer.sync.ms,1769609428895000000,1769609488893000000,0
workspaceModel.mutableEntityStorage.entities.ms,1769609428895000000,1769609488893000000,0
workspaceModel.moduleBridgeLoader.loading.modules.ms,1769609428895000000,1769609488893000000,0
workspaceModel.mutableEntityStorage.remove.entity.ms,1769609428895000000,1769609488893000000,0
jps.global.initialize.library.bridges.after.loading.ms,1769609428895000000,1769609488893000000,0
workspaceModel.save.cache.to.file.ms,1769609428895000000,1769609488893000000,0
jps.load.project.to.empty.storage.ms,1769609428895000000,1769609488893000000,0
jps.project.serializers.load.ms,1769609428895000000,1769609488893000000,0
workspaceModel.moduleManagerBridge.set.unloadedModules.ms,1769609428895000000,1769609488893000000,0
workspaceModel.mutableEntityStorage.modify.entity.ms,1769609428895000000,1769609488893000000,0
jps.artifact.entities.serializer.load.entities.ms,1769609428895000000,1769609488893000000,0
workspaceModel.mutableEntityStorage.add.entity.ms,1769609428895000000,1769609488893000000,0
workspaceModel.moduleManagerBridge.newModule.ms,1769609428895000000,1769609488893000000,0
workspaceModel.moduleManagerBridge.load.module.ms,1769609428895000000,1769609488893000000,0
workspaceModel.moduleManagerBridge.load.all.modules.ms,1769609428895000000,1769609488893000000,0
jps.module.iml.entities.serializer.save.entities.ms,1769609428895000000,1769609488893000000,0
workspaceModel.mutableEntityStorage.put.entity.ms,1769609428895000000,1769609488893000000,0
workspaceModel.mutableEntityStorage.instances.count,1769609428895000000,1769609488893000000,0
jps.load.initial.state.ms,1769609428895000000,1769609488893000000,0
workspaceModel.mutableEntityStorage.mutable.vfurl.index.ms,1769609428895000000,1769609488893000000,0
workspaceModel.load.cache.from.file.ms,1769609428895000000,1769609488893000000,0
jps.app.storage.content.reader.load.component.ms,1769609428895000000,1769609488893000000,0
workspaceModel.moduleManagerBridge.get.modules.ms,1769609428895000000,1769609488893000000,0
jps.facet.change.listener.before.change.events.ms,1769609428895000000,1769609488893000000,0
workspaceModel.workspaceFileIndexData.getFileInfo.ms,1769609428895000000,1769609488893000000,3
workspaceModel.init.bridges.ms,1769609428895000000,1769609488893000000,0
workspaceModel.cachedValueWithParameters.calculated.count,1769609428895000000,1769609488893000000,0
workspaceModel.cachedValue.total.get.count,1769609428895000000,1769609488893000000,1
workspaceModel.workspaceFileIndexData.onEntitiesChanged.ms,1769609428895000000,1769609488893000000,0
workspaceModel.workspaceFileIndexData.visitFileSets.ms,1769609428895000000,1769609488893000000,0
workspaceModel.updates.ms,1769609428895000000,1769609488893000000,0
workspaceModel.cachedValue.calculated.count,1769609428895000000,1769609488893000000,0
workspaceModel.workspaceFileIndexData.instances.count,1769609428895000000,1769609488893000000,0
workspaceModel.workspaceFileIndexData.init.ms,1769609428895000000,1769609488893000000,0
workspaceModel.cachedValueWithParameters.total.get.count,1769609428895000000,1769609488893000000,0
workspaceModel.collect.changes.ms,1769609428895000000,1769609488893000000,0
workspaceModel.entityStorageSnapshotImpl.instances.count,1769609428895000000,1769609488893000000,0
workspaceModel.initializing.ms,1769609428895000000,1769609488893000000,0
workspaceModel.replace.project.model.ms,1769609428895000000,1769609488893000000,0
workspaceModel.workspaceFileIndexData.getPackageName.ms,1769609428895000000,1769609488893000000,0
workspaceModel.cachedValueWithParameters.clear.count,1769609428895000000,1769609488893000000,0
workspaceModel.pre.handlers.ms,1769609428895000000,1769609488893000000,0
workspaceModel.cachedValue.from.cache.count,1769609428895000000,1769609488893000000,1
workspaceModel.updates.count,1769609428895000000,1769609488893000000,0
workspaceModel.loading.from.cache.ms,1769609428895000000,1769609488893000000,0
workspaceModel.check.recursive.update.ms,1769609428895000000,1769609488893000000,0
workspaceModel.workspaceFileIndexData.getDirectoriesByPackageName.ms,1769609428895000000,1769609488893000000,0
workspaceModel.cachedValue.clear.count,1769609428895000000,1769609488893000000,0
workspaceModel.workspaceFileIndexContributor.registerFileSets.ms,1769609428895000000,1769609488893000000,0
workspaceModel.workspaceFileIndexData.updateDirtyEntities.ms,1769609428895000000,1769609488893000000,0
workspaceModel.on.before.changed.ms,1769609428895000000,1769609488893000000,0
workspaceModel.workspaceFileIndexData.processFileSets.ms,1769609428895000000,1769609488893000000,0
workspaceModel.workspaceFileIndexData.markDirty.ms,1769609428895000000,1769609488893000000,0
workspaceModel.loading.total.ms,1769609428895000000,1769609488893000000,0
workspaceModel.cachedValueWithParameters.from.cache.count,1769609428895000000,1769609488893000000,0
workspaceModel.full.replace.project.model.ms,1769609428895000000,1769609488893000000,0
workspaceModel.to.snapshot.ms,1769609428895000000,1769609488893000000,0
workspaceModel.on.changed.ms,1769609428895000000,1769609488893000000,0
workspaceModel.update.unloaded.entities.ms,1769609428895000000,1769609488893000000,0
workspaceModel.updates.precise.ms,1769609428895000000,1769609488893000000,0
cacheStateStorage.set.counter,1769609428895000000,1769609488893000000,0
cacheStateStorage.get.duration,1769609428895000000,1769609488893000000,0
cacheStateStorage.set.duration,1769609428895000000,1769609488893000000,0
cacheStateStorage.get.counter,1769609428895000000,1769609488893000000,0
writeAction.max.wait.ms,1769609428895000000,1769609488893000000,2
writeAction.count,1769609428895000000,1769609488893000000,0
writeAction.median.wait.ms,1769609428895000000,1769609488893000000,0
DiskQueryRelay.tasksRequested,1769609428895000000,1769609488893000000,0
DiskQueryRelay.tasksExecuted,1769609428895000000,1769609488893000000,0
DiskQueryRelay.taskWaitingTotalTimeUs,1769609428895000000,1769609488893000000,0
writeAction.wait.ms,1769609428895000000,1769609488893000000,0
DiskQueryRelay.taskExecutionTotalTimeUs,1769609428895000000,1769609488893000000,0
FilePageCache.uncachedFileAccess,1769609428895000000,1769609488893000000,0
FilePageCacheLockFree.totalPagesWriteMs,1769609428895000000,1769609488893000000,0
FilePageCacheLockFree.totalPagesAllocated,1769609428895000000,1769609488893000000,0
FilePageCacheLockFree.totalHeapBytesReclaimed,1769609428895000000,1769609488893000000,0
DirectByteBufferAllocator.totalSizeOfBuffersAllocatedInBytes,1769609428895000000,1769609488893000000,172032000
StorageLockContext.competingThreads.avg,1769609428895000000,1769609488893000000,0.0
DirectByteBufferAllocator.totalSizeOfBuffersCachedInBytes,1769609428895000000,1769609488893000000,0
FilePageCache.pageFastCacheHits,1769609428895000000,1769609488893000000,0
DirectByteBufferAllocator.reclaimed,1769609428895000000,1769609488893000000,0
FileChannelInterruptsRetryer.totalRetriedAttempts,1769609428895000000,1769609488893000000,0
MappedFileStorage.totalBytesMapped,1769609428895000000,1769609488893000000,257163264
StreamlinedBlobStorage.totalLiveRecordsPayloadBytes,1769609428895000000,1769609488893000000,0
FilePageCacheLockFree.totalPageAllocationsWaited,1769609428895000000,1769609488893000000,0
FilePageCacheLockFree.totalNativeBytesReclaimed,1769609428895000000,1769609488893000000,0
MappedFileStorage.totalTimeSpentOnMappingUs,1769609428895000000,1769609488893000000,10821
StorageLockContext.competingThreads.90P,1769609428895000000,1769609488893000000,0
FilePageCacheLockFree.totalPagesWritten,1769609428895000000,1769609488893000000,0
DirectByteBufferAllocator.hits,1769609428895000000,1769609488893000000,0
FilePageCacheLockFree.totalClosedStoragesReclaimed,1769609428895000000,1769609488893000000,0
FilePageCacheLockFree.nativeBytesInUse,1769609428895000000,1769609488893000000,0
FilePageCacheLockFree.totalHeapBytesAllocated,1769609428895000000,1769609488893000000,0
FilePageCacheLockFree.totalPagesRequested,1769609428895000000,1769609488893000000,0
StorageLockContext.competingThreads.max,1769609428895000000,1769609488893000000,0
MappedFileStorage.storages,1769609428895000000,1769609488893000000,15
FilePageCacheLockFree.totalPagesHandedOver,1769609428895000000,1769609488893000000,0
FilePageCache.disposedBuffers,1769609428895000000,1769609488893000000,0
FilePageCacheLockFree.totalBytesRequested,1769609428895000000,1769609488893000000,0
FilePageCache.totalPageDisposalsUs,1769609428895000000,1769609488893000000,0
FilePageCacheLockFree.heapBytesInUse,1769609428895000000,1769609488893000000,0
FilePageCacheLockFree.totalPagesReadMs,1769609428895000000,1769609488893000000,0
FilePageCacheLockFree.housekeeperTurnsDone,1769609428895000000,1769609488893000000,0
DirectByteBufferAllocator.disposed,1769609428895000000,1769609488893000000,0
FilePageCache.pageLoads,1769609428895000000,1769609488893000000,0
FilePageCacheLockFree.totalNativeBytesAllocated,1769609428895000000,1769609488893000000,0
FilePageCacheLockFree.totalPagesReclaimed,1769609428895000000,1769609488893000000,0
FilePageCache.capacityInBytes,1769609428895000000,1769609488893000000,503316478
StreamlinedBlobStorage.recordsAllocated,1769609428895000000,1769609488893000000,0
FilePageCacheLockFree.totalBytesRead,1769609428895000000,1769609488893000000,0
StreamlinedBlobStorage.recordsDeleted,1769609428895000000,1769609488893000000,0
FilePageCache.pageHits,1769609428895000000,1769609488893000000,0
FilePageCache.maxRegisteredFiles,1769609428895000000,1769609488893000000,252
StreamlinedBlobStorage.totalLiveRecordsCapacityBytes,1769609428895000000,1769609488893000000,0
FilePageCacheLockFree.totalPagesRequestsMs,1769609428895000000,1769609488893000000,0
FilePageCacheLockFree.housekeeperTurnsSkipped,1769609428895000000,1769609488893000000,0
MappedFileStorage.totalPagesMapped,1769609428895000000,1769609488893000000,20
FilePageCache.pageLoadsAboveSizeThreshold,1769609428895000000,1769609488893000000,0
FilePageCacheLockFree.totalBytesWritten,1769609428895000000,1769609488893000000,0
FilePageCache.maxCacheSizeInBytes,1769609428895000000,1769609488893000000,172032000
FilePageCache.totalPageLoadsUs,1769609428895000000,1769609488893000000,0
DirectByteBufferAllocator.misses,1769609428895000000,1769609488893000000,0
StreamlinedBlobStorage.recordsRelocated,1769609428895000000,1769609488893000000,0
FilePageCacheLockFree.housekeeperTimeSpentMs,1769609428895000000,1769609488893000000,0
Indexing.cache.totalCacheEvicted,1769609488893000000,1769609548895000000,0
Indexing.writesQueuedMax,1769609488893000000,1769609548895000000,0
Indexes.stubs.lookups,1769609488893000000,1769609548895000000,0
Indexing.writer_2.totalTimeSpentWritingMs,1769609488893000000,1769609548895000000,0
Indexing.writer_3.totalTimeSpentWritingMs,1769609488893000000,1769609548895000000,0
Indexes.allKeys.lookupDurationMaxMs,1769609488893000000,1769609548895000000,0.0
Indexes.entries.lookupDurationMaxMs,1769609488893000000,1769609548895000000,0.0
Indexing.writer_1.totalTimeSpentWritingMs,1769609488893000000,1769609548895000000,0
Indexing.writer_0.totalTimeSpentWritingMs,1769609488893000000,1769609548895000000,0
Indexes.allKeys.lookups,1769609488893000000,1769609548895000000,0
Indexes.entries.lookups,1769609488893000000,1769609548895000000,0
Indexing.cache.totalCacheAccesses,1769609488893000000,1769609548895000000,0
Indexes.entries.lookupDuration90PMs,1769609488893000000,1769609548895000000,0.0
IndexesFlusher.totalFlushingTimeUs,1769609488893000000,1769609548895000000,33860
Indexing.totalTimeIndexersSleptMs,1769609488893000000,1769609548895000000,0
IndexesFlusher.totalContentionQuotaSpent,1769609488893000000,1769609548895000000,0
Indexes.allKeys.lookupDuration90PMs,1769609488893000000,1769609548895000000,0.0
Indexes.entries.lookupDurationAvgMs,1769609488893000000,1769609548895000000,0.0
IndexesFlusher.totalFlushes,1769609488893000000,1769609548895000000,120
Indexes.stubs.lookupDurationMaxMs,1769609488893000000,1769609548895000000,0.0
Indexes.stubs.lookupDuration90PMs,1769609488893000000,1769609548895000000,0.0
Indexing.cache.totalCacheMisses,1769609488893000000,1769609548895000000,0
Indexes.stubs.lookupDurationAvgMs,1769609488893000000,1769609548895000000,0.0
IndexesFlusher.totalFlushesRetried,1769609488893000000,1769609548895000000,0
Indexes.allKeys.lookupDurationAvgMs,1769609488893000000,1769609548895000000,0.0
Indexing.writesQueuedMin,1769609488893000000,1769609548895000000,9223372036854775807
JVM.maxThreadCount,1769609488893000000,1769609548895000000,148
JVM.GC.collectionTimesMs,1769609488893000000,1769609548895000000,34
JVM.GC.collections,1769609488893000000,1769609548895000000,5
OS.loadAverage,1769609488893000000,1769609548895000000,1.7109375
JVM.totalSafepointCount,1769609488893000000,1769609548895000000,9
JVM.threadCount,1769609488893000000,1769609548895000000,50
JVM.totalTimeAtSafepointsMs,1769609488893000000,1769609548895000000,34
JVM.newThreadsCount,1769609488893000000,1769609548895000000,4
JVM.totalBytesAllocated,1769609488893000000,1769609548895000000,1248187840
JVM.totalCpuTimeMs,1769609488893000000,1769609548895000000,13220
JVM.usedNativeBytes,1769609488893000000,1769609548895000000,379493944
JVM.maxHeapBytes,1769609488893000000,1769609548895000000,4196401152
JVM.totalDirectByteBuffersBytes,1769609488893000000,1769609548895000000,172965643
JVM.totalTimeToSafepointsMs,1769609488893000000,1769609548895000000,0
JVM.usedHeapBytes,1769609488893000000,1769609548895000000,516284864
AWTEventQueue.dispatchTimeTotalNS,1769609488893000000,1769609548895000000,77512897
FlushQueue.executionTimeAvgNs,1769609488893000000,1769609548895000000,0.0
NonBlockingReadAction.failedExecutionTimeUs,1769609488893000000,1769609548895000000,0
FlushQueue.queueSizeMax,1769609488893000000,1769609548895000000,0
ReadAction.executionsCount,1769609488893000000,1769609548895000000,650357
FlushQueue.waitingTimeAvgNs,1769609488893000000,1769609548895000000,0.0
AWTEventQueue.dispatchTimeMaxNs,1769609488893000000,1769609548895000000,0
FlushQueue.tasksExecuted,1769609488893000000,1769609548895000000,0
WriteAction.executionsCount,1769609488893000000,1769609548895000000,1
AWTEventQueue.dispatchTimeAvgNs,1769609488893000000,1769609548895000000,0.0
NonBlockingReadAction.finalizedExecutionsCount,1769609488893000000,1769609548895000000,0
AWTEventQueue.eventsDispatched,1769609488893000000,1769609548895000000,0
FlushQueue.queueSizeAvg,1769609488893000000,1769609548895000000,0.0
FlushQueue.executionTimeMaxNs,1769609488893000000,1769609548895000000,0
NonBlockingReadAction.finalizedExecutionTimeUs,1769609488893000000,1769609548895000000,0
NonBlockingReadAction.failedExecutionsCount,1769609488893000000,1769609548895000000,0
FlushQueue.queueSize90P,1769609488893000000,1769609548895000000,0
FlushQueue.waitingTime90PNs,1769609488893000000,1769609548895000000,0
AWTEventQueue.dispatchTime90PNs,1769609488893000000,1769609548895000000,0
FlushQueue.waitingTimeMaxNs,1769609488893000000,1769609548895000000,0
FlushQueue.executionTime90PNs,1769609488893000000,1769609548895000000,0
VFS.contentStorage.recordsUncompressedSize,1769609488893000000,1769609548895000000,0
VFS.fileByIdCache.misses,1769609488893000000,1769609548895000000,0
VFS.contentStorage.recordsReadDecompressed,1769609488893000000,1769609548895000000,0
VFS.contentStorage.recordsStoredSize,1769609488893000000,1769609548895000000,0
VFS.contentStorage.recordsReadSize,1769609488893000000,1769609548895000000,0
FileNameCache.queries,1769609488893000000,1769609548895000000,0
VFS.contentStorage.recordsDecompressionTimeUs,1769609488893000000,1769609548895000000,0
VFS.contentStorage.recordsDeduplicated,1769609488893000000,1769609548895000000,0
VFS.contentStorage.recordsRead,1769609488893000000,1769609548895000000,0
VFS.contentStorage.recordsStored,1769609488893000000,1769609548895000000,0
VFS.invertedFileNameIndex.requests,1769609488893000000,1769609548895000000,0
VFS.contentStorage.recordsStoredCompressed,1769609488893000000,1769609548895000000,0
VFS.fileChildByName,1769609488893000000,1769609548895000000,0
VFS.fileByIdCache.hits,1769609488893000000,1769609548895000000,0
FileNameCache.totalMisses,1769609488893000000,1769609548895000000,0
workspaceModel.global.apply.state.to.project.builder.ms,1769609488893000000,1769609548895000000,0
workspaceModel.mutableEntityStorage.changeLog.addReplaceEventForRemovedParent.ms,1769609488893000000,1769609548895000000,0
jps.apply.loaded.storage.ms,1769609488893000000,1769609548895000000,0
jps.global.handle.changed.events.ms,1769609488893000000,1769609548895000000,0
jps.global.initialize.library.bridges.ms,1769609488893000000,1769609548895000000,0
jps.facet.change.listener.init.bridge.ms,1769609488893000000,1769609548895000000,0
workspaceModel.moduleManagerBridge.new.nonPersistent.module.ms,1769609488893000000,1769609548895000000,0
workspaceModel.mutableEntityStorage.changeLog.addReplaceEventForRemovedChild.ms,1769609488893000000,1769609548895000000,0
jps.module.iml.entities.serializer.load.entities.ms,1769609488893000000,1769609548895000000,0
workspaceModel.mutableEntityStorage.referrers.ms,1769609488893000000,1769609548895000000,0
jps.library.entities.serializer.load.entities.ms,1769609488893000000,1769609548895000000,0
workspaceModel.global.updates.ms,1769609488893000000,1769609548895000000,0
jps.project.serializers.save.ms,1769609488893000000,1769609548895000000,0
jps.artifact.entities.serializer.save.entities.ms,1769609488893000000,1769609548895000000,0
workspaceModel.moduleBridge.facet.initialization.ms,1769609488893000000,1769609548895000000,0
jps.save.changed.project.entities.ms,1769609488893000000,1769609548895000000,0
workspaceModel.load.cache.metadata.from.file.ms,1769609488893000000,1769609548895000000,0
workspaceModel.mutableEntityStorage.changeLog.addReplaceEventForNewParent.ms,1769609488893000000,1769609548895000000,0
workspaceModel.mutableEntityStorage.mutable.ext.mapping.ms,1769609488893000000,1769609548895000000,0
workspaceModel.global.updates.count,1769609488893000000,1769609548895000000,0
jps.module.dependency.index.workspace.model.listener.on.changed.ms,1769609488893000000,1769609548895000000,0
workspaceModel.sync.entities.ms,1769609488893000000,1769609548895000000,0
jps.facet.change.listener.process.change.events.ms,1769609488893000000,1769609548895000000,0
jps.global.get.libraries.ms,1769609488893000000,1769609548895000000,0
jps.app.storage.content.writer.save.component.ms,1769609488893000000,1769609548895000000,0
workspaceModel.global.apply.state.to.project.ms,1769609488893000000,1769609548895000000,0
workspaceModel.mutableEntityStorage.has.same.entities.ms,1769609488893000000,1769609548895000000,0
workspaceModel.moduleBridge.update.option.ms,1769609488893000000,1769609548895000000,0
jps.library.entities.serializer.save.entities.ms,1769609488893000000,1769609548895000000,0
jps.global.handle.before.change.events.ms,1769609488893000000,1769609548895000000,0
workspaceModel.mutableEntityStorage.collect.changes.ms,1769609488893000000,1769609548895000000,0
workspaceModel.mutableEntityStorage.replace.by.source.ms,1769609488893000000,1769609548895000000,0
workspaceModel.mutableEntityStorage.entities.by.source.ms,1769609488893000000,1769609548895000000,0
workspaceModel.mutableEntityStorage.changeLog.addReplaceEventForNewChild.ms,1769609488893000000,1769609548895000000,0
workspaceModel.orphan.listener.update.ms,1769609488893000000,1769609548895000000,0
workspaceModel.mutableEntityStorage.apply.changes.from.ms,1769609488893000000,1769609548895000000,0
workspaceModel.mutableEntityStorage.resolve.ms,1769609488893000000,1769609548895000000,0
jps.global.get.library.by.name.ms,1769609488893000000,1769609548895000000,0
jps.save.global.entities.ms,1769609488893000000,1769609548895000000,0
workspaceModel.moduleBridge.before.changed.ms,1769609488893000000,1769609548895000000,0
jps.global.get.library.ms,1769609488893000000,1769609548895000000,0
workspaceModel.moduleManagerBridge.create.module.instance.ms,1769609488893000000,1769609548895000000,0
jps.storage.jps.conf.reader.load.component.ms,1769609488893000000,1769609548895000000,0
workspaceModel.mutableEntityStorage.to.snapshot.ms,1769609488893000000,1769609548895000000,0
workspaceModel.do.save.caches.ms,1769609488893000000,1769609548895000000,0
workspaceModel.moduleManagerBridge.build.module.graph.ms,1769609488893000000,1769609548895000000,0
jps.reload.project.entities.ms,1769609488893000000,1769609548895000000,0
workspaceModel.delayed.project.synchronizer.sync.ms,1769609488893000000,1769609548895000000,0
workspaceModel.mutableEntityStorage.entities.ms,1769609488893000000,1769609548895000000,0
workspaceModel.moduleBridgeLoader.loading.modules.ms,1769609488893000000,1769609548895000000,0
workspaceModel.mutableEntityStorage.remove.entity.ms,1769609488893000000,1769609548895000000,0
jps.global.initialize.library.bridges.after.loading.ms,1769609488893000000,1769609548895000000,0
workspaceModel.save.cache.to.file.ms,1769609488893000000,1769609548895000000,0
jps.load.project.to.empty.storage.ms,1769609488893000000,1769609548895000000,0
jps.project.serializers.load.ms,1769609488893000000,1769609548895000000,0
workspaceModel.moduleManagerBridge.set.unloadedModules.ms,1769609488893000000,1769609548895000000,0
workspaceModel.mutableEntityStorage.modify.entity.ms,1769609488893000000,1769609548895000000,0
jps.artifact.entities.serializer.load.entities.ms,1769609488893000000,1769609548895000000,0
workspaceModel.mutableEntityStorage.add.entity.ms,1769609488893000000,1769609548895000000,0
workspaceModel.moduleManagerBridge.newModule.ms,1769609488893000000,1769609548895000000,0
workspaceModel.moduleManagerBridge.load.module.ms,1769609488893000000,1769609548895000000,0
workspaceModel.moduleManagerBridge.load.all.modules.ms,1769609488893000000,1769609548895000000,0
jps.module.iml.entities.serializer.save.entities.ms,1769609488893000000,1769609548895000000,0
workspaceModel.mutableEntityStorage.put.entity.ms,1769609488893000000,1769609548895000000,0
workspaceModel.mutableEntityStorage.instances.count,1769609488893000000,1769609548895000000,0
jps.load.initial.state.ms,1769609488893000000,1769609548895000000,0
workspaceModel.mutableEntityStorage.mutable.vfurl.index.ms,1769609488893000000,1769609548895000000,0
workspaceModel.load.cache.from.file.ms,1769609488893000000,1769609548895000000,0
jps.app.storage.content.reader.load.component.ms,1769609488893000000,1769609548895000000,0
workspaceModel.moduleManagerBridge.get.modules.ms,1769609488893000000,1769609548895000000,0
jps.facet.change.listener.before.change.events.ms,1769609488893000000,1769609548895000000,0
workspaceModel.workspaceFileIndexData.getFileInfo.ms,1769609488893000000,1769609548895000000,0
workspaceModel.init.bridges.ms,1769609488893000000,1769609548895000000,0
workspaceModel.cachedValueWithParameters.calculated.count,1769609488893000000,1769609548895000000,0
workspaceModel.cachedValue.total.get.count,1769609488893000000,1769609548895000000,0
workspaceModel.workspaceFileIndexData.onEntitiesChanged.ms,1769609488893000000,1769609548895000000,0
workspaceModel.workspaceFileIndexData.visitFileSets.ms,1769609488893000000,1769609548895000000,0
workspaceModel.updates.ms,1769609488893000000,1769609548895000000,0
workspaceModel.cachedValue.calculated.count,1769609488893000000,1769609548895000000,0
workspaceModel.workspaceFileIndexData.instances.count,1769609488893000000,1769609548895000000,0
workspaceModel.workspaceFileIndexData.init.ms,1769609488893000000,1769609548895000000,0
workspaceModel.cachedValueWithParameters.total.get.count,1769609488893000000,1769609548895000000,0
workspaceModel.collect.changes.ms,1769609488893000000,1769609548895000000,0
workspaceModel.entityStorageSnapshotImpl.instances.count,1769609488893000000,1769609548895000000,0
workspaceModel.initializing.ms,1769609488893000000,1769609548895000000,0
workspaceModel.replace.project.model.ms,1769609488893000000,1769609548895000000,0
workspaceModel.workspaceFileIndexData.getPackageName.ms,1769609488893000000,1769609548895000000,0
workspaceModel.cachedValueWithParameters.clear.count,1769609488893000000,1769609548895000000,0
workspaceModel.pre.handlers.ms,1769609488893000000,1769609548895000000,0
workspaceModel.cachedValue.from.cache.count,1769609488893000000,1769609548895000000,0
workspaceModel.updates.count,1769609488893000000,1769609548895000000,0
workspaceModel.loading.from.cache.ms,1769609488893000000,1769609548895000000,0
workspaceModel.check.recursive.update.ms,1769609488893000000,1769609548895000000,0
workspaceModel.workspaceFileIndexData.getDirectoriesByPackageName.ms,1769609488893000000,1769609548895000000,0
workspaceModel.cachedValue.clear.count,1769609488893000000,1769609548895000000,0
workspaceModel.workspaceFileIndexContributor.registerFileSets.ms,1769609488893000000,1769609548895000000,0
workspaceModel.workspaceFileIndexData.updateDirtyEntities.ms,1769609488893000000,1769609548895000000,0
workspaceModel.on.before.changed.ms,1769609488893000000,1769609548895000000,0
workspaceModel.workspaceFileIndexData.processFileSets.ms,1769609488893000000,1769609548895000000,0
workspaceModel.workspaceFileIndexData.markDirty.ms,1769609488893000000,1769609548895000000,0
workspaceModel.loading.total.ms,1769609488893000000,1769609548895000000,0
workspaceModel.cachedValueWithParameters.from.cache.count,1769609488893000000,1769609548895000000,0
workspaceModel.full.replace.project.model.ms,1769609488893000000,1769609548895000000,0
workspaceModel.to.snapshot.ms,1769609488893000000,1769609548895000000,0
workspaceModel.on.changed.ms,1769609488893000000,1769609548895000000,0
workspaceModel.update.unloaded.entities.ms,1769609488893000000,1769609548895000000,0
workspaceModel.updates.precise.ms,1769609488893000000,1769609548895000000,0
cacheStateStorage.set.counter,1769609488893000000,1769609548895000000,0
cacheStateStorage.get.duration,1769609488893000000,1769609548895000000,0
cacheStateStorage.set.duration,1769609488893000000,1769609548895000000,0
cacheStateStorage.get.counter,1769609488893000000,1769609548895000000,0
writeAction.max.wait.ms,1769609488893000000,1769609548895000000,2
writeAction.count,1769609488893000000,1769609548895000000,1
writeAction.median.wait.ms,1769609488893000000,1769609548895000000,0
DiskQueryRelay.tasksRequested,1769609488893000000,1769609548895000000,0
DiskQueryRelay.tasksExecuted,1769609488893000000,1769609548895000000,0
DiskQueryRelay.taskWaitingTotalTimeUs,1769609488893000000,1769609548895000000,0
writeAction.wait.ms,1769609488893000000,1769609548895000000,0
DiskQueryRelay.taskExecutionTotalTimeUs,1769609488893000000,1769609548895000000,0
FilePageCache.uncachedFileAccess,1769609488893000000,1769609548895000000,0
FilePageCacheLockFree.totalPagesWriteMs,1769609488893000000,1769609548895000000,0
FilePageCacheLockFree.totalPagesAllocated,1769609488893000000,1769609548895000000,0
FilePageCacheLockFree.totalHeapBytesReclaimed,1769609488893000000,1769609548895000000,0
DirectByteBufferAllocator.totalSizeOfBuffersAllocatedInBytes,1769609488893000000,1769609548895000000,172032000
StorageLockContext.competingThreads.avg,1769609488893000000,1769609548895000000,0.0
DirectByteBufferAllocator.totalSizeOfBuffersCachedInBytes,1769609488893000000,1769609548895000000,0
FilePageCache.pageFastCacheHits,1769609488893000000,1769609548895000000,0
DirectByteBufferAllocator.reclaimed,1769609488893000000,1769609548895000000,0
FileChannelInterruptsRetryer.totalRetriedAttempts,1769609488893000000,1769609548895000000,0
MappedFileStorage.totalBytesMapped,1769609488893000000,1769609548895000000,273940480
StreamlinedBlobStorage.totalLiveRecordsPayloadBytes,1769609488893000000,1769609548895000000,0
FilePageCacheLockFree.totalPageAllocationsWaited,1769609488893000000,1769609548895000000,0
FilePageCacheLockFree.totalNativeBytesReclaimed,1769609488893000000,1769609548895000000,0
MappedFileStorage.totalTimeSpentOnMappingUs,1769609488893000000,1769609548895000000,11057
StorageLockContext.competingThreads.90P,1769609488893000000,1769609548895000000,0
FilePageCacheLockFree.totalPagesWritten,1769609488893000000,1769609548895000000,0
DirectByteBufferAllocator.hits,1769609488893000000,1769609548895000000,0
FilePageCacheLockFree.totalClosedStoragesReclaimed,1769609488893000000,1769609548895000000,0
FilePageCacheLockFree.nativeBytesInUse,1769609488893000000,1769609548895000000,0
FilePageCacheLockFree.totalHeapBytesAllocated,1769609488893000000,1769609548895000000,0
FilePageCacheLockFree.totalPagesRequested,1769609488893000000,1769609548895000000,0
StorageLockContext.competingThreads.max,1769609488893000000,1769609548895000000,0
MappedFileStorage.storages,1769609488893000000,1769609548895000000,15
FilePageCacheLockFree.totalPagesHandedOver,1769609488893000000,1769609548895000000,0
FilePageCache.disposedBuffers,1769609488893000000,1769609548895000000,0
FilePageCacheLockFree.totalBytesRequested,1769609488893000000,1769609548895000000,0
FilePageCache.totalPageDisposalsUs,1769609488893000000,1769609548895000000,0
FilePageCacheLockFree.heapBytesInUse,1769609488893000000,1769609548895000000,0
FilePageCacheLockFree.totalPagesReadMs,1769609488893000000,1769609548895000000,0
FilePageCacheLockFree.housekeeperTurnsDone,1769609488893000000,1769609548895000000,0
DirectByteBufferAllocator.disposed,1769609488893000000,1769609548895000000,0
FilePageCache.pageLoads,1769609488893000000,1769609548895000000,0
FilePageCacheLockFree.totalNativeBytesAllocated,1769609488893000000,1769609548895000000,0
FilePageCacheLockFree.totalPagesReclaimed,1769609488893000000,1769609548895000000,0
FilePageCache.capacityInBytes,1769609488893000000,1769609548895000000,503316478
StreamlinedBlobStorage.recordsAllocated,1769609488893000000,1769609548895000000,0
FilePageCacheLockFree.totalBytesRead,1769609488893000000,1769609548895000000,0
StreamlinedBlobStorage.recordsDeleted,1769609488893000000,1769609548895000000,0
FilePageCache.pageHits,1769609488893000000,1769609548895000000,0
FilePageCache.maxRegisteredFiles,1769609488893000000,1769609548895000000,252
StreamlinedBlobStorage.totalLiveRecordsCapacityBytes,1769609488893000000,1769609548895000000,0
FilePageCacheLockFree.totalPagesRequestsMs,1769609488893000000,1769609548895000000,0
FilePageCacheLockFree.housekeeperTurnsSkipped,1769609488893000000,1769609548895000000,0
MappedFileStorage.totalPagesMapped,1769609488893000000,1769609548895000000,21
FilePageCache.pageLoadsAboveSizeThreshold,1769609488893000000,1769609548895000000,0
FilePageCacheLockFree.totalBytesWritten,1769609488893000000,1769609548895000000,0
FilePageCache.maxCacheSizeInBytes,1769609488893000000,1769609548895000000,172032000
FilePageCache.totalPageLoadsUs,1769609488893000000,1769609548895000000,0
DirectByteBufferAllocator.misses,1769609488893000000,1769609548895000000,0
StreamlinedBlobStorage.recordsRelocated,1769609488893000000,1769609548895000000,0
FilePageCacheLockFree.housekeeperTimeSpentMs,1769609488893000000,1769609548895000000,0
Indexing.cache.totalCacheEvicted,1769609548895000000,1769609608893000000,0
Indexing.writesQueuedMax,1769609548895000000,1769609608893000000,0
Indexes.stubs.lookups,1769609548895000000,1769609608893000000,0
Indexing.writer_2.totalTimeSpentWritingMs,1769609548895000000,1769609608893000000,0
Indexing.writer_3.totalTimeSpentWritingMs,1769609548895000000,1769609608893000000,0
Indexes.allKeys.lookupDurationMaxMs,1769609548895000000,1769609608893000000,0.0
Indexes.entries.lookupDurationMaxMs,1769609548895000000,1769609608893000000,0.0
Indexing.writer_1.totalTimeSpentWritingMs,1769609548895000000,1769609608893000000,0
Indexing.writer_0.totalTimeSpentWritingMs,1769609548895000000,1769609608893000000,0
Indexes.allKeys.lookups,1769609548895000000,1769609608893000000,0
Indexes.entries.lookups,1769609548895000000,1769609608893000000,0
Indexing.cache.totalCacheAccesses,1769609548895000000,1769609608893000000,0
Indexes.entries.lookupDuration90PMs,1769609548895000000,1769609608893000000,0.0
IndexesFlusher.totalFlushingTimeUs,1769609548895000000,1769609608893000000,32816
Indexing.totalTimeIndexersSleptMs,1769609548895000000,1769609608893000000,0
IndexesFlusher.totalContentionQuotaSpent,1769609548895000000,1769609608893000000,0
Indexes.allKeys.lookupDuration90PMs,1769609548895000000,1769609608893000000,0.0
Indexes.entries.lookupDurationAvgMs,1769609548895000000,1769609608893000000,0.0
IndexesFlusher.totalFlushes,1769609548895000000,1769609608893000000,120
Indexes.stubs.lookupDurationMaxMs,1769609548895000000,1769609608893000000,0.0
Indexes.stubs.lookupDuration90PMs,1769609548895000000,1769609608893000000,0.0
Indexing.cache.totalCacheMisses,1769609548895000000,1769609608893000000,0
Indexes.stubs.lookupDurationAvgMs,1769609548895000000,1769609608893000000,0.0
IndexesFlusher.totalFlushesRetried,1769609548895000000,1769609608893000000,0
Indexes.allKeys.lookupDurationAvgMs,1769609548895000000,1769609608893000000,0.0
Indexing.writesQueuedMin,1769609548895000000,1769609608893000000,9223372036854775807
JVM.maxThreadCount,1769609548895000000,1769609608893000000,148
JVM.GC.collectionTimesMs,1769609548895000000,1769609608893000000,0
JVM.GC.collections,1769609548895000000,1769609608893000000,0
OS.loadAverage,1769609548895000000,1769609608893000000,1.783203125
JVM.totalSafepointCount,1769609548895000000,1769609608893000000,1
JVM.threadCount,1769609548895000000,1769609608893000000,47
JVM.totalTimeAtSafepointsMs,1769609548895000000,1769609608893000000,0
JVM.newThreadsCount,1769609548895000000,1769609608893000000,0
JVM.totalBytesAllocated,1769609548895000000,1769609608893000000,27685256
JVM.totalCpuTimeMs,1769609548895000000,1769609608893000000,530
JVM.usedNativeBytes,1769609548895000000,1769609608893000000,379633200
JVM.maxHeapBytes,1769609548895000000,1769609608893000000,4196401152
JVM.totalDirectByteBuffersBytes,1769609548895000000,1769609608893000000,172918375
JVM.totalTimeToSafepointsMs,1769609548895000000,1769609608893000000,0
JVM.usedHeapBytes,1769609548895000000,1769609608893000000,543547840
AWTEventQueue.dispatchTimeTotalNS,1769609548895000000,1769609608893000000,62381384
FlushQueue.executionTimeAvgNs,1769609548895000000,1769609608893000000,0.0
NonBlockingReadAction.failedExecutionTimeUs,1769609548895000000,1769609608893000000,0
FlushQueue.queueSizeMax,1769609548895000000,1769609608893000000,0
ReadAction.executionsCount,1769609548895000000,1769609608893000000,0
FlushQueue.waitingTimeAvgNs,1769609548895000000,1769609608893000000,0.0
AWTEventQueue.dispatchTimeMaxNs,1769609548895000000,1769609608893000000,0
FlushQueue.tasksExecuted,1769609548895000000,1769609608893000000,0
WriteAction.executionsCount,1769609548895000000,1769609608893000000,0
AWTEventQueue.dispatchTimeAvgNs,1769609548895000000,1769609608893000000,0.0
NonBlockingReadAction.finalizedExecutionsCount,1769609548895000000,1769609608893000000,0
AWTEventQueue.eventsDispatched,1769609548895000000,1769609608893000000,0
FlushQueue.queueSizeAvg,1769609548895000000,1769609608893000000,0.0
FlushQueue.executionTimeMaxNs,1769609548895000000,1769609608893000000,0
NonBlockingReadAction.finalizedExecutionTimeUs,1769609548895000000,1769609608893000000,0
NonBlockingReadAction.failedExecutionsCount,1769609548895000000,1769609608893000000,0
FlushQueue.queueSize90P,1769609548895000000,1769609608893000000,0
FlushQueue.waitingTime90PNs,1769609548895000000,1769609608893000000,0
AWTEventQueue.dispatchTime90PNs,1769609548895000000,1769609608893000000,0
FlushQueue.waitingTimeMaxNs,1769609548895000000,1769609608893000000,0
FlushQueue.executionTime90PNs,1769609548895000000,1769609608893000000,0
VFS.contentStorage.recordsUncompressedSize,1769609548895000000,1769609608893000000,0
VFS.fileByIdCache.misses,1769609548895000000,1769609608893000000,0
VFS.contentStorage.recordsReadDecompressed,1769609548895000000,1769609608893000000,0
VFS.contentStorage.recordsStoredSize,1769609548895000000,1769609608893000000,0
VFS.contentStorage.recordsReadSize,1769609548895000000,1769609608893000000,0
FileNameCache.queries,1769609548895000000,1769609608893000000,0
VFS.contentStorage.recordsDecompressionTimeUs,1769609548895000000,1769609608893000000,0
VFS.contentStorage.recordsDeduplicated,1769609548895000000,1769609608893000000,0
VFS.contentStorage.recordsRead,1769609548895000000,1769609608893000000,0
VFS.contentStorage.recordsStored,1769609548895000000,1769609608893000000,0
VFS.invertedFileNameIndex.requests,1769609548895000000,1769609608893000000,0
VFS.contentStorage.recordsStoredCompressed,1769609548895000000,1769609608893000000,0
VFS.fileChildByName,1769609548895000000,1769609608893000000,0
VFS.fileByIdCache.hits,1769609548895000000,1769609608893000000,0
FileNameCache.totalMisses,1769609548895000000,1769609608893000000,0
workspaceModel.global.apply.state.to.project.builder.ms,1769609548895000000,1769609608893000000,0
workspaceModel.mutableEntityStorage.changeLog.addReplaceEventForRemovedParent.ms,1769609548895000000,1769609608893000000,0
jps.apply.loaded.storage.ms,1769609548895000000,1769609608893000000,0
jps.global.handle.changed.events.ms,1769609548895000000,1769609608893000000,0
jps.global.initialize.library.bridges.ms,1769609548895000000,1769609608893000000,0
jps.facet.change.listener.init.bridge.ms,1769609548895000000,1769609608893000000,0
workspaceModel.moduleManagerBridge.new.nonPersistent.module.ms,1769609548895000000,1769609608893000000,0
workspaceModel.mutableEntityStorage.changeLog.addReplaceEventForRemovedChild.ms,1769609548895000000,1769609608893000000,0
jps.module.iml.entities.serializer.load.entities.ms,1769609548895000000,1769609608893000000,0
workspaceModel.mutableEntityStorage.referrers.ms,1769609548895000000,1769609608893000000,0
jps.library.entities.serializer.load.entities.ms,1769609548895000000,1769609608893000000,0
workspaceModel.global.updates.ms,1769609548895000000,1769609608893000000,0
jps.project.serializers.save.ms,1769609548895000000,1769609608893000000,0
jps.artifact.entities.serializer.save.entities.ms,1769609548895000000,1769609608893000000,0
workspaceModel.moduleBridge.facet.initialization.ms,1769609548895000000,1769609608893000000,0
jps.save.changed.project.entities.ms,1769609548895000000,1769609608893000000,0
workspaceModel.load.cache.metadata.from.file.ms,1769609548895000000,1769609608893000000,0
workspaceModel.mutableEntityStorage.changeLog.addReplaceEventForNewParent.ms,1769609548895000000,1769609608893000000,0
workspaceModel.mutableEntityStorage.mutable.ext.mapping.ms,1769609548895000000,1769609608893000000,0
workspaceModel.global.updates.count,1769609548895000000,1769609608893000000,0
jps.module.dependency.index.workspace.model.listener.on.changed.ms,1769609548895000000,1769609608893000000,0
workspaceModel.sync.entities.ms,1769609548895000000,1769609608893000000,0
jps.facet.change.listener.process.change.events.ms,1769609548895000000,1769609608893000000,0
jps.global.get.libraries.ms,1769609548895000000,1769609608893000000,0
jps.app.storage.content.writer.save.component.ms,1769609548895000000,1769609608893000000,0
workspaceModel.global.apply.state.to.project.ms,1769609548895000000,1769609608893000000,0
workspaceModel.mutableEntityStorage.has.same.entities.ms,1769609548895000000,1769609608893000000,0
workspaceModel.moduleBridge.update.option.ms,1769609548895000000,1769609608893000000,0
jps.library.entities.serializer.save.entities.ms,1769609548895000000,1769609608893000000,0
jps.global.handle.before.change.events.ms,1769609548895000000,1769609608893000000,0
workspaceModel.mutableEntityStorage.collect.changes.ms,1769609548895000000,1769609608893000000,0
workspaceModel.mutableEntityStorage.replace.by.source.ms,1769609548895000000,1769609608893000000,0
workspaceModel.mutableEntityStorage.entities.by.source.ms,1769609548895000000,1769609608893000000,0
workspaceModel.mutableEntityStorage.changeLog.addReplaceEventForNewChild.ms,1769609548895000000,1769609608893000000,0
workspaceModel.orphan.listener.update.ms,1769609548895000000,1769609608893000000,0
workspaceModel.mutableEntityStorage.apply.changes.from.ms,1769609548895000000,1769609608893000000,0
workspaceModel.mutableEntityStorage.resolve.ms,1769609548895000000,1769609608893000000,0
jps.global.get.library.by.name.ms,1769609548895000000,1769609608893000000,0
jps.save.global.entities.ms,1769609548895000000,1769609608893000000,0
workspaceModel.moduleBridge.before.changed.ms,1769609548895000000,1769609608893000000,0
jps.global.get.library.ms,1769609548895000000,1769609608893000000,0
workspaceModel.moduleManagerBridge.create.module.instance.ms,1769609548895000000,1769609608893000000,0
jps.storage.jps.conf.reader.load.component.ms,1769609548895000000,1769609608893000000,0
workspaceModel.mutableEntityStorage.to.snapshot.ms,1769609548895000000,1769609608893000000,0
workspaceModel.do.save.caches.ms,1769609548895000000,1769609608893000000,0
workspaceModel.moduleManagerBridge.build.module.graph.ms,1769609548895000000,1769609608893000000,0
jps.reload.project.entities.ms,1769609548895000000,1769609608893000000,0
workspaceModel.delayed.project.synchronizer.sync.ms,1769609548895000000,1769609608893000000,0
workspaceModel.mutableEntityStorage.entities.ms,1769609548895000000,1769609608893000000,0
workspaceModel.moduleBridgeLoader.loading.modules.ms,1769609548895000000,1769609608893000000,0
workspaceModel.mutableEntityStorage.remove.entity.ms,1769609548895000000,1769609608893000000,0
jps.global.initialize.library.bridges.after.loading.ms,1769609548895000000,1769609608893000000,0
workspaceModel.save.cache.to.file.ms,1769609548895000000,1769609608893000000,0
jps.load.project.to.empty.storage.ms,1769609548895000000,1769609608893000000,0
jps.project.serializers.load.ms,1769609548895000000,1769609608893000000,0
workspaceModel.moduleManagerBridge.set.unloadedModules.ms,1769609548895000000,1769609608893000000,0
workspaceModel.mutableEntityStorage.modify.entity.ms,1769609548895000000,1769609608893000000,0
jps.artifact.entities.serializer.load.entities.ms,1769609548895000000,1769609608893000000,0
workspaceModel.mutableEntityStorage.add.entity.ms,1769609548895000000,1769609608893000000,0
workspaceModel.moduleManagerBridge.newModule.ms,1769609548895000000,1769609608893000000,0
workspaceModel.moduleManagerBridge.load.module.ms,1769609548895000000,1769609608893000000,0
workspaceModel.moduleManagerBridge.load.all.modules.ms,1769609548895000000,1769609608893000000,0
jps.module.iml.entities.serializer.save.entities.ms,1769609548895000000,1769609608893000000,0
workspaceModel.mutableEntityStorage.put.entity.ms,1769609548895000000,1769609608893000000,0
workspaceModel.mutableEntityStorage.instances.count,1769609548895000000,1769609608893000000,0
jps.load.initial.state.ms,1769609548895000000,1769609608893000000,0
workspaceModel.mutableEntityStorage.mutable.vfurl.index.ms,1769609548895000000,1769609608893000000,0
workspaceModel.load.cache.from.file.ms,1769609548895000000,1769609608893000000,0
jps.app.storage.content.reader.load.component.ms,1769609548895000000,1769609608893000000,0
workspaceModel.moduleManagerBridge.get.modules.ms,1769609548895000000,1769609608893000000,0
jps.facet.change.listener.before.change.events.ms,1769609548895000000,1769609608893000000,0
workspaceModel.workspaceFileIndexData.getFileInfo.ms,1769609548895000000,1769609608893000000,0
workspaceModel.init.bridges.ms,1769609548895000000,1769609608893000000,0
workspaceModel.cachedValueWithParameters.calculated.count,1769609548895000000,1769609608893000000,0
workspaceModel.cachedValue.total.get.count,1769609548895000000,1769609608893000000,0
workspaceModel.workspaceFileIndexData.onEntitiesChanged.ms,1769609548895000000,1769609608893000000,0
workspaceModel.workspaceFileIndexData.visitFileSets.ms,1769609548895000000,1769609608893000000,0
workspaceModel.updates.ms,1769609548895000000,1769609608893000000,0
workspaceModel.cachedValue.calculated.count,1769609548895000000,1769609608893000000,0
workspaceModel.workspaceFileIndexData.instances.count,1769609548895000000,1769609608893000000,0
workspaceModel.workspaceFileIndexData.init.ms,1769609548895000000,1769609608893000000,0
workspaceModel.cachedValueWithParameters.total.get.count,1769609548895000000,1769609608893000000,0
workspaceModel.collect.changes.ms,1769609548895000000,1769609608893000000,0
workspaceModel.entityStorageSnapshotImpl.instances.count,1769609548895000000,1769609608893000000,0
workspaceModel.initializing.ms,1769609548895000000,1769609608893000000,0
workspaceModel.replace.project.model.ms,1769609548895000000,1769609608893000000,0
workspaceModel.workspaceFileIndexData.getPackageName.ms,1769609548895000000,1769609608893000000,0
workspaceModel.cachedValueWithParameters.clear.count,1769609548895000000,1769609608893000000,0
workspaceModel.pre.handlers.ms,1769609548895000000,1769609608893000000,0
workspaceModel.cachedValue.from.cache.count,1769609548895000000,1769609608893000000,0
workspaceModel.updates.count,1769609548895000000,1769609608893000000,0
workspaceModel.loading.from.cache.ms,1769609548895000000,1769609608893000000,0
workspaceModel.check.recursive.update.ms,1769609548895000000,1769609608893000000,0
workspaceModel.workspaceFileIndexData.getDirectoriesByPackageName.ms,1769609548895000000,1769609608893000000,0
workspaceModel.cachedValue.clear.count,1769609548895000000,1769609608893000000,0
workspaceModel.workspaceFileIndexContributor.registerFileSets.ms,1769609548895000000,1769609608893000000,0
workspaceModel.workspaceFileIndexData.updateDirtyEntities.ms,1769609548895000000,1769609608893000000,0
workspaceModel.on.before.changed.ms,1769609548895000000,1769609608893000000,0
workspaceModel.workspaceFileIndexData.processFileSets.ms,1769609548895000000,1769609608893000000,0
workspaceModel.workspaceFileIndexData.markDirty.ms,1769609548895000000,1769609608893000000,0
workspaceModel.loading.total.ms,1769609548895000000,1769609608893000000,0
workspaceModel.cachedValueWithParameters.from.cache.count,1769609548895000000,1769609608893000000,0
workspaceModel.full.replace.project.model.ms,1769609548895000000,1769609608893000000,0
workspaceModel.to.snapshot.ms,1769609548895000000,1769609608893000000,0
workspaceModel.on.changed.ms,1769609548895000000,1769609608893000000,0
workspaceModel.update.unloaded.entities.ms,1769609548895000000,1769609608893000000,0
workspaceModel.updates.precise.ms,1769609548895000000,1769609608893000000,0
cacheStateStorage.set.counter,1769609548895000000,1769609608893000000,0
cacheStateStorage.get.duration,1769609548895000000,1769609608893000000,0
cacheStateStorage.set.duration,1769609548895000000,1769609608893000000,0
cacheStateStorage.get.counter,1769609548895000000,1769609608893000000,0
writeAction.max.wait.ms,1769609548895000000,1769609608893000000,2
writeAction.count,1769609548895000000,1769609608893000000,0
writeAction.median.wait.ms,1769609548895000000,1769609608893000000,0
DiskQueryRelay.tasksRequested,1769609548895000000,1769609608893000000,0
DiskQueryRelay.tasksExecuted,1769609548895000000,1769609608893000000,0
DiskQueryRelay.taskWaitingTotalTimeUs,1769609548895000000,1769609608893000000,0
writeAction.wait.ms,1769609548895000000,1769609608893000000,0
DiskQueryRelay.taskExecutionTotalTimeUs,1769609548895000000,1769609608893000000,0
FilePageCache.uncachedFileAccess,1769609548895000000,1769609608893000000,0
FilePageCacheLockFree.totalPagesWriteMs,1769609548895000000,1769609608893000000,0
FilePageCacheLockFree.totalPagesAllocated,1769609548895000000,1769609608893000000,0
FilePageCacheLockFree.totalHeapBytesReclaimed,1769609548895000000,1769609608893000000,0
DirectByteBufferAllocator.totalSizeOfBuffersAllocatedInBytes,1769609548895000000,1769609608893000000,172032000
StorageLockContext.competingThreads.avg,1769609548895000000,1769609608893000000,0.0
DirectByteBufferAllocator.totalSizeOfBuffersCachedInBytes,1769609548895000000,1769609608893000000,0
FilePageCache.pageFastCacheHits,1769609548895000000,1769609608893000000,0
DirectByteBufferAllocator.reclaimed,1769609548895000000,1769609608893000000,0
FileChannelInterruptsRetryer.totalRetriedAttempts,1769609548895000000,1769609608893000000,0
MappedFileStorage.totalBytesMapped,1769609548895000000,1769609608893000000,273940480
StreamlinedBlobStorage.totalLiveRecordsPayloadBytes,1769609548895000000,1769609608893000000,0
FilePageCacheLockFree.totalPageAllocationsWaited,1769609548895000000,1769609608893000000,0
FilePageCacheLockFree.totalNativeBytesReclaimed,1769609548895000000,1769609608893000000,0
MappedFileStorage.totalTimeSpentOnMappingUs,1769609548895000000,1769609608893000000,11057
StorageLockContext.competingThreads.90P,1769609548895000000,1769609608893000000,0
FilePageCacheLockFree.totalPagesWritten,1769609548895000000,1769609608893000000,0
DirectByteBufferAllocator.hits,1769609548895000000,1769609608893000000,0
FilePageCacheLockFree.totalClosedStoragesReclaimed,1769609548895000000,1769609608893000000,0
FilePageCacheLockFree.nativeBytesInUse,1769609548895000000,1769609608893000000,0
FilePageCacheLockFree.totalHeapBytesAllocated,1769609548895000000,1769609608893000000,0
FilePageCacheLockFree.totalPagesRequested,1769609548895000000,1769609608893000000,0
StorageLockContext.competingThreads.max,1769609548895000000,1769609608893000000,0
MappedFileStorage.storages,1769609548895000000,1769609608893000000,15
FilePageCacheLockFree.totalPagesHandedOver,1769609548895000000,1769609608893000000,0
FilePageCache.disposedBuffers,1769609548895000000,1769609608893000000,0
FilePageCacheLockFree.totalBytesRequested,1769609548895000000,1769609608893000000,0
FilePageCache.totalPageDisposalsUs,1769609548895000000,1769609608893000000,0
FilePageCacheLockFree.heapBytesInUse,1769609548895000000,1769609608893000000,0
FilePageCacheLockFree.totalPagesReadMs,1769609548895000000,1769609608893000000,0
FilePageCacheLockFree.housekeeperTurnsDone,1769609548895000000,1769609608893000000,0
DirectByteBufferAllocator.disposed,1769609548895000000,1769609608893000000,0
FilePageCache.pageLoads,1769609548895000000,1769609608893000000,0
FilePageCacheLockFree.totalNativeBytesAllocated,1769609548895000000,1769609608893000000,0
FilePageCacheLockFree.totalPagesReclaimed,1769609548895000000,1769609608893000000,0
FilePageCache.capacityInBytes,1769609548895000000,1769609608893000000,503316478
StreamlinedBlobStorage.recordsAllocated,1769609548895000000,1769609608893000000,0
FilePageCacheLockFree.totalBytesRead,1769609548895000000,1769609608893000000,0
StreamlinedBlobStorage.recordsDeleted,1769609548895000000,1769609608893000000,0
FilePageCache.pageHits,1769609548895000000,1769609608893000000,0
FilePageCache.maxRegisteredFiles,1769609548895000000,1769609608893000000,252
StreamlinedBlobStorage.totalLiveRecordsCapacityBytes,1769609548895000000,1769609608893000000,0
FilePageCacheLockFree.totalPagesRequestsMs,1769609548895000000,1769609608893000000,0
FilePageCacheLockFree.housekeeperTurnsSkipped,1769609548895000000,1769609608893000000,0
MappedFileStorage.totalPagesMapped,1769609548895000000,1769609608893000000,21
FilePageCache.pageLoadsAboveSizeThreshold,1769609548895000000,1769609608893000000,0
FilePageCacheLockFree.totalBytesWritten,1769609548895000000,1769609608893000000,0
FilePageCache.maxCacheSizeInBytes,1769609548895000000,1769609608893000000,172032000
FilePageCache.totalPageLoadsUs,1769609548895000000,1769609608893000000,0
DirectByteBufferAllocator.misses,1769609548895000000,1769609608893000000,0
StreamlinedBlobStorage.recordsRelocated,1769609548895000000,1769609608893000000,0
FilePageCacheLockFree.housekeeperTimeSpentMs,1769609548895000000,1769609608893000000,0
Indexing.cache.totalCacheEvicted,1769609608893000000,1769609668893000000,0
Indexing.writesQueuedMax,1769609608893000000,1769609668893000000,0
Indexes.stubs.lookups,1769609608893000000,1769609668893000000,0
Indexing.writer_2.totalTimeSpentWritingMs,1769609608893000000,1769609668893000000,0
Indexing.writer_3.totalTimeSpentWritingMs,1769609608893000000,1769609668893000000,0
Indexes.allKeys.lookupDurationMaxMs,1769609608893000000,1769609668893000000,0.0
Indexes.entries.lookupDurationMaxMs,1769609608893000000,1769609668893000000,0.0
Indexing.writer_1.totalTimeSpentWritingMs,1769609608893000000,1769609668893000000,0
Indexing.writer_0.totalTimeSpentWritingMs,1769609608893000000,1769609668893000000,0
Indexes.allKeys.lookups,1769609608893000000,1769609668893000000,0
Indexes.entries.lookups,1769609608893000000,1769609668893000000,0
Indexing.cache.totalCacheAccesses,1769609608893000000,1769609668893000000,0
Indexes.entries.lookupDuration90PMs,1769609608893000000,1769609668893000000,0.0
IndexesFlusher.totalFlushingTimeUs,1769609608893000000,1769609668893000000,34057
Indexing.totalTimeIndexersSleptMs,1769609608893000000,1769609668893000000,0
IndexesFlusher.totalContentionQuotaSpent,1769609608893000000,1769609668893000000,0
Indexes.allKeys.lookupDuration90PMs,1769609608893000000,1769609668893000000,0.0
Indexes.entries.lookupDurationAvgMs,1769609608893000000,1769609668893000000,0.0
IndexesFlusher.totalFlushes,1769609608893000000,1769609668893000000,119
Indexes.stubs.lookupDurationMaxMs,1769609608893000000,1769609668893000000,0.0
Indexes.stubs.lookupDuration90PMs,1769609608893000000,1769609668893000000,0.0
Indexing.cache.totalCacheMisses,1769609608893000000,1769609668893000000,0
Indexes.stubs.lookupDurationAvgMs,1769609608893000000,1769609668893000000,0.0
IndexesFlusher.totalFlushesRetried,1769609608893000000,1769609668893000000,0
Indexes.allKeys.lookupDurationAvgMs,1769609608893000000,1769609668893000000,0.0
Indexing.writesQueuedMin,1769609608893000000,1769609668893000000,9223372036854775807
JVM.maxThreadCount,1769609608893000000,1769609668893000000,148
JVM.GC.collectionTimesMs,1769609608893000000,1769609668893000000,0
JVM.GC.collections,1769609608893000000,1769609668893000000,0
OS.loadAverage,1769609608893000000,1769609668893000000,1.52734375
JVM.totalSafepointCount,1769609608893000000,1769609668893000000,3
JVM.threadCount,1769609608893000000,1769609668893000000,48
JVM.totalTimeAtSafepointsMs,1769609608893000000,1769609668893000000,0
JVM.newThreadsCount,1769609608893000000,1769609668893000000,1
JVM.totalBytesAllocated,1769609608893000000,1769609668893000000,27756256
JVM.totalCpuTimeMs,1769609608893000000,1769609668893000000,550
JVM.usedNativeBytes,1769609608893000000,1769609668893000000,379812128
JVM.maxHeapBytes,1769609608893000000,1769609668893000000,4196401152
JVM.totalDirectByteBuffersBytes,1769609608893000000,1769609668893000000,172918375
JVM.totalTimeToSafepointsMs,1769609608893000000,1769609668893000000,0
JVM.usedHeapBytes,1769609608893000000,1769609668893000000,570810816
AWTEventQueue.dispatchTimeTotalNS,1769609608893000000,1769609668893000000,72753869
FlushQueue.executionTimeAvgNs,1769609608893000000,1769609668893000000,0.0
NonBlockingReadAction.failedExecutionTimeUs,1769609608893000000,1769609668893000000,0
FlushQueue.queueSizeMax,1769609608893000000,1769609668893000000,0
ReadAction.executionsCount,1769609608893000000,1769609668893000000,0
FlushQueue.waitingTimeAvgNs,1769609608893000000,1769609668893000000,0.0
AWTEventQueue.dispatchTimeMaxNs,1769609608893000000,1769609668893000000,0
FlushQueue.tasksExecuted,1769609608893000000,1769609668893000000,0
WriteAction.executionsCount,1769609608893000000,1769609668893000000,0
AWTEventQueue.dispatchTimeAvgNs,1769609608893000000,1769609668893000000,0.0
NonBlockingReadAction.finalizedExecutionsCount,1769609608893000000,1769609668893000000,0
AWTEventQueue.eventsDispatched,1769609608893000000,1769609668893000000,0
FlushQueue.queueSizeAvg,1769609608893000000,1769609668893000000,0.0
FlushQueue.executionTimeMaxNs,1769609608893000000,1769609668893000000,0
NonBlockingReadAction.finalizedExecutionTimeUs,1769609608893000000,1769609668893000000,0
NonBlockingReadAction.failedExecutionsCount,1769609608893000000,1769609668893000000,0
FlushQueue.queueSize90P,1769609608893000000,1769609668893000000,0
FlushQueue.waitingTime90PNs,1769609608893000000,1769609668893000000,0
AWTEventQueue.dispatchTime90PNs,1769609608893000000,1769609668893000000,0
FlushQueue.waitingTimeMaxNs,1769609608893000000,1769609668893000000,0
FlushQueue.executionTime90PNs,1769609608893000000,1769609668893000000,0
VFS.contentStorage.recordsUncompressedSize,1769609608893000000,1769609668893000000,0
VFS.fileByIdCache.misses,1769609608893000000,1769609668893000000,0
VFS.contentStorage.recordsReadDecompressed,1769609608893000000,1769609668893000000,0
VFS.contentStorage.recordsStoredSize,1769609608893000000,1769609668893000000,0
VFS.contentStorage.recordsReadSize,1769609608893000000,1769609668893000000,0
FileNameCache.queries,1769609608893000000,1769609668893000000,0
VFS.contentStorage.recordsDecompressionTimeUs,1769609608893000000,1769609668893000000,0
VFS.contentStorage.recordsDeduplicated,1769609608893000000,1769609668893000000,0
VFS.contentStorage.recordsRead,1769609608893000000,1769609668893000000,0
VFS.contentStorage.recordsStored,1769609608893000000,1769609668893000000,0
VFS.invertedFileNameIndex.requests,1769609608893000000,1769609668893000000,0
VFS.contentStorage.recordsStoredCompressed,1769609608893000000,1769609668893000000,0
VFS.fileChildByName,1769609608893000000,1769609668893000000,0
VFS.fileByIdCache.hits,1769609608893000000,1769609668893000000,0
FileNameCache.totalMisses,1769609608893000000,1769609668893000000,0
workspaceModel.global.apply.state.to.project.builder.ms,1769609608893000000,1769609668893000000,0
workspaceModel.mutableEntityStorage.changeLog.addReplaceEventForRemovedParent.ms,1769609608893000000,1769609668893000000,0
jps.apply.loaded.storage.ms,1769609608893000000,1769609668893000000,0
jps.global.handle.changed.events.ms,1769609608893000000,1769609668893000000,0
jps.global.initialize.library.bridges.ms,1769609608893000000,1769609668893000000,0
jps.facet.change.listener.init.bridge.ms,1769609608893000000,1769609668893000000,0
workspaceModel.moduleManagerBridge.new.nonPersistent.module.ms,1769609608893000000,1769609668893000000,0
workspaceModel.mutableEntityStorage.changeLog.addReplaceEventForRemovedChild.ms,1769609608893000000,1769609668893000000,0
jps.module.iml.entities.serializer.load.entities.ms,1769609608893000000,1769609668893000000,0
workspaceModel.mutableEntityStorage.referrers.ms,1769609608893000000,1769609668893000000,0
jps.library.entities.serializer.load.entities.ms,1769609608893000000,1769609668893000000,0
workspaceModel.global.updates.ms,1769609608893000000,1769609668893000000,0
jps.project.serializers.save.ms,1769609608893000000,1769609668893000000,0
jps.artifact.entities.serializer.save.entities.ms,1769609608893000000,1769609668893000000,0
workspaceModel.moduleBridge.facet.initialization.ms,1769609608893000000,1769609668893000000,0
jps.save.changed.project.entities.ms,1769609608893000000,1769609668893000000,0
workspaceModel.load.cache.metadata.from.file.ms,1769609608893000000,1769609668893000000,0
workspaceModel.mutableEntityStorage.changeLog.addReplaceEventForNewParent.ms,1769609608893000000,1769609668893000000,0
workspaceModel.mutableEntityStorage.mutable.ext.mapping.ms,1769609608893000000,1769609668893000000,0
workspaceModel.global.updates.count,1769609608893000000,1769609668893000000,0
jps.module.dependency.index.workspace.model.listener.on.changed.ms,1769609608893000000,1769609668893000000,0
workspaceModel.sync.entities.ms,1769609608893000000,1769609668893000000,0
jps.facet.change.listener.process.change.events.ms,1769609608893000000,1769609668893000000,0
jps.global.get.libraries.ms,1769609608893000000,1769609668893000000,0
jps.app.storage.content.writer.save.component.ms,1769609608893000000,1769609668893000000,0
workspaceModel.global.apply.state.to.project.ms,1769609608893000000,1769609668893000000,0
workspaceModel.mutableEntityStorage.has.same.entities.ms,1769609608893000000,1769609668893000000,0
workspaceModel.moduleBridge.update.option.ms,1769609608893000000,1769609668893000000,0
jps.library.entities.serializer.save.entities.ms,1769609608893000000,1769609668893000000,0
jps.global.handle.before.change.events.ms,1769609608893000000,1769609668893000000,0
workspaceModel.mutableEntityStorage.collect.changes.ms,1769609608893000000,1769609668893000000,0
workspaceModel.mutableEntityStorage.replace.by.source.ms,1769609608893000000,1769609668893000000,0
workspaceModel.mutableEntityStorage.entities.by.source.ms,1769609608893000000,1769609668893000000,0
workspaceModel.mutableEntityStorage.changeLog.addReplaceEventForNewChild.ms,1769609608893000000,1769609668893000000,0
workspaceModel.orphan.listener.update.ms,1769609608893000000,1769609668893000000,0
workspaceModel.mutableEntityStorage.apply.changes.from.ms,1769609608893000000,1769609668893000000,0
workspaceModel.mutableEntityStorage.resolve.ms,1769609608893000000,1769609668893000000,0
jps.global.get.library.by.name.ms,1769609608893000000,1769609668893000000,0
jps.save.global.entities.ms,1769609608893000000,1769609668893000000,0
workspaceModel.moduleBridge.before.changed.ms,1769609608893000000,1769609668893000000,0
jps.global.get.library.ms,1769609608893000000,1769609668893000000,0
workspaceModel.moduleManagerBridge.create.module.instance.ms,1769609608893000000,1769609668893000000,0
jps.storage.jps.conf.reader.load.component.ms,1769609608893000000,1769609668893000000,0
workspaceModel.mutableEntityStorage.to.snapshot.ms,1769609608893000000,1769609668893000000,0
workspaceModel.do.save.caches.ms,1769609608893000000,1769609668893000000,0
workspaceModel.moduleManagerBridge.build.module.graph.ms,1769609608893000000,1769609668893000000,0
jps.reload.project.entities.ms,1769609608893000000,1769609668893000000,0
workspaceModel.delayed.project.synchronizer.sync.ms,1769609608893000000,1769609668893000000,0
workspaceModel.mutableEntityStorage.entities.ms,1769609608893000000,1769609668893000000,0
workspaceModel.moduleBridgeLoader.loading.modules.ms,1769609608893000000,1769609668893000000,0
workspaceModel.mutableEntityStorage.remove.entity.ms,1769609608893000000,1769609668893000000,0
jps.global.initialize.library.bridges.after.loading.ms,1769609608893000000,1769609668893000000,0
workspaceModel.save.cache.to.file.ms,1769609608893000000,1769609668893000000,0
jps.load.project.to.empty.storage.ms,1769609608893000000,1769609668893000000,0
jps.project.serializers.load.ms,1769609608893000000,1769609668893000000,0
workspaceModel.moduleManagerBridge.set.unloadedModules.ms,1769609608893000000,1769609668893000000,0
workspaceModel.mutableEntityStorage.modify.entity.ms,1769609608893000000,1769609668893000000,0
jps.artifact.entities.serializer.load.entities.ms,1769609608893000000,1769609668893000000,0
workspaceModel.mutableEntityStorage.add.entity.ms,1769609608893000000,1769609668893000000,0
workspaceModel.moduleManagerBridge.newModule.ms,1769609608893000000,1769609668893000000,0
workspaceModel.moduleManagerBridge.load.module.ms,1769609608893000000,1769609668893000000,0
workspaceModel.moduleManagerBridge.load.all.modules.ms,1769609608893000000,1769609668893000000,0
jps.module.iml.entities.serializer.save.entities.ms,1769609608893000000,1769609668893000000,0
workspaceModel.mutableEntityStorage.put.entity.ms,1769609608893000000,1769609668893000000,0
workspaceModel.mutableEntityStorage.instances.count,1769609608893000000,1769609668893000000,0
jps.load.initial.state.ms,1769609608893000000,1769609668893000000,0
workspaceModel.mutableEntityStorage.mutable.vfurl.index.ms,1769609608893000000,1769609668893000000,0
workspaceModel.load.cache.from.file.ms,1769609608893000000,1769609668893000000,0
jps.app.storage.content.reader.load.component.ms,1769609608893000000,1769609668893000000,0
workspaceModel.moduleManagerBridge.get.modules.ms,1769609608893000000,1769609668893000000,0
jps.facet.change.listener.before.change.events.ms,1769609608893000000,1769609668893000000,0
workspaceModel.workspaceFileIndexData.getFileInfo.ms,1769609608893000000,1769609668893000000,0
workspaceModel.init.bridges.ms,1769609608893000000,1769609668893000000,0
workspaceModel.cachedValueWithParameters.calculated.count,1769609608893000000,1769609668893000000,0
workspaceModel.cachedValue.total.get.count,1769609608893000000,1769609668893000000,0
workspaceModel.workspaceFileIndexData.onEntitiesChanged.ms,1769609608893000000,1769609668893000000,0
workspaceModel.workspaceFileIndexData.visitFileSets.ms,1769609608893000000,1769609668893000000,0
workspaceModel.updates.ms,1769609608893000000,1769609668893000000,0
workspaceModel.cachedValue.calculated.count,1769609608893000000,1769609668893000000,0
workspaceModel.workspaceFileIndexData.instances.count,1769609608893000000,1769609668893000000,0
workspaceModel.workspaceFileIndexData.init.ms,1769609608893000000,1769609668893000000,0
workspaceModel.cachedValueWithParameters.total.get.count,1769609608893000000,1769609668893000000,0
workspaceModel.collect.changes.ms,1769609608893000000,1769609668893000000,0
workspaceModel.entityStorageSnapshotImpl.instances.count,1769609608893000000,1769609668893000000,0
workspaceModel.initializing.ms,1769609608893000000,1769609668893000000,0
workspaceModel.replace.project.model.ms,1769609608893000000,1769609668893000000,0
workspaceModel.workspaceFileIndexData.getPackageName.ms,1769609608893000000,1769609668893000000,0
workspaceModel.cachedValueWithParameters.clear.count,1769609608893000000,1769609668893000000,0
workspaceModel.pre.handlers.ms,1769609608893000000,1769609668893000000,0
workspaceModel.cachedValue.from.cache.count,1769609608893000000,1769609668893000000,0
workspaceModel.updates.count,1769609608893000000,1769609668893000000,0
workspaceModel.loading.from.cache.ms,1769609608893000000,1769609668893000000,0
workspaceModel.check.recursive.update.ms,1769609608893000000,1769609668893000000,0
workspaceModel.workspaceFileIndexData.getDirectoriesByPackageName.ms,1769609608893000000,1769609668893000000,0
workspaceModel.cachedValue.clear.count,1769609608893000000,1769609668893000000,0
workspaceModel.workspaceFileIndexContributor.registerFileSets.ms,1769609608893000000,1769609668893000000,0
workspaceModel.workspaceFileIndexData.updateDirtyEntities.ms,1769609608893000000,1769609668893000000,0
workspaceModel.on.before.changed.ms,1769609608893000000,1769609668893000000,0
workspaceModel.workspaceFileIndexData.processFileSets.ms,1769609608893000000,1769609668893000000,0
workspaceModel.workspaceFileIndexData.markDirty.ms,1769609608893000000,1769609668893000000,0
workspaceModel.loading.total.ms,1769609608893000000,1769609668893000000,0
workspaceModel.cachedValueWithParameters.from.cache.count,1769609608893000000,1769609668893000000,0
workspaceModel.full.replace.project.model.ms,1769609608893000000,1769609668893000000,0
workspaceModel.to.snapshot.ms,1769609608893000000,1769609668893000000,0
workspaceModel.on.changed.ms,1769609608893000000,1769609668893000000,0
workspaceModel.update.unloaded.entities.ms,1769609608893000000,1769609668893000000,0
workspaceModel.updates.precise.ms,1769609608893000000,1769609668893000000,0
cacheStateStorage.set.counter,1769609608893000000,1769609668893000000,0
cacheStateStorage.get.duration,1769609608893000000,1769609668893000000,0
cacheStateStorage.set.duration,1769609608893000000,1769609668893000000,0
cacheStateStorage.get.counter,1769609608893000000,1769609668893000000,0
writeAction.max.wait.ms,1769609608893000000,1769609668893000000,2
writeAction.count,1769609608893000000,1769609668893000000,0
writeAction.median.wait.ms,1769609608893000000,1769609668893000000,0
DiskQueryRelay.tasksRequested,1769609608893000000,1769609668893000000,0
DiskQueryRelay.tasksExecuted,1769609608893000000,1769609668893000000,0
DiskQueryRelay.taskWaitingTotalTimeUs,1769609608893000000,1769609668893000000,0
writeAction.wait.ms,1769609608893000000,1769609668893000000,0
DiskQueryRelay.taskExecutionTotalTimeUs,1769609608893000000,1769609668893000000,0
FilePageCache.uncachedFileAccess,1769609608893000000,1769609668893000000,0
FilePageCacheLockFree.totalPagesWriteMs,1769609608893000000,1769609668893000000,0
FilePageCacheLockFree.totalPagesAllocated,1769609608893000000,1769609668893000000,0
FilePageCacheLockFree.totalHeapBytesReclaimed,1769609608893000000,1769609668893000000,0
DirectByteBufferAllocator.totalSizeOfBuffersAllocatedInBytes,1769609608893000000,1769609668893000000,172032000
StorageLockContext.competingThreads.avg,1769609608893000000,1769609668893000000,0.0
DirectByteBufferAllocator.totalSizeOfBuffersCachedInBytes,1769609608893000000,1769609668893000000,0
FilePageCache.pageFastCacheHits,1769609608893000000,1769609668893000000,0
DirectByteBufferAllocator.reclaimed,1769609608893000000,1769609668893000000,0
FileChannelInterruptsRetryer.totalRetriedAttempts,1769609608893000000,1769609668893000000,0
MappedFileStorage.totalBytesMapped,1769609608893000000,1769609668893000000,273940480
StreamlinedBlobStorage.totalLiveRecordsPayloadBytes,1769609608893000000,1769609668893000000,0
FilePageCacheLockFree.totalPageAllocationsWaited,1769609608893000000,1769609668893000000,0
FilePageCacheLockFree.totalNativeBytesReclaimed,1769609608893000000,1769609668893000000,0
MappedFileStorage.totalTimeSpentOnMappingUs,1769609608893000000,1769609668893000000,11057
StorageLockContext.competingThreads.90P,1769609608893000000,1769609668893000000,0
FilePageCacheLockFree.totalPagesWritten,1769609608893000000,1769609668893000000,0
DirectByteBufferAllocator.hits,1769609608893000000,1769609668893000000,0
FilePageCacheLockFree.totalClosedStoragesReclaimed,1769609608893000000,1769609668893000000,0
FilePageCacheLockFree.nativeBytesInUse,1769609608893000000,1769609668893000000,0
FilePageCacheLockFree.totalHeapBytesAllocated,1769609608893000000,1769609668893000000,0
FilePageCacheLockFree.totalPagesRequested,1769609608893000000,1769609668893000000,0
StorageLockContext.competingThreads.max,1769609608893000000,1769609668893000000,0
MappedFileStorage.storages,1769609608893000000,1769609668893000000,15
FilePageCacheLockFree.totalPagesHandedOver,1769609608893000000,1769609668893000000,0
FilePageCache.disposedBuffers,1769609608893000000,1769609668893000000,0
FilePageCacheLockFree.totalBytesRequested,1769609608893000000,1769609668893000000,0
FilePageCache.totalPageDisposalsUs,1769609608893000000,1769609668893000000,0
FilePageCacheLockFree.heapBytesInUse,1769609608893000000,1769609668893000000,0
FilePageCacheLockFree.totalPagesReadMs,1769609608893000000,1769609668893000000,0
FilePageCacheLockFree.housekeeperTurnsDone,1769609608893000000,1769609668893000000,0
DirectByteBufferAllocator.disposed,1769609608893000000,1769609668893000000,0
FilePageCache.pageLoads,1769609608893000000,1769609668893000000,0
FilePageCacheLockFree.totalNativeBytesAllocated,1769609608893000000,1769609668893000000,0
FilePageCacheLockFree.totalPagesReclaimed,1769609608893000000,1769609668893000000,0
FilePageCache.capacityInBytes,1769609608893000000,1769609668893000000,503316478
StreamlinedBlobStorage.recordsAllocated,1769609608893000000,1769609668893000000,0
FilePageCacheLockFree.totalBytesRead,1769609608893000000,1769609668893000000,0
StreamlinedBlobStorage.recordsDeleted,1769609608893000000,1769609668893000000,0
FilePageCache.pageHits,1769609608893000000,1769609668893000000,0
FilePageCache.maxRegisteredFiles,1769609608893000000,1769609668893000000,252
StreamlinedBlobStorage.totalLiveRecordsCapacityBytes,1769609608893000000,1769609668893000000,0
FilePageCacheLockFree.totalPagesRequestsMs,1769609608893000000,1769609668893000000,0
FilePageCacheLockFree.housekeeperTurnsSkipped,1769609608893000000,1769609668893000000,0
MappedFileStorage.totalPagesMapped,1769609608893000000,1769609668893000000,21
FilePageCache.pageLoadsAboveSizeThreshold,1769609608893000000,1769609668893000000,0
FilePageCacheLockFree.totalBytesWritten,1769609608893000000,1769609668893000000,0
FilePageCache.maxCacheSizeInBytes,1769609608893000000,1769609668893000000,172032000
FilePageCache.totalPageLoadsUs,1769609608893000000,1769609668893000000,0
DirectByteBufferAllocator.misses,1769609608893000000,1769609668893000000,0
StreamlinedBlobStorage.recordsRelocated,1769609608893000000,1769609668893000000,0
FilePageCacheLockFree.housekeeperTimeSpentMs,1769609608893000000,1769609668893000000,0
Indexing.cache.totalCacheEvicted,1769609668893000000,1769609728892000000,0
Indexing.writesQueuedMax,1769609668893000000,1769609728892000000,0
Indexes.stubs.lookups,1769609668893000000,1769609728892000000,0
Indexing.writer_2.totalTimeSpentWritingMs,1769609668893000000,1769609728892000000,0
Indexing.writer_3.totalTimeSpentWritingMs,1769609668893000000,1769609728892000000,0
Indexes.allKeys.lookupDurationMaxMs,1769609668893000000,1769609728892000000,0.0
Indexes.entries.lookupDurationMaxMs,1769609668893000000,1769609728892000000,0.0
Indexing.writer_1.totalTimeSpentWritingMs,1769609668893000000,1769609728892000000,0
Indexing.writer_0.totalTimeSpentWritingMs,1769609668893000000,1769609728892000000,0
Indexes.allKeys.lookups,1769609668893000000,1769609728892000000,0
Indexes.entries.lookups,1769609668893000000,1769609728892000000,0
Indexing.cache.totalCacheAccesses,1769609668893000000,1769609728892000000,0
Indexes.entries.lookupDuration90PMs,1769609668893000000,1769609728892000000,0.0
IndexesFlusher.totalFlushingTimeUs,1769609668893000000,1769609728892000000,31228
Indexing.totalTimeIndexersSleptMs,1769609668893000000,1769609728892000000,0
IndexesFlusher.totalContentionQuotaSpent,1769609668893000000,1769609728892000000,0
Indexes.allKeys.lookupDuration90PMs,1769609668893000000,1769609728892000000,0.0
Indexes.entries.lookupDurationAvgMs,1769609668893000000,1769609728892000000,0.0
IndexesFlusher.totalFlushes,1769609668893000000,1769609728892000000,120
Indexes.stubs.lookupDurationMaxMs,1769609668893000000,1769609728892000000,0.0
Indexes.stubs.lookupDuration90PMs,1769609668893000000,1769609728892000000,0.0
Indexing.cache.totalCacheMisses,1769609668893000000,1769609728892000000,0
Indexes.stubs.lookupDurationAvgMs,1769609668893000000,1769609728892000000,0.0
IndexesFlusher.totalFlushesRetried,1769609668893000000,1769609728892000000,0
Indexes.allKeys.lookupDurationAvgMs,1769609668893000000,1769609728892000000,0.0
Indexing.writesQueuedMin,1769609668893000000,1769609728892000000,9223372036854775807
JVM.maxThreadCount,1769609668893000000,1769609728892000000,148
JVM.GC.collectionTimesMs,1769609668893000000,1769609728892000000,0
JVM.GC.collections,1769609668893000000,1769609728892000000,0
OS.loadAverage,1769609668893000000,1769609728892000000,1.6748046875
JVM.totalSafepointCount,1769609668893000000,1769609728892000000,3
JVM.threadCount,1769609668893000000,1769609728892000000,48
JVM.totalTimeAtSafepointsMs,1769609668893000000,1769609728892000000,0
JVM.newThreadsCount,1769609668893000000,1769609728892000000,0
JVM.totalBytesAllocated,1769609668893000000,1769609728892000000,27447864
JVM.totalCpuTimeMs,1769609668893000000,1769609728892000000,500
JVM.usedNativeBytes,1769609668893000000,1769609728892000000,379928760
JVM.maxHeapBytes,1769609668893000000,1769609728892000000,4196401152
JVM.totalDirectByteBuffersBytes,1769609668893000000,1769609728892000000,172918375
JVM.totalTimeToSafepointsMs,1769609668893000000,1769609728892000000,0
JVM.usedHeapBytes,1769609668893000000,1769609728892000000,598073792
AWTEventQueue.dispatchTimeTotalNS,1769609668893000000,1769609728892000000,58661814
FlushQueue.executionTimeAvgNs,1769609668893000000,1769609728892000000,0.0
NonBlockingReadAction.failedExecutionTimeUs,1769609668893000000,1769609728892000000,0
FlushQueue.queueSizeMax,1769609668893000000,1769609728892000000,0
ReadAction.executionsCount,1769609668893000000,1769609728892000000,0
FlushQueue.waitingTimeAvgNs,1769609668893000000,1769609728892000000,0.0
AWTEventQueue.dispatchTimeMaxNs,1769609668893000000,1769609728892000000,21375
FlushQueue.tasksExecuted,1769609668893000000,1769609728892000000,0
WriteAction.executionsCount,1769609668893000000,1769609728892000000,0
AWTEventQueue.dispatchTimeAvgNs,1769609668893000000,1769609728892000000,21312.0
NonBlockingReadAction.finalizedExecutionsCount,1769609668893000000,1769609728892000000,0
AWTEventQueue.eventsDispatched,1769609668893000000,1769609728892000000,1
FlushQueue.queueSizeAvg,1769609668893000000,1769609728892000000,0.0
FlushQueue.executionTimeMaxNs,1769609668893000000,1769609728892000000,0
NonBlockingReadAction.finalizedExecutionTimeUs,1769609668893000000,1769609728892000000,0
NonBlockingReadAction.failedExecutionsCount,1769609668893000000,1769609728892000000,0
FlushQueue.queueSize90P,1769609668893000000,1769609728892000000,0
FlushQueue.waitingTime90PNs,1769609668893000000,1769609728892000000,0
AWTEventQueue.dispatchTime90PNs,1769609668893000000,1769609728892000000,21375
FlushQueue.waitingTimeMaxNs,1769609668893000000,1769609728892000000,0
FlushQueue.executionTime90PNs,1769609668893000000,1769609728892000000,0
VFS.contentStorage.recordsUncompressedSize,1769609668893000000,1769609728892000000,0
VFS.fileByIdCache.misses,1769609668893000000,1769609728892000000,0
VFS.contentStorage.recordsReadDecompressed,1769609668893000000,1769609728892000000,0
VFS.contentStorage.recordsStoredSize,1769609668893000000,1769609728892000000,0
VFS.contentStorage.recordsReadSize,1769609668893000000,1769609728892000000,0
FileNameCache.queries,1769609668893000000,1769609728892000000,0
VFS.contentStorage.recordsDecompressionTimeUs,1769609668893000000,1769609728892000000,0
VFS.contentStorage.recordsDeduplicated,1769609668893000000,1769609728892000000,0
VFS.contentStorage.recordsRead,1769609668893000000,1769609728892000000,0
VFS.contentStorage.recordsStored,1769609668893000000,1769609728892000000,0
VFS.invertedFileNameIndex.requests,1769609668893000000,1769609728892000000,0
VFS.contentStorage.recordsStoredCompressed,1769609668893000000,1769609728892000000,0
VFS.fileChildByName,1769609668893000000,1769609728892000000,0
VFS.fileByIdCache.hits,1769609668893000000,1769609728892000000,0
FileNameCache.totalMisses,1769609668893000000,1769609728892000000,0
workspaceModel.global.apply.state.to.project.builder.ms,1769609668893000000,1769609728892000000,0
workspaceModel.mutableEntityStorage.changeLog.addReplaceEventForRemovedParent.ms,1769609668893000000,1769609728892000000,0
jps.apply.loaded.storage.ms,1769609668893000000,1769609728892000000,0
jps.global.handle.changed.events.ms,1769609668893000000,1769609728892000000,0
jps.global.initialize.library.bridges.ms,1769609668893000000,1769609728892000000,0
jps.facet.change.listener.init.bridge.ms,1769609668893000000,1769609728892000000,0
workspaceModel.moduleManagerBridge.new.nonPersistent.module.ms,1769609668893000000,1769609728892000000,0
workspaceModel.mutableEntityStorage.changeLog.addReplaceEventForRemovedChild.ms,1769609668893000000,1769609728892000000,0
jps.module.iml.entities.serializer.load.entities.ms,1769609668893000000,1769609728892000000,0
workspaceModel.mutableEntityStorage.referrers.ms,1769609668893000000,1769609728892000000,0
jps.library.entities.serializer.load.entities.ms,1769609668893000000,1769609728892000000,0
workspaceModel.global.updates.ms,1769609668893000000,1769609728892000000,0
jps.project.serializers.save.ms,1769609668893000000,1769609728892000000,0
jps.artifact.entities.serializer.save.entities.ms,1769609668893000000,1769609728892000000,0
workspaceModel.moduleBridge.facet.initialization.ms,1769609668893000000,1769609728892000000,0
jps.save.changed.project.entities.ms,1769609668893000000,1769609728892000000,0
workspaceModel.load.cache.metadata.from.file.ms,1769609668893000000,1769609728892000000,0
workspaceModel.mutableEntityStorage.changeLog.addReplaceEventForNewParent.ms,1769609668893000000,1769609728892000000,0
workspaceModel.mutableEntityStorage.mutable.ext.mapping.ms,1769609668893000000,1769609728892000000,0
workspaceModel.global.updates.count,1769609668893000000,1769609728892000000,0
jps.module.dependency.index.workspace.model.listener.on.changed.ms,1769609668893000000,1769609728892000000,0
workspaceModel.sync.entities.ms,1769609668893000000,1769609728892000000,0
jps.facet.change.listener.process.change.events.ms,1769609668893000000,1769609728892000000,0
jps.global.get.libraries.ms,1769609668893000000,1769609728892000000,0
jps.app.storage.content.writer.save.component.ms,1769609668893000000,1769609728892000000,0
workspaceModel.global.apply.state.to.project.ms,1769609668893000000,1769609728892000000,0
workspaceModel.mutableEntityStorage.has.same.entities.ms,1769609668893000000,1769609728892000000,0
workspaceModel.moduleBridge.update.option.ms,1769609668893000000,1769609728892000000,0
jps.library.entities.serializer.save.entities.ms,1769609668893000000,1769609728892000000,0
jps.global.handle.before.change.events.ms,1769609668893000000,1769609728892000000,0
workspaceModel.mutableEntityStorage.collect.changes.ms,1769609668893000000,1769609728892000000,0
workspaceModel.mutableEntityStorage.replace.by.source.ms,1769609668893000000,1769609728892000000,0
workspaceModel.mutableEntityStorage.entities.by.source.ms,1769609668893000000,1769609728892000000,0
workspaceModel.mutableEntityStorage.changeLog.addReplaceEventForNewChild.ms,1769609668893000000,1769609728892000000,0
workspaceModel.orphan.listener.update.ms,1769609668893000000,1769609728892000000,0
workspaceModel.mutableEntityStorage.apply.changes.from.ms,1769609668893000000,1769609728892000000,0
workspaceModel.mutableEntityStorage.resolve.ms,1769609668893000000,1769609728892000000,0
jps.global.get.library.by.name.ms,1769609668893000000,1769609728892000000,0
jps.save.global.entities.ms,1769609668893000000,1769609728892000000,0
workspaceModel.moduleBridge.before.changed.ms,1769609668893000000,1769609728892000000,0
jps.global.get.library.ms,1769609668893000000,1769609728892000000,0
workspaceModel.moduleManagerBridge.create.module.instance.ms,1769609668893000000,1769609728892000000,0
jps.storage.jps.conf.reader.load.component.ms,1769609668893000000,1769609728892000000,0
workspaceModel.mutableEntityStorage.to.snapshot.ms,1769609668893000000,1769609728892000000,0
workspaceModel.do.save.caches.ms,1769609668893000000,1769609728892000000,0
workspaceModel.moduleManagerBridge.build.module.graph.ms,1769609668893000000,1769609728892000000,0
jps.reload.project.entities.ms,1769609668893000000,1769609728892000000,0
workspaceModel.delayed.project.synchronizer.sync.ms,1769609668893000000,1769609728892000000,0
workspaceModel.mutableEntityStorage.entities.ms,1769609668893000000,1769609728892000000,0
workspaceModel.moduleBridgeLoader.loading.modules.ms,1769609668893000000,1769609728892000000,0
workspaceModel.mutableEntityStorage.remove.entity.ms,1769609668893000000,1769609728892000000,0
jps.global.initialize.library.bridges.after.loading.ms,1769609668893000000,1769609728892000000,0
workspaceModel.save.cache.to.file.ms,1769609668893000000,1769609728892000000,0
jps.load.project.to.empty.storage.ms,1769609668893000000,1769609728892000000,0
jps.project.serializers.load.ms,1769609668893000000,1769609728892000000,0
workspaceModel.moduleManagerBridge.set.unloadedModules.ms,1769609668893000000,1769609728892000000,0
workspaceModel.mutableEntityStorage.modify.entity.ms,1769609668893000000,1769609728892000000,0
jps.artifact.entities.serializer.load.entities.ms,1769609668893000000,1769609728892000000,0
workspaceModel.mutableEntityStorage.add.entity.ms,1769609668893000000,1769609728892000000,0
workspaceModel.moduleManagerBridge.newModule.ms,1769609668893000000,1769609728892000000,0
workspaceModel.moduleManagerBridge.load.module.ms,1769609668893000000,1769609728892000000,0
workspaceModel.moduleManagerBridge.load.all.modules.ms,1769609668893000000,1769609728892000000,0
jps.module.iml.entities.serializer.save.entities.ms,1769609668893000000,1769609728892000000,0
workspaceModel.mutableEntityStorage.put.entity.ms,1769609668893000000,1769609728892000000,0
workspaceModel.mutableEntityStorage.instances.count,1769609668893000000,1769609728892000000,0
jps.load.initial.state.ms,1769609668893000000,1769609728892000000,0
workspaceModel.mutableEntityStorage.mutable.vfurl.index.ms,1769609668893000000,1769609728892000000,0
workspaceModel.load.cache.from.file.ms,1769609668893000000,1769609728892000000,0
jps.app.storage.content.reader.load.component.ms,1769609668893000000,1769609728892000000,0
workspaceModel.moduleManagerBridge.get.modules.ms,1769609668893000000,1769609728892000000,0
jps.facet.change.listener.before.change.events.ms,1769609668893000000,1769609728892000000,0
workspaceModel.workspaceFileIndexData.getFileInfo.ms,1769609668893000000,1769609728892000000,0
workspaceModel.init.bridges.ms,1769609668893000000,1769609728892000000,0
workspaceModel.cachedValueWithParameters.calculated.count,1769609668893000000,1769609728892000000,0
workspaceModel.cachedValue.total.get.count,1769609668893000000,1769609728892000000,0
workspaceModel.workspaceFileIndexData.onEntitiesChanged.ms,1769609668893000000,1769609728892000000,0
workspaceModel.workspaceFileIndexData.visitFileSets.ms,1769609668893000000,1769609728892000000,0
workspaceModel.updates.ms,1769609668893000000,1769609728892000000,0
workspaceModel.cachedValue.calculated.count,1769609668893000000,1769609728892000000,0
workspaceModel.workspaceFileIndexData.instances.count,1769609668893000000,1769609728892000000,0
workspaceModel.workspaceFileIndexData.init.ms,1769609668893000000,1769609728892000000,0
workspaceModel.cachedValueWithParameters.total.get.count,1769609668893000000,1769609728892000000,0
workspaceModel.collect.changes.ms,1769609668893000000,1769609728892000000,0
workspaceModel.entityStorageSnapshotImpl.instances.count,1769609668893000000,1769609728892000000,0
workspaceModel.initializing.ms,1769609668893000000,1769609728892000000,0
workspaceModel.replace.project.model.ms,1769609668893000000,1769609728892000000,0
workspaceModel.workspaceFileIndexData.getPackageName.ms,1769609668893000000,1769609728892000000,0
workspaceModel.cachedValueWithParameters.clear.count,1769609668893000000,1769609728892000000,0
workspaceModel.pre.handlers.ms,1769609668893000000,1769609728892000000,0
workspaceModel.cachedValue.from.cache.count,1769609668893000000,1769609728892000000,0
workspaceModel.updates.count,1769609668893000000,1769609728892000000,0
workspaceModel.loading.from.cache.ms,1769609668893000000,1769609728892000000,0
workspaceModel.check.recursive.update.ms,1769609668893000000,1769609728892000000,0
workspaceModel.workspaceFileIndexData.getDirectoriesByPackageName.ms,1769609668893000000,1769609728892000000,0
workspaceModel.cachedValue.clear.count,1769609668893000000,1769609728892000000,0
workspaceModel.workspaceFileIndexContributor.registerFileSets.ms,1769609668893000000,1769609728892000000,0
workspaceModel.workspaceFileIndexData.updateDirtyEntities.ms,1769609668893000000,1769609728892000000,0
workspaceModel.on.before.changed.ms,1769609668893000000,1769609728892000000,0
workspaceModel.workspaceFileIndexData.processFileSets.ms,1769609668893000000,1769609728892000000,0
workspaceModel.workspaceFileIndexData.markDirty.ms,1769609668893000000,1769609728892000000,0
workspaceModel.loading.total.ms,1769609668893000000,1769609728892000000,0
workspaceModel.cachedValueWithParameters.from.cache.count,1769609668893000000,1769609728892000000,0
workspaceModel.full.replace.project.model.ms,1769609668893000000,1769609728892000000,0
workspaceModel.to.snapshot.ms,1769609668893000000,1769609728892000000,0
workspaceModel.on.changed.ms,1769609668893000000,1769609728892000000,0
workspaceModel.update.unloaded.entities.ms,1769609668893000000,1769609728892000000,0
workspaceModel.updates.precise.ms,1769609668893000000,1769609728892000000,0
cacheStateStorage.set.counter,1769609668893000000,1769609728892000000,0
cacheStateStorage.get.duration,1769609668893000000,1769609728892000000,0
cacheStateStorage.set.duration,1769609668893000000,1769609728892000000,0
cacheStateStorage.get.counter,1769609668893000000,1769609728892000000,0
writeAction.max.wait.ms,1769609668893000000,1769609728892000000,2
writeAction.count,1769609668893000000,1769609728892000000,0
writeAction.median.wait.ms,1769609668893000000,1769609728892000000,0
DiskQueryRelay.tasksRequested,1769609668893000000,1769609728892000000,0
DiskQueryRelay.tasksExecuted,1769609668893000000,1769609728892000000,0
DiskQueryRelay.taskWaitingTotalTimeUs,1769609668893000000,1769609728892000000,0
writeAction.wait.ms,1769609668893000000,1769609728892000000,0
DiskQueryRelay.taskExecutionTotalTimeUs,1769609668893000000,1769609728892000000,0
FilePageCache.uncachedFileAccess,1769609668893000000,1769609728892000000,0
FilePageCacheLockFree.totalPagesWriteMs,1769609668893000000,1769609728892000000,0
FilePageCacheLockFree.totalPagesAllocated,1769609668893000000,1769609728892000000,0
FilePageCacheLockFree.totalHeapBytesReclaimed,1769609668893000000,1769609728892000000,0
DirectByteBufferAllocator.totalSizeOfBuffersAllocatedInBytes,1769609668893000000,1769609728892000000,172032000
StorageLockContext.competingThreads.avg,1769609668893000000,1769609728892000000,0.0
DirectByteBufferAllocator.totalSizeOfBuffersCachedInBytes,1769609668893000000,1769609728892000000,0
FilePageCache.pageFastCacheHits,1769609668893000000,1769609728892000000,0
DirectByteBufferAllocator.reclaimed,1769609668893000000,1769609728892000000,0
FileChannelInterruptsRetryer.totalRetriedAttempts,1769609668893000000,1769609728892000000,0
MappedFileStorage.totalBytesMapped,1769609668893000000,1769609728892000000,273940480
StreamlinedBlobStorage.totalLiveRecordsPayloadBytes,1769609668893000000,1769609728892000000,0
FilePageCacheLockFree.totalPageAllocationsWaited,1769609668893000000,1769609728892000000,0
FilePageCacheLockFree.totalNativeBytesReclaimed,1769609668893000000,1769609728892000000,0
MappedFileStorage.totalTimeSpentOnMappingUs,1769609668893000000,1769609728892000000,11057
StorageLockContext.competingThreads.90P,1769609668893000000,1769609728892000000,0
FilePageCacheLockFree.totalPagesWritten,1769609668893000000,1769609728892000000,0
DirectByteBufferAllocator.hits,1769609668893000000,1769609728892000000,0
FilePageCacheLockFree.totalClosedStoragesReclaimed,1769609668893000000,1769609728892000000,0
FilePageCacheLockFree.nativeBytesInUse,1769609668893000000,1769609728892000000,0
FilePageCacheLockFree.totalHeapBytesAllocated,1769609668893000000,1769609728892000000,0
FilePageCacheLockFree.totalPagesRequested,1769609668893000000,1769609728892000000,0
StorageLockContext.competingThreads.max,1769609668893000000,1769609728892000000,0
MappedFileStorage.storages,1769609668893000000,1769609728892000000,15
FilePageCacheLockFree.totalPagesHandedOver,1769609668893000000,1769609728892000000,0
FilePageCache.disposedBuffers,1769609668893000000,1769609728892000000,0
FilePageCacheLockFree.totalBytesRequested,1769609668893000000,1769609728892000000,0
FilePageCache.totalPageDisposalsUs,1769609668893000000,1769609728892000000,0
FilePageCacheLockFree.heapBytesInUse,1769609668893000000,1769609728892000000,0
FilePageCacheLockFree.totalPagesReadMs,1769609668893000000,1769609728892000000,0
FilePageCacheLockFree.housekeeperTurnsDone,1769609668893000000,1769609728892000000,0
DirectByteBufferAllocator.disposed,1769609668893000000,1769609728892000000,0
FilePageCache.pageLoads,1769609668893000000,1769609728892000000,0
FilePageCacheLockFree.totalNativeBytesAllocated,1769609668893000000,1769609728892000000,0
FilePageCacheLockFree.totalPagesReclaimed,1769609668893000000,1769609728892000000,0
FilePageCache.capacityInBytes,1769609668893000000,1769609728892000000,503316478
StreamlinedBlobStorage.recordsAllocated,1769609668893000000,1769609728892000000,0
FilePageCacheLockFree.totalBytesRead,1769609668893000000,1769609728892000000,0
StreamlinedBlobStorage.recordsDeleted,1769609668893000000,1769609728892000000,0
FilePageCache.pageHits,1769609668893000000,1769609728892000000,0
FilePageCache.maxRegisteredFiles,1769609668893000000,1769609728892000000,252
StreamlinedBlobStorage.totalLiveRecordsCapacityBytes,1769609668893000000,1769609728892000000,0
FilePageCacheLockFree.totalPagesRequestsMs,1769609668893000000,1769609728892000000,0
FilePageCacheLockFree.housekeeperTurnsSkipped,1769609668893000000,1769609728892000000,0
MappedFileStorage.totalPagesMapped,1769609668893000000,1769609728892000000,21
FilePageCache.pageLoadsAboveSizeThreshold,1769609668893000000,1769609728892000000,0
FilePageCacheLockFree.totalBytesWritten,1769609668893000000,1769609728892000000,0
FilePageCache.maxCacheSizeInBytes,1769609668893000000,1769609728892000000,172032000
FilePageCache.totalPageLoadsUs,1769609668893000000,1769609728892000000,0
DirectByteBufferAllocator.misses,1769609668893000000,1769609728892000000,0
StreamlinedBlobStorage.recordsRelocated,1769609668893000000,1769609728892000000,0
FilePageCacheLockFree.housekeeperTimeSpentMs,1769609668893000000,1769609728892000000,0
Indexing.cache.totalCacheEvicted,1769609728892000000,1769609788893000000,0
Indexing.writesQueuedMax,1769609728892000000,1769609788893000000,0
Indexes.stubs.lookups,1769609728892000000,1769609788893000000,0
Indexing.writer_2.totalTimeSpentWritingMs,1769609728892000000,1769609788893000000,0
Indexing.writer_3.totalTimeSpentWritingMs,1769609728892000000,1769609788893000000,0
Indexes.allKeys.lookupDurationMaxMs,1769609728892000000,1769609788893000000,0.0
Indexes.entries.lookupDurationMaxMs,1769609728892000000,1769609788893000000,0.0
Indexing.writer_1.totalTimeSpentWritingMs,1769609728892000000,1769609788893000000,0
Indexing.writer_0.totalTimeSpentWritingMs,1769609728892000000,1769609788893000000,0
Indexes.allKeys.lookups,1769609728892000000,1769609788893000000,0
Indexes.entries.lookups,1769609728892000000,1769609788893000000,0
Indexing.cache.totalCacheAccesses,1769609728892000000,1769609788893000000,0
Indexes.entries.lookupDuration90PMs,1769609728892000000,1769609788893000000,0.0
IndexesFlusher.totalFlushingTimeUs,1769609728892000000,1769609788893000000,33560
Indexing.totalTimeIndexersSleptMs,1769609728892000000,1769609788893000000,0
IndexesFlusher.totalContentionQuotaSpent,1769609728892000000,1769609788893000000,0
Indexes.allKeys.lookupDuration90PMs,1769609728892000000,1769609788893000000,0.0
Indexes.entries.lookupDurationAvgMs,1769609728892000000,1769609788893000000,0.0
IndexesFlusher.totalFlushes,1769609728892000000,1769609788893000000,120
Indexes.stubs.lookupDurationMaxMs,1769609728892000000,1769609788893000000,0.0
Indexes.stubs.lookupDuration90PMs,1769609728892000000,1769609788893000000,0.0
Indexing.cache.totalCacheMisses,1769609728892000000,1769609788893000000,0
Indexes.stubs.lookupDurationAvgMs,1769609728892000000,1769609788893000000,0.0
IndexesFlusher.totalFlushesRetried,1769609728892000000,1769609788893000000,0
Indexes.allKeys.lookupDurationAvgMs,1769609728892000000,1769609788893000000,0.0
Indexing.writesQueuedMin,1769609728892000000,1769609788893000000,9223372036854775807
JVM.maxThreadCount,1769609728892000000,1769609788893000000,148
JVM.GC.collectionTimesMs,1769609728892000000,1769609788893000000,0
JVM.GC.collections,1769609728892000000,1769609788893000000,0
OS.loadAverage,1769609728892000000,1769609788893000000,1.6650390625
JVM.totalSafepointCount,1769609728892000000,1769609788893000000,4
JVM.threadCount,1769609728892000000,1769609788893000000,48
JVM.totalTimeAtSafepointsMs,1769609728892000000,1769609788893000000,0
JVM.newThreadsCount,1769609728892000000,1769609788893000000,4
JVM.totalBytesAllocated,1769609728892000000,1769609788893000000,102091048
JVM.totalCpuTimeMs,1769609728892000000,1769609788893000000,600
JVM.usedNativeBytes,1769609728892000000,1769609788893000000,380121784
JVM.maxHeapBytes,1769609728892000000,1769609788893000000,4196401152
JVM.totalDirectByteBuffersBytes,1769609728892000000,1769609788893000000,172918375
JVM.totalTimeToSafepointsMs,1769609728892000000,1769609788893000000,0
JVM.usedHeapBytes,1769609728892000000,1769609788893000000,702931392
AWTEventQueue.dispatchTimeTotalNS,1769609728892000000,1769609788893000000,70487075
FlushQueue.executionTimeAvgNs,1769609728892000000,1769609788893000000,0.0
NonBlockingReadAction.failedExecutionTimeUs,1769609728892000000,1769609788893000000,0
FlushQueue.queueSizeMax,1769609728892000000,1769609788893000000,0
ReadAction.executionsCount,1769609728892000000,1769609788893000000,12638
FlushQueue.waitingTimeAvgNs,1769609728892000000,1769609788893000000,0.0
AWTEventQueue.dispatchTimeMaxNs,1769609728892000000,1769609788893000000,0
FlushQueue.tasksExecuted,1769609728892000000,1769609788893000000,0
WriteAction.executionsCount,1769609728892000000,1769609788893000000,0
AWTEventQueue.dispatchTimeAvgNs,1769609728892000000,1769609788893000000,0.0
NonBlockingReadAction.finalizedExecutionsCount,1769609728892000000,1769609788893000000,2
AWTEventQueue.eventsDispatched,1769609728892000000,1769609788893000000,0
FlushQueue.queueSizeAvg,1769609728892000000,1769609788893000000,0.0
FlushQueue.executionTimeMaxNs,1769609728892000000,1769609788893000000,0
NonBlockingReadAction.finalizedExecutionTimeUs,1769609728892000000,1769609788893000000,514
NonBlockingReadAction.failedExecutionsCount,1769609728892000000,1769609788893000000,0
FlushQueue.queueSize90P,1769609728892000000,1769609788893000000,0
FlushQueue.waitingTime90PNs,1769609728892000000,1769609788893000000,0
AWTEventQueue.dispatchTime90PNs,1769609728892000000,1769609788893000000,0
FlushQueue.waitingTimeMaxNs,1769609728892000000,1769609788893000000,0
FlushQueue.executionTime90PNs,1769609728892000000,1769609788893000000,0
VFS.contentStorage.recordsUncompressedSize,1769609728892000000,1769609788893000000,0
VFS.fileByIdCache.misses,1769609728892000000,1769609788893000000,0
VFS.contentStorage.recordsReadDecompressed,1769609728892000000,1769609788893000000,0
VFS.contentStorage.recordsStoredSize,1769609728892000000,1769609788893000000,0
VFS.contentStorage.recordsReadSize,1769609728892000000,1769609788893000000,0
FileNameCache.queries,1769609728892000000,1769609788893000000,0
VFS.contentStorage.recordsDecompressionTimeUs,1769609728892000000,1769609788893000000,0
VFS.contentStorage.recordsDeduplicated,1769609728892000000,1769609788893000000,0
VFS.contentStorage.recordsRead,1769609728892000000,1769609788893000000,0
VFS.contentStorage.recordsStored,1769609728892000000,1769609788893000000,0
VFS.invertedFileNameIndex.requests,1769609728892000000,1769609788893000000,0
VFS.contentStorage.recordsStoredCompressed,1769609728892000000,1769609788893000000,0
VFS.fileChildByName,1769609728892000000,1769609788893000000,9
VFS.fileByIdCache.hits,1769609728892000000,1769609788893000000,0
FileNameCache.totalMisses,1769609728892000000,1769609788893000000,0
workspaceModel.global.apply.state.to.project.builder.ms,1769609728892000000,1769609788893000000,0
workspaceModel.mutableEntityStorage.changeLog.addReplaceEventForRemovedParent.ms,1769609728892000000,1769609788893000000,0
jps.apply.loaded.storage.ms,1769609728892000000,1769609788893000000,0
jps.global.handle.changed.events.ms,1769609728892000000,1769609788893000000,0
jps.global.initialize.library.bridges.ms,1769609728892000000,1769609788893000000,0
jps.facet.change.listener.init.bridge.ms,1769609728892000000,1769609788893000000,0
workspaceModel.moduleManagerBridge.new.nonPersistent.module.ms,1769609728892000000,1769609788893000000,0
workspaceModel.mutableEntityStorage.changeLog.addReplaceEventForRemovedChild.ms,1769609728892000000,1769609788893000000,0
jps.module.iml.entities.serializer.load.entities.ms,1769609728892000000,1769609788893000000,0
workspaceModel.mutableEntityStorage.referrers.ms,1769609728892000000,1769609788893000000,0
jps.library.entities.serializer.load.entities.ms,1769609728892000000,1769609788893000000,0
workspaceModel.global.updates.ms,1769609728892000000,1769609788893000000,0
jps.project.serializers.save.ms,1769609728892000000,1769609788893000000,0
jps.artifact.entities.serializer.save.entities.ms,1769609728892000000,1769609788893000000,0
workspaceModel.moduleBridge.facet.initialization.ms,1769609728892000000,1769609788893000000,0
jps.save.changed.project.entities.ms,1769609728892000000,1769609788893000000,0
workspaceModel.load.cache.metadata.from.file.ms,1769609728892000000,1769609788893000000,0
workspaceModel.mutableEntityStorage.changeLog.addReplaceEventForNewParent.ms,1769609728892000000,1769609788893000000,0
workspaceModel.mutableEntityStorage.mutable.ext.mapping.ms,1769609728892000000,1769609788893000000,0
workspaceModel.global.updates.count,1769609728892000000,1769609788893000000,0
jps.module.dependency.index.workspace.model.listener.on.changed.ms,1769609728892000000,1769609788893000000,0
workspaceModel.sync.entities.ms,1769609728892000000,1769609788893000000,0
jps.facet.change.listener.process.change.events.ms,1769609728892000000,1769609788893000000,0
jps.global.get.libraries.ms,1769609728892000000,1769609788893000000,0
jps.app.storage.content.writer.save.component.ms,1769609728892000000,1769609788893000000,0
workspaceModel.global.apply.state.to.project.ms,1769609728892000000,1769609788893000000,0
workspaceModel.mutableEntityStorage.has.same.entities.ms,1769609728892000000,1769609788893000000,0
workspaceModel.moduleBridge.update.option.ms,1769609728892000000,1769609788893000000,0
jps.library.entities.serializer.save.entities.ms,1769609728892000000,1769609788893000000,0
jps.global.handle.before.change.events.ms,1769609728892000000,1769609788893000000,0
workspaceModel.mutableEntityStorage.collect.changes.ms,1769609728892000000,1769609788893000000,0
workspaceModel.mutableEntityStorage.replace.by.source.ms,1769609728892000000,1769609788893000000,0
workspaceModel.mutableEntityStorage.entities.by.source.ms,1769609728892000000,1769609788893000000,0
workspaceModel.mutableEntityStorage.changeLog.addReplaceEventForNewChild.ms,1769609728892000000,1769609788893000000,0
workspaceModel.orphan.listener.update.ms,1769609728892000000,1769609788893000000,0
workspaceModel.mutableEntityStorage.apply.changes.from.ms,1769609728892000000,1769609788893000000,0
workspaceModel.mutableEntityStorage.resolve.ms,1769609728892000000,1769609788893000000,0
jps.global.get.library.by.name.ms,1769609728892000000,1769609788893000000,0
jps.save.global.entities.ms,1769609728892000000,1769609788893000000,0
workspaceModel.moduleBridge.before.changed.ms,1769609728892000000,1769609788893000000,0
jps.global.get.library.ms,1769609728892000000,1769609788893000000,0
workspaceModel.moduleManagerBridge.create.module.instance.ms,1769609728892000000,1769609788893000000,0
jps.storage.jps.conf.reader.load.component.ms,1769609728892000000,1769609788893000000,0
workspaceModel.mutableEntityStorage.to.snapshot.ms,1769609728892000000,1769609788893000000,0
workspaceModel.do.save.caches.ms,1769609728892000000,1769609788893000000,0
workspaceModel.moduleManagerBridge.build.module.graph.ms,1769609728892000000,1769609788893000000,0
jps.reload.project.entities.ms,1769609728892000000,1769609788893000000,0
workspaceModel.delayed.project.synchronizer.sync.ms,1769609728892000000,1769609788893000000,0
workspaceModel.mutableEntityStorage.entities.ms,1769609728892000000,1769609788893000000,0
workspaceModel.moduleBridgeLoader.loading.modules.ms,1769609728892000000,1769609788893000000,0
workspaceModel.mutableEntityStorage.remove.entity.ms,1769609728892000000,1769609788893000000,0
jps.global.initialize.library.bridges.after.loading.ms,1769609728892000000,1769609788893000000,0
workspaceModel.save.cache.to.file.ms,1769609728892000000,1769609788893000000,0
jps.load.project.to.empty.storage.ms,1769609728892000000,1769609788893000000,0
jps.project.serializers.load.ms,1769609728892000000,1769609788893000000,0
workspaceModel.moduleManagerBridge.set.unloadedModules.ms,1769609728892000000,1769609788893000000,0
workspaceModel.mutableEntityStorage.modify.entity.ms,1769609728892000000,1769609788893000000,0
jps.artifact.entities.serializer.load.entities.ms,1769609728892000000,1769609788893000000,0
workspaceModel.mutableEntityStorage.add.entity.ms,1769609728892000000,1769609788893000000,0
workspaceModel.moduleManagerBridge.newModule.ms,1769609728892000000,1769609788893000000,0
workspaceModel.moduleManagerBridge.load.module.ms,1769609728892000000,1769609788893000000,0
workspaceModel.moduleManagerBridge.load.all.modules.ms,1769609728892000000,1769609788893000000,0
jps.module.iml.entities.serializer.save.entities.ms,1769609728892000000,1769609788893000000,0
workspaceModel.mutableEntityStorage.put.entity.ms,1769609728892000000,1769609788893000000,0
workspaceModel.mutableEntityStorage.instances.count,1769609728892000000,1769609788893000000,0
jps.load.initial.state.ms,1769609728892000000,1769609788893000000,0
workspaceModel.mutableEntityStorage.mutable.vfurl.index.ms,1769609728892000000,1769609788893000000,0
workspaceModel.load.cache.from.file.ms,1769609728892000000,1769609788893000000,0
jps.app.storage.content.reader.load.component.ms,1769609728892000000,1769609788893000000,0
workspaceModel.moduleManagerBridge.get.modules.ms,1769609728892000000,1769609788893000000,0
jps.facet.change.listener.before.change.events.ms,1769609728892000000,1769609788893000000,0
workspaceModel.workspaceFileIndexData.getFileInfo.ms,1769609728892000000,1769609788893000000,2
workspaceModel.init.bridges.ms,1769609728892000000,1769609788893000000,0
workspaceModel.cachedValueWithParameters.calculated.count,1769609728892000000,1769609788893000000,0
workspaceModel.cachedValue.total.get.count,1769609728892000000,1769609788893000000,1
workspaceModel.workspaceFileIndexData.onEntitiesChanged.ms,1769609728892000000,1769609788893000000,0
workspaceModel.workspaceFileIndexData.visitFileSets.ms,1769609728892000000,1769609788893000000,0
workspaceModel.updates.ms,1769609728892000000,1769609788893000000,0
workspaceModel.cachedValue.calculated.count,1769609728892000000,1769609788893000000,0
workspaceModel.workspaceFileIndexData.instances.count,1769609728892000000,1769609788893000000,0
workspaceModel.workspaceFileIndexData.init.ms,1769609728892000000,1769609788893000000,0
workspaceModel.cachedValueWithParameters.total.get.count,1769609728892000000,1769609788893000000,0
workspaceModel.collect.changes.ms,1769609728892000000,1769609788893000000,0
workspaceModel.entityStorageSnapshotImpl.instances.count,1769609728892000000,1769609788893000000,0
workspaceModel.initializing.ms,1769609728892000000,1769609788893000000,0
workspaceModel.replace.project.model.ms,1769609728892000000,1769609788893000000,0
workspaceModel.workspaceFileIndexData.getPackageName.ms,1769609728892000000,1769609788893000000,0
workspaceModel.cachedValueWithParameters.clear.count,1769609728892000000,1769609788893000000,0
workspaceModel.pre.handlers.ms,1769609728892000000,1769609788893000000,0
workspaceModel.cachedValue.from.cache.count,1769609728892000000,1769609788893000000,1
workspaceModel.updates.count,1769609728892000000,1769609788893000000,0
workspaceModel.loading.from.cache.ms,1769609728892000000,1769609788893000000,0
workspaceModel.check.recursive.update.ms,1769609728892000000,1769609788893000000,0
workspaceModel.workspaceFileIndexData.getDirectoriesByPackageName.ms,1769609728892000000,1769609788893000000,0
workspaceModel.cachedValue.clear.count,1769609728892000000,1769609788893000000,0
workspaceModel.workspaceFileIndexContributor.registerFileSets.ms,1769609728892000000,1769609788893000000,0
workspaceModel.workspaceFileIndexData.updateDirtyEntities.ms,1769609728892000000,1769609788893000000,0
workspaceModel.on.before.changed.ms,1769609728892000000,1769609788893000000,0
workspaceModel.workspaceFileIndexData.processFileSets.ms,1769609728892000000,1769609788893000000,0
workspaceModel.workspaceFileIndexData.markDirty.ms,1769609728892000000,1769609788893000000,0
workspaceModel.loading.total.ms,1769609728892000000,1769609788893000000,0
workspaceModel.cachedValueWithParameters.from.cache.count,1769609728892000000,1769609788893000000,0
workspaceModel.full.replace.project.model.ms,1769609728892000000,1769609788893000000,0
workspaceModel.to.snapshot.ms,1769609728892000000,1769609788893000000,0
workspaceModel.on.changed.ms,1769609728892000000,1769609788893000000,0
workspaceModel.update.unloaded.entities.ms,1769609728892000000,1769609788893000000,0
workspaceModel.updates.precise.ms,1769609728892000000,1769609788893000000,0
cacheStateStorage.set.counter,1769609728892000000,1769609788893000000,0
cacheStateStorage.get.duration,1769609728892000000,1769609788893000000,0
cacheStateStorage.set.duration,1769609728892000000,1769609788893000000,0
cacheStateStorage.get.counter,1769609728892000000,1769609788893000000,0
writeAction.max.wait.ms,1769609728892000000,1769609788893000000,2
writeAction.count,1769609728892000000,1769609788893000000,0
writeAction.median.wait.ms,1769609728892000000,1769609788893000000,0
DiskQueryRelay.tasksRequested,1769609728892000000,1769609788893000000,0
DiskQueryRelay.tasksExecuted,1769609728892000000,1769609788893000000,0
DiskQueryRelay.taskWaitingTotalTimeUs,1769609728892000000,1769609788893000000,0
writeAction.wait.ms,1769609728892000000,1769609788893000000,0
DiskQueryRelay.taskExecutionTotalTimeUs,1769609728892000000,1769609788893000000,0
FilePageCache.uncachedFileAccess,1769609728892000000,1769609788893000000,0
FilePageCacheLockFree.totalPagesWriteMs,1769609728892000000,1769609788893000000,0
FilePageCacheLockFree.totalPagesAllocated,1769609728892000000,1769609788893000000,0
FilePageCacheLockFree.totalHeapBytesReclaimed,1769609728892000000,1769609788893000000,0
DirectByteBufferAllocator.totalSizeOfBuffersAllocatedInBytes,1769609728892000000,1769609788893000000,172032000
StorageLockContext.competingThreads.avg,1769609728892000000,1769609788893000000,0.0
DirectByteBufferAllocator.totalSizeOfBuffersCachedInBytes,1769609728892000000,1769609788893000000,0
FilePageCache.pageFastCacheHits,1769609728892000000,1769609788893000000,0
DirectByteBufferAllocator.reclaimed,1769609728892000000,1769609788893000000,0
FileChannelInterruptsRetryer.totalRetriedAttempts,1769609728892000000,1769609788893000000,0
MappedFileStorage.totalBytesMapped,1769609728892000000,1769609788893000000,273940480
StreamlinedBlobStorage.totalLiveRecordsPayloadBytes,1769609728892000000,1769609788893000000,0
FilePageCacheLockFree.totalPageAllocationsWaited,1769609728892000000,1769609788893000000,0
FilePageCacheLockFree.totalNativeBytesReclaimed,1769609728892000000,1769609788893000000,0
MappedFileStorage.totalTimeSpentOnMappingUs,1769609728892000000,1769609788893000000,11057
StorageLockContext.competingThreads.90P,1769609728892000000,1769609788893000000,0
FilePageCacheLockFree.totalPagesWritten,1769609728892000000,1769609788893000000,0
DirectByteBufferAllocator.hits,1769609728892000000,1769609788893000000,0
FilePageCacheLockFree.totalClosedStoragesReclaimed,1769609728892000000,1769609788893000000,0
FilePageCacheLockFree.nativeBytesInUse,1769609728892000000,1769609788893000000,0
FilePageCacheLockFree.totalHeapBytesAllocated,1769609728892000000,1769609788893000000,0
FilePageCacheLockFree.totalPagesRequested,1769609728892000000,1769609788893000000,0
StorageLockContext.competingThreads.max,1769609728892000000,1769609788893000000,0
MappedFileStorage.storages,1769609728892000000,1769609788893000000,15
FilePageCacheLockFree.totalPagesHandedOver,1769609728892000000,1769609788893000000,0
FilePageCache.disposedBuffers,1769609728892000000,1769609788893000000,0
FilePageCacheLockFree.totalBytesRequested,1769609728892000000,1769609788893000000,0
FilePageCache.totalPageDisposalsUs,1769609728892000000,1769609788893000000,0
FilePageCacheLockFree.heapBytesInUse,1769609728892000000,1769609788893000000,0
FilePageCacheLockFree.totalPagesReadMs,1769609728892000000,1769609788893000000,0
FilePageCacheLockFree.housekeeperTurnsDone,1769609728892000000,1769609788893000000,0
DirectByteBufferAllocator.disposed,1769609728892000000,1769609788893000000,0
FilePageCache.pageLoads,1769609728892000000,1769609788893000000,0
FilePageCacheLockFree.totalNativeBytesAllocated,1769609728892000000,1769609788893000000,0
FilePageCacheLockFree.totalPagesReclaimed,1769609728892000000,1769609788893000000,0
FilePageCache.capacityInBytes,1769609728892000000,1769609788893000000,503316478
StreamlinedBlobStorage.recordsAllocated,1769609728892000000,1769609788893000000,0
FilePageCacheLockFree.totalBytesRead,1769609728892000000,1769609788893000000,0
StreamlinedBlobStorage.recordsDeleted,1769609728892000000,1769609788893000000,0
FilePageCache.pageHits,1769609728892000000,1769609788893000000,0
FilePageCache.maxRegisteredFiles,1769609728892000000,1769609788893000000,252
StreamlinedBlobStorage.totalLiveRecordsCapacityBytes,1769609728892000000,1769609788893000000,0
FilePageCacheLockFree.totalPagesRequestsMs,1769609728892000000,1769609788893000000,0
FilePageCacheLockFree.housekeeperTurnsSkipped,1769609728892000000,1769609788893000000,0
MappedFileStorage.totalPagesMapped,1769609728892000000,1769609788893000000,21
FilePageCache.pageLoadsAboveSizeThreshold,1769609728892000000,1769609788893000000,0
FilePageCacheLockFree.totalBytesWritten,1769609728892000000,1769609788893000000,0
FilePageCache.maxCacheSizeInBytes,1769609728892000000,1769609788893000000,172032000
FilePageCache.totalPageLoadsUs,1769609728892000000,1769609788893000000,0
DirectByteBufferAllocator.misses,1769609728892000000,1769609788893000000,0
StreamlinedBlobStorage.recordsRelocated,1769609728892000000,1769609788893000000,0
FilePageCacheLockFree.housekeeperTimeSpentMs,1769609728892000000,1769609788893000000,0
Indexing.cache.totalCacheEvicted,1769609788893000000,1769609848893000000,0
Indexing.writesQueuedMax,1769609788893000000,1769609848893000000,0
Indexes.stubs.lookups,1769609788893000000,1769609848893000000,0
Indexing.writer_2.totalTimeSpentWritingMs,1769609788893000000,1769609848893000000,0
Indexing.writer_3.totalTimeSpentWritingMs,1769609788893000000,1769609848893000000,0
Indexes.allKeys.lookupDurationMaxMs,1769609788893000000,1769609848893000000,0.0
Indexes.entries.lookupDurationMaxMs,1769609788893000000,1769609848893000000,0.0
Indexing.writer_1.totalTimeSpentWritingMs,1769609788893000000,1769609848893000000,0
Indexing.writer_0.totalTimeSpentWritingMs,1769609788893000000,1769609848893000000,0
Indexes.allKeys.lookups,1769609788893000000,1769609848893000000,0
Indexes.entries.lookups,1769609788893000000,1769609848893000000,0
Indexing.cache.totalCacheAccesses,1769609788893000000,1769609848893000000,0
Indexes.entries.lookupDuration90PMs,1769609788893000000,1769609848893000000,0.0
IndexesFlusher.totalFlushingTimeUs,1769609788893000000,1769609848893000000,32691
Indexing.totalTimeIndexersSleptMs,1769609788893000000,1769609848893000000,0
IndexesFlusher.totalContentionQuotaSpent,1769609788893000000,1769609848893000000,0
Indexes.allKeys.lookupDuration90PMs,1769609788893000000,1769609848893000000,0.0
Indexes.entries.lookupDurationAvgMs,1769609788893000000,1769609848893000000,0.0
IndexesFlusher.totalFlushes,1769609788893000000,1769609848893000000,120
Indexes.stubs.lookupDurationMaxMs,1769609788893000000,1769609848893000000,0.0
Indexes.stubs.lookupDuration90PMs,1769609788893000000,1769609848893000000,0.0
Indexing.cache.totalCacheMisses,1769609788893000000,1769609848893000000,0
Indexes.stubs.lookupDurationAvgMs,1769609788893000000,1769609848893000000,0.0
IndexesFlusher.totalFlushesRetried,1769609788893000000,1769609848893000000,0
Indexes.allKeys.lookupDurationAvgMs,1769609788893000000,1769609848893000000,0.0
Indexing.writesQueuedMin,1769609788893000000,1769609848893000000,9223372036854775807
JVM.maxThreadCount,1769609788893000000,1769609848893000000,148
JVM.GC.collectionTimesMs,1769609788893000000,1769609848893000000,0
JVM.GC.collections,1769609788893000000,1769609848893000000,0
OS.loadAverage,1769609788893000000,1769609848893000000,1.4560546875
JVM.totalSafepointCount,1769609788893000000,1769609848893000000,2
JVM.threadCount,1769609788893000000,1769609848893000000,47
JVM.totalTimeAtSafepointsMs,1769609788893000000,1769609848893000000,0
JVM.newThreadsCount,1769609788893000000,1769609848893000000,0
JVM.totalBytesAllocated,1769609788893000000,1769609848893000000,27801448
JVM.totalCpuTimeMs,1769609788893000000,1769609848893000000,540
JVM.usedNativeBytes,1769609788893000000,1769609848893000000,380253144
JVM.maxHeapBytes,1769609788893000000,1769609848893000000,4196401152
JVM.totalDirectByteBuffersBytes,1769609788893000000,1769609848893000000,172918375
JVM.totalTimeToSafepointsMs,1769609788893000000,1769609848893000000,0
JVM.usedHeapBytes,1769609788893000000,1769609848893000000,730194368
AWTEventQueue.dispatchTimeTotalNS,1769609788893000000,1769609848893000000,67717854
FlushQueue.executionTimeAvgNs,1769609788893000000,1769609848893000000,0.0
NonBlockingReadAction.failedExecutionTimeUs,1769609788893000000,1769609848893000000,0
FlushQueue.queueSizeMax,1769609788893000000,1769609848893000000,0
ReadAction.executionsCount,1769609788893000000,1769609848893000000,0
FlushQueue.waitingTimeAvgNs,1769609788893000000,1769609848893000000,0.0
AWTEventQueue.dispatchTimeMaxNs,1769609788893000000,1769609848893000000,0
FlushQueue.tasksExecuted,1769609788893000000,1769609848893000000,0
WriteAction.executionsCount,1769609788893000000,1769609848893000000,0
AWTEventQueue.dispatchTimeAvgNs,1769609788893000000,1769609848893000000,0.0
NonBlockingReadAction.finalizedExecutionsCount,1769609788893000000,1769609848893000000,0
AWTEventQueue.eventsDispatched,1769609788893000000,1769609848893000000,0
FlushQueue.queueSizeAvg,1769609788893000000,1769609848893000000,0.0
FlushQueue.executionTimeMaxNs,1769609788893000000,1769609848893000000,0
NonBlockingReadAction.finalizedExecutionTimeUs,1769609788893000000,1769609848893000000,0
NonBlockingReadAction.failedExecutionsCount,1769609788893000000,1769609848893000000,0
FlushQueue.queueSize90P,1769609788893000000,1769609848893000000,0
FlushQueue.waitingTime90PNs,1769609788893000000,1769609848893000000,0
AWTEventQueue.dispatchTime90PNs,1769609788893000000,1769609848893000000,0
FlushQueue.waitingTimeMaxNs,1769609788893000000,1769609848893000000,0
FlushQueue.executionTime90PNs,1769609788893000000,1769609848893000000,0
VFS.contentStorage.recordsUncompressedSize,1769609788893000000,1769609848893000000,0
VFS.fileByIdCache.misses,1769609788893000000,1769609848893000000,0
VFS.contentStorage.recordsReadDecompressed,1769609788893000000,1769609848893000000,0
VFS.contentStorage.recordsStoredSize,1769609788893000000,1769609848893000000,0
VFS.contentStorage.recordsReadSize,1769609788893000000,1769609848893000000,0
FileNameCache.queries,1769609788893000000,1769609848893000000,0
VFS.contentStorage.recordsDecompressionTimeUs,1769609788893000000,1769609848893000000,0
VFS.contentStorage.recordsDeduplicated,1769609788893000000,1769609848893000000,0
VFS.contentStorage.recordsRead,1769609788893000000,1769609848893000000,0
VFS.contentStorage.recordsStored,1769609788893000000,1769609848893000000,0
VFS.invertedFileNameIndex.requests,1769609788893000000,1769609848893000000,0
VFS.contentStorage.recordsStoredCompressed,1769609788893000000,1769609848893000000,0
VFS.fileChildByName,1769609788893000000,1769609848893000000,0
VFS.fileByIdCache.hits,1769609788893000000,1769609848893000000,0
FileNameCache.totalMisses,1769609788893000000,1769609848893000000,0
workspaceModel.global.apply.state.to.project.builder.ms,1769609788893000000,1769609848893000000,0
workspaceModel.mutableEntityStorage.changeLog.addReplaceEventForRemovedParent.ms,1769609788893000000,1769609848893000000,0
jps.apply.loaded.storage.ms,1769609788893000000,1769609848893000000,0
jps.global.handle.changed.events.ms,1769609788893000000,1769609848893000000,0
jps.global.initialize.library.bridges.ms,1769609788893000000,1769609848893000000,0
jps.facet.change.listener.init.bridge.ms,1769609788893000000,1769609848893000000,0
workspaceModel.moduleManagerBridge.new.nonPersistent.module.ms,1769609788893000000,1769609848893000000,0
workspaceModel.mutableEntityStorage.changeLog.addReplaceEventForRemovedChild.ms,1769609788893000000,1769609848893000000,0
jps.module.iml.entities.serializer.load.entities.ms,1769609788893000000,1769609848893000000,0
workspaceModel.mutableEntityStorage.referrers.ms,1769609788893000000,1769609848893000000,0
jps.library.entities.serializer.load.entities.ms,1769609788893000000,1769609848893000000,0
workspaceModel.global.updates.ms,1769609788893000000,1769609848893000000,0
jps.project.serializers.save.ms,1769609788893000000,1769609848893000000,0
jps.artifact.entities.serializer.save.entities.ms,1769609788893000000,1769609848893000000,0
workspaceModel.moduleBridge.facet.initialization.ms,1769609788893000000,1769609848893000000,0
jps.save.changed.project.entities.ms,1769609788893000000,1769609848893000000,0
workspaceModel.load.cache.metadata.from.file.ms,1769609788893000000,1769609848893000000,0
workspaceModel.mutableEntityStorage.changeLog.addReplaceEventForNewParent.ms,1769609788893000000,1769609848893000000,0
workspaceModel.mutableEntityStorage.mutable.ext.mapping.ms,1769609788893000000,1769609848893000000,0
workspaceModel.global.updates.count,1769609788893000000,1769609848893000000,0
jps.module.dependency.index.workspace.model.listener.on.changed.ms,1769609788893000000,1769609848893000000,0
workspaceModel.sync.entities.ms,1769609788893000000,1769609848893000000,0
jps.facet.change.listener.process.change.events.ms,1769609788893000000,1769609848893000000,0
jps.global.get.libraries.ms,1769609788893000000,1769609848893000000,0
jps.app.storage.content.writer.save.component.ms,1769609788893000000,1769609848893000000,0
workspaceModel.global.apply.state.to.project.ms,1769609788893000000,1769609848893000000,0
workspaceModel.mutableEntityStorage.has.same.entities.ms,1769609788893000000,1769609848893000000,0
workspaceModel.moduleBridge.update.option.ms,1769609788893000000,1769609848893000000,0
jps.library.entities.serializer.save.entities.ms,1769609788893000000,1769609848893000000,0
jps.global.handle.before.change.events.ms,1769609788893000000,1769609848893000000,0
workspaceModel.mutableEntityStorage.collect.changes.ms,1769609788893000000,1769609848893000000,0
workspaceModel.mutableEntityStorage.replace.by.source.ms,1769609788893000000,1769609848893000000,0
workspaceModel.mutableEntityStorage.entities.by.source.ms,1769609788893000000,1769609848893000000,0
workspaceModel.mutableEntityStorage.changeLog.addReplaceEventForNewChild.ms,1769609788893000000,1769609848893000000,0
workspaceModel.orphan.listener.update.ms,1769609788893000000,1769609848893000000,0
workspaceModel.mutableEntityStorage.apply.changes.from.ms,1769609788893000000,1769609848893000000,0
workspaceModel.mutableEntityStorage.resolve.ms,1769609788893000000,1769609848893000000,0
jps.global.get.library.by.name.ms,1769609788893000000,1769609848893000000,0
jps.save.global.entities.ms,1769609788893000000,1769609848893000000,0
workspaceModel.moduleBridge.before.changed.ms,1769609788893000000,1769609848893000000,0
jps.global.get.library.ms,1769609788893000000,1769609848893000000,0
workspaceModel.moduleManagerBridge.create.module.instance.ms,1769609788893000000,1769609848893000000,0
jps.storage.jps.conf.reader.load.component.ms,1769609788893000000,1769609848893000000,0
workspaceModel.mutableEntityStorage.to.snapshot.ms,1769609788893000000,1769609848893000000,0
workspaceModel.do.save.caches.ms,1769609788893000000,1769609848893000000,0
workspaceModel.moduleManagerBridge.build.module.graph.ms,1769609788893000000,1769609848893000000,0
jps.reload.project.entities.ms,1769609788893000000,1769609848893000000,0
workspaceModel.delayed.project.synchronizer.sync.ms,1769609788893000000,1769609848893000000,0
workspaceModel.mutableEntityStorage.entities.ms,1769609788893000000,1769609848893000000,0
workspaceModel.moduleBridgeLoader.loading.modules.ms,1769609788893000000,1769609848893000000,0
workspaceModel.mutableEntityStorage.remove.entity.ms,1769609788893000000,1769609848893000000,0
jps.global.initialize.library.bridges.after.loading.ms,1769609788893000000,1769609848893000000,0
workspaceModel.save.cache.to.file.ms,1769609788893000000,1769609848893000000,0
jps.load.project.to.empty.storage.ms,1769609788893000000,1769609848893000000,0
jps.project.serializers.load.ms,1769609788893000000,1769609848893000000,0
workspaceModel.moduleManagerBridge.set.unloadedModules.ms,1769609788893000000,1769609848893000000,0
workspaceModel.mutableEntityStorage.modify.entity.ms,1769609788893000000,1769609848893000000,0
jps.artifact.entities.serializer.load.entities.ms,1769609788893000000,1769609848893000000,0
workspaceModel.mutableEntityStorage.add.entity.ms,1769609788893000000,1769609848893000000,0
workspaceModel.moduleManagerBridge.newModule.ms,1769609788893000000,1769609848893000000,0
workspaceModel.moduleManagerBridge.load.module.ms,1769609788893000000,1769609848893000000,0
workspaceModel.moduleManagerBridge.load.all.modules.ms,1769609788893000000,1769609848893000000,0
jps.module.iml.entities.serializer.save.entities.ms,1769609788893000000,1769609848893000000,0
workspaceModel.mutableEntityStorage.put.entity.ms,1769609788893000000,1769609848893000000,0
workspaceModel.mutableEntityStorage.instances.count,1769609788893000000,1769609848893000000,0
jps.load.initial.state.ms,1769609788893000000,1769609848893000000,0
workspaceModel.mutableEntityStorage.mutable.vfurl.index.ms,1769609788893000000,1769609848893000000,0
workspaceModel.load.cache.from.file.ms,1769609788893000000,1769609848893000000,0
jps.app.storage.content.reader.load.component.ms,1769609788893000000,1769609848893000000,0
workspaceModel.moduleManagerBridge.get.modules.ms,1769609788893000000,1769609848893000000,0
jps.facet.change.listener.before.change.events.ms,1769609788893000000,1769609848893000000,0
workspaceModel.workspaceFileIndexData.getFileInfo.ms,1769609788893000000,1769609848893000000,0
workspaceModel.init.bridges.ms,1769609788893000000,1769609848893000000,0
workspaceModel.cachedValueWithParameters.calculated.count,1769609788893000000,1769609848893000000,0
workspaceModel.cachedValue.total.get.count,1769609788893000000,1769609848893000000,0
workspaceModel.workspaceFileIndexData.onEntitiesChanged.ms,1769609788893000000,1769609848893000000,0
workspaceModel.workspaceFileIndexData.visitFileSets.ms,1769609788893000000,1769609848893000000,0
workspaceModel.updates.ms,1769609788893000000,1769609848893000000,0
workspaceModel.cachedValue.calculated.count,1769609788893000000,1769609848893000000,0
workspaceModel.workspaceFileIndexData.instances.count,1769609788893000000,1769609848893000000,0
workspaceModel.workspaceFileIndexData.init.ms,1769609788893000000,1769609848893000000,0
workspaceModel.cachedValueWithParameters.total.get.count,1769609788893000000,1769609848893000000,0
workspaceModel.collect.changes.ms,1769609788893000000,1769609848893000000,0
workspaceModel.entityStorageSnapshotImpl.instances.count,1769609788893000000,1769609848893000000,0
workspaceModel.initializing.ms,1769609788893000000,1769609848893000000,0
workspaceModel.replace.project.model.ms,1769609788893000000,1769609848893000000,0
workspaceModel.workspaceFileIndexData.getPackageName.ms,1769609788893000000,1769609848893000000,0
workspaceModel.cachedValueWithParameters.clear.count,1769609788893000000,1769609848893000000,0
workspaceModel.pre.handlers.ms,1769609788893000000,1769609848893000000,0
workspaceModel.cachedValue.from.cache.count,1769609788893000000,1769609848893000000,0
workspaceModel.updates.count,1769609788893000000,1769609848893000000,0
workspaceModel.loading.from.cache.ms,1769609788893000000,1769609848893000000,0
workspaceModel.check.recursive.update.ms,1769609788893000000,1769609848893000000,0
workspaceModel.workspaceFileIndexData.getDirectoriesByPackageName.ms,1769609788893000000,1769609848893000000,0
workspaceModel.cachedValue.clear.count,1769609788893000000,1769609848893000000,0
workspaceModel.workspaceFileIndexContributor.registerFileSets.ms,1769609788893000000,1769609848893000000,0
workspaceModel.workspaceFileIndexData.updateDirtyEntities.ms,1769609788893000000,1769609848893000000,0
workspaceModel.on.before.changed.ms,1769609788893000000,1769609848893000000,0
workspaceModel.workspaceFileIndexData.processFileSets.ms,1769609788893000000,1769609848893000000,0
workspaceModel.workspaceFileIndexData.markDirty.ms,1769609788893000000,1769609848893000000,0
workspaceModel.loading.total.ms,1769609788893000000,1769609848893000000,0
workspaceModel.cachedValueWithParameters.from.cache.count,1769609788893000000,1769609848893000000,0
workspaceModel.full.replace.project.model.ms,1769609788893000000,1769609848893000000,0
workspaceModel.to.snapshot.ms,1769609788893000000,1769609848893000000,0
workspaceModel.on.changed.ms,1769609788893000000,1769609848893000000,0
workspaceModel.update.unloaded.entities.ms,1769609788893000000,1769609848893000000,0
workspaceModel.updates.precise.ms,1769609788893000000,1769609848893000000,0
cacheStateStorage.set.counter,1769609788893000000,1769609848893000000,0
cacheStateStorage.get.duration,1769609788893000000,1769609848893000000,0
cacheStateStorage.set.duration,1769609788893000000,1769609848893000000,0
cacheStateStorage.get.counter,1769609788893000000,1769609848893000000,0
writeAction.max.wait.ms,1769609788893000000,1769609848893000000,2
writeAction.count,1769609788893000000,1769609848893000000,0
writeAction.median.wait.ms,1769609788893000000,1769609848893000000,0
DiskQueryRelay.tasksRequested,1769609788893000000,1769609848893000000,0
DiskQueryRelay.tasksExecuted,1769609788893000000,1769609848893000000,0
DiskQueryRelay.taskWaitingTotalTimeUs,1769609788893000000,1769609848893000000,0
writeAction.wait.ms,1769609788893000000,1769609848893000000,0
DiskQueryRelay.taskExecutionTotalTimeUs,1769609788893000000,1769609848893000000,0
FilePageCache.uncachedFileAccess,1769609788893000000,1769609848893000000,0
FilePageCacheLockFree.totalPagesWriteMs,1769609788893000000,1769609848893000000,0
FilePageCacheLockFree.totalPagesAllocated,1769609788893000000,1769609848893000000,0
FilePageCacheLockFree.totalHeapBytesReclaimed,1769609788893000000,1769609848893000000,0
DirectByteBufferAllocator.totalSizeOfBuffersAllocatedInBytes,1769609788893000000,1769609848893000000,172032000
StorageLockContext.competingThreads.avg,1769609788893000000,1769609848893000000,0.0
DirectByteBufferAllocator.totalSizeOfBuffersCachedInBytes,1769609788893000000,1769609848893000000,0
FilePageCache.pageFastCacheHits,1769609788893000000,1769609848893000000,0
DirectByteBufferAllocator.reclaimed,1769609788893000000,1769609848893000000,0
FileChannelInterruptsRetryer.totalRetriedAttempts,1769609788893000000,1769609848893000000,0
MappedFileStorage.totalBytesMapped,1769609788893000000,1769609848893000000,273940480
StreamlinedBlobStorage.totalLiveRecordsPayloadBytes,1769609788893000000,1769609848893000000,0
FilePageCacheLockFree.totalPageAllocationsWaited,1769609788893000000,1769609848893000000,0
FilePageCacheLockFree.totalNativeBytesReclaimed,1769609788893000000,1769609848893000000,0
MappedFileStorage.totalTimeSpentOnMappingUs,1769609788893000000,1769609848893000000,11057
StorageLockContext.competingThreads.90P,1769609788893000000,1769609848893000000,0
FilePageCacheLockFree.totalPagesWritten,1769609788893000000,1769609848893000000,0
DirectByteBufferAllocator.hits,1769609788893000000,1769609848893000000,0
FilePageCacheLockFree.totalClosedStoragesReclaimed,1769609788893000000,1769609848893000000,0
FilePageCacheLockFree.nativeBytesInUse,1769609788893000000,1769609848893000000,0
FilePageCacheLockFree.totalHeapBytesAllocated,1769609788893000000,1769609848893000000,0
FilePageCacheLockFree.totalPagesRequested,1769609788893000000,1769609848893000000,0
StorageLockContext.competingThreads.max,1769609788893000000,1769609848893000000,0
MappedFileStorage.storages,1769609788893000000,1769609848893000000,15
FilePageCacheLockFree.totalPagesHandedOver,1769609788893000000,1769609848893000000,0
FilePageCache.disposedBuffers,1769609788893000000,1769609848893000000,0
FilePageCacheLockFree.totalBytesRequested,1769609788893000000,1769609848893000000,0
FilePageCache.totalPageDisposalsUs,1769609788893000000,1769609848893000000,0
FilePageCacheLockFree.heapBytesInUse,1769609788893000000,1769609848893000000,0
FilePageCacheLockFree.totalPagesReadMs,1769609788893000000,1769609848893000000,0
FilePageCacheLockFree.housekeeperTurnsDone,1769609788893000000,1769609848893000000,0
DirectByteBufferAllocator.disposed,1769609788893000000,1769609848893000000,0
FilePageCache.pageLoads,1769609788893000000,1769609848893000000,0
FilePageCacheLockFree.totalNativeBytesAllocated,1769609788893000000,1769609848893000000,0
FilePageCacheLockFree.totalPagesReclaimed,1769609788893000000,1769609848893000000,0
FilePageCache.capacityInBytes,1769609788893000000,1769609848893000000,503316478
StreamlinedBlobStorage.recordsAllocated,1769609788893000000,1769609848893000000,0
FilePageCacheLockFree.totalBytesRead,1769609788893000000,1769609848893000000,0
StreamlinedBlobStorage.recordsDeleted,1769609788893000000,1769609848893000000,0
FilePageCache.pageHits,1769609788893000000,1769609848893000000,0
FilePageCache.maxRegisteredFiles,1769609788893000000,1769609848893000000,252
StreamlinedBlobStorage.totalLiveRecordsCapacityBytes,1769609788893000000,1769609848893000000,0
FilePageCacheLockFree.totalPagesRequestsMs,1769609788893000000,1769609848893000000,0
FilePageCacheLockFree.housekeeperTurnsSkipped,1769609788893000000,1769609848893000000,0
MappedFileStorage.totalPagesMapped,1769609788893000000,1769609848893000000,21
FilePageCache.pageLoadsAboveSizeThreshold,1769609788893000000,1769609848893000000,0
FilePageCacheLockFree.totalBytesWritten,1769609788893000000,1769609848893000000,0
FilePageCache.maxCacheSizeInBytes,1769609788893000000,1769609848893000000,172032000
FilePageCache.totalPageLoadsUs,1769609788893000000,1769609848893000000,0
DirectByteBufferAllocator.misses,1769609788893000000,1769609848893000000,0
StreamlinedBlobStorage.recordsRelocated,1769609788893000000,1769609848893000000,0
FilePageCacheLockFree.housekeeperTimeSpentMs,1769609788893000000,1769609848893000000,0
Indexing.cache.totalCacheEvicted,1769609848893000000,1769609908894000000,269
Indexing.writesQueuedMax,1769609848893000000,1769609908894000000,0
Indexes.stubs.lookups,1769609848893000000,1769609908894000000,0
Indexing.writer_2.totalTimeSpentWritingMs,1769609848893000000,1769609908894000000,0
Indexing.writer_3.totalTimeSpentWritingMs,1769609848893000000,1769609908894000000,0
Indexes.allKeys.lookupDurationMaxMs,1769609848893000000,1769609908894000000,0.0
Indexes.entries.lookupDurationMaxMs,1769609848893000000,1769609908894000000,0.0
Indexing.writer_1.totalTimeSpentWritingMs,1769609848893000000,1769609908894000000,0
Indexing.writer_0.totalTimeSpentWritingMs,1769609848893000000,1769609908894000000,0
Indexes.allKeys.lookups,1769609848893000000,1769609908894000000,3
Indexes.entries.lookups,1769609848893000000,1769609908894000000,0
Indexing.cache.totalCacheAccesses,1769609848893000000,1769609908894000000,271
Indexes.entries.lookupDuration90PMs,1769609848893000000,1769609908894000000,0.0
IndexesFlusher.totalFlushingTimeUs,1769609848893000000,1769609908894000000,35926
Indexing.totalTimeIndexersSleptMs,1769609848893000000,1769609908894000000,0
IndexesFlusher.totalContentionQuotaSpent,1769609848893000000,1769609908894000000,0
Indexes.allKeys.lookupDuration90PMs,1769609848893000000,1769609908894000000,0.0
Indexes.entries.lookupDurationAvgMs,1769609848893000000,1769609908894000000,0.0
IndexesFlusher.totalFlushes,1769609848893000000,1769609908894000000,120
Indexes.stubs.lookupDurationMaxMs,1769609848893000000,1769609908894000000,0.0
Indexes.stubs.lookupDuration90PMs,1769609848893000000,1769609908894000000,0.0
Indexing.cache.totalCacheMisses,1769609848893000000,1769609908894000000,269
Indexes.stubs.lookupDurationAvgMs,1769609848893000000,1769609908894000000,0.0
IndexesFlusher.totalFlushesRetried,1769609848893000000,1769609908894000000,0
Indexes.allKeys.lookupDurationAvgMs,1769609848893000000,1769609908894000000,0.0
Indexing.writesQueuedMin,1769609848893000000,1769609908894000000,9223372036854775807
JVM.maxThreadCount,1769609848893000000,1769609908894000000,148
JVM.GC.collectionTimesMs,1769609848893000000,1769609908894000000,9
JVM.GC.collections,1769609848893000000,1769609908894000000,1
OS.loadAverage,1769609848893000000,1769609908894000000,1.69677734375
JVM.totalSafepointCount,1769609848893000000,1769609908894000000,38
JVM.threadCount,1769609848893000000,1769609908894000000,73
JVM.totalTimeAtSafepointsMs,1769609848893000000,1769609908894000000,11
JVM.newThreadsCount,1769609848893000000,1769609908894000000,26
JVM.totalBytesAllocated,1769609848893000000,1769609908894000000,437703312
JVM.totalCpuTimeMs,1769609848893000000,1769609908894000000,9150
JVM.usedNativeBytes,1769609848893000000,1769609908894000000,401468584
JVM.maxHeapBytes,1769609848893000000,1769609908894000000,4196401152
JVM.totalDirectByteBuffersBytes,1769609848893000000,1769609908894000000,173016493
JVM.totalTimeToSafepointsMs,1769609848893000000,1769609908894000000,2
JVM.usedHeapBytes,1769609848893000000,1769609908894000000,609182400
AWTEventQueue.dispatchTimeTotalNS,1769609848893000000,1769609908894000000,1047366894
FlushQueue.executionTimeAvgNs,1769609848893000000,1769609908894000000,0.0
NonBlockingReadAction.failedExecutionTimeUs,1769609848893000000,1769609908894000000,137
FlushQueue.queueSizeMax,1769609848893000000,1769609908894000000,0
ReadAction.executionsCount,1769609848893000000,1769609908894000000,61401
FlushQueue.waitingTimeAvgNs,1769609848893000000,1769609908894000000,0.0
AWTEventQueue.dispatchTimeMaxNs,1769609848893000000,1769609908894000000,0
FlushQueue.tasksExecuted,1769609848893000000,1769609908894000000,0
WriteAction.executionsCount,1769609848893000000,1769609908894000000,5
AWTEventQueue.dispatchTimeAvgNs,1769609848893000000,1769609908894000000,0.0
NonBlockingReadAction.finalizedExecutionsCount,1769609848893000000,1769609908894000000,378
AWTEventQueue.eventsDispatched,1769609848893000000,1769609908894000000,0
FlushQueue.queueSizeAvg,1769609848893000000,1769609908894000000,0.0
FlushQueue.executionTimeMaxNs,1769609848893000000,1769609908894000000,0
NonBlockingReadAction.finalizedExecutionTimeUs,1769609848893000000,1769609908894000000,76145
NonBlockingReadAction.failedExecutionsCount,1769609848893000000,1769609908894000000,1
FlushQueue.queueSize90P,1769609848893000000,1769609908894000000,0
FlushQueue.waitingTime90PNs,1769609848893000000,1769609908894000000,0
AWTEventQueue.dispatchTime90PNs,1769609848893000000,1769609908894000000,0
FlushQueue.waitingTimeMaxNs,1769609848893000000,1769609908894000000,0
FlushQueue.executionTime90PNs,1769609848893000000,1769609908894000000,0
VFS.contentStorage.recordsUncompressedSize,1769609848893000000,1769609908894000000,0
VFS.fileByIdCache.misses,1769609848893000000,1769609908894000000,0
VFS.contentStorage.recordsReadDecompressed,1769609848893000000,1769609908894000000,6
VFS.contentStorage.recordsStoredSize,1769609848893000000,1769609908894000000,0
VFS.contentStorage.recordsReadSize,1769609848893000000,1769609908894000000,108067
FileNameCache.queries,1769609848893000000,1769609908894000000,19072
VFS.contentStorage.recordsDecompressionTimeUs,1769609848893000000,1769609908894000000,107
VFS.contentStorage.recordsDeduplicated,1769609848893000000,1769609908894000000,0
VFS.contentStorage.recordsRead,1769609848893000000,1769609908894000000,13
VFS.contentStorage.recordsStored,1769609848893000000,1769609908894000000,0
VFS.invertedFileNameIndex.requests,1769609848893000000,1769609908894000000,0
VFS.contentStorage.recordsStoredCompressed,1769609848893000000,1769609908894000000,0
VFS.fileChildByName,1769609848893000000,1769609908894000000,9157
VFS.fileByIdCache.hits,1769609848893000000,1769609908894000000,0
FileNameCache.totalMisses,1769609848893000000,1769609908894000000,0
workspaceModel.global.apply.state.to.project.builder.ms,1769609848893000000,1769609908894000000,0
workspaceModel.mutableEntityStorage.changeLog.addReplaceEventForRemovedParent.ms,1769609848893000000,1769609908894000000,0
jps.apply.loaded.storage.ms,1769609848893000000,1769609908894000000,0
jps.global.handle.changed.events.ms,1769609848893000000,1769609908894000000,0
jps.global.initialize.library.bridges.ms,1769609848893000000,1769609908894000000,0
jps.facet.change.listener.init.bridge.ms,1769609848893000000,1769609908894000000,0
workspaceModel.moduleManagerBridge.new.nonPersistent.module.ms,1769609848893000000,1769609908894000000,0
workspaceModel.mutableEntityStorage.changeLog.addReplaceEventForRemovedChild.ms,1769609848893000000,1769609908894000000,0
jps.module.iml.entities.serializer.load.entities.ms,1769609848893000000,1769609908894000000,0
workspaceModel.mutableEntityStorage.referrers.ms,1769609848893000000,1769609908894000000,0
jps.library.entities.serializer.load.entities.ms,1769609848893000000,1769609908894000000,0
workspaceModel.global.updates.ms,1769609848893000000,1769609908894000000,0
jps.project.serializers.save.ms,1769609848893000000,1769609908894000000,0
jps.artifact.entities.serializer.save.entities.ms,1769609848893000000,1769609908894000000,0
workspaceModel.moduleBridge.facet.initialization.ms,1769609848893000000,1769609908894000000,0
jps.save.changed.project.entities.ms,1769609848893000000,1769609908894000000,0
workspaceModel.load.cache.metadata.from.file.ms,1769609848893000000,1769609908894000000,0
workspaceModel.mutableEntityStorage.changeLog.addReplaceEventForNewParent.ms,1769609848893000000,1769609908894000000,0
workspaceModel.mutableEntityStorage.mutable.ext.mapping.ms,1769609848893000000,1769609908894000000,0
workspaceModel.global.updates.count,1769609848893000000,1769609908894000000,0
jps.module.dependency.index.workspace.model.listener.on.changed.ms,1769609848893000000,1769609908894000000,0
workspaceModel.sync.entities.ms,1769609848893000000,1769609908894000000,0
jps.facet.change.listener.process.change.events.ms,1769609848893000000,1769609908894000000,0
jps.global.get.libraries.ms,1769609848893000000,1769609908894000000,0
jps.app.storage.content.writer.save.component.ms,1769609848893000000,1769609908894000000,1
workspaceModel.global.apply.state.to.project.ms,1769609848893000000,1769609908894000000,0
workspaceModel.mutableEntityStorage.has.same.entities.ms,1769609848893000000,1769609908894000000,0
workspaceModel.moduleBridge.update.option.ms,1769609848893000000,1769609908894000000,0
jps.library.entities.serializer.save.entities.ms,1769609848893000000,1769609908894000000,0
jps.global.handle.before.change.events.ms,1769609848893000000,1769609908894000000,0
workspaceModel.mutableEntityStorage.collect.changes.ms,1769609848893000000,1769609908894000000,0
workspaceModel.mutableEntityStorage.replace.by.source.ms,1769609848893000000,1769609908894000000,0
workspaceModel.mutableEntityStorage.entities.by.source.ms,1769609848893000000,1769609908894000000,0
workspaceModel.mutableEntityStorage.changeLog.addReplaceEventForNewChild.ms,1769609848893000000,1769609908894000000,0
workspaceModel.orphan.listener.update.ms,1769609848893000000,1769609908894000000,0
workspaceModel.mutableEntityStorage.apply.changes.from.ms,1769609848893000000,1769609908894000000,0
workspaceModel.mutableEntityStorage.resolve.ms,1769609848893000000,1769609908894000000,0
jps.global.get.library.by.name.ms,1769609848893000000,1769609908894000000,0
jps.save.global.entities.ms,1769609848893000000,1769609908894000000,2
workspaceModel.moduleBridge.before.changed.ms,1769609848893000000,1769609908894000000,0
jps.global.get.library.ms,1769609848893000000,1769609908894000000,0
workspaceModel.moduleManagerBridge.create.module.instance.ms,1769609848893000000,1769609908894000000,0
jps.storage.jps.conf.reader.load.component.ms,1769609848893000000,1769609908894000000,0
workspaceModel.mutableEntityStorage.to.snapshot.ms,1769609848893000000,1769609908894000000,0
workspaceModel.do.save.caches.ms,1769609848893000000,1769609908894000000,0
workspaceModel.moduleManagerBridge.build.module.graph.ms,1769609848893000000,1769609908894000000,0
jps.reload.project.entities.ms,1769609848893000000,1769609908894000000,0
workspaceModel.delayed.project.synchronizer.sync.ms,1769609848893000000,1769609908894000000,0
workspaceModel.mutableEntityStorage.entities.ms,1769609848893000000,1769609908894000000,0
workspaceModel.moduleBridgeLoader.loading.modules.ms,1769609848893000000,1769609908894000000,0
workspaceModel.mutableEntityStorage.remove.entity.ms,1769609848893000000,1769609908894000000,0
jps.global.initialize.library.bridges.after.loading.ms,1769609848893000000,1769609908894000000,0
workspaceModel.save.cache.to.file.ms,1769609848893000000,1769609908894000000,0
jps.load.project.to.empty.storage.ms,1769609848893000000,1769609908894000000,0
jps.project.serializers.load.ms,1769609848893000000,1769609908894000000,0
workspaceModel.moduleManagerBridge.set.unloadedModules.ms,1769609848893000000,1769609908894000000,0
workspaceModel.mutableEntityStorage.modify.entity.ms,1769609848893000000,1769609908894000000,0
jps.artifact.entities.serializer.load.entities.ms,1769609848893000000,1769609908894000000,0
workspaceModel.mutableEntityStorage.add.entity.ms,1769609848893000000,1769609908894000000,0
workspaceModel.moduleManagerBridge.newModule.ms,1769609848893000000,1769609908894000000,0
workspaceModel.moduleManagerBridge.load.module.ms,1769609848893000000,1769609908894000000,0
workspaceModel.moduleManagerBridge.load.all.modules.ms,1769609848893000000,1769609908894000000,0
jps.module.iml.entities.serializer.save.entities.ms,1769609848893000000,1769609908894000000,0
workspaceModel.mutableEntityStorage.put.entity.ms,1769609848893000000,1769609908894000000,0
workspaceModel.mutableEntityStorage.instances.count,1769609848893000000,1769609908894000000,0
jps.load.initial.state.ms,1769609848893000000,1769609908894000000,0
workspaceModel.mutableEntityStorage.mutable.vfurl.index.ms,1769609848893000000,1769609908894000000,0
workspaceModel.load.cache.from.file.ms,1769609848893000000,1769609908894000000,0
jps.app.storage.content.reader.load.component.ms,1769609848893000000,1769609908894000000,0
workspaceModel.moduleManagerBridge.get.modules.ms,1769609848893000000,1769609908894000000,0
jps.facet.change.listener.before.change.events.ms,1769609848893000000,1769609908894000000,0
workspaceModel.workspaceFileIndexData.getFileInfo.ms,1769609848893000000,1769609908894000000,1
workspaceModel.init.bridges.ms,1769609848893000000,1769609908894000000,0
workspaceModel.cachedValueWithParameters.calculated.count,1769609848893000000,1769609908894000000,0
workspaceModel.cachedValue.total.get.count,1769609848893000000,1769609908894000000,230
workspaceModel.workspaceFileIndexData.onEntitiesChanged.ms,1769609848893000000,1769609908894000000,0
workspaceModel.workspaceFileIndexData.visitFileSets.ms,1769609848893000000,1769609908894000000,0
workspaceModel.updates.ms,1769609848893000000,1769609908894000000,0
workspaceModel.cachedValue.calculated.count,1769609848893000000,1769609908894000000,0
workspaceModel.workspaceFileIndexData.instances.count,1769609848893000000,1769609908894000000,0
workspaceModel.workspaceFileIndexData.init.ms,1769609848893000000,1769609908894000000,0
workspaceModel.cachedValueWithParameters.total.get.count,1769609848893000000,1769609908894000000,0
workspaceModel.collect.changes.ms,1769609848893000000,1769609908894000000,0
workspaceModel.entityStorageSnapshotImpl.instances.count,1769609848893000000,1769609908894000000,0
workspaceModel.initializing.ms,1769609848893000000,1769609908894000000,0
workspaceModel.replace.project.model.ms,1769609848893000000,1769609908894000000,0
workspaceModel.workspaceFileIndexData.getPackageName.ms,1769609848893000000,1769609908894000000,0
workspaceModel.cachedValueWithParameters.clear.count,1769609848893000000,1769609908894000000,0
workspaceModel.pre.handlers.ms,1769609848893000000,1769609908894000000,0
workspaceModel.cachedValue.from.cache.count,1769609848893000000,1769609908894000000,230
workspaceModel.updates.count,1769609848893000000,1769609908894000000,0
workspaceModel.loading.from.cache.ms,1769609848893000000,1769609908894000000,0
workspaceModel.check.recursive.update.ms,1769609848893000000,1769609908894000000,0
workspaceModel.workspaceFileIndexData.getDirectoriesByPackageName.ms,1769609848893000000,1769609908894000000,0
workspaceModel.cachedValue.clear.count,1769609848893000000,1769609908894000000,0
workspaceModel.workspaceFileIndexContributor.registerFileSets.ms,1769609848893000000,1769609908894000000,0
workspaceModel.workspaceFileIndexData.updateDirtyEntities.ms,1769609848893000000,1769609908894000000,0
workspaceModel.on.before.changed.ms,1769609848893000000,1769609908894000000,0
workspaceModel.workspaceFileIndexData.processFileSets.ms,1769609848893000000,1769609908894000000,0
workspaceModel.workspaceFileIndexData.markDirty.ms,1769609848893000000,1769609908894000000,0
workspaceModel.loading.total.ms,1769609848893000000,1769609908894000000,0
workspaceModel.cachedValueWithParameters.from.cache.count,1769609848893000000,1769609908894000000,0
workspaceModel.full.replace.project.model.ms,1769609848893000000,1769609908894000000,0
workspaceModel.to.snapshot.ms,1769609848893000000,1769609908894000000,0
workspaceModel.on.changed.ms,1769609848893000000,1769609908894000000,0
workspaceModel.update.unloaded.entities.ms,1769609848893000000,1769609908894000000,0
workspaceModel.updates.precise.ms,1769609848893000000,1769609908894000000,0
cacheStateStorage.set.counter,1769609848893000000,1769609908894000000,4
cacheStateStorage.get.duration,1769609848893000000,1769609908894000000,3
cacheStateStorage.set.duration,1769609848893000000,1769609908894000000,0
cacheStateStorage.get.counter,1769609848893000000,1769609908894000000,1
lexer.XML.time.ns,1769609848893000000,1769609908894000000,276671
parser.XML.size.bytes,1769609848893000000,1769609908894000000,45
parser.RELAX-NG.time.ns,1769609848893000000,1769609908894000000,34918772
writeAction.max.wait.ms,1769609848893000000,1769609908894000000,2
lexer.RELAX-NG.size.bytes,1769609848893000000,1769609908894000000,100864
parser.RELAX-NG.size.bytes,1769609848893000000,1769609908894000000,100864
parser.XML.time.ns,1769609848893000000,1769609908894000000,3828469
lexer.Python.size.bytes,1769609848893000000,1769609908894000000,737
writeAction.count,1769609848893000000,1769609908894000000,5
parser.Python.size.bytes,1769609848893000000,1769609908894000000,737
writeAction.median.wait.ms,1769609848893000000,1769609908894000000,0
DiskQueryRelay.tasksRequested,1769609848893000000,1769609908894000000,49
lexer.XML.size.bytes,1769609848893000000,1769609908894000000,45
lexer.Python.time.ns,1769609848893000000,1769609908894000000,222209
parser.HTML.size.bytes,1769609848893000000,1769609908894000000,6540
DiskQueryRelay.tasksExecuted,1769609848893000000,1769609908894000000,49
DiskQueryRelay.taskWaitingTotalTimeUs,1769609848893000000,1769609908894000000,1646
lexer.RELAX-NG.time.ns,1769609848893000000,1769609908894000000,39045154
lexer.HTML.time.ns,1769609848893000000,1769609908894000000,1237305
writeAction.wait.ms,1769609848893000000,1769609908894000000,0
parser.Python.time.ns,1769609848893000000,1769609908894000000,644846
DiskQueryRelay.taskExecutionTotalTimeUs,1769609848893000000,1769609908894000000,1010
parser.HTML.time.ns,1769609848893000000,1769609908894000000,1881049
lexer.HTML.size.bytes,1769609848893000000,1769609908894000000,6540
FilePageCache.uncachedFileAccess,1769609848893000000,1769609908894000000,7
FilePageCacheLockFree.totalPagesWriteMs,1769609848893000000,1769609908894000000,0
FilePageCacheLockFree.totalPagesAllocated,1769609848893000000,1769609908894000000,0
FilePageCacheLockFree.totalHeapBytesReclaimed,1769609848893000000,1769609908894000000,0
DirectByteBufferAllocator.totalSizeOfBuffersAllocatedInBytes,1769609848893000000,1769609908894000000,172032000
StorageLockContext.competingThreads.avg,1769609848893000000,1769609908894000000,0.0
DirectByteBufferAllocator.totalSizeOfBuffersCachedInBytes,1769609848893000000,1769609908894000000,0
FilePageCache.pageFastCacheHits,1769609848893000000,1769609908894000000,779
DirectByteBufferAllocator.reclaimed,1769609848893000000,1769609908894000000,0
FileChannelInterruptsRetryer.totalRetriedAttempts,1769609848893000000,1769609908894000000,0
MappedFileStorage.totalBytesMapped,1769609848893000000,1769609908894000000,273940480
StreamlinedBlobStorage.totalLiveRecordsPayloadBytes,1769609848893000000,1769609908894000000,29
FilePageCacheLockFree.totalPageAllocationsWaited,1769609848893000000,1769609908894000000,0
FilePageCacheLockFree.totalNativeBytesReclaimed,1769609848893000000,1769609908894000000,0
MappedFileStorage.totalTimeSpentOnMappingUs,1769609848893000000,1769609908894000000,11057
StorageLockContext.competingThreads.90P,1769609848893000000,1769609908894000000,0
FilePageCacheLockFree.totalPagesWritten,1769609848893000000,1769609908894000000,0
DirectByteBufferAllocator.hits,1769609848893000000,1769609908894000000,0
FilePageCacheLockFree.totalClosedStoragesReclaimed,1769609848893000000,1769609908894000000,0
FilePageCacheLockFree.nativeBytesInUse,1769609848893000000,1769609908894000000,0
FilePageCacheLockFree.totalHeapBytesAllocated,1769609848893000000,1769609908894000000,0
FilePageCacheLockFree.totalPagesRequested,1769609848893000000,1769609908894000000,0
StorageLockContext.competingThreads.max,1769609848893000000,1769609908894000000,0
MappedFileStorage.storages,1769609848893000000,1769609908894000000,15
FilePageCacheLockFree.totalPagesHandedOver,1769609848893000000,1769609908894000000,0
FilePageCache.disposedBuffers,1769609848893000000,1769609908894000000,0
FilePageCacheLockFree.totalBytesRequested,1769609848893000000,1769609908894000000,0
FilePageCache.totalPageDisposalsUs,1769609848893000000,1769609908894000000,0
FilePageCacheLockFree.heapBytesInUse,1769609848893000000,1769609908894000000,0
FilePageCacheLockFree.totalPagesReadMs,1769609848893000000,1769609908894000000,0
FilePageCacheLockFree.housekeeperTurnsDone,1769609848893000000,1769609908894000000,0
DirectByteBufferAllocator.disposed,1769609848893000000,1769609908894000000,0
FilePageCache.pageLoads,1769609848893000000,1769609908894000000,0
FilePageCacheLockFree.totalNativeBytesAllocated,1769609848893000000,1769609908894000000,0
FilePageCacheLockFree.totalPagesReclaimed,1769609848893000000,1769609908894000000,0
FilePageCache.capacityInBytes,1769609848893000000,1769609908894000000,503316478
StreamlinedBlobStorage.recordsAllocated,1769609848893000000,1769609908894000000,1
FilePageCacheLockFree.totalBytesRead,1769609848893000000,1769609908894000000,0
StreamlinedBlobStorage.recordsDeleted,1769609848893000000,1769609908894000000,0
FilePageCache.pageHits,1769609848893000000,1769609908894000000,17
FilePageCache.maxRegisteredFiles,1769609848893000000,1769609908894000000,252
StreamlinedBlobStorage.totalLiveRecordsCapacityBytes,1769609848893000000,1769609908894000000,70
FilePageCacheLockFree.totalPagesRequestsMs,1769609848893000000,1769609908894000000,0
FilePageCacheLockFree.housekeeperTurnsSkipped,1769609848893000000,1769609908894000000,0
MappedFileStorage.totalPagesMapped,1769609848893000000,1769609908894000000,21
FilePageCache.pageLoadsAboveSizeThreshold,1769609848893000000,1769609908894000000,0
FilePageCacheLockFree.totalBytesWritten,1769609848893000000,1769609908894000000,0
FilePageCache.maxCacheSizeInBytes,1769609848893000000,1769609908894000000,172032000
FilePageCache.totalPageLoadsUs,1769609848893000000,1769609908894000000,0
DirectByteBufferAllocator.misses,1769609848893000000,1769609908894000000,0
StreamlinedBlobStorage.recordsRelocated,1769609848893000000,1769609908894000000,0
FilePageCacheLockFree.housekeeperTimeSpentMs,1769609848893000000,1769609908894000000,0
Indexing.cache.totalCacheEvicted,1769609908894000000,1769609968894000000,26
Indexing.writesQueuedMax,1769609908894000000,1769609968894000000,0
Indexes.stubs.lookups,1769609908894000000,1769609968894000000,0
Indexing.writer_2.totalTimeSpentWritingMs,1769609908894000000,1769609968894000000,0
Indexing.writer_3.totalTimeSpentWritingMs,1769609908894000000,1769609968894000000,0
Indexes.allKeys.lookupDurationMaxMs,1769609908894000000,1769609968894000000,0.0
Indexes.entries.lookupDurationMaxMs,1769609908894000000,1769609968894000000,0.0
Indexing.writer_1.totalTimeSpentWritingMs,1769609908894000000,1769609968894000000,0
Indexing.writer_0.totalTimeSpentWritingMs,1769609908894000000,1769609968894000000,0
Indexes.allKeys.lookups,1769609908894000000,1769609968894000000,11
Indexes.entries.lookups,1769609908894000000,1769609968894000000,0
Indexing.cache.totalCacheAccesses,1769609908894000000,1769609968894000000,29
Indexes.entries.lookupDuration90PMs,1769609908894000000,1769609968894000000,0.0
IndexesFlusher.totalFlushingTimeUs,1769609908894000000,1769609968894000000,35457
Indexing.totalTimeIndexersSleptMs,1769609908894000000,1769609968894000000,0
IndexesFlusher.totalContentionQuotaSpent,1769609908894000000,1769609968894000000,0
Indexes.allKeys.lookupDuration90PMs,1769609908894000000,1769609968894000000,0.0
Indexes.entries.lookupDurationAvgMs,1769609908894000000,1769609968894000000,0.0
IndexesFlusher.totalFlushes,1769609908894000000,1769609968894000000,120
Indexes.stubs.lookupDurationMaxMs,1769609908894000000,1769609968894000000,0.0
Indexes.stubs.lookupDuration90PMs,1769609908894000000,1769609968894000000,0.0
Indexing.cache.totalCacheMisses,1769609908894000000,1769609968894000000,26
Indexes.stubs.lookupDurationAvgMs,1769609908894000000,1769609968894000000,0.0
IndexesFlusher.totalFlushesRetried,1769609908894000000,1769609968894000000,0
Indexes.allKeys.lookupDurationAvgMs,1769609908894000000,1769609968894000000,0.0
Indexing.writesQueuedMin,1769609908894000000,1769609968894000000,9223372036854775807
JVM.maxThreadCount,1769609908894000000,1769609968894000000,148
JVM.GC.collectionTimesMs,1769609908894000000,1769609968894000000,13
JVM.GC.collections,1769609908894000000,1769609968894000000,1
OS.loadAverage,1769609908894000000,1769609968894000000,1.69384765625
JVM.totalSafepointCount,1769609908894000000,1769609968894000000,59
JVM.threadCount,1769609908894000000,1769609968894000000,71
JVM.totalTimeAtSafepointsMs,1769609908894000000,1769609968894000000,16
JVM.newThreadsCount,1769609908894000000,1769609968894000000,1
JVM.totalBytesAllocated,1769609908894000000,1769609968894000000,621160672
JVM.totalCpuTimeMs,1769609908894000000,1769609968894000000,15300
JVM.usedNativeBytes,1769609908894000000,1769609968894000000,434952952
JVM.maxHeapBytes,1769609908894000000,1769609968894000000,4196401152
JVM.totalDirectByteBuffersBytes,1769609908894000000,1769609968894000000,174070521
JVM.totalTimeToSafepointsMs,1769609908894000000,1769609968894000000,0
JVM.usedHeapBytes,1769609908894000000,1769609968894000000,667384208
AWTEventQueue.dispatchTimeTotalNS,1769609908894000000,1769609968894000000,3090218685
FlushQueue.executionTimeAvgNs,1769609908894000000,1769609968894000000,0.0
NonBlockingReadAction.failedExecutionTimeUs,1769609908894000000,1769609968894000000,418
FlushQueue.queueSizeMax,1769609908894000000,1769609968894000000,0
ReadAction.executionsCount,1769609908894000000,1769609968894000000,234216
FlushQueue.waitingTimeAvgNs,1769609908894000000,1769609968894000000,0.0
AWTEventQueue.dispatchTimeMaxNs,1769609908894000000,1769609968894000000,21631
FlushQueue.tasksExecuted,1769609908894000000,1769609968894000000,0
WriteAction.executionsCount,1769609908894000000,1769609968894000000,172
AWTEventQueue.dispatchTimeAvgNs,1769609908894000000,1769609968894000000,21568.0
NonBlockingReadAction.finalizedExecutionsCount,1769609908894000000,1769609968894000000,1313
AWTEventQueue.eventsDispatched,1769609908894000000,1769609968894000000,1
FlushQueue.queueSizeAvg,1769609908894000000,1769609968894000000,0.0
FlushQueue.executionTimeMaxNs,1769609908894000000,1769609968894000000,0
NonBlockingReadAction.finalizedExecutionTimeUs,1769609908894000000,1769609968894000000,398280
NonBlockingReadAction.failedExecutionsCount,1769609908894000000,1769609968894000000,3
FlushQueue.queueSize90P,1769609908894000000,1769609968894000000,0
FlushQueue.waitingTime90PNs,1769609908894000000,1769609968894000000,0
AWTEventQueue.dispatchTime90PNs,1769609908894000000,1769609968894000000,21631
FlushQueue.waitingTimeMaxNs,1769609908894000000,1769609968894000000,0
FlushQueue.executionTime90PNs,1769609908894000000,1769609968894000000,0
VFS.contentStorage.recordsUncompressedSize,1769609908894000000,1769609968894000000,2437
VFS.fileByIdCache.misses,1769609908894000000,1769609968894000000,0
VFS.contentStorage.recordsReadDecompressed,1769609908894000000,1769609968894000000,2
VFS.contentStorage.recordsStoredSize,1769609908894000000,1769609968894000000,2437
VFS.contentStorage.recordsReadSize,1769609908894000000,1769609968894000000,49727
FileNameCache.queries,1769609908894000000,1769609968894000000,30144
VFS.contentStorage.recordsDecompressionTimeUs,1769609908894000000,1769609968894000000,44
VFS.contentStorage.recordsDeduplicated,1769609908894000000,1769609968894000000,0
VFS.contentStorage.recordsRead,1769609908894000000,1769609968894000000,15
VFS.contentStorage.recordsStored,1769609908894000000,1769609968894000000,1
VFS.invertedFileNameIndex.requests,1769609908894000000,1769609968894000000,0
VFS.contentStorage.recordsStoredCompressed,1769609908894000000,1769609968894000000,0
VFS.fileChildByName,1769609908894000000,1769609968894000000,22193
VFS.fileByIdCache.hits,1769609908894000000,1769609968894000000,0
FileNameCache.totalMisses,1769609908894000000,1769609968894000000,0
workspaceModel.global.apply.state.to.project.builder.ms,1769609908894000000,1769609968894000000,0
workspaceModel.mutableEntityStorage.changeLog.addReplaceEventForRemovedParent.ms,1769609908894000000,1769609968894000000,0
jps.apply.loaded.storage.ms,1769609908894000000,1769609968894000000,0
jps.global.handle.changed.events.ms,1769609908894000000,1769609968894000000,0
jps.global.initialize.library.bridges.ms,1769609908894000000,1769609968894000000,0
jps.facet.change.listener.init.bridge.ms,1769609908894000000,1769609968894000000,0
workspaceModel.moduleManagerBridge.new.nonPersistent.module.ms,1769609908894000000,1769609968894000000,0
workspaceModel.mutableEntityStorage.changeLog.addReplaceEventForRemovedChild.ms,1769609908894000000,1769609968894000000,0
jps.module.iml.entities.serializer.load.entities.ms,1769609908894000000,1769609968894000000,0
workspaceModel.mutableEntityStorage.referrers.ms,1769609908894000000,1769609968894000000,0
jps.library.entities.serializer.load.entities.ms,1769609908894000000,1769609968894000000,0
workspaceModel.global.updates.ms,1769609908894000000,1769609968894000000,0
jps.project.serializers.save.ms,1769609908894000000,1769609968894000000,0
jps.artifact.entities.serializer.save.entities.ms,1769609908894000000,1769609968894000000,0
workspaceModel.moduleBridge.facet.initialization.ms,1769609908894000000,1769609968894000000,0
jps.save.changed.project.entities.ms,1769609908894000000,1769609968894000000,0
workspaceModel.load.cache.metadata.from.file.ms,1769609908894000000,1769609968894000000,0
workspaceModel.mutableEntityStorage.changeLog.addReplaceEventForNewParent.ms,1769609908894000000,1769609968894000000,0
workspaceModel.mutableEntityStorage.mutable.ext.mapping.ms,1769609908894000000,1769609968894000000,0
workspaceModel.global.updates.count,1769609908894000000,1769609968894000000,0
jps.module.dependency.index.workspace.model.listener.on.changed.ms,1769609908894000000,1769609968894000000,0
workspaceModel.sync.entities.ms,1769609908894000000,1769609968894000000,0
jps.facet.change.listener.process.change.events.ms,1769609908894000000,1769609968894000000,0
jps.global.get.libraries.ms,1769609908894000000,1769609968894000000,0
jps.app.storage.content.writer.save.component.ms,1769609908894000000,1769609968894000000,1
workspaceModel.global.apply.state.to.project.ms,1769609908894000000,1769609968894000000,0
workspaceModel.mutableEntityStorage.has.same.entities.ms,1769609908894000000,1769609968894000000,0
workspaceModel.moduleBridge.update.option.ms,1769609908894000000,1769609968894000000,0
jps.library.entities.serializer.save.entities.ms,1769609908894000000,1769609968894000000,0
jps.global.handle.before.change.events.ms,1769609908894000000,1769609968894000000,0
workspaceModel.mutableEntityStorage.collect.changes.ms,1769609908894000000,1769609968894000000,0
workspaceModel.mutableEntityStorage.replace.by.source.ms,1769609908894000000,1769609968894000000,0
workspaceModel.mutableEntityStorage.entities.by.source.ms,1769609908894000000,1769609968894000000,0
workspaceModel.mutableEntityStorage.changeLog.addReplaceEventForNewChild.ms,1769609908894000000,1769609968894000000,0
workspaceModel.orphan.listener.update.ms,1769609908894000000,1769609968894000000,0
workspaceModel.mutableEntityStorage.apply.changes.from.ms,1769609908894000000,1769609968894000000,0
workspaceModel.mutableEntityStorage.resolve.ms,1769609908894000000,1769609968894000000,0
jps.global.get.library.by.name.ms,1769609908894000000,1769609968894000000,0
jps.save.global.entities.ms,1769609908894000000,1769609968894000000,2
workspaceModel.moduleBridge.before.changed.ms,1769609908894000000,1769609968894000000,0
jps.global.get.library.ms,1769609908894000000,1769609968894000000,0
workspaceModel.moduleManagerBridge.create.module.instance.ms,1769609908894000000,1769609968894000000,0
jps.storage.jps.conf.reader.load.component.ms,1769609908894000000,1769609968894000000,0
workspaceModel.mutableEntityStorage.to.snapshot.ms,1769609908894000000,1769609968894000000,0
workspaceModel.do.save.caches.ms,1769609908894000000,1769609968894000000,0
workspaceModel.moduleManagerBridge.build.module.graph.ms,1769609908894000000,1769609968894000000,0
jps.reload.project.entities.ms,1769609908894000000,1769609968894000000,0
workspaceModel.delayed.project.synchronizer.sync.ms,1769609908894000000,1769609968894000000,0
workspaceModel.mutableEntityStorage.entities.ms,1769609908894000000,1769609968894000000,0
workspaceModel.moduleBridgeLoader.loading.modules.ms,1769609908894000000,1769609968894000000,0
workspaceModel.mutableEntityStorage.remove.entity.ms,1769609908894000000,1769609968894000000,0
jps.global.initialize.library.bridges.after.loading.ms,1769609908894000000,1769609968894000000,0
workspaceModel.save.cache.to.file.ms,1769609908894000000,1769609968894000000,0
jps.load.project.to.empty.storage.ms,1769609908894000000,1769609968894000000,0
jps.project.serializers.load.ms,1769609908894000000,1769609968894000000,0
workspaceModel.moduleManagerBridge.set.unloadedModules.ms,1769609908894000000,1769609968894000000,0
workspaceModel.mutableEntityStorage.modify.entity.ms,1769609908894000000,1769609968894000000,0
jps.artifact.entities.serializer.load.entities.ms,1769609908894000000,1769609968894000000,0
workspaceModel.mutableEntityStorage.add.entity.ms,1769609908894000000,1769609968894000000,0
workspaceModel.moduleManagerBridge.newModule.ms,1769609908894000000,1769609968894000000,0
workspaceModel.moduleManagerBridge.load.module.ms,1769609908894000000,1769609968894000000,0
workspaceModel.moduleManagerBridge.load.all.modules.ms,1769609908894000000,1769609968894000000,0
jps.module.iml.entities.serializer.save.entities.ms,1769609908894000000,1769609968894000000,0
workspaceModel.mutableEntityStorage.put.entity.ms,1769609908894000000,1769609968894000000,0
workspaceModel.mutableEntityStorage.instances.count,1769609908894000000,1769609968894000000,0
jps.load.initial.state.ms,1769609908894000000,1769609968894000000,0
workspaceModel.mutableEntityStorage.mutable.vfurl.index.ms,1769609908894000000,1769609968894000000,0
workspaceModel.load.cache.from.file.ms,1769609908894000000,1769609968894000000,0
jps.app.storage.content.reader.load.component.ms,1769609908894000000,1769609968894000000,0
workspaceModel.moduleManagerBridge.get.modules.ms,1769609908894000000,1769609968894000000,0
jps.facet.change.listener.before.change.events.ms,1769609908894000000,1769609968894000000,0
workspaceModel.workspaceFileIndexData.getFileInfo.ms,1769609908894000000,1769609968894000000,7
workspaceModel.init.bridges.ms,1769609908894000000,1769609968894000000,0
workspaceModel.cachedValueWithParameters.calculated.count,1769609908894000000,1769609968894000000,0
workspaceModel.cachedValue.total.get.count,1769609908894000000,1769609968894000000,1827
workspaceModel.workspaceFileIndexData.onEntitiesChanged.ms,1769609908894000000,1769609968894000000,0
workspaceModel.workspaceFileIndexData.visitFileSets.ms,1769609908894000000,1769609968894000000,0
workspaceModel.updates.ms,1769609908894000000,1769609968894000000,0
workspaceModel.cachedValue.calculated.count,1769609908894000000,1769609968894000000,0
workspaceModel.workspaceFileIndexData.instances.count,1769609908894000000,1769609968894000000,0
workspaceModel.workspaceFileIndexData.init.ms,1769609908894000000,1769609968894000000,0
workspaceModel.cachedValueWithParameters.total.get.count,1769609908894000000,1769609968894000000,0
workspaceModel.collect.changes.ms,1769609908894000000,1769609968894000000,0
workspaceModel.entityStorageSnapshotImpl.instances.count,1769609908894000000,1769609968894000000,0
workspaceModel.initializing.ms,1769609908894000000,1769609968894000000,0
workspaceModel.replace.project.model.ms,1769609908894000000,1769609968894000000,0
workspaceModel.workspaceFileIndexData.getPackageName.ms,1769609908894000000,1769609968894000000,0
workspaceModel.cachedValueWithParameters.clear.count,1769609908894000000,1769609968894000000,0
workspaceModel.pre.handlers.ms,1769609908894000000,1769609968894000000,0
workspaceModel.cachedValue.from.cache.count,1769609908894000000,1769609968894000000,1827
workspaceModel.updates.count,1769609908894000000,1769609968894000000,0
workspaceModel.loading.from.cache.ms,1769609908894000000,1769609968894000000,0
workspaceModel.check.recursive.update.ms,1769609908894000000,1769609968894000000,0
workspaceModel.workspaceFileIndexData.getDirectoriesByPackageName.ms,1769609908894000000,1769609968894000000,0
workspaceModel.cachedValue.clear.count,1769609908894000000,1769609968894000000,0
workspaceModel.workspaceFileIndexContributor.registerFileSets.ms,1769609908894000000,1769609968894000000,0
workspaceModel.workspaceFileIndexData.updateDirtyEntities.ms,1769609908894000000,1769609968894000000,0
workspaceModel.on.before.changed.ms,1769609908894000000,1769609968894000000,0
workspaceModel.workspaceFileIndexData.processFileSets.ms,1769609908894000000,1769609968894000000,0
workspaceModel.workspaceFileIndexData.markDirty.ms,1769609908894000000,1769609968894000000,0
workspaceModel.loading.total.ms,1769609908894000000,1769609968894000000,0
workspaceModel.cachedValueWithParameters.from.cache.count,1769609908894000000,1769609968894000000,0
workspaceModel.full.replace.project.model.ms,1769609908894000000,1769609968894000000,0
workspaceModel.to.snapshot.ms,1769609908894000000,1769609968894000000,0
workspaceModel.on.changed.ms,1769609908894000000,1769609968894000000,0
workspaceModel.update.unloaded.entities.ms,1769609908894000000,1769609968894000000,0
workspaceModel.updates.precise.ms,1769609908894000000,1769609968894000000,0
cacheStateStorage.set.counter,1769609908894000000,1769609968894000000,10
cacheStateStorage.get.duration,1769609908894000000,1769609968894000000,2
cacheStateStorage.set.duration,1769609908894000000,1769609968894000000,1
cacheStateStorage.get.counter,1769609908894000000,1769609968894000000,1
parser.RELAX-NG.time.ns,1769609908894000000,1769609968894000000,3138615
writeAction.max.wait.ms,1769609908894000000,1769609968894000000,2
lexer.RELAX-NG.size.bytes,1769609908894000000,1769609968894000000,25763
parser.RELAX-NG.size.bytes,1769609908894000000,1769609968894000000,25763
writeAction.count,1769609908894000000,1769609968894000000,172
writeAction.median.wait.ms,1769609908894000000,1769609968894000000,0
DiskQueryRelay.tasksRequested,1769609908894000000,1769609968894000000,4
parser.HTML.size.bytes,1769609908894000000,1769609968894000000,21352
DiskQueryRelay.tasksExecuted,1769609908894000000,1769609968894000000,4
DiskQueryRelay.taskWaitingTotalTimeUs,1769609908894000000,1769609968894000000,202
lexer.RELAX-NG.time.ns,1769609908894000000,1769609968894000000,3172751
lexer.HTML.time.ns,1769609908894000000,1769609968894000000,2834050
writeAction.wait.ms,1769609908894000000,1769609968894000000,1
DiskQueryRelay.taskExecutionTotalTimeUs,1769609908894000000,1769609968894000000,69
parser.HTML.time.ns,1769609908894000000,1769609968894000000,3731472
lexer.HTML.size.bytes,1769609908894000000,1769609968894000000,21352
FilePageCache.uncachedFileAccess,1769609908894000000,1769609968894000000,3
FilePageCacheLockFree.totalPagesWriteMs,1769609908894000000,1769609968894000000,0
FilePageCacheLockFree.totalPagesAllocated,1769609908894000000,1769609968894000000,0
FilePageCacheLockFree.totalHeapBytesReclaimed,1769609908894000000,1769609968894000000,0
DirectByteBufferAllocator.totalSizeOfBuffersAllocatedInBytes,1769609908894000000,1769609968894000000,173080576
StorageLockContext.competingThreads.avg,1769609908894000000,1769609968894000000,0.0
DirectByteBufferAllocator.totalSizeOfBuffersCachedInBytes,1769609908894000000,1769609968894000000,0
FilePageCache.pageFastCacheHits,1769609908894000000,1769609968894000000,179
DirectByteBufferAllocator.reclaimed,1769609908894000000,1769609968894000000,0
FileChannelInterruptsRetryer.totalRetriedAttempts,1769609908894000000,1769609968894000000,0
MappedFileStorage.totalBytesMapped,1769609908894000000,1769609968894000000,273940480
StreamlinedBlobStorage.totalLiveRecordsPayloadBytes,1769609908894000000,1769609968894000000,0
FilePageCacheLockFree.totalPageAllocationsWaited,1769609908894000000,1769609968894000000,0
FilePageCacheLockFree.totalNativeBytesReclaimed,1769609908894000000,1769609968894000000,0
MappedFileStorage.totalTimeSpentOnMappingUs,1769609908894000000,1769609968894000000,11057
StorageLockContext.competingThreads.90P,1769609908894000000,1769609968894000000,0
FilePageCacheLockFree.totalPagesWritten,1769609908894000000,1769609968894000000,0
DirectByteBufferAllocator.hits,1769609908894000000,1769609968894000000,0
FilePageCacheLockFree.totalClosedStoragesReclaimed,1769609908894000000,1769609968894000000,0
FilePageCacheLockFree.nativeBytesInUse,1769609908894000000,1769609968894000000,0
FilePageCacheLockFree.totalHeapBytesAllocated,1769609908894000000,1769609968894000000,0
FilePageCacheLockFree.totalPagesRequested,1769609908894000000,1769609968894000000,0
StorageLockContext.competingThreads.max,1769609908894000000,1769609968894000000,0
MappedFileStorage.storages,1769609908894000000,1769609968894000000,15
FilePageCacheLockFree.totalPagesHandedOver,1769609908894000000,1769609968894000000,0
FilePageCache.disposedBuffers,1769609908894000000,1769609968894000000,0
FilePageCacheLockFree.totalBytesRequested,1769609908894000000,1769609968894000000,0
FilePageCache.totalPageDisposalsUs,1769609908894000000,1769609968894000000,3
FilePageCacheLockFree.heapBytesInUse,1769609908894000000,1769609968894000000,0
FilePageCacheLockFree.totalPagesReadMs,1769609908894000000,1769609968894000000,0
FilePageCacheLockFree.housekeeperTurnsDone,1769609908894000000,1769609968894000000,0
DirectByteBufferAllocator.disposed,1769609908894000000,1769609968894000000,0
FilePageCache.pageLoads,1769609908894000000,1769609968894000000,1
FilePageCacheLockFree.totalNativeBytesAllocated,1769609908894000000,1769609968894000000,0
FilePageCacheLockFree.totalPagesReclaimed,1769609908894000000,1769609968894000000,0
FilePageCache.capacityInBytes,1769609908894000000,1769609968894000000,503316478
StreamlinedBlobStorage.recordsAllocated,1769609908894000000,1769609968894000000,0
FilePageCacheLockFree.totalBytesRead,1769609908894000000,1769609968894000000,0
StreamlinedBlobStorage.recordsDeleted,1769609908894000000,1769609968894000000,0
FilePageCache.pageHits,1769609908894000000,1769609968894000000,1
FilePageCache.maxRegisteredFiles,1769609908894000000,1769609968894000000,252
StreamlinedBlobStorage.totalLiveRecordsCapacityBytes,1769609908894000000,1769609968894000000,0
FilePageCacheLockFree.totalPagesRequestsMs,1769609908894000000,1769609968894000000,0
FilePageCacheLockFree.housekeeperTurnsSkipped,1769609908894000000,1769609968894000000,0
MappedFileStorage.totalPagesMapped,1769609908894000000,1769609968894000000,21
FilePageCache.pageLoadsAboveSizeThreshold,1769609908894000000,1769609968894000000,0
FilePageCacheLockFree.totalBytesWritten,1769609908894000000,1769609968894000000,0
FilePageCache.maxCacheSizeInBytes,1769609908894000000,1769609968894000000,173080576
FilePageCache.totalPageLoadsUs,1769609908894000000,1769609968894000000,874
DirectByteBufferAllocator.misses,1769609908894000000,1769609968894000000,1
StreamlinedBlobStorage.recordsRelocated,1769609908894000000,1769609968894000000,0
FilePageCacheLockFree.housekeeperTimeSpentMs,1769609908894000000,1769609968894000000,0
Indexing.cache.totalCacheEvicted,1769609968894000000,1769610028894000000,2
Indexing.writesQueuedMax,1769609968894000000,1769610028894000000,0
Indexes.stubs.lookups,1769609968894000000,1769610028894000000,0
Indexing.writer_2.totalTimeSpentWritingMs,1769609968894000000,1769610028894000000,0
Indexing.writer_3.totalTimeSpentWritingMs,1769609968894000000,1769610028894000000,0
Indexes.allKeys.lookupDurationMaxMs,1769609968894000000,1769610028894000000,0.0
Indexes.entries.lookupDurationMaxMs,1769609968894000000,1769610028894000000,0.0
Indexing.writer_1.totalTimeSpentWritingMs,1769609968894000000,1769610028894000000,0
Indexing.writer_0.totalTimeSpentWritingMs,1769609968894000000,1769610028894000000,0
Indexes.allKeys.lookups,1769609968894000000,1769610028894000000,0
Indexes.entries.lookups,1769609968894000000,1769610028894000000,0
Indexing.cache.totalCacheAccesses,1769609968894000000,1769610028894000000,2
Indexes.entries.lookupDuration90PMs,1769609968894000000,1769610028894000000,0.0
IndexesFlusher.totalFlushingTimeUs,1769609968894000000,1769610028894000000,31649
Indexing.totalTimeIndexersSleptMs,1769609968894000000,1769610028894000000,0
IndexesFlusher.totalContentionQuotaSpent,1769609968894000000,1769610028894000000,0
Indexes.allKeys.lookupDuration90PMs,1769609968894000000,1769610028894000000,0.0
Indexes.entries.lookupDurationAvgMs,1769609968894000000,1769610028894000000,0.0
IndexesFlusher.totalFlushes,1769609968894000000,1769610028894000000,120
Indexes.stubs.lookupDurationMaxMs,1769609968894000000,1769610028894000000,0.0
Indexes.stubs.lookupDuration90PMs,1769609968894000000,1769610028894000000,0.0
Indexing.cache.totalCacheMisses,1769609968894000000,1769610028894000000,2
Indexes.stubs.lookupDurationAvgMs,1769609968894000000,1769610028894000000,0.0
IndexesFlusher.totalFlushesRetried,1769609968894000000,1769610028894000000,0
Indexes.allKeys.lookupDurationAvgMs,1769609968894000000,1769610028894000000,0.0
Indexing.writesQueuedMin,1769609968894000000,1769610028894000000,9223372036854775807
JVM.maxThreadCount,1769609968894000000,1769610028894000000,148
JVM.GC.collectionTimesMs,1769609968894000000,1769610028894000000,0
JVM.GC.collections,1769609968894000000,1769610028894000000,0
OS.loadAverage,1769609968894000000,1769610028894000000,1.3525390625
JVM.totalSafepointCount,1769609968894000000,1769610028894000000,16
JVM.threadCount,1769609968894000000,1769610028894000000,71
JVM.totalTimeAtSafepointsMs,1769609968894000000,1769610028894000000,0
JVM.newThreadsCount,1769609968894000000,1769610028894000000,0
JVM.totalBytesAllocated,1769609968894000000,1769610028894000000,147649408
JVM.totalCpuTimeMs,1769609968894000000,1769610028894000000,2590
JVM.usedNativeBytes,1769609968894000000,1769610028894000000,437163336
JVM.maxHeapBytes,1769609968894000000,1769610028894000000,4196401152
JVM.totalDirectByteBuffersBytes,1769609968894000000,1769610028894000000,174089322
JVM.totalTimeToSafepointsMs,1769609968894000000,1769610028894000000,1
JVM.usedHeapBytes,1769609968894000000,1769610028894000000,816282000
AWTEventQueue.dispatchTimeTotalNS,1769609968894000000,1769610028894000000,568810553
FlushQueue.executionTimeAvgNs,1769609968894000000,1769610028894000000,0.0
NonBlockingReadAction.failedExecutionTimeUs,1769609968894000000,1769610028894000000,0
FlushQueue.queueSizeMax,1769609968894000000,1769610028894000000,0
ReadAction.executionsCount,1769609968894000000,1769610028894000000,98079
FlushQueue.waitingTimeAvgNs,1769609968894000000,1769610028894000000,0.0
AWTEventQueue.dispatchTimeMaxNs,1769609968894000000,1769610028894000000,0
FlushQueue.tasksExecuted,1769609968894000000,1769610028894000000,0
WriteAction.executionsCount,1769609968894000000,1769610028894000000,2
AWTEventQueue.dispatchTimeAvgNs,1769609968894000000,1769610028894000000,0.0
NonBlockingReadAction.finalizedExecutionsCount,1769609968894000000,1769610028894000000,365
AWTEventQueue.eventsDispatched,1769609968894000000,1769610028894000000,0
FlushQueue.queueSizeAvg,1769609968894000000,1769610028894000000,0.0
FlushQueue.executionTimeMaxNs,1769609968894000000,1769610028894000000,0
NonBlockingReadAction.finalizedExecutionTimeUs,1769609968894000000,1769610028894000000,11925
NonBlockingReadAction.failedExecutionsCount,1769609968894000000,1769610028894000000,0
FlushQueue.queueSize90P,1769609968894000000,1769610028894000000,0
FlushQueue.waitingTime90PNs,1769609968894000000,1769610028894000000,0
AWTEventQueue.dispatchTime90PNs,1769609968894000000,1769610028894000000,0
FlushQueue.waitingTimeMaxNs,1769609968894000000,1769610028894000000,0
FlushQueue.executionTime90PNs,1769609968894000000,1769610028894000000,0
VFS.contentStorage.recordsUncompressedSize,1769609968894000000,1769610028894000000,980
VFS.fileByIdCache.misses,1769609968894000000,1769610028894000000,0
VFS.contentStorage.recordsReadDecompressed,1769609968894000000,1769610028894000000,0
VFS.contentStorage.recordsStoredSize,1769609968894000000,1769610028894000000,980
VFS.contentStorage.recordsReadSize,1769609968894000000,1769610028894000000,3381
FileNameCache.queries,1769609968894000000,1769610028894000000,4352
VFS.contentStorage.recordsDecompressionTimeUs,1769609968894000000,1769610028894000000,0
VFS.contentStorage.recordsDeduplicated,1769609968894000000,1769610028894000000,0
VFS.contentStorage.recordsRead,1769609968894000000,1769610028894000000,2
VFS.contentStorage.recordsStored,1769609968894000000,1769610028894000000,1
VFS.invertedFileNameIndex.requests,1769609968894000000,1769610028894000000,0
VFS.contentStorage.recordsStoredCompressed,1769609968894000000,1769610028894000000,0
VFS.fileChildByName,1769609968894000000,1769610028894000000,5436
VFS.fileByIdCache.hits,1769609968894000000,1769610028894000000,0
FileNameCache.totalMisses,1769609968894000000,1769610028894000000,0
workspaceModel.global.apply.state.to.project.builder.ms,1769609968894000000,1769610028894000000,0
workspaceModel.mutableEntityStorage.changeLog.addReplaceEventForRemovedParent.ms,1769609968894000000,1769610028894000000,0
jps.apply.loaded.storage.ms,1769609968894000000,1769610028894000000,0
jps.global.handle.changed.events.ms,1769609968894000000,1769610028894000000,0
jps.global.initialize.library.bridges.ms,1769609968894000000,1769610028894000000,0
jps.facet.change.listener.init.bridge.ms,1769609968894000000,1769610028894000000,0
workspaceModel.moduleManagerBridge.new.nonPersistent.module.ms,1769609968894000000,1769610028894000000,0
workspaceModel.mutableEntityStorage.changeLog.addReplaceEventForRemovedChild.ms,1769609968894000000,1769610028894000000,0
jps.module.iml.entities.serializer.load.entities.ms,1769609968894000000,1769610028894000000,0
workspaceModel.mutableEntityStorage.referrers.ms,1769609968894000000,1769610028894000000,0
jps.library.entities.serializer.load.entities.ms,1769609968894000000,1769610028894000000,0
workspaceModel.global.updates.ms,1769609968894000000,1769610028894000000,0
jps.project.serializers.save.ms,1769609968894000000,1769610028894000000,0
jps.artifact.entities.serializer.save.entities.ms,1769609968894000000,1769610028894000000,0
workspaceModel.moduleBridge.facet.initialization.ms,1769609968894000000,1769610028894000000,0
jps.save.changed.project.entities.ms,1769609968894000000,1769610028894000000,0
workspaceModel.load.cache.metadata.from.file.ms,1769609968894000000,1769610028894000000,0
workspaceModel.mutableEntityStorage.changeLog.addReplaceEventForNewParent.ms,1769609968894000000,1769610028894000000,0
workspaceModel.mutableEntityStorage.mutable.ext.mapping.ms,1769609968894000000,1769610028894000000,0
workspaceModel.global.updates.count,1769609968894000000,1769610028894000000,0
jps.module.dependency.index.workspace.model.listener.on.changed.ms,1769609968894000000,1769610028894000000,0
workspaceModel.sync.entities.ms,1769609968894000000,1769610028894000000,0
jps.facet.change.listener.process.change.events.ms,1769609968894000000,1769610028894000000,0
jps.global.get.libraries.ms,1769609968894000000,1769610028894000000,0
jps.app.storage.content.writer.save.component.ms,1769609968894000000,1769610028894000000,1
workspaceModel.global.apply.state.to.project.ms,1769609968894000000,1769610028894000000,0
workspaceModel.mutableEntityStorage.has.same.entities.ms,1769609968894000000,1769610028894000000,0
workspaceModel.moduleBridge.update.option.ms,1769609968894000000,1769610028894000000,0
jps.library.entities.serializer.save.entities.ms,1769609968894000000,1769610028894000000,0
jps.global.handle.before.change.events.ms,1769609968894000000,1769610028894000000,0
workspaceModel.mutableEntityStorage.collect.changes.ms,1769609968894000000,1769610028894000000,0
workspaceModel.mutableEntityStorage.replace.by.source.ms,1769609968894000000,1769610028894000000,0
workspaceModel.mutableEntityStorage.entities.by.source.ms,1769609968894000000,1769610028894000000,0
workspaceModel.mutableEntityStorage.changeLog.addReplaceEventForNewChild.ms,1769609968894000000,1769610028894000000,0
workspaceModel.orphan.listener.update.ms,1769609968894000000,1769610028894000000,0
workspaceModel.mutableEntityStorage.apply.changes.from.ms,1769609968894000000,1769610028894000000,0
workspaceModel.mutableEntityStorage.resolve.ms,1769609968894000000,1769610028894000000,0
jps.global.get.library.by.name.ms,1769609968894000000,1769610028894000000,0
jps.save.global.entities.ms,1769609968894000000,1769610028894000000,4
workspaceModel.moduleBridge.before.changed.ms,1769609968894000000,1769610028894000000,0
jps.global.get.library.ms,1769609968894000000,1769610028894000000,0
workspaceModel.moduleManagerBridge.create.module.instance.ms,1769609968894000000,1769610028894000000,0
jps.storage.jps.conf.reader.load.component.ms,1769609968894000000,1769610028894000000,0
workspaceModel.mutableEntityStorage.to.snapshot.ms,1769609968894000000,1769610028894000000,0
workspaceModel.do.save.caches.ms,1769609968894000000,1769610028894000000,0
workspaceModel.moduleManagerBridge.build.module.graph.ms,1769609968894000000,1769610028894000000,0
jps.reload.project.entities.ms,1769609968894000000,1769610028894000000,0
workspaceModel.delayed.project.synchronizer.sync.ms,1769609968894000000,1769610028894000000,0
workspaceModel.mutableEntityStorage.entities.ms,1769609968894000000,1769610028894000000,0
workspaceModel.moduleBridgeLoader.loading.modules.ms,1769609968894000000,1769610028894000000,0
workspaceModel.mutableEntityStorage.remove.entity.ms,1769609968894000000,1769610028894000000,0
jps.global.initialize.library.bridges.after.loading.ms,1769609968894000000,1769610028894000000,0
workspaceModel.save.cache.to.file.ms,1769609968894000000,1769610028894000000,0
jps.load.project.to.empty.storage.ms,1769609968894000000,1769610028894000000,0
jps.project.serializers.load.ms,1769609968894000000,1769610028894000000,0
workspaceModel.moduleManagerBridge.set.unloadedModules.ms,1769609968894000000,1769610028894000000,0
workspaceModel.mutableEntityStorage.modify.entity.ms,1769609968894000000,1769610028894000000,0
jps.artifact.entities.serializer.load.entities.ms,1769609968894000000,1769610028894000000,0
workspaceModel.mutableEntityStorage.add.entity.ms,1769609968894000000,1769610028894000000,0
workspaceModel.moduleManagerBridge.newModule.ms,1769609968894000000,1769610028894000000,0
workspaceModel.moduleManagerBridge.load.module.ms,1769609968894000000,1769610028894000000,0
workspaceModel.moduleManagerBridge.load.all.modules.ms,1769609968894000000,1769610028894000000,0
jps.module.iml.entities.serializer.save.entities.ms,1769609968894000000,1769610028894000000,0
workspaceModel.mutableEntityStorage.put.entity.ms,1769609968894000000,1769610028894000000,0
workspaceModel.mutableEntityStorage.instances.count,1769609968894000000,1769610028894000000,0
jps.load.initial.state.ms,1769609968894000000,1769610028894000000,0
workspaceModel.mutableEntityStorage.mutable.vfurl.index.ms,1769609968894000000,1769610028894000000,0
workspaceModel.load.cache.from.file.ms,1769609968894000000,1769610028894000000,0
jps.app.storage.content.reader.load.component.ms,1769609968894000000,1769610028894000000,0
workspaceModel.moduleManagerBridge.get.modules.ms,1769609968894000000,1769610028894000000,0
jps.facet.change.listener.before.change.events.ms,1769609968894000000,1769610028894000000,0
workspaceModel.workspaceFileIndexData.getFileInfo.ms,1769609968894000000,1769610028894000000,0
workspaceModel.init.bridges.ms,1769609968894000000,1769610028894000000,0
workspaceModel.cachedValueWithParameters.calculated.count,1769609968894000000,1769610028894000000,0
workspaceModel.cachedValue.total.get.count,1769609968894000000,1769610028894000000,154
workspaceModel.workspaceFileIndexData.onEntitiesChanged.ms,1769609968894000000,1769610028894000000,0
workspaceModel.workspaceFileIndexData.visitFileSets.ms,1769609968894000000,1769610028894000000,0
workspaceModel.updates.ms,1769609968894000000,1769610028894000000,0
workspaceModel.cachedValue.calculated.count,1769609968894000000,1769610028894000000,0
workspaceModel.workspaceFileIndexData.instances.count,1769609968894000000,1769610028894000000,0
workspaceModel.workspaceFileIndexData.init.ms,1769609968894000000,1769610028894000000,0
workspaceModel.cachedValueWithParameters.total.get.count,1769609968894000000,1769610028894000000,0
workspaceModel.collect.changes.ms,1769609968894000000,1769610028894000000,0
workspaceModel.entityStorageSnapshotImpl.instances.count,1769609968894000000,1769610028894000000,0
workspaceModel.initializing.ms,1769609968894000000,1769610028894000000,0
workspaceModel.replace.project.model.ms,1769609968894000000,1769610028894000000,0
workspaceModel.workspaceFileIndexData.getPackageName.ms,1769609968894000000,1769610028894000000,0
workspaceModel.cachedValueWithParameters.clear.count,1769609968894000000,1769610028894000000,0
workspaceModel.pre.handlers.ms,1769609968894000000,1769610028894000000,0
workspaceModel.cachedValue.from.cache.count,1769609968894000000,1769610028894000000,154
workspaceModel.updates.count,1769609968894000000,1769610028894000000,0
workspaceModel.loading.from.cache.ms,1769609968894000000,1769610028894000000,0
workspaceModel.check.recursive.update.ms,1769609968894000000,1769610028894000000,0
workspaceModel.workspaceFileIndexData.getDirectoriesByPackageName.ms,1769609968894000000,1769610028894000000,0
workspaceModel.cachedValue.clear.count,1769609968894000000,1769610028894000000,0
workspaceModel.workspaceFileIndexContributor.registerFileSets.ms,1769609968894000000,1769610028894000000,0
workspaceModel.workspaceFileIndexData.updateDirtyEntities.ms,1769609968894000000,1769610028894000000,0
workspaceModel.on.before.changed.ms,1769609968894000000,1769610028894000000,0
workspaceModel.workspaceFileIndexData.processFileSets.ms,1769609968894000000,1769610028894000000,0
workspaceModel.workspaceFileIndexData.markDirty.ms,1769609968894000000,1769610028894000000,0
workspaceModel.loading.total.ms,1769609968894000000,1769610028894000000,0
workspaceModel.cachedValueWithParameters.from.cache.count,1769609968894000000,1769610028894000000,0
workspaceModel.full.replace.project.model.ms,1769609968894000000,1769610028894000000,0
workspaceModel.to.snapshot.ms,1769609968894000000,1769610028894000000,0
workspaceModel.on.changed.ms,1769609968894000000,1769610028894000000,0
workspaceModel.update.unloaded.entities.ms,1769609968894000000,1769610028894000000,0
workspaceModel.updates.precise.ms,1769609968894000000,1769610028894000000,0
cacheStateStorage.set.counter,1769609968894000000,1769610028894000000,10
cacheStateStorage.get.duration,1769609968894000000,1769610028894000000,0
cacheStateStorage.set.duration,1769609968894000000,1769610028894000000,0
cacheStateStorage.get.counter,1769609968894000000,1769610028894000000,0
parser.RELAX-NG.time.ns,1769609968894000000,1769610028894000000,1546571
writeAction.max.wait.ms,1769609968894000000,1769610028894000000,2
lexer.RELAX-NG.size.bytes,1769609968894000000,1769610028894000000,14418
parser.RELAX-NG.size.bytes,1769609968894000000,1769610028894000000,14418
writeAction.count,1769609968894000000,1769610028894000000,2
writeAction.median.wait.ms,1769609968894000000,1769610028894000000,0
DiskQueryRelay.tasksRequested,1769609968894000000,1769610028894000000,26
parser.HTML.size.bytes,1769609968894000000,1769610028894000000,824
DiskQueryRelay.tasksExecuted,1769609968894000000,1769610028894000000,26
DiskQueryRelay.taskWaitingTotalTimeUs,1769609968894000000,1769610028894000000,496
lexer.RELAX-NG.time.ns,1769609968894000000,1769610028894000000,1609068
lexer.HTML.time.ns,1769609968894000000,1769610028894000000,104307
writeAction.wait.ms,1769609968894000000,1769610028894000000,0
DiskQueryRelay.taskExecutionTotalTimeUs,1769609968894000000,1769610028894000000,422
parser.HTML.time.ns,1769609968894000000,1769610028894000000,133833
lexer.HTML.size.bytes,1769609968894000000,1769610028894000000,824
FilePageCache.uncachedFileAccess,1769609968894000000,1769610028894000000,3
FilePageCacheLockFree.totalPagesWriteMs,1769609968894000000,1769610028894000000,0
FilePageCacheLockFree.totalPagesAllocated,1769609968894000000,1769610028894000000,0
FilePageCacheLockFree.totalHeapBytesReclaimed,1769609968894000000,1769610028894000000,0
DirectByteBufferAllocator.totalSizeOfBuffersAllocatedInBytes,1769609968894000000,1769610028894000000,173080576
StorageLockContext.competingThreads.avg,1769609968894000000,1769610028894000000,0.0
DirectByteBufferAllocator.totalSizeOfBuffersCachedInBytes,1769609968894000000,1769610028894000000,0
FilePageCache.pageFastCacheHits,1769609968894000000,1769610028894000000,35
DirectByteBufferAllocator.reclaimed,1769609968894000000,1769610028894000000,0
FileChannelInterruptsRetryer.totalRetriedAttempts,1769609968894000000,1769610028894000000,0
MappedFileStorage.totalBytesMapped,1769609968894000000,1769610028894000000,273940480
StreamlinedBlobStorage.totalLiveRecordsPayloadBytes,1769609968894000000,1769610028894000000,0
FilePageCacheLockFree.totalPageAllocationsWaited,1769609968894000000,1769610028894000000,0
FilePageCacheLockFree.totalNativeBytesReclaimed,1769609968894000000,1769610028894000000,0
MappedFileStorage.totalTimeSpentOnMappingUs,1769609968894000000,1769610028894000000,11057
StorageLockContext.competingThreads.90P,1769609968894000000,1769610028894000000,0
FilePageCacheLockFree.totalPagesWritten,1769609968894000000,1769610028894000000,0
DirectByteBufferAllocator.hits,1769609968894000000,1769610028894000000,0
FilePageCacheLockFree.totalClosedStoragesReclaimed,1769609968894000000,1769610028894000000,0
FilePageCacheLockFree.nativeBytesInUse,1769609968894000000,1769610028894000000,0
FilePageCacheLockFree.totalHeapBytesAllocated,1769609968894000000,1769610028894000000,0
FilePageCacheLockFree.totalPagesRequested,1769609968894000000,1769610028894000000,0
StorageLockContext.competingThreads.max,1769609968894000000,1769610028894000000,0
MappedFileStorage.storages,1769609968894000000,1769610028894000000,15
FilePageCacheLockFree.totalPagesHandedOver,1769609968894000000,1769610028894000000,0
FilePageCache.disposedBuffers,1769609968894000000,1769610028894000000,0
FilePageCacheLockFree.totalBytesRequested,1769609968894000000,1769610028894000000,0
FilePageCache.totalPageDisposalsUs,1769609968894000000,1769610028894000000,0
FilePageCacheLockFree.heapBytesInUse,1769609968894000000,1769610028894000000,0
FilePageCacheLockFree.totalPagesReadMs,1769609968894000000,1769610028894000000,0
FilePageCacheLockFree.housekeeperTurnsDone,1769609968894000000,1769610028894000000,0
DirectByteBufferAllocator.disposed,1769609968894000000,1769610028894000000,0
FilePageCache.pageLoads,1769609968894000000,1769610028894000000,0
FilePageCacheLockFree.totalNativeBytesAllocated,1769609968894000000,1769610028894000000,0
FilePageCacheLockFree.totalPagesReclaimed,1769609968894000000,1769610028894000000,0
FilePageCache.capacityInBytes,1769609968894000000,1769610028894000000,503316478
StreamlinedBlobStorage.recordsAllocated,1769609968894000000,1769610028894000000,0
FilePageCacheLockFree.totalBytesRead,1769609968894000000,1769610028894000000,0
StreamlinedBlobStorage.recordsDeleted,1769609968894000000,1769610028894000000,0
FilePageCache.pageHits,1769609968894000000,1769610028894000000,0
FilePageCache.maxRegisteredFiles,1769609968894000000,1769610028894000000,252
StreamlinedBlobStorage.totalLiveRecordsCapacityBytes,1769609968894000000,1769610028894000000,0
FilePageCacheLockFree.totalPagesRequestsMs,1769609968894000000,1769610028894000000,0
FilePageCacheLockFree.housekeeperTurnsSkipped,1769609968894000000,1769610028894000000,0
MappedFileStorage.totalPagesMapped,1769609968894000000,1769610028894000000,21
FilePageCache.pageLoadsAboveSizeThreshold,1769609968894000000,1769610028894000000,0
FilePageCacheLockFree.totalBytesWritten,1769609968894000000,1769610028894000000,0
FilePageCache.maxCacheSizeInBytes,1769609968894000000,1769610028894000000,173080576
FilePageCache.totalPageLoadsUs,1769609968894000000,1769610028894000000,0
DirectByteBufferAllocator.misses,1769609968894000000,1769610028894000000,0
StreamlinedBlobStorage.recordsRelocated,1769609968894000000,1769610028894000000,0
FilePageCacheLockFree.housekeeperTimeSpentMs,1769609968894000000,1769610028894000000,0
Indexing.cache.totalCacheEvicted,1769610028894000000,1769610088893000000,0
Indexing.writesQueuedMax,1769610028894000000,1769610088893000000,0
Indexes.stubs.lookups,1769610028894000000,1769610088893000000,0
Indexing.writer_2.totalTimeSpentWritingMs,1769610028894000000,1769610088893000000,0
Indexing.writer_3.totalTimeSpentWritingMs,1769610028894000000,1769610088893000000,0
Indexes.allKeys.lookupDurationMaxMs,1769610028894000000,1769610088893000000,0.0
Indexes.entries.lookupDurationMaxMs,1769610028894000000,1769610088893000000,0.0
Indexing.writer_1.totalTimeSpentWritingMs,1769610028894000000,1769610088893000000,0
Indexing.writer_0.totalTimeSpentWritingMs,1769610028894000000,1769610088893000000,0
Indexes.allKeys.lookups,1769610028894000000,1769610088893000000,0
Indexes.entries.lookups,1769610028894000000,1769610088893000000,0
Indexing.cache.totalCacheAccesses,1769610028894000000,1769610088893000000,0
Indexes.entries.lookupDuration90PMs,1769610028894000000,1769610088893000000,0.0
IndexesFlusher.totalFlushingTimeUs,1769610028894000000,1769610088893000000,32203
Indexing.totalTimeIndexersSleptMs,1769610028894000000,1769610088893000000,0
IndexesFlusher.totalContentionQuotaSpent,1769610028894000000,1769610088893000000,0
Indexes.allKeys.lookupDuration90PMs,1769610028894000000,1769610088893000000,0.0
Indexes.entries.lookupDurationAvgMs,1769610028894000000,1769610088893000000,0.0
IndexesFlusher.totalFlushes,1769610028894000000,1769610088893000000,120
Indexes.stubs.lookupDurationMaxMs,1769610028894000000,1769610088893000000,0.0
Indexes.stubs.lookupDuration90PMs,1769610028894000000,1769610088893000000,0.0
Indexing.cache.totalCacheMisses,1769610028894000000,1769610088893000000,0
Indexes.stubs.lookupDurationAvgMs,1769610028894000000,1769610088893000000,0.0
IndexesFlusher.totalFlushesRetried,1769610028894000000,1769610088893000000,0
Indexes.allKeys.lookupDurationAvgMs,1769610028894000000,1769610088893000000,0.0
Indexing.writesQueuedMin,1769610028894000000,1769610088893000000,9223372036854775807
JVM.maxThreadCount,1769610028894000000,1769610088893000000,148
JVM.GC.collectionTimesMs,1769610028894000000,1769610088893000000,0
JVM.GC.collections,1769610028894000000,1769610088893000000,0
OS.loadAverage,1769610028894000000,1769610088893000000,1.2265625
JVM.totalSafepointCount,1769610028894000000,1769610088893000000,5
JVM.threadCount,1769610028894000000,1769610088893000000,48
JVM.totalTimeAtSafepointsMs,1769610028894000000,1769610088893000000,1
JVM.newThreadsCount,1769610028894000000,1769610088893000000,0
JVM.totalBytesAllocated,1769610028894000000,1769610088893000000,101942792
JVM.totalCpuTimeMs,1769610028894000000,1769610088893000000,570
JVM.usedNativeBytes,1769610028894000000,1769610088893000000,437283088
JVM.maxHeapBytes,1769610028894000000,1769610088893000000,4196401152
JVM.totalDirectByteBuffersBytes,1769610028894000000,1769610088893000000,173933701
JVM.totalTimeToSafepointsMs,1769610028894000000,1769610088893000000,0
JVM.usedHeapBytes,1769610028894000000,1769610088893000000,916945296
AWTEventQueue.dispatchTimeTotalNS,1769610028894000000,1769610088893000000,61674554
FlushQueue.executionTimeAvgNs,1769610028894000000,1769610088893000000,0.0
NonBlockingReadAction.failedExecutionTimeUs,1769610028894000000,1769610088893000000,0
FlushQueue.queueSizeMax,1769610028894000000,1769610088893000000,0
ReadAction.executionsCount,1769610028894000000,1769610088893000000,12638
FlushQueue.waitingTimeAvgNs,1769610028894000000,1769610088893000000,0.0
AWTEventQueue.dispatchTimeMaxNs,1769610028894000000,1769610088893000000,0
FlushQueue.tasksExecuted,1769610028894000000,1769610088893000000,0
WriteAction.executionsCount,1769610028894000000,1769610088893000000,0
AWTEventQueue.dispatchTimeAvgNs,1769610028894000000,1769610088893000000,0.0
NonBlockingReadAction.finalizedExecutionsCount,1769610028894000000,1769610088893000000,2
AWTEventQueue.eventsDispatched,1769610028894000000,1769610088893000000,0
FlushQueue.queueSizeAvg,1769610028894000000,1769610088893000000,0.0
FlushQueue.executionTimeMaxNs,1769610028894000000,1769610088893000000,0
NonBlockingReadAction.finalizedExecutionTimeUs,1769610028894000000,1769610088893000000,736
NonBlockingReadAction.failedExecutionsCount,1769610028894000000,1769610088893000000,0
FlushQueue.queueSize90P,1769610028894000000,1769610088893000000,0
FlushQueue.waitingTime90PNs,1769610028894000000,1769610088893000000,0
AWTEventQueue.dispatchTime90PNs,1769610028894000000,1769610088893000000,0
FlushQueue.waitingTimeMaxNs,1769610028894000000,1769610088893000000,0
FlushQueue.executionTime90PNs,1769610028894000000,1769610088893000000,0
VFS.contentStorage.recordsUncompressedSize,1769610028894000000,1769610088893000000,0
VFS.fileByIdCache.misses,1769610028894000000,1769610088893000000,0
VFS.contentStorage.recordsReadDecompressed,1769610028894000000,1769610088893000000,0
VFS.contentStorage.recordsStoredSize,1769610028894000000,1769610088893000000,0
VFS.contentStorage.recordsReadSize,1769610028894000000,1769610088893000000,0
FileNameCache.queries,1769610028894000000,1769610088893000000,320
VFS.contentStorage.recordsDecompressionTimeUs,1769610028894000000,1769610088893000000,0
VFS.contentStorage.recordsDeduplicated,1769610028894000000,1769610088893000000,0
VFS.contentStorage.recordsRead,1769610028894000000,1769610088893000000,0
VFS.contentStorage.recordsStored,1769610028894000000,1769610088893000000,0
VFS.invertedFileNameIndex.requests,1769610028894000000,1769610088893000000,0
VFS.contentStorage.recordsStoredCompressed,1769610028894000000,1769610088893000000,0
VFS.fileChildByName,1769610028894000000,1769610088893000000,1778
VFS.fileByIdCache.hits,1769610028894000000,1769610088893000000,0
FileNameCache.totalMisses,1769610028894000000,1769610088893000000,0
workspaceModel.global.apply.state.to.project.builder.ms,1769610028894000000,1769610088893000000,0
workspaceModel.mutableEntityStorage.changeLog.addReplaceEventForRemovedParent.ms,1769610028894000000,1769610088893000000,0
jps.apply.loaded.storage.ms,1769610028894000000,1769610088893000000,0
jps.global.handle.changed.events.ms,1769610028894000000,1769610088893000000,0
jps.global.initialize.library.bridges.ms,1769610028894000000,1769610088893000000,0
jps.facet.change.listener.init.bridge.ms,1769610028894000000,1769610088893000000,0
workspaceModel.moduleManagerBridge.new.nonPersistent.module.ms,1769610028894000000,1769610088893000000,0
workspaceModel.mutableEntityStorage.changeLog.addReplaceEventForRemovedChild.ms,1769610028894000000,1769610088893000000,0
jps.module.iml.entities.serializer.load.entities.ms,1769610028894000000,1769610088893000000,0
workspaceModel.mutableEntityStorage.referrers.ms,1769610028894000000,1769610088893000000,0
jps.library.entities.serializer.load.entities.ms,1769610028894000000,1769610088893000000,0
workspaceModel.global.updates.ms,1769610028894000000,1769610088893000000,0
jps.project.serializers.save.ms,1769610028894000000,1769610088893000000,0
jps.artifact.entities.serializer.save.entities.ms,1769610028894000000,1769610088893000000,0
workspaceModel.moduleBridge.facet.initialization.ms,1769610028894000000,1769610088893000000,0
jps.save.changed.project.entities.ms,1769610028894000000,1769610088893000000,0
workspaceModel.load.cache.metadata.from.file.ms,1769610028894000000,1769610088893000000,0
workspaceModel.mutableEntityStorage.changeLog.addReplaceEventForNewParent.ms,1769610028894000000,1769610088893000000,0
workspaceModel.mutableEntityStorage.mutable.ext.mapping.ms,1769610028894000000,1769610088893000000,0
workspaceModel.global.updates.count,1769610028894000000,1769610088893000000,0
jps.module.dependency.index.workspace.model.listener.on.changed.ms,1769610028894000000,1769610088893000000,0
workspaceModel.sync.entities.ms,1769610028894000000,1769610088893000000,0
jps.facet.change.listener.process.change.events.ms,1769610028894000000,1769610088893000000,0
jps.global.get.libraries.ms,1769610028894000000,1769610088893000000,0
jps.app.storage.content.writer.save.component.ms,1769610028894000000,1769610088893000000,0
workspaceModel.global.apply.state.to.project.ms,1769610028894000000,1769610088893000000,0
workspaceModel.mutableEntityStorage.has.same.entities.ms,1769610028894000000,1769610088893000000,0
workspaceModel.moduleBridge.update.option.ms,1769610028894000000,1769610088893000000,0
jps.library.entities.serializer.save.entities.ms,1769610028894000000,1769610088893000000,0
jps.global.handle.before.change.events.ms,1769610028894000000,1769610088893000000,0
workspaceModel.mutableEntityStorage.collect.changes.ms,1769610028894000000,1769610088893000000,0
workspaceModel.mutableEntityStorage.replace.by.source.ms,1769610028894000000,1769610088893000000,0
workspaceModel.mutableEntityStorage.entities.by.source.ms,1769610028894000000,1769610088893000000,0
workspaceModel.mutableEntityStorage.changeLog.addReplaceEventForNewChild.ms,1769610028894000000,1769610088893000000,0
workspaceModel.orphan.listener.update.ms,1769610028894000000,1769610088893000000,0
workspaceModel.mutableEntityStorage.apply.changes.from.ms,1769610028894000000,1769610088893000000,0
workspaceModel.mutableEntityStorage.resolve.ms,1769610028894000000,1769610088893000000,0
jps.global.get.library.by.name.ms,1769610028894000000,1769610088893000000,0
jps.save.global.entities.ms,1769610028894000000,1769610088893000000,0
workspaceModel.moduleBridge.before.changed.ms,1769610028894000000,1769610088893000000,0
jps.global.get.library.ms,1769610028894000000,1769610088893000000,0
workspaceModel.moduleManagerBridge.create.module.instance.ms,1769610028894000000,1769610088893000000,0
jps.storage.jps.conf.reader.load.component.ms,1769610028894000000,1769610088893000000,0
workspaceModel.mutableEntityStorage.to.snapshot.ms,1769610028894000000,1769610088893000000,0
workspaceModel.do.save.caches.ms,1769610028894000000,1769610088893000000,0
workspaceModel.moduleManagerBridge.build.module.graph.ms,1769610028894000000,1769610088893000000,0
jps.reload.project.entities.ms,1769610028894000000,1769610088893000000,0
workspaceModel.delayed.project.synchronizer.sync.ms,1769610028894000000,1769610088893000000,0
workspaceModel.mutableEntityStorage.entities.ms,1769610028894000000,1769610088893000000,0
workspaceModel.moduleBridgeLoader.loading.modules.ms,1769610028894000000,1769610088893000000,0
workspaceModel.mutableEntityStorage.remove.entity.ms,1769610028894000000,1769610088893000000,0
jps.global.initialize.library.bridges.after.loading.ms,1769610028894000000,1769610088893000000,0
workspaceModel.save.cache.to.file.ms,1769610028894000000,1769610088893000000,0
jps.load.project.to.empty.storage.ms,1769610028894000000,1769610088893000000,0
jps.project.serializers.load.ms,1769610028894000000,1769610088893000000,0
workspaceModel.moduleManagerBridge.set.unloadedModules.ms,1769610028894000000,1769610088893000000,0
workspaceModel.mutableEntityStorage.modify.entity.ms,1769610028894000000,1769610088893000000,0
jps.artifact.entities.serializer.load.entities.ms,1769610028894000000,1769610088893000000,0
workspaceModel.mutableEntityStorage.add.entity.ms,1769610028894000000,1769610088893000000,0
workspaceModel.moduleManagerBridge.newModule.ms,1769610028894000000,1769610088893000000,0
workspaceModel.moduleManagerBridge.load.module.ms,1769610028894000000,1769610088893000000,0
workspaceModel.moduleManagerBridge.load.all.modules.ms,1769610028894000000,1769610088893000000,0
jps.module.iml.entities.serializer.save.entities.ms,1769610028894000000,1769610088893000000,0
workspaceModel.mutableEntityStorage.put.entity.ms,1769610028894000000,1769610088893000000,0
workspaceModel.mutableEntityStorage.instances.count,1769610028894000000,1769610088893000000,0
jps.load.initial.state.ms,1769610028894000000,1769610088893000000,0
workspaceModel.mutableEntityStorage.mutable.vfurl.index.ms,1769610028894000000,1769610088893000000,0
workspaceModel.load.cache.from.file.ms,1769610028894000000,1769610088893000000,0
jps.app.storage.content.reader.load.component.ms,1769610028894000000,1769610088893000000,0
workspaceModel.moduleManagerBridge.get.modules.ms,1769610028894000000,1769610088893000000,0
jps.facet.change.listener.before.change.events.ms,1769610028894000000,1769610088893000000,0
workspaceModel.workspaceFileIndexData.getFileInfo.ms,1769610028894000000,1769610088893000000,2
workspaceModel.init.bridges.ms,1769610028894000000,1769610088893000000,0
workspaceModel.cachedValueWithParameters.calculated.count,1769610028894000000,1769610088893000000,0
workspaceModel.cachedValue.total.get.count,1769610028894000000,1769610088893000000,1
workspaceModel.workspaceFileIndexData.onEntitiesChanged.ms,1769610028894000000,1769610088893000000,0
workspaceModel.workspaceFileIndexData.visitFileSets.ms,1769610028894000000,1769610088893000000,1
workspaceModel.updates.ms,1769610028894000000,1769610088893000000,0
workspaceModel.cachedValue.calculated.count,1769610028894000000,1769610088893000000,0
workspaceModel.workspaceFileIndexData.instances.count,1769610028894000000,1769610088893000000,0
workspaceModel.workspaceFileIndexData.init.ms,1769610028894000000,1769610088893000000,0
workspaceModel.cachedValueWithParameters.total.get.count,1769610028894000000,1769610088893000000,0
workspaceModel.collect.changes.ms,1769610028894000000,1769610088893000000,0
workspaceModel.entityStorageSnapshotImpl.instances.count,1769610028894000000,1769610088893000000,0
workspaceModel.initializing.ms,1769610028894000000,1769610088893000000,0
workspaceModel.replace.project.model.ms,1769610028894000000,1769610088893000000,0
workspaceModel.workspaceFileIndexData.getPackageName.ms,1769610028894000000,1769610088893000000,0
workspaceModel.cachedValueWithParameters.clear.count,1769610028894000000,1769610088893000000,0
workspaceModel.pre.handlers.ms,1769610028894000000,1769610088893000000,0
workspaceModel.cachedValue.from.cache.count,1769610028894000000,1769610088893000000,1
workspaceModel.updates.count,1769610028894000000,1769610088893000000,0
workspaceModel.loading.from.cache.ms,1769610028894000000,1769610088893000000,0
workspaceModel.check.recursive.update.ms,1769610028894000000,1769610088893000000,0
workspaceModel.workspaceFileIndexData.getDirectoriesByPackageName.ms,1769610028894000000,1769610088893000000,0
workspaceModel.cachedValue.clear.count,1769610028894000000,1769610088893000000,0
workspaceModel.workspaceFileIndexContributor.registerFileSets.ms,1769610028894000000,1769610088893000000,0
workspaceModel.workspaceFileIndexData.updateDirtyEntities.ms,1769610028894000000,1769610088893000000,0
workspaceModel.on.before.changed.ms,1769610028894000000,1769610088893000000,0
workspaceModel.workspaceFileIndexData.processFileSets.ms,1769610028894000000,1769610088893000000,0
workspaceModel.workspaceFileIndexData.markDirty.ms,1769610028894000000,1769610088893000000,0
workspaceModel.loading.total.ms,1769610028894000000,1769610088893000000,0
workspaceModel.cachedValueWithParameters.from.cache.count,1769610028894000000,1769610088893000000,0
workspaceModel.full.replace.project.model.ms,1769610028894000000,1769610088893000000,0
workspaceModel.to.snapshot.ms,1769610028894000000,1769610088893000000,0
workspaceModel.on.changed.ms,1769610028894000000,1769610088893000000,0
workspaceModel.update.unloaded.entities.ms,1769610028894000000,1769610088893000000,0
workspaceModel.updates.precise.ms,1769610028894000000,1769610088893000000,0
cacheStateStorage.set.counter,1769610028894000000,1769610088893000000,0
cacheStateStorage.get.duration,1769610028894000000,1769610088893000000,0
cacheStateStorage.set.duration,1769610028894000000,1769610088893000000,0
cacheStateStorage.get.counter,1769610028894000000,1769610088893000000,0
writeAction.max.wait.ms,1769610028894000000,1769610088893000000,2
writeAction.count,1769610028894000000,1769610088893000000,0
writeAction.median.wait.ms,1769610028894000000,1769610088893000000,0
DiskQueryRelay.tasksRequested,1769610028894000000,1769610088893000000,0
DiskQueryRelay.tasksExecuted,1769610028894000000,1769610088893000000,0
DiskQueryRelay.taskWaitingTotalTimeUs,1769610028894000000,1769610088893000000,0
writeAction.wait.ms,1769610028894000000,1769610088893000000,0
DiskQueryRelay.taskExecutionTotalTimeUs,1769610028894000000,1769610088893000000,0
FilePageCache.uncachedFileAccess,1769610028894000000,1769610088893000000,0
FilePageCacheLockFree.totalPagesWriteMs,1769610028894000000,1769610088893000000,0
FilePageCacheLockFree.totalPagesAllocated,1769610028894000000,1769610088893000000,0
FilePageCacheLockFree.totalHeapBytesReclaimed,1769610028894000000,1769610088893000000,0
DirectByteBufferAllocator.totalSizeOfBuffersAllocatedInBytes,1769610028894000000,1769610088893000000,173080576
StorageLockContext.competingThreads.avg,1769610028894000000,1769610088893000000,0.0
DirectByteBufferAllocator.totalSizeOfBuffersCachedInBytes,1769610028894000000,1769610088893000000,0
FilePageCache.pageFastCacheHits,1769610028894000000,1769610088893000000,0
DirectByteBufferAllocator.reclaimed,1769610028894000000,1769610088893000000,0
FileChannelInterruptsRetryer.totalRetriedAttempts,1769610028894000000,1769610088893000000,0
MappedFileStorage.totalBytesMapped,1769610028894000000,1769610088893000000,273940480
StreamlinedBlobStorage.totalLiveRecordsPayloadBytes,1769610028894000000,1769610088893000000,0
FilePageCacheLockFree.totalPageAllocationsWaited,1769610028894000000,1769610088893000000,0
FilePageCacheLockFree.totalNativeBytesReclaimed,1769610028894000000,1769610088893000000,0
MappedFileStorage.totalTimeSpentOnMappingUs,1769610028894000000,1769610088893000000,11057
StorageLockContext.competingThreads.90P,1769610028894000000,1769610088893000000,0
FilePageCacheLockFree.totalPagesWritten,1769610028894000000,1769610088893000000,0
DirectByteBufferAllocator.hits,1769610028894000000,1769610088893000000,0
FilePageCacheLockFree.totalClosedStoragesReclaimed,1769610028894000000,1769610088893000000,0
FilePageCacheLockFree.nativeBytesInUse,1769610028894000000,1769610088893000000,0
FilePageCacheLockFree.totalHeapBytesAllocated,1769610028894000000,1769610088893000000,0
FilePageCacheLockFree.totalPagesRequested,1769610028894000000,1769610088893000000,0
StorageLockContext.competingThreads.max,1769610028894000000,1769610088893000000,0
MappedFileStorage.storages,1769610028894000000,1769610088893000000,15
FilePageCacheLockFree.totalPagesHandedOver,1769610028894000000,1769610088893000000,0
FilePageCache.disposedBuffers,1769610028894000000,1769610088893000000,0
FilePageCacheLockFree.totalBytesRequested,1769610028894000000,1769610088893000000,0
FilePageCache.totalPageDisposalsUs,1769610028894000000,1769610088893000000,0
FilePageCacheLockFree.heapBytesInUse,1769610028894000000,1769610088893000000,0
FilePageCacheLockFree.totalPagesReadMs,1769610028894000000,1769610088893000000,0
FilePageCacheLockFree.housekeeperTurnsDone,1769610028894000000,1769610088893000000,0
DirectByteBufferAllocator.disposed,1769610028894000000,1769610088893000000,0
FilePageCache.pageLoads,1769610028894000000,1769610088893000000,0
FilePageCacheLockFree.totalNativeBytesAllocated,1769610028894000000,1769610088893000000,0
FilePageCacheLockFree.totalPagesReclaimed,1769610028894000000,1769610088893000000,0
FilePageCache.capacityInBytes,1769610028894000000,1769610088893000000,503316478
StreamlinedBlobStorage.recordsAllocated,1769610028894000000,1769610088893000000,0
FilePageCacheLockFree.totalBytesRead,1769610028894000000,1769610088893000000,0
StreamlinedBlobStorage.recordsDeleted,1769610028894000000,1769610088893000000,0
FilePageCache.pageHits,1769610028894000000,1769610088893000000,0
FilePageCache.maxRegisteredFiles,1769610028894000000,1769610088893000000,252
StreamlinedBlobStorage.totalLiveRecordsCapacityBytes,1769610028894000000,1769610088893000000,0
FilePageCacheLockFree.totalPagesRequestsMs,1769610028894000000,1769610088893000000,0
FilePageCacheLockFree.housekeeperTurnsSkipped,1769610028894000000,1769610088893000000,0
MappedFileStorage.totalPagesMapped,1769610028894000000,1769610088893000000,21
FilePageCache.pageLoadsAboveSizeThreshold,1769610028894000000,1769610088893000000,0
FilePageCacheLockFree.totalBytesWritten,1769610028894000000,1769610088893000000,0
FilePageCache.maxCacheSizeInBytes,1769610028894000000,1769610088893000000,173080576
FilePageCache.totalPageLoadsUs,1769610028894000000,1769610088893000000,0
DirectByteBufferAllocator.misses,1769610028894000000,1769610088893000000,0
StreamlinedBlobStorage.recordsRelocated,1769610028894000000,1769610088893000000,0
FilePageCacheLockFree.housekeeperTimeSpentMs,1769610028894000000,1769610088893000000,0
Indexing.cache.totalCacheEvicted,1769610088893000000,1769610148893000000,8422
Indexing.writesQueuedMax,1769610088893000000,1769610148893000000,0
Indexes.stubs.lookups,1769610088893000000,1769610148893000000,0
Indexing.writer_2.totalTimeSpentWritingMs,1769610088893000000,1769610148893000000,0
Indexing.writer_3.totalTimeSpentWritingMs,1769610088893000000,1769610148893000000,0
Indexes.allKeys.lookupDurationMaxMs,1769610088893000000,1769610148893000000,0.0
Indexes.entries.lookupDurationMaxMs,1769610088893000000,1769610148893000000,0.0
Indexing.writer_1.totalTimeSpentWritingMs,1769610088893000000,1769610148893000000,0
Indexing.writer_0.totalTimeSpentWritingMs,1769610088893000000,1769610148893000000,0
Indexes.allKeys.lookups,1769610088893000000,1769610148893000000,0
Indexes.entries.lookups,1769610088893000000,1769610148893000000,27
Indexing.cache.totalCacheAccesses,1769610088893000000,1769610148893000000,8474
Indexes.entries.lookupDuration90PMs,1769610088893000000,1769610148893000000,0.0
IndexesFlusher.totalFlushingTimeUs,1769610088893000000,1769610148893000000,35548
Indexing.totalTimeIndexersSleptMs,1769610088893000000,1769610148893000000,0
IndexesFlusher.totalContentionQuotaSpent,1769610088893000000,1769610148893000000,0
Indexes.allKeys.lookupDuration90PMs,1769610088893000000,1769610148893000000,0.0
Indexes.entries.lookupDurationAvgMs,1769610088893000000,1769610148893000000,0.0
IndexesFlusher.totalFlushes,1769610088893000000,1769610148893000000,120
Indexes.stubs.lookupDurationMaxMs,1769610088893000000,1769610148893000000,0.0
Indexes.stubs.lookupDuration90PMs,1769610088893000000,1769610148893000000,0.0
Indexing.cache.totalCacheMisses,1769610088893000000,1769610148893000000,8442
Indexes.stubs.lookupDurationAvgMs,1769610088893000000,1769610148893000000,0.0
IndexesFlusher.totalFlushesRetried,1769610088893000000,1769610148893000000,0
Indexes.allKeys.lookupDurationAvgMs,1769610088893000000,1769610148893000000,0.0
Indexing.writesQueuedMin,1769610088893000000,1769610148893000000,9223372036854775807
JVM.maxThreadCount,1769610088893000000,1769610148893000000,148
JVM.GC.collectionTimesMs,1769610088893000000,1769610148893000000,19
JVM.GC.collections,1769610088893000000,1769610148893000000,3
OS.loadAverage,1769610088893000000,1769610148893000000,1.63232421875
JVM.totalSafepointCount,1769610088893000000,1769610148893000000,30
JVM.threadCount,1769610088893000000,1769610148893000000,74
JVM.totalTimeAtSafepointsMs,1769610088893000000,1769610148893000000,26
JVM.newThreadsCount,1769610088893000000,1769610148893000000,27
JVM.totalBytesAllocated,1769610088893000000,1769610148893000000,520965256
JVM.totalCpuTimeMs,1769610088893000000,1769610148893000000,7980
JVM.usedNativeBytes,1769610088893000000,1769610148893000000,433777224
JVM.maxHeapBytes,1769610088893000000,1769610148893000000,4196401152
JVM.totalDirectByteBuffersBytes,1769610088893000000,1769610148893000000,178353787
JVM.totalTimeToSafepointsMs,1769610088893000000,1769610148893000000,5
JVM.usedHeapBytes,1769610088893000000,1769610148893000000,864015312
AWTEventQueue.dispatchTimeTotalNS,1769610088893000000,1769610148893000000,1384606073
FlushQueue.executionTimeAvgNs,1769610088893000000,1769610148893000000,0.0
NonBlockingReadAction.failedExecutionTimeUs,1769610088893000000,1769610148893000000,126
FlushQueue.queueSizeMax,1769610088893000000,1769610148893000000,0
ReadAction.executionsCount,1769610088893000000,1769610148893000000,191844
FlushQueue.waitingTimeAvgNs,1769610088893000000,1769610148893000000,0.0
AWTEventQueue.dispatchTimeMaxNs,1769610088893000000,1769610148893000000,18559
FlushQueue.tasksExecuted,1769610088893000000,1769610148893000000,0
WriteAction.executionsCount,1769610088893000000,1769610148893000000,4
AWTEventQueue.dispatchTimeAvgNs,1769610088893000000,1769610148893000000,18496.0
NonBlockingReadAction.finalizedExecutionsCount,1769610088893000000,1769610148893000000,358
AWTEventQueue.eventsDispatched,1769610088893000000,1769610148893000000,1
FlushQueue.queueSizeAvg,1769610088893000000,1769610148893000000,0.0
FlushQueue.executionTimeMaxNs,1769610088893000000,1769610148893000000,0
NonBlockingReadAction.finalizedExecutionTimeUs,1769610088893000000,1769610148893000000,23469
NonBlockingReadAction.failedExecutionsCount,1769610088893000000,1769610148893000000,1
FlushQueue.queueSize90P,1769610088893000000,1769610148893000000,0
FlushQueue.waitingTime90PNs,1769610088893000000,1769610148893000000,0
AWTEventQueue.dispatchTime90PNs,1769610088893000000,1769610148893000000,18559
FlushQueue.waitingTimeMaxNs,1769610088893000000,1769610148893000000,0
FlushQueue.executionTime90PNs,1769610088893000000,1769610148893000000,0
VFS.contentStorage.recordsUncompressedSize,1769610088893000000,1769610148893000000,86572
VFS.fileByIdCache.misses,1769610088893000000,1769610148893000000,2181
VFS.contentStorage.recordsReadDecompressed,1769610088893000000,1769610148893000000,1
VFS.contentStorage.recordsStoredSize,1769610088893000000,1769610148893000000,38172
VFS.contentStorage.recordsReadSize,1769610088893000000,1769610148893000000,56290
FileNameCache.queries,1769610088893000000,1769610148893000000,556608
VFS.contentStorage.recordsDecompressionTimeUs,1769610088893000000,1769610148893000000,57
VFS.contentStorage.recordsDeduplicated,1769610088893000000,1769610148893000000,4
VFS.contentStorage.recordsRead,1769610088893000000,1769610148893000000,19
VFS.contentStorage.recordsStored,1769610088893000000,1769610148893000000,10
VFS.invertedFileNameIndex.requests,1769610088893000000,1769610148893000000,0
VFS.contentStorage.recordsStoredCompressed,1769610088893000000,1769610148893000000,2
VFS.fileChildByName,1769610088893000000,1769610148893000000,63035
VFS.fileByIdCache.hits,1769610088893000000,1769610148893000000,0
FileNameCache.totalMisses,1769610088893000000,1769610148893000000,0
workspaceModel.global.apply.state.to.project.builder.ms,1769610088893000000,1769610148893000000,0
workspaceModel.mutableEntityStorage.changeLog.addReplaceEventForRemovedParent.ms,1769610088893000000,1769610148893000000,0
jps.apply.loaded.storage.ms,1769610088893000000,1769610148893000000,0
jps.global.handle.changed.events.ms,1769610088893000000,1769610148893000000,0
jps.global.initialize.library.bridges.ms,1769610088893000000,1769610148893000000,0
jps.facet.change.listener.init.bridge.ms,1769610088893000000,1769610148893000000,0
workspaceModel.moduleManagerBridge.new.nonPersistent.module.ms,1769610088893000000,1769610148893000000,0
workspaceModel.mutableEntityStorage.changeLog.addReplaceEventForRemovedChild.ms,1769610088893000000,1769610148893000000,0
jps.module.iml.entities.serializer.load.entities.ms,1769610088893000000,1769610148893000000,0
workspaceModel.mutableEntityStorage.referrers.ms,1769610088893000000,1769610148893000000,0
jps.library.entities.serializer.load.entities.ms,1769610088893000000,1769610148893000000,0
workspaceModel.global.updates.ms,1769610088893000000,1769610148893000000,0
jps.project.serializers.save.ms,1769610088893000000,1769610148893000000,0
jps.artifact.entities.serializer.save.entities.ms,1769610088893000000,1769610148893000000,0
workspaceModel.moduleBridge.facet.initialization.ms,1769610088893000000,1769610148893000000,0
jps.save.changed.project.entities.ms,1769610088893000000,1769610148893000000,0
workspaceModel.load.cache.metadata.from.file.ms,1769610088893000000,1769610148893000000,0
workspaceModel.mutableEntityStorage.changeLog.addReplaceEventForNewParent.ms,1769610088893000000,1769610148893000000,0
workspaceModel.mutableEntityStorage.mutable.ext.mapping.ms,1769610088893000000,1769610148893000000,0
workspaceModel.global.updates.count,1769610088893000000,1769610148893000000,0
jps.module.dependency.index.workspace.model.listener.on.changed.ms,1769610088893000000,1769610148893000000,0
workspaceModel.sync.entities.ms,1769610088893000000,1769610148893000000,0
jps.facet.change.listener.process.change.events.ms,1769610088893000000,1769610148893000000,0
jps.global.get.libraries.ms,1769610088893000000,1769610148893000000,0
jps.app.storage.content.writer.save.component.ms,1769610088893000000,1769610148893000000,0
workspaceModel.global.apply.state.to.project.ms,1769610088893000000,1769610148893000000,0
workspaceModel.mutableEntityStorage.has.same.entities.ms,1769610088893000000,1769610148893000000,0
workspaceModel.moduleBridge.update.option.ms,1769610088893000000,1769610148893000000,0
jps.library.entities.serializer.save.entities.ms,1769610088893000000,1769610148893000000,0
jps.global.handle.before.change.events.ms,1769610088893000000,1769610148893000000,0
workspaceModel.mutableEntityStorage.collect.changes.ms,1769610088893000000,1769610148893000000,0
workspaceModel.mutableEntityStorage.replace.by.source.ms,1769610088893000000,1769610148893000000,0
workspaceModel.mutableEntityStorage.entities.by.source.ms,1769610088893000000,1769610148893000000,0
workspaceModel.mutableEntityStorage.changeLog.addReplaceEventForNewChild.ms,1769610088893000000,1769610148893000000,0
workspaceModel.orphan.listener.update.ms,1769610088893000000,1769610148893000000,0
workspaceModel.mutableEntityStorage.apply.changes.from.ms,1769610088893000000,1769610148893000000,0
workspaceModel.mutableEntityStorage.resolve.ms,1769610088893000000,1769610148893000000,0
jps.global.get.library.by.name.ms,1769610088893000000,1769610148893000000,0
jps.save.global.entities.ms,1769610088893000000,1769610148893000000,0
workspaceModel.moduleBridge.before.changed.ms,1769610088893000000,1769610148893000000,0
jps.global.get.library.ms,1769610088893000000,1769610148893000000,0
workspaceModel.moduleManagerBridge.create.module.instance.ms,1769610088893000000,1769610148893000000,0
jps.storage.jps.conf.reader.load.component.ms,1769610088893000000,1769610148893000000,0
workspaceModel.mutableEntityStorage.to.snapshot.ms,1769610088893000000,1769610148893000000,0
workspaceModel.do.save.caches.ms,1769610088893000000,1769610148893000000,0
workspaceModel.moduleManagerBridge.build.module.graph.ms,1769610088893000000,1769610148893000000,0
jps.reload.project.entities.ms,1769610088893000000,1769610148893000000,0
workspaceModel.delayed.project.synchronizer.sync.ms,1769610088893000000,1769610148893000000,0
workspaceModel.mutableEntityStorage.entities.ms,1769610088893000000,1769610148893000000,0
workspaceModel.moduleBridgeLoader.loading.modules.ms,1769610088893000000,1769610148893000000,0
workspaceModel.mutableEntityStorage.remove.entity.ms,1769610088893000000,1769610148893000000,0
jps.global.initialize.library.bridges.after.loading.ms,1769610088893000000,1769610148893000000,0
workspaceModel.save.cache.to.file.ms,1769610088893000000,1769610148893000000,0
jps.load.project.to.empty.storage.ms,1769610088893000000,1769610148893000000,0
jps.project.serializers.load.ms,1769610088893000000,1769610148893000000,0
workspaceModel.moduleManagerBridge.set.unloadedModules.ms,1769610088893000000,1769610148893000000,0
workspaceModel.mutableEntityStorage.modify.entity.ms,1769610088893000000,1769610148893000000,0
jps.artifact.entities.serializer.load.entities.ms,1769610088893000000,1769610148893000000,0
workspaceModel.mutableEntityStorage.add.entity.ms,1769610088893000000,1769610148893000000,0
workspaceModel.moduleManagerBridge.newModule.ms,1769610088893000000,1769610148893000000,0
workspaceModel.moduleManagerBridge.load.module.ms,1769610088893000000,1769610148893000000,0
workspaceModel.moduleManagerBridge.load.all.modules.ms,1769610088893000000,1769610148893000000,0
jps.module.iml.entities.serializer.save.entities.ms,1769610088893000000,1769610148893000000,0
workspaceModel.mutableEntityStorage.put.entity.ms,1769610088893000000,1769610148893000000,0
workspaceModel.mutableEntityStorage.instances.count,1769610088893000000,1769610148893000000,0
jps.load.initial.state.ms,1769610088893000000,1769610148893000000,0
workspaceModel.mutableEntityStorage.mutable.vfurl.index.ms,1769610088893000000,1769610148893000000,0
workspaceModel.load.cache.from.file.ms,1769610088893000000,1769610148893000000,0
jps.app.storage.content.reader.load.component.ms,1769610088893000000,1769610148893000000,0
workspaceModel.moduleManagerBridge.get.modules.ms,1769610088893000000,1769610148893000000,0
jps.facet.change.listener.before.change.events.ms,1769610088893000000,1769610148893000000,0
workspaceModel.workspaceFileIndexData.getFileInfo.ms,1769610088893000000,1769610148893000000,26
workspaceModel.init.bridges.ms,1769610088893000000,1769610148893000000,0
workspaceModel.cachedValueWithParameters.calculated.count,1769610088893000000,1769610148893000000,0
workspaceModel.cachedValue.total.get.count,1769610088893000000,1769610148893000000,4567
workspaceModel.workspaceFileIndexData.onEntitiesChanged.ms,1769610088893000000,1769610148893000000,0
workspaceModel.workspaceFileIndexData.visitFileSets.ms,1769610088893000000,1769610148893000000,0
workspaceModel.updates.ms,1769610088893000000,1769610148893000000,0
workspaceModel.cachedValue.calculated.count,1769610088893000000,1769610148893000000,0
workspaceModel.workspaceFileIndexData.instances.count,1769610088893000000,1769610148893000000,0
workspaceModel.workspaceFileIndexData.init.ms,1769610088893000000,1769610148893000000,0
workspaceModel.cachedValueWithParameters.total.get.count,1769610088893000000,1769610148893000000,0
workspaceModel.collect.changes.ms,1769610088893000000,1769610148893000000,0
workspaceModel.entityStorageSnapshotImpl.instances.count,1769610088893000000,1769610148893000000,0
workspaceModel.initializing.ms,1769610088893000000,1769610148893000000,0
workspaceModel.replace.project.model.ms,1769610088893000000,1769610148893000000,0
workspaceModel.workspaceFileIndexData.getPackageName.ms,1769610088893000000,1769610148893000000,0
workspaceModel.cachedValueWithParameters.clear.count,1769610088893000000,1769610148893000000,0
workspaceModel.pre.handlers.ms,1769610088893000000,1769610148893000000,0
workspaceModel.cachedValue.from.cache.count,1769610088893000000,1769610148893000000,4567
workspaceModel.updates.count,1769610088893000000,1769610148893000000,0
workspaceModel.loading.from.cache.ms,1769610088893000000,1769610148893000000,0
workspaceModel.check.recursive.update.ms,1769610088893000000,1769610148893000000,0
workspaceModel.workspaceFileIndexData.getDirectoriesByPackageName.ms,1769610088893000000,1769610148893000000,0
workspaceModel.cachedValue.clear.count,1769610088893000000,1769610148893000000,0
workspaceModel.workspaceFileIndexContributor.registerFileSets.ms,1769610088893000000,1769610148893000000,0
workspaceModel.workspaceFileIndexData.updateDirtyEntities.ms,1769610088893000000,1769610148893000000,0
workspaceModel.on.before.changed.ms,1769610088893000000,1769610148893000000,0
workspaceModel.workspaceFileIndexData.processFileSets.ms,1769610088893000000,1769610148893000000,0
workspaceModel.workspaceFileIndexData.markDirty.ms,1769610088893000000,1769610148893000000,0
workspaceModel.loading.total.ms,1769610088893000000,1769610148893000000,0
workspaceModel.cachedValueWithParameters.from.cache.count,1769610088893000000,1769610148893000000,0
workspaceModel.full.replace.project.model.ms,1769610088893000000,1769610148893000000,0
workspaceModel.to.snapshot.ms,1769610088893000000,1769610148893000000,0
workspaceModel.on.changed.ms,1769610088893000000,1769610148893000000,0
workspaceModel.update.unloaded.entities.ms,1769610088893000000,1769610148893000000,0
workspaceModel.updates.precise.ms,1769610088893000000,1769610148893000000,0
cacheStateStorage.set.counter,1769610088893000000,1769610148893000000,0
cacheStateStorage.get.duration,1769610088893000000,1769610148893000000,0
cacheStateStorage.set.duration,1769610088893000000,1769610148893000000,0
cacheStateStorage.get.counter,1769610088893000000,1769610148893000000,0
writeAction.max.wait.ms,1769610088893000000,1769610148893000000,2
lexer.Python.size.bytes,1769610088893000000,1769610148893000000,35788
writeAction.count,1769610088893000000,1769610148893000000,4
parser.Python.size.bytes,1769610088893000000,1769610148893000000,35788
writeAction.median.wait.ms,1769610088893000000,1769610148893000000,0
DiskQueryRelay.tasksRequested,1769610088893000000,1769610148893000000,38
lexer.Python.time.ns,1769610088893000000,1769610148893000000,8276717
parser.HTML.size.bytes,1769610088893000000,1769610148893000000,824
DiskQueryRelay.tasksExecuted,1769610088893000000,1769610148893000000,38
DiskQueryRelay.taskWaitingTotalTimeUs,1769610088893000000,1769610148893000000,21820
lexer.HTML.time.ns,1769610088893000000,1769610148893000000,66526
writeAction.wait.ms,1769610088893000000,1769610148893000000,0
parser.Python.time.ns,1769610088893000000,1769610148893000000,35904667
DiskQueryRelay.taskExecutionTotalTimeUs,1769610088893000000,1769610148893000000,14583
parser.HTML.time.ns,1769610088893000000,1769610148893000000,1097846
lexer.HTML.size.bytes,1769610088893000000,1769610148893000000,824
FilePageCache.uncachedFileAccess,1769610088893000000,1769610148893000000,5
FilePageCacheLockFree.totalPagesWriteMs,1769610088893000000,1769610148893000000,0
FilePageCacheLockFree.totalPagesAllocated,1769610088893000000,1769610148893000000,0
FilePageCacheLockFree.totalHeapBytesReclaimed,1769610088893000000,1769610148893000000,0
DirectByteBufferAllocator.totalSizeOfBuffersAllocatedInBytes,1769610088893000000,1769610148893000000,177274880
StorageLockContext.competingThreads.avg,1769610088893000000,1769610148893000000,0.0
DirectByteBufferAllocator.totalSizeOfBuffersCachedInBytes,1769610088893000000,1769610148893000000,0
FilePageCache.pageFastCacheHits,1769610088893000000,1769610148893000000,10322
DirectByteBufferAllocator.reclaimed,1769610088893000000,1769610148893000000,0
FileChannelInterruptsRetryer.totalRetriedAttempts,1769610088893000000,1769610148893000000,0
MappedFileStorage.totalBytesMapped,1769610088893000000,1769610148893000000,273940480
StreamlinedBlobStorage.totalLiveRecordsPayloadBytes,1769610088893000000,1769610148893000000,0
FilePageCacheLockFree.totalPageAllocationsWaited,1769610088893000000,1769610148893000000,0
FilePageCacheLockFree.totalNativeBytesReclaimed,1769610088893000000,1769610148893000000,0
MappedFileStorage.totalTimeSpentOnMappingUs,1769610088893000000,1769610148893000000,11057
StorageLockContext.competingThreads.90P,1769610088893000000,1769610148893000000,0
FilePageCacheLockFree.totalPagesWritten,1769610088893000000,1769610148893000000,0
DirectByteBufferAllocator.hits,1769610088893000000,1769610148893000000,0
FilePageCacheLockFree.totalClosedStoragesReclaimed,1769610088893000000,1769610148893000000,0
FilePageCacheLockFree.nativeBytesInUse,1769610088893000000,1769610148893000000,0
FilePageCacheLockFree.totalHeapBytesAllocated,1769610088893000000,1769610148893000000,0
FilePageCacheLockFree.totalPagesRequested,1769610088893000000,1769610148893000000,0
StorageLockContext.competingThreads.max,1769610088893000000,1769610148893000000,0
MappedFileStorage.storages,1769610088893000000,1769610148893000000,15
FilePageCacheLockFree.totalPagesHandedOver,1769610088893000000,1769610148893000000,0
FilePageCache.disposedBuffers,1769610088893000000,1769610148893000000,0
FilePageCacheLockFree.totalBytesRequested,1769610088893000000,1769610148893000000,0
FilePageCache.totalPageDisposalsUs,1769610088893000000,1769610148893000000,15
FilePageCacheLockFree.heapBytesInUse,1769610088893000000,1769610148893000000,0
FilePageCacheLockFree.totalPagesReadMs,1769610088893000000,1769610148893000000,0
FilePageCacheLockFree.housekeeperTurnsDone,1769610088893000000,1769610148893000000,0
DirectByteBufferAllocator.disposed,1769610088893000000,1769610148893000000,0
FilePageCache.pageLoads,1769610088893000000,1769610148893000000,4
FilePageCacheLockFree.totalNativeBytesAllocated,1769610088893000000,1769610148893000000,0
FilePageCacheLockFree.totalPagesReclaimed,1769610088893000000,1769610148893000000,0
FilePageCache.capacityInBytes,1769610088893000000,1769610148893000000,503316478
StreamlinedBlobStorage.recordsAllocated,1769610088893000000,1769610148893000000,0
FilePageCacheLockFree.totalBytesRead,1769610088893000000,1769610148893000000,0
StreamlinedBlobStorage.recordsDeleted,1769610088893000000,1769610148893000000,0
FilePageCache.pageHits,1769610088893000000,1769610148893000000,5
FilePageCache.maxRegisteredFiles,1769610088893000000,1769610148893000000,252
StreamlinedBlobStorage.totalLiveRecordsCapacityBytes,1769610088893000000,1769610148893000000,0
FilePageCacheLockFree.totalPagesRequestsMs,1769610088893000000,1769610148893000000,0
FilePageCacheLockFree.housekeeperTurnsSkipped,1769610088893000000,1769610148893000000,0
MappedFileStorage.totalPagesMapped,1769610088893000000,1769610148893000000,21
FilePageCache.pageLoadsAboveSizeThreshold,1769610088893000000,1769610148893000000,0
FilePageCacheLockFree.totalBytesWritten,1769610088893000000,1769610148893000000,0
FilePageCache.maxCacheSizeInBytes,1769610088893000000,1769610148893000000,177274880
FilePageCache.totalPageLoadsUs,1769610088893000000,1769610148893000000,16708
DirectByteBufferAllocator.misses,1769610088893000000,1769610148893000000,4
StreamlinedBlobStorage.recordsRelocated,1769610088893000000,1769610148893000000,0
FilePageCacheLockFree.housekeeperTimeSpentMs,1769610088893000000,1769610148893000000,0
Indexing.cache.totalCacheEvicted,1769610148893000000,1769610208907000000,47
Indexing.writesQueuedMax,1769610148893000000,1769610208907000000,0
Indexes.stubs.lookups,1769610148893000000,1769610208907000000,0
Indexing.writer_2.totalTimeSpentWritingMs,1769610148893000000,1769610208907000000,0
Indexing.writer_3.totalTimeSpentWritingMs,1769610148893000000,1769610208907000000,0
Indexes.allKeys.lookupDurationMaxMs,1769610148893000000,1769610208907000000,0.0
Indexes.entries.lookupDurationMaxMs,1769610148893000000,1769610208907000000,0.0
Indexing.writer_1.totalTimeSpentWritingMs,1769610148893000000,1769610208907000000,0
Indexing.writer_0.totalTimeSpentWritingMs,1769610148893000000,1769610208907000000,0
Indexes.allKeys.lookups,1769610148893000000,1769610208907000000,0
Indexes.entries.lookups,1769610148893000000,1769610208907000000,486
Indexing.cache.totalCacheAccesses,1769610148893000000,1769610208907000000,570
Indexes.entries.lookupDuration90PMs,1769610148893000000,1769610208907000000,0.0
IndexesFlusher.totalFlushingTimeUs,1769610148893000000,1769610208907000000,46340
Indexing.totalTimeIndexersSleptMs,1769610148893000000,1769610208907000000,0
IndexesFlusher.totalContentionQuotaSpent,1769610148893000000,1769610208907000000,0
Indexes.allKeys.lookupDuration90PMs,1769610148893000000,1769610208907000000,0.0
Indexes.entries.lookupDurationAvgMs,1769610148893000000,1769610208907000000,0.0
IndexesFlusher.totalFlushes,1769610148893000000,1769610208907000000,120
Indexes.stubs.lookupDurationMaxMs,1769610148893000000,1769610208907000000,0.0
Indexes.stubs.lookupDuration90PMs,1769610148893000000,1769610208907000000,0.0
Indexing.cache.totalCacheMisses,1769610148893000000,1769610208907000000,47
Indexes.stubs.lookupDurationAvgMs,1769610148893000000,1769610208907000000,0.0
IndexesFlusher.totalFlushesRetried,1769610148893000000,1769610208907000000,0
Indexes.allKeys.lookupDurationAvgMs,1769610148893000000,1769610208907000000,0.0
Indexing.writesQueuedMin,1769610148893000000,1769610208907000000,9223372036854775807
JVM.maxThreadCount,1769610148893000000,1769610208907000000,148
JVM.GC.collectionTimesMs,1769610148893000000,1769610208907000000,295
JVM.GC.collections,1769610148893000000,1769610208907000000,26
OS.loadAverage,1769610148893000000,1769610208907000000,1.4931640625
JVM.totalSafepointCount,1769610148893000000,1769610208907000000,74
JVM.threadCount,1769610148893000000,1769610208907000000,75
JVM.totalTimeAtSafepointsMs,1769610148893000000,1769610208907000000,302
JVM.newThreadsCount,1769610148893000000,1769610208907000000,2
JVM.totalBytesAllocated,1769610148893000000,1769610208907000000,4710236624
JVM.totalCpuTimeMs,1769610148893000000,1769610208907000000,40260
JVM.usedNativeBytes,1769610148893000000,1769610208907000000,410136408
JVM.maxHeapBytes,1769610148893000000,1769610208907000000,4196401152
JVM.totalDirectByteBuffersBytes,1769610148893000000,1769610208907000000,178353787
JVM.totalTimeToSafepointsMs,1769610148893000000,1769610208907000000,2
JVM.usedHeapBytes,1769610148893000000,1769610208907000000,819428336
AWTEventQueue.dispatchTimeTotalNS,1769610148893000000,1769610208907000000,3101049900
FlushQueue.executionTimeAvgNs,1769610148893000000,1769610208907000000,0.0
NonBlockingReadAction.failedExecutionTimeUs,1769610148893000000,1769610208907000000,244
FlushQueue.queueSizeMax,1769610148893000000,1769610208907000000,0
ReadAction.executionsCount,1769610148893000000,1769610208907000000,704616
FlushQueue.waitingTimeAvgNs,1769610148893000000,1769610208907000000,0.0
AWTEventQueue.dispatchTimeMaxNs,1769610148893000000,1769610208907000000,21759
FlushQueue.tasksExecuted,1769610148893000000,1769610208907000000,0
WriteAction.executionsCount,1769610148893000000,1769610208907000000,87
AWTEventQueue.dispatchTimeAvgNs,1769610148893000000,1769610208907000000,21696.0
NonBlockingReadAction.finalizedExecutionsCount,1769610148893000000,1769610208907000000,1358
AWTEventQueue.eventsDispatched,1769610148893000000,1769610208907000000,1
FlushQueue.queueSizeAvg,1769610148893000000,1769610208907000000,0.0
FlushQueue.executionTimeMaxNs,1769610148893000000,1769610208907000000,0
NonBlockingReadAction.finalizedExecutionTimeUs,1769610148893000000,1769610208907000000,270872
NonBlockingReadAction.failedExecutionsCount,1769610148893000000,1769610208907000000,2
FlushQueue.queueSize90P,1769610148893000000,1769610208907000000,0
FlushQueue.waitingTime90PNs,1769610148893000000,1769610208907000000,0
AWTEventQueue.dispatchTime90PNs,1769610148893000000,1769610208907000000,21759
FlushQueue.waitingTimeMaxNs,1769610148893000000,1769610208907000000,0
FlushQueue.executionTime90PNs,1769610148893000000,1769610208907000000,0
VFS.contentStorage.recordsUncompressedSize,1769610148893000000,1769610208907000000,0
VFS.fileByIdCache.misses,1769610148893000000,1769610208907000000,39258
VFS.contentStorage.recordsReadDecompressed,1769610148893000000,1769610208907000000,0
VFS.contentStorage.recordsStoredSize,1769610148893000000,1769610208907000000,0
VFS.contentStorage.recordsReadSize,1769610148893000000,1769610208907000000,242697
FileNameCache.queries,1769610148893000000,1769610208907000000,563520
VFS.contentStorage.recordsDecompressionTimeUs,1769610148893000000,1769610208907000000,0
VFS.contentStorage.recordsDeduplicated,1769610148893000000,1769610208907000000,0
VFS.contentStorage.recordsRead,1769610148893000000,1769610208907000000,266
VFS.contentStorage.recordsStored,1769610148893000000,1769610208907000000,0
VFS.invertedFileNameIndex.requests,1769610148893000000,1769610208907000000,0
VFS.contentStorage.recordsStoredCompressed,1769610148893000000,1769610208907000000,0
VFS.fileChildByName,1769610148893000000,1769610208907000000,41082
VFS.fileByIdCache.hits,1769610148893000000,1769610208907000000,0
FileNameCache.totalMisses,1769610148893000000,1769610208907000000,0
workspaceModel.global.apply.state.to.project.builder.ms,1769610148893000000,1769610208907000000,0
workspaceModel.mutableEntityStorage.changeLog.addReplaceEventForRemovedParent.ms,1769610148893000000,1769610208907000000,0
jps.apply.loaded.storage.ms,1769610148893000000,1769610208907000000,0
jps.global.handle.changed.events.ms,1769610148893000000,1769610208907000000,0
jps.global.initialize.library.bridges.ms,1769610148893000000,1769610208907000000,0
jps.facet.change.listener.init.bridge.ms,1769610148893000000,1769610208907000000,0
workspaceModel.moduleManagerBridge.new.nonPersistent.module.ms,1769610148893000000,1769610208907000000,0
workspaceModel.mutableEntityStorage.changeLog.addReplaceEventForRemovedChild.ms,1769610148893000000,1769610208907000000,0
jps.module.iml.entities.serializer.load.entities.ms,1769610148893000000,1769610208907000000,0
workspaceModel.mutableEntityStorage.referrers.ms,1769610148893000000,1769610208907000000,0
jps.library.entities.serializer.load.entities.ms,1769610148893000000,1769610208907000000,0
workspaceModel.global.updates.ms,1769610148893000000,1769610208907000000,0
jps.project.serializers.save.ms,1769610148893000000,1769610208907000000,0
jps.artifact.entities.serializer.save.entities.ms,1769610148893000000,1769610208907000000,0
workspaceModel.moduleBridge.facet.initialization.ms,1769610148893000000,1769610208907000000,0
jps.save.changed.project.entities.ms,1769610148893000000,1769610208907000000,0
workspaceModel.load.cache.metadata.from.file.ms,1769610148893000000,1769610208907000000,0
workspaceModel.mutableEntityStorage.changeLog.addReplaceEventForNewParent.ms,1769610148893000000,1769610208907000000,0
workspaceModel.mutableEntityStorage.mutable.ext.mapping.ms,1769610148893000000,1769610208907000000,0
workspaceModel.global.updates.count,1769610148893000000,1769610208907000000,0
jps.module.dependency.index.workspace.model.listener.on.changed.ms,1769610148893000000,1769610208907000000,0
workspaceModel.sync.entities.ms,1769610148893000000,1769610208907000000,0
jps.facet.change.listener.process.change.events.ms,1769610148893000000,1769610208907000000,0
jps.global.get.libraries.ms,1769610148893000000,1769610208907000000,0
jps.app.storage.content.writer.save.component.ms,1769610148893000000,1769610208907000000,0
workspaceModel.global.apply.state.to.project.ms,1769610148893000000,1769610208907000000,0
workspaceModel.mutableEntityStorage.has.same.entities.ms,1769610148893000000,1769610208907000000,0
workspaceModel.moduleBridge.update.option.ms,1769610148893000000,1769610208907000000,0
jps.library.entities.serializer.save.entities.ms,1769610148893000000,1769610208907000000,0
jps.global.handle.before.change.events.ms,1769610148893000000,1769610208907000000,0
workspaceModel.mutableEntityStorage.collect.changes.ms,1769610148893000000,1769610208907000000,0
workspaceModel.mutableEntityStorage.replace.by.source.ms,1769610148893000000,1769610208907000000,0
workspaceModel.mutableEntityStorage.entities.by.source.ms,1769610148893000000,1769610208907000000,0
workspaceModel.mutableEntityStorage.changeLog.addReplaceEventForNewChild.ms,1769610148893000000,1769610208907000000,0
workspaceModel.orphan.listener.update.ms,1769610148893000000,1769610208907000000,0
workspaceModel.mutableEntityStorage.apply.changes.from.ms,1769610148893000000,1769610208907000000,0
workspaceModel.mutableEntityStorage.resolve.ms,1769610148893000000,1769610208907000000,0
jps.global.get.library.by.name.ms,1769610148893000000,1769610208907000000,0
jps.save.global.entities.ms,1769610148893000000,1769610208907000000,0
workspaceModel.moduleBridge.before.changed.ms,1769610148893000000,1769610208907000000,0
jps.global.get.library.ms,1769610148893000000,1769610208907000000,0
workspaceModel.moduleManagerBridge.create.module.instance.ms,1769610148893000000,1769610208907000000,0
jps.storage.jps.conf.reader.load.component.ms,1769610148893000000,1769610208907000000,0
workspaceModel.mutableEntityStorage.to.snapshot.ms,1769610148893000000,1769610208907000000,0
workspaceModel.do.save.caches.ms,1769610148893000000,1769610208907000000,0
workspaceModel.moduleManagerBridge.build.module.graph.ms,1769610148893000000,1769610208907000000,0
jps.reload.project.entities.ms,1769610148893000000,1769610208907000000,0
workspaceModel.delayed.project.synchronizer.sync.ms,1769610148893000000,1769610208907000000,0
workspaceModel.mutableEntityStorage.entities.ms,1769610148893000000,1769610208907000000,0
workspaceModel.moduleBridgeLoader.loading.modules.ms,1769610148893000000,1769610208907000000,0
workspaceModel.mutableEntityStorage.remove.entity.ms,1769610148893000000,1769610208907000000,0
jps.global.initialize.library.bridges.after.loading.ms,1769610148893000000,1769610208907000000,0
workspaceModel.save.cache.to.file.ms,1769610148893000000,1769610208907000000,0
jps.load.project.to.empty.storage.ms,1769610148893000000,1769610208907000000,0
jps.project.serializers.load.ms,1769610148893000000,1769610208907000000,0
workspaceModel.moduleManagerBridge.set.unloadedModules.ms,1769610148893000000,1769610208907000000,0
workspaceModel.mutableEntityStorage.modify.entity.ms,1769610148893000000,1769610208907000000,0
jps.artifact.entities.serializer.load.entities.ms,1769610148893000000,1769610208907000000,0
workspaceModel.mutableEntityStorage.add.entity.ms,1769610148893000000,1769610208907000000,0
workspaceModel.moduleManagerBridge.newModule.ms,1769610148893000000,1769610208907000000,0
workspaceModel.moduleManagerBridge.load.module.ms,1769610148893000000,1769610208907000000,0
workspaceModel.moduleManagerBridge.load.all.modules.ms,1769610148893000000,1769610208907000000,0
jps.module.iml.entities.serializer.save.entities.ms,1769610148893000000,1769610208907000000,0
workspaceModel.mutableEntityStorage.put.entity.ms,1769610148893000000,1769610208907000000,0
workspaceModel.mutableEntityStorage.instances.count,1769610148893000000,1769610208907000000,0
jps.load.initial.state.ms,1769610148893000000,1769610208907000000,0
workspaceModel.mutableEntityStorage.mutable.vfurl.index.ms,1769610148893000000,1769610208907000000,0
workspaceModel.load.cache.from.file.ms,1769610148893000000,1769610208907000000,0
jps.app.storage.content.reader.load.component.ms,1769610148893000000,1769610208907000000,0
workspaceModel.moduleManagerBridge.get.modules.ms,1769610148893000000,1769610208907000000,0
jps.facet.change.listener.before.change.events.ms,1769610148893000000,1769610208907000000,0
workspaceModel.workspaceFileIndexData.getFileInfo.ms,1769610148893000000,1769610208907000000,339
workspaceModel.init.bridges.ms,1769610148893000000,1769610208907000000,0
workspaceModel.cachedValueWithParameters.calculated.count,1769610148893000000,1769610208907000000,0
workspaceModel.cachedValue.total.get.count,1769610148893000000,1769610208907000000,80056
workspaceModel.workspaceFileIndexData.onEntitiesChanged.ms,1769610148893000000,1769610208907000000,0
workspaceModel.workspaceFileIndexData.visitFileSets.ms,1769610148893000000,1769610208907000000,0
workspaceModel.updates.ms,1769610148893000000,1769610208907000000,0
workspaceModel.cachedValue.calculated.count,1769610148893000000,1769610208907000000,0
workspaceModel.workspaceFileIndexData.instances.count,1769610148893000000,1769610208907000000,0
workspaceModel.workspaceFileIndexData.init.ms,1769610148893000000,1769610208907000000,0
workspaceModel.cachedValueWithParameters.total.get.count,1769610148893000000,1769610208907000000,0
workspaceModel.collect.changes.ms,1769610148893000000,1769610208907000000,0
workspaceModel.entityStorageSnapshotImpl.instances.count,1769610148893000000,1769610208907000000,0
workspaceModel.initializing.ms,1769610148893000000,1769610208907000000,0
workspaceModel.replace.project.model.ms,1769610148893000000,1769610208907000000,0
workspaceModel.workspaceFileIndexData.getPackageName.ms,1769610148893000000,1769610208907000000,0
workspaceModel.cachedValueWithParameters.clear.count,1769610148893000000,1769610208907000000,0
workspaceModel.pre.handlers.ms,1769610148893000000,1769610208907000000,0
workspaceModel.cachedValue.from.cache.count,1769610148893000000,1769610208907000000,80056
workspaceModel.updates.count,1769610148893000000,1769610208907000000,0
workspaceModel.loading.from.cache.ms,1769610148893000000,1769610208907000000,0
workspaceModel.check.recursive.update.ms,1769610148893000000,1769610208907000000,0
workspaceModel.workspaceFileIndexData.getDirectoriesByPackageName.ms,1769610148893000000,1769610208907000000,0
workspaceModel.cachedValue.clear.count,1769610148893000000,1769610208907000000,0
workspaceModel.workspaceFileIndexContributor.registerFileSets.ms,1769610148893000000,1769610208907000000,0
workspaceModel.workspaceFileIndexData.updateDirtyEntities.ms,1769610148893000000,1769610208907000000,0
workspaceModel.on.before.changed.ms,1769610148893000000,1769610208907000000,0
workspaceModel.workspaceFileIndexData.processFileSets.ms,1769610148893000000,1769610208907000000,0
workspaceModel.workspaceFileIndexData.markDirty.ms,1769610148893000000,1769610208907000000,0
workspaceModel.loading.total.ms,1769610148893000000,1769610208907000000,0
workspaceModel.cachedValueWithParameters.from.cache.count,1769610148893000000,1769610208907000000,0
workspaceModel.full.replace.project.model.ms,1769610148893000000,1769610208907000000,0
workspaceModel.to.snapshot.ms,1769610148893000000,1769610208907000000,0
workspaceModel.on.changed.ms,1769610148893000000,1769610208907000000,0
workspaceModel.update.unloaded.entities.ms,1769610148893000000,1769610208907000000,0
workspaceModel.updates.precise.ms,1769610148893000000,1769610208907000000,0
cacheStateStorage.set.counter,1769610148893000000,1769610208907000000,0
cacheStateStorage.get.duration,1769610148893000000,1769610208907000000,0
cacheStateStorage.set.duration,1769610148893000000,1769610208907000000,0
cacheStateStorage.get.counter,1769610148893000000,1769610208907000000,0
writeAction.max.wait.ms,1769610148893000000,1769610208907000000,13
lexer.Python.size.bytes,1769610148893000000,1769610208907000000,638247
writeAction.count,1769610148893000000,1769610208907000000,87
parser.Python.size.bytes,1769610148893000000,1769610208907000000,638247
writeAction.median.wait.ms,1769610148893000000,1769610208907000000,0
DiskQueryRelay.tasksRequested,1769610148893000000,1769610208907000000,0
lexer.Python.time.ns,1769610148893000000,1769610208907000000,154654096
DiskQueryRelay.tasksExecuted,1769610148893000000,1769610208907000000,0
DiskQueryRelay.taskWaitingTotalTimeUs,1769610148893000000,1769610208907000000,0
writeAction.wait.ms,1769610148893000000,1769610208907000000,19
parser.Python.time.ns,1769610148893000000,1769610208907000000,458535233
DiskQueryRelay.taskExecutionTotalTimeUs,1769610148893000000,1769610208907000000,0
FilePageCache.uncachedFileAccess,1769610148893000000,1769610208907000000,0
FilePageCacheLockFree.totalPagesWriteMs,1769610148893000000,1769610208907000000,0
FilePageCacheLockFree.totalPagesAllocated,1769610148893000000,1769610208907000000,0
FilePageCacheLockFree.totalHeapBytesReclaimed,1769610148893000000,1769610208907000000,0
DirectByteBufferAllocator.totalSizeOfBuffersAllocatedInBytes,1769610148893000000,1769610208907000000,177274880
StorageLockContext.competingThreads.avg,1769610148893000000,1769610208907000000,0.0
DirectByteBufferAllocator.totalSizeOfBuffersCachedInBytes,1769610148893000000,1769610208907000000,0
FilePageCache.pageFastCacheHits,1769610148893000000,1769610208907000000,47
DirectByteBufferAllocator.reclaimed,1769610148893000000,1769610208907000000,0
FileChannelInterruptsRetryer.totalRetriedAttempts,1769610148893000000,1769610208907000000,0
MappedFileStorage.totalBytesMapped,1769610148893000000,1769610208907000000,273940480
StreamlinedBlobStorage.totalLiveRecordsPayloadBytes,1769610148893000000,1769610208907000000,0
FilePageCacheLockFree.totalPageAllocationsWaited,1769610148893000000,1769610208907000000,0
FilePageCacheLockFree.totalNativeBytesReclaimed,1769610148893000000,1769610208907000000,0
MappedFileStorage.totalTimeSpentOnMappingUs,1769610148893000000,1769610208907000000,11057
StorageLockContext.competingThreads.90P,1769610148893000000,1769610208907000000,0
FilePageCacheLockFree.totalPagesWritten,1769610148893000000,1769610208907000000,0
DirectByteBufferAllocator.hits,1769610148893000000,1769610208907000000,0
FilePageCacheLockFree.totalClosedStoragesReclaimed,1769610148893000000,1769610208907000000,0
FilePageCacheLockFree.nativeBytesInUse,1769610148893000000,1769610208907000000,0
FilePageCacheLockFree.totalHeapBytesAllocated,1769610148893000000,1769610208907000000,0
FilePageCacheLockFree.totalPagesRequested,1769610148893000000,1769610208907000000,0
StorageLockContext.competingThreads.max,1769610148893000000,1769610208907000000,0
MappedFileStorage.storages,1769610148893000000,1769610208907000000,15
FilePageCacheLockFree.totalPagesHandedOver,1769610148893000000,1769610208907000000,0
FilePageCache.disposedBuffers,1769610148893000000,1769610208907000000,0
FilePageCacheLockFree.totalBytesRequested,1769610148893000000,1769610208907000000,0
FilePageCache.totalPageDisposalsUs,1769610148893000000,1769610208907000000,0
FilePageCacheLockFree.heapBytesInUse,1769610148893000000,1769610208907000000,0
FilePageCacheLockFree.totalPagesReadMs,1769610148893000000,1769610208907000000,0
FilePageCacheLockFree.housekeeperTurnsDone,1769610148893000000,1769610208907000000,0
DirectByteBufferAllocator.disposed,1769610148893000000,1769610208907000000,0
FilePageCache.pageLoads,1769610148893000000,1769610208907000000,0
FilePageCacheLockFree.totalNativeBytesAllocated,1769610148893000000,1769610208907000000,0
FilePageCacheLockFree.totalPagesReclaimed,1769610148893000000,1769610208907000000,0
FilePageCache.capacityInBytes,1769610148893000000,1769610208907000000,503316478
StreamlinedBlobStorage.recordsAllocated,1769610148893000000,1769610208907000000,0
FilePageCacheLockFree.totalBytesRead,1769610148893000000,1769610208907000000,0
StreamlinedBlobStorage.recordsDeleted,1769610148893000000,1769610208907000000,0
FilePageCache.pageHits,1769610148893000000,1769610208907000000,0
FilePageCache.maxRegisteredFiles,1769610148893000000,1769610208907000000,252
StreamlinedBlobStorage.totalLiveRecordsCapacityBytes,1769610148893000000,1769610208907000000,0
FilePageCacheLockFree.totalPagesRequestsMs,1769610148893000000,1769610208907000000,0
FilePageCacheLockFree.housekeeperTurnsSkipped,1769610148893000000,1769610208907000000,0
MappedFileStorage.totalPagesMapped,1769610148893000000,1769610208907000000,21
FilePageCache.pageLoadsAboveSizeThreshold,1769610148893000000,1769610208907000000,0
FilePageCacheLockFree.totalBytesWritten,1769610148893000000,1769610208907000000,0
FilePageCache.maxCacheSizeInBytes,1769610148893000000,1769610208907000000,177274880
FilePageCache.totalPageLoadsUs,1769610148893000000,1769610208907000000,0
DirectByteBufferAllocator.misses,1769610148893000000,1769610208907000000,0
StreamlinedBlobStorage.recordsRelocated,1769610148893000000,1769610208907000000,0
FilePageCacheLockFree.housekeeperTimeSpentMs,1769610148893000000,1769610208907000000,0
Indexing.cache.totalCacheEvicted,1769610208907000000,1769610268912000000,43
Indexing.writesQueuedMax,1769610208907000000,1769610268912000000,0
Indexes.stubs.lookups,1769610208907000000,1769610268912000000,0
Indexing.writer_2.totalTimeSpentWritingMs,1769610208907000000,1769610268912000000,0
Indexing.writer_3.totalTimeSpentWritingMs,1769610208907000000,1769610268912000000,0
Indexes.allKeys.lookupDurationMaxMs,1769610208907000000,1769610268912000000,0.0
Indexes.entries.lookupDurationMaxMs,1769610208907000000,1769610268912000000,0.0
Indexing.writer_1.totalTimeSpentWritingMs,1769610208907000000,1769610268912000000,0
Indexing.writer_0.totalTimeSpentWritingMs,1769610208907000000,1769610268912000000,0
Indexes.allKeys.lookups,1769610208907000000,1769610268912000000,0
Indexes.entries.lookups,1769610208907000000,1769610268912000000,463
Indexing.cache.totalCacheAccesses,1769610208907000000,1769610268912000000,536
Indexes.entries.lookupDuration90PMs,1769610208907000000,1769610268912000000,0.0
IndexesFlusher.totalFlushingTimeUs,1769610208907000000,1769610268912000000,37568
Indexing.totalTimeIndexersSleptMs,1769610208907000000,1769610268912000000,0
IndexesFlusher.totalContentionQuotaSpent,1769610208907000000,1769610268912000000,0
Indexes.allKeys.lookupDuration90PMs,1769610208907000000,1769610268912000000,0.0
Indexes.entries.lookupDurationAvgMs,1769610208907000000,1769610268912000000,0.0
IndexesFlusher.totalFlushes,1769610208907000000,1769610268912000000,120
Indexes.stubs.lookupDurationMaxMs,1769610208907000000,1769610268912000000,0.0
Indexes.stubs.lookupDuration90PMs,1769610208907000000,1769610268912000000,0.0
Indexing.cache.totalCacheMisses,1769610208907000000,1769610268912000000,43
Indexes.stubs.lookupDurationAvgMs,1769610208907000000,1769610268912000000,0.0
IndexesFlusher.totalFlushesRetried,1769610208907000000,1769610268912000000,0
Indexes.allKeys.lookupDurationAvgMs,1769610208907000000,1769610268912000000,0.0
Indexing.writesQueuedMin,1769610208907000000,1769610268912000000,9223372036854775807
JVM.maxThreadCount,1769610208907000000,1769610268912000000,148
JVM.GC.collectionTimesMs,1769610208907000000,1769610268912000000,244
JVM.GC.collections,1769610208907000000,1769610268912000000,24
OS.loadAverage,1769610208907000000,1769610268912000000,1.43359375
JVM.totalSafepointCount,1769610208907000000,1769610268912000000,47
JVM.threadCount,1769610208907000000,1769610268912000000,76
JVM.totalTimeAtSafepointsMs,1769610208907000000,1769610268912000000,248
JVM.newThreadsCount,1769610208907000000,1769610268912000000,1
JVM.totalBytesAllocated,1769610208907000000,1769610268912000000,4024086176
JVM.totalCpuTimeMs,1769610208907000000,1769610268912000000,29510
JVM.usedNativeBytes,1769610208907000000,1769610268912000000,409711472
JVM.maxHeapBytes,1769610208907000000,1769610268912000000,4196401152
JVM.totalDirectByteBuffersBytes,1769610208907000000,1769610268912000000,178353787
JVM.totalTimeToSafepointsMs,1769610208907000000,1769610268912000000,1
JVM.usedHeapBytes,1769610208907000000,1769610268912000000,657437040
AWTEventQueue.dispatchTimeTotalNS,1769610208907000000,1769610268912000000,1117253231
FlushQueue.executionTimeAvgNs,1769610208907000000,1769610268912000000,0.0
NonBlockingReadAction.failedExecutionTimeUs,1769610208907000000,1769610268912000000,155
FlushQueue.queueSizeMax,1769610208907000000,1769610268912000000,0
ReadAction.executionsCount,1769610208907000000,1769610268912000000,296628
FlushQueue.waitingTimeAvgNs,1769610208907000000,1769610268912000000,0.0
AWTEventQueue.dispatchTimeMaxNs,1769610208907000000,1769610268912000000,21503
FlushQueue.tasksExecuted,1769610208907000000,1769610268912000000,0
WriteAction.executionsCount,1769610208907000000,1769610268912000000,99
AWTEventQueue.dispatchTimeAvgNs,1769610208907000000,1769610268912000000,21440.0
NonBlockingReadAction.finalizedExecutionsCount,1769610208907000000,1769610268912000000,297
AWTEventQueue.eventsDispatched,1769610208907000000,1769610268912000000,1
FlushQueue.queueSizeAvg,1769610208907000000,1769610268912000000,0.0
FlushQueue.executionTimeMaxNs,1769610208907000000,1769610268912000000,0
NonBlockingReadAction.finalizedExecutionTimeUs,1769610208907000000,1769610268912000000,109039
NonBlockingReadAction.failedExecutionsCount,1769610208907000000,1769610268912000000,1
FlushQueue.queueSize90P,1769610208907000000,1769610268912000000,0
FlushQueue.waitingTime90PNs,1769610208907000000,1769610268912000000,0
AWTEventQueue.dispatchTime90PNs,1769610208907000000,1769610268912000000,21503
FlushQueue.waitingTimeMaxNs,1769610208907000000,1769610268912000000,0
FlushQueue.executionTime90PNs,1769610208907000000,1769610268912000000,0
VFS.contentStorage.recordsUncompressedSize,1769610208907000000,1769610268912000000,0
VFS.fileByIdCache.misses,1769610208907000000,1769610268912000000,37082
VFS.contentStorage.recordsReadDecompressed,1769610208907000000,1769610268912000000,0
VFS.contentStorage.recordsStoredSize,1769610208907000000,1769610268912000000,0
VFS.contentStorage.recordsReadSize,1769610208907000000,1769610268912000000,218318
FileNameCache.queries,1769610208907000000,1769610268912000000,521088
VFS.contentStorage.recordsDecompressionTimeUs,1769610208907000000,1769610268912000000,0
VFS.contentStorage.recordsDeduplicated,1769610208907000000,1769610268912000000,0
VFS.contentStorage.recordsRead,1769610208907000000,1769610268912000000,248
VFS.contentStorage.recordsStored,1769610208907000000,1769610268912000000,0
VFS.invertedFileNameIndex.requests,1769610208907000000,1769610268912000000,0
VFS.contentStorage.recordsStoredCompressed,1769610208907000000,1769610268912000000,0
VFS.fileChildByName,1769610208907000000,1769610268912000000,40527
VFS.fileByIdCache.hits,1769610208907000000,1769610268912000000,0
FileNameCache.totalMisses,1769610208907000000,1769610268912000000,0
workspaceModel.global.apply.state.to.project.builder.ms,1769610208907000000,1769610268912000000,0
workspaceModel.mutableEntityStorage.changeLog.addReplaceEventForRemovedParent.ms,1769610208907000000,1769610268912000000,0
jps.apply.loaded.storage.ms,1769610208907000000,1769610268912000000,0
jps.global.handle.changed.events.ms,1769610208907000000,1769610268912000000,0
jps.global.initialize.library.bridges.ms,1769610208907000000,1769610268912000000,0
jps.facet.change.listener.init.bridge.ms,1769610208907000000,1769610268912000000,0
workspaceModel.moduleManagerBridge.new.nonPersistent.module.ms,1769610208907000000,1769610268912000000,0
workspaceModel.mutableEntityStorage.changeLog.addReplaceEventForRemovedChild.ms,1769610208907000000,1769610268912000000,0
jps.module.iml.entities.serializer.load.entities.ms,1769610208907000000,1769610268912000000,0
workspaceModel.mutableEntityStorage.referrers.ms,1769610208907000000,1769610268912000000,0
jps.library.entities.serializer.load.entities.ms,1769610208907000000,1769610268912000000,0
workspaceModel.global.updates.ms,1769610208907000000,1769610268912000000,0
jps.project.serializers.save.ms,1769610208907000000,1769610268912000000,0
jps.artifact.entities.serializer.save.entities.ms,1769610208907000000,1769610268912000000,0
workspaceModel.moduleBridge.facet.initialization.ms,1769610208907000000,1769610268912000000,0
jps.save.changed.project.entities.ms,1769610208907000000,1769610268912000000,0
workspaceModel.load.cache.metadata.from.file.ms,1769610208907000000,1769610268912000000,0
workspaceModel.mutableEntityStorage.changeLog.addReplaceEventForNewParent.ms,1769610208907000000,1769610268912000000,0
workspaceModel.mutableEntityStorage.mutable.ext.mapping.ms,1769610208907000000,1769610268912000000,0
workspaceModel.global.updates.count,1769610208907000000,1769610268912000000,0
jps.module.dependency.index.workspace.model.listener.on.changed.ms,1769610208907000000,1769610268912000000,0
workspaceModel.sync.entities.ms,1769610208907000000,1769610268912000000,0
jps.facet.change.listener.process.change.events.ms,1769610208907000000,1769610268912000000,0
jps.global.get.libraries.ms,1769610208907000000,1769610268912000000,0
jps.app.storage.content.writer.save.component.ms,1769610208907000000,1769610268912000000,0
workspaceModel.global.apply.state.to.project.ms,1769610208907000000,1769610268912000000,0
workspaceModel.mutableEntityStorage.has.same.entities.ms,1769610208907000000,1769610268912000000,0
workspaceModel.moduleBridge.update.option.ms,1769610208907000000,1769610268912000000,0
jps.library.entities.serializer.save.entities.ms,1769610208907000000,1769610268912000000,0
jps.global.handle.before.change.events.ms,1769610208907000000,1769610268912000000,0
workspaceModel.mutableEntityStorage.collect.changes.ms,1769610208907000000,1769610268912000000,0
workspaceModel.mutableEntityStorage.replace.by.source.ms,1769610208907000000,1769610268912000000,0
workspaceModel.mutableEntityStorage.entities.by.source.ms,1769610208907000000,1769610268912000000,0
workspaceModel.mutableEntityStorage.changeLog.addReplaceEventForNewChild.ms,1769610208907000000,1769610268912000000,0
workspaceModel.orphan.listener.update.ms,1769610208907000000,1769610268912000000,0
workspaceModel.mutableEntityStorage.apply.changes.from.ms,1769610208907000000,1769610268912000000,0
workspaceModel.mutableEntityStorage.resolve.ms,1769610208907000000,1769610268912000000,0
jps.global.get.library.by.name.ms,1769610208907000000,1769610268912000000,0
jps.save.global.entities.ms,1769610208907000000,1769610268912000000,0
workspaceModel.moduleBridge.before.changed.ms,1769610208907000000,1769610268912000000,0
jps.global.get.library.ms,1769610208907000000,1769610268912000000,0
workspaceModel.moduleManagerBridge.create.module.instance.ms,1769610208907000000,1769610268912000000,0
jps.storage.jps.conf.reader.load.component.ms,1769610208907000000,1769610268912000000,0
workspaceModel.mutableEntityStorage.to.snapshot.ms,1769610208907000000,1769610268912000000,0
workspaceModel.do.save.caches.ms,1769610208907000000,1769610268912000000,0
workspaceModel.moduleManagerBridge.build.module.graph.ms,1769610208907000000,1769610268912000000,0
jps.reload.project.entities.ms,1769610208907000000,1769610268912000000,0
workspaceModel.delayed.project.synchronizer.sync.ms,1769610208907000000,1769610268912000000,0
workspaceModel.mutableEntityStorage.entities.ms,1769610208907000000,1769610268912000000,0
workspaceModel.moduleBridgeLoader.loading.modules.ms,1769610208907000000,1769610268912000000,0
workspaceModel.mutableEntityStorage.remove.entity.ms,1769610208907000000,1769610268912000000,0
jps.global.initialize.library.bridges.after.loading.ms,1769610208907000000,1769610268912000000,0
workspaceModel.save.cache.to.file.ms,1769610208907000000,1769610268912000000,0
jps.load.project.to.empty.storage.ms,1769610208907000000,1769610268912000000,0
jps.project.serializers.load.ms,1769610208907000000,1769610268912000000,0
workspaceModel.moduleManagerBridge.set.unloadedModules.ms,1769610208907000000,1769610268912000000,0
workspaceModel.mutableEntityStorage.modify.entity.ms,1769610208907000000,1769610268912000000,0
jps.artifact.entities.serializer.load.entities.ms,1769610208907000000,1769610268912000000,0
workspaceModel.mutableEntityStorage.add.entity.ms,1769610208907000000,1769610268912000000,0
workspaceModel.moduleManagerBridge.newModule.ms,1769610208907000000,1769610268912000000,0
workspaceModel.moduleManagerBridge.load.module.ms,1769610208907000000,1769610268912000000,0
workspaceModel.moduleManagerBridge.load.all.modules.ms,1769610208907000000,1769610268912000000,0
jps.module.iml.entities.serializer.save.entities.ms,1769610208907000000,1769610268912000000,0
workspaceModel.mutableEntityStorage.put.entity.ms,1769610208907000000,1769610268912000000,0
workspaceModel.mutableEntityStorage.instances.count,1769610208907000000,1769610268912000000,0
jps.load.initial.state.ms,1769610208907000000,1769610268912000000,0
workspaceModel.mutableEntityStorage.mutable.vfurl.index.ms,1769610208907000000,1769610268912000000,0
workspaceModel.load.cache.from.file.ms,1769610208907000000,1769610268912000000,0
jps.app.storage.content.reader.load.component.ms,1769610208907000000,1769610268912000000,0
workspaceModel.moduleManagerBridge.get.modules.ms,1769610208907000000,1769610268912000000,0
jps.facet.change.listener.before.change.events.ms,1769610208907000000,1769610268912000000,0
workspaceModel.workspaceFileIndexData.getFileInfo.ms,1769610208907000000,1769610268912000000,240
workspaceModel.init.bridges.ms,1769610208907000000,1769610268912000000,0
workspaceModel.cachedValueWithParameters.calculated.count,1769610208907000000,1769610268912000000,0
workspaceModel.cachedValue.total.get.count,1769610208907000000,1769610268912000000,74501
workspaceModel.workspaceFileIndexData.onEntitiesChanged.ms,1769610208907000000,1769610268912000000,0
workspaceModel.workspaceFileIndexData.visitFileSets.ms,1769610208907000000,1769610268912000000,0
workspaceModel.updates.ms,1769610208907000000,1769610268912000000,0
workspaceModel.cachedValue.calculated.count,1769610208907000000,1769610268912000000,0
workspaceModel.workspaceFileIndexData.instances.count,1769610208907000000,1769610268912000000,0
workspaceModel.workspaceFileIndexData.init.ms,1769610208907000000,1769610268912000000,0
workspaceModel.cachedValueWithParameters.total.get.count,1769610208907000000,1769610268912000000,0
workspaceModel.collect.changes.ms,1769610208907000000,1769610268912000000,0
workspaceModel.entityStorageSnapshotImpl.instances.count,1769610208907000000,1769610268912000000,0
workspaceModel.initializing.ms,1769610208907000000,1769610268912000000,0
workspaceModel.replace.project.model.ms,1769610208907000000,1769610268912000000,0
workspaceModel.workspaceFileIndexData.getPackageName.ms,1769610208907000000,1769610268912000000,0
workspaceModel.cachedValueWithParameters.clear.count,1769610208907000000,1769610268912000000,0
workspaceModel.pre.handlers.ms,1769610208907000000,1769610268912000000,0
workspaceModel.cachedValue.from.cache.count,1769610208907000000,1769610268912000000,74501
workspaceModel.updates.count,1769610208907000000,1769610268912000000,0
workspaceModel.loading.from.cache.ms,1769610208907000000,1769610268912000000,0
workspaceModel.check.recursive.update.ms,1769610208907000000,1769610268912000000,0
workspaceModel.workspaceFileIndexData.getDirectoriesByPackageName.ms,1769610208907000000,1769610268912000000,0
workspaceModel.cachedValue.clear.count,1769610208907000000,1769610268912000000,0
workspaceModel.workspaceFileIndexContributor.registerFileSets.ms,1769610208907000000,1769610268912000000,0
workspaceModel.workspaceFileIndexData.updateDirtyEntities.ms,1769610208907000000,1769610268912000000,0
workspaceModel.on.before.changed.ms,1769610208907000000,1769610268912000000,0
workspaceModel.workspaceFileIndexData.processFileSets.ms,1769610208907000000,1769610268912000000,0
workspaceModel.workspaceFileIndexData.markDirty.ms,1769610208907000000,1769610268912000000,0
workspaceModel.loading.total.ms,1769610208907000000,1769610268912000000,0
workspaceModel.cachedValueWithParameters.from.cache.count,1769610208907000000,1769610268912000000,0
workspaceModel.full.replace.project.model.ms,1769610208907000000,1769610268912000000,0
workspaceModel.to.snapshot.ms,1769610208907000000,1769610268912000000,0
workspaceModel.on.changed.ms,1769610208907000000,1769610268912000000,0
workspaceModel.update.unloaded.entities.ms,1769610208907000000,1769610268912000000,0
workspaceModel.updates.precise.ms,1769610208907000000,1769610268912000000,0
cacheStateStorage.set.counter,1769610208907000000,1769610268912000000,0
cacheStateStorage.get.duration,1769610208907000000,1769610268912000000,0
cacheStateStorage.set.duration,1769610208907000000,1769610268912000000,0
cacheStateStorage.get.counter,1769610208907000000,1769610268912000000,0
writeAction.max.wait.ms,1769610208907000000,1769610268912000000,13
lexer.Python.size.bytes,1769610208907000000,1769610268912000000,618969
writeAction.count,1769610208907000000,1769610268912000000,99
parser.Python.size.bytes,1769610208907000000,1769610268912000000,618969
writeAction.median.wait.ms,1769610208907000000,1769610268912000000,0
DiskQueryRelay.tasksRequested,1769610208907000000,1769610268912000000,0
lexer.Python.time.ns,1769610208907000000,1769610268912000000,126259402
DiskQueryRelay.tasksExecuted,1769610208907000000,1769610268912000000,0
DiskQueryRelay.taskWaitingTotalTimeUs,1769610208907000000,1769610268912000000,0
writeAction.wait.ms,1769610208907000000,1769610268912000000,0
parser.Python.time.ns,1769610208907000000,1769610268912000000,376411935
DiskQueryRelay.taskExecutionTotalTimeUs,1769610208907000000,1769610268912000000,0
FilePageCache.uncachedFileAccess,1769610208907000000,1769610268912000000,0
FilePageCacheLockFree.totalPagesWriteMs,1769610208907000000,1769610268912000000,0
FilePageCacheLockFree.totalPagesAllocated,1769610208907000000,1769610268912000000,0
FilePageCacheLockFree.totalHeapBytesReclaimed,1769610208907000000,1769610268912000000,0
DirectByteBufferAllocator.totalSizeOfBuffersAllocatedInBytes,1769610208907000000,1769610268912000000,177274880
StorageLockContext.competingThreads.avg,1769610208907000000,1769610268912000000,0.0
DirectByteBufferAllocator.totalSizeOfBuffersCachedInBytes,1769610208907000000,1769610268912000000,0
FilePageCache.pageFastCacheHits,1769610208907000000,1769610268912000000,43
DirectByteBufferAllocator.reclaimed,1769610208907000000,1769610268912000000,0
FileChannelInterruptsRetryer.totalRetriedAttempts,1769610208907000000,1769610268912000000,0
MappedFileStorage.totalBytesMapped,1769610208907000000,1769610268912000000,273940480
StreamlinedBlobStorage.totalLiveRecordsPayloadBytes,1769610208907000000,1769610268912000000,0
FilePageCacheLockFree.totalPageAllocationsWaited,1769610208907000000,1769610268912000000,0
FilePageCacheLockFree.totalNativeBytesReclaimed,1769610208907000000,1769610268912000000,0
MappedFileStorage.totalTimeSpentOnMappingUs,1769610208907000000,1769610268912000000,11057
StorageLockContext.competingThreads.90P,1769610208907000000,1769610268912000000,0
FilePageCacheLockFree.totalPagesWritten,1769610208907000000,1769610268912000000,0
DirectByteBufferAllocator.hits,1769610208907000000,1769610268912000000,0
FilePageCacheLockFree.totalClosedStoragesReclaimed,1769610208907000000,1769610268912000000,0
FilePageCacheLockFree.nativeBytesInUse,1769610208907000000,1769610268912000000,0
FilePageCacheLockFree.totalHeapBytesAllocated,1769610208907000000,1769610268912000000,0
FilePageCacheLockFree.totalPagesRequested,1769610208907000000,1769610268912000000,0
StorageLockContext.competingThreads.max,1769610208907000000,1769610268912000000,0
MappedFileStorage.storages,1769610208907000000,1769610268912000000,15
FilePageCacheLockFree.totalPagesHandedOver,1769610208907000000,1769610268912000000,0
FilePageCache.disposedBuffers,1769610208907000000,1769610268912000000,0
FilePageCacheLockFree.totalBytesRequested,1769610208907000000,1769610268912000000,0
FilePageCache.totalPageDisposalsUs,1769610208907000000,1769610268912000000,0
FilePageCacheLockFree.heapBytesInUse,1769610208907000000,1769610268912000000,0
FilePageCacheLockFree.totalPagesReadMs,1769610208907000000,1769610268912000000,0
FilePageCacheLockFree.housekeeperTurnsDone,1769610208907000000,1769610268912000000,0
DirectByteBufferAllocator.disposed,1769610208907000000,1769610268912000000,0
FilePageCache.pageLoads,1769610208907000000,1769610268912000000,0
FilePageCacheLockFree.totalNativeBytesAllocated,1769610208907000000,1769610268912000000,0
FilePageCacheLockFree.totalPagesReclaimed,1769610208907000000,1769610268912000000,0
FilePageCache.capacityInBytes,1769610208907000000,1769610268912000000,503316478
StreamlinedBlobStorage.recordsAllocated,1769610208907000000,1769610268912000000,0
FilePageCacheLockFree.totalBytesRead,1769610208907000000,1769610268912000000,0
StreamlinedBlobStorage.recordsDeleted,1769610208907000000,1769610268912000000,0
FilePageCache.pageHits,1769610208907000000,1769610268912000000,0
FilePageCache.maxRegisteredFiles,1769610208907000000,1769610268912000000,252
StreamlinedBlobStorage.totalLiveRecordsCapacityBytes,1769610208907000000,1769610268912000000,0
FilePageCacheLockFree.totalPagesRequestsMs,1769610208907000000,1769610268912000000,0
FilePageCacheLockFree.housekeeperTurnsSkipped,1769610208907000000,1769610268912000000,0
MappedFileStorage.totalPagesMapped,1769610208907000000,1769610268912000000,21
FilePageCache.pageLoadsAboveSizeThreshold,1769610208907000000,1769610268912000000,0
FilePageCacheLockFree.totalBytesWritten,1769610208907000000,1769610268912000000,0
FilePageCache.maxCacheSizeInBytes,1769610208907000000,1769610268912000000,177274880
FilePageCache.totalPageLoadsUs,1769610208907000000,1769610268912000000,0
DirectByteBufferAllocator.misses,1769610208907000000,1769610268912000000,0
StreamlinedBlobStorage.recordsRelocated,1769610208907000000,1769610268912000000,0
FilePageCacheLockFree.housekeeperTimeSpentMs,1769610208907000000,1769610268912000000,0
Indexing.cache.totalCacheEvicted,1769610268912000000,1769610328899000000,24
Indexing.writesQueuedMax,1769610268912000000,1769610328899000000,0
Indexes.stubs.lookups,1769610268912000000,1769610328899000000,2
Indexing.writer_2.totalTimeSpentWritingMs,1769610268912000000,1769610328899000000,0
Indexing.writer_3.totalTimeSpentWritingMs,1769610268912000000,1769610328899000000,0
Indexes.allKeys.lookupDurationMaxMs,1769610268912000000,1769610328899000000,0.0
Indexes.entries.lookupDurationMaxMs,1769610268912000000,1769610328899000000,0.0
Indexing.writer_1.totalTimeSpentWritingMs,1769610268912000000,1769610328899000000,0
Indexing.writer_0.totalTimeSpentWritingMs,1769610268912000000,1769610328899000000,0
Indexes.allKeys.lookups,1769610268912000000,1769610328899000000,0
Indexes.entries.lookups,1769610268912000000,1769610328899000000,216
Indexing.cache.totalCacheAccesses,1769610268912000000,1769610328899000000,250
Indexes.entries.lookupDuration90PMs,1769610268912000000,1769610328899000000,0.0
IndexesFlusher.totalFlushingTimeUs,1769610268912000000,1769610328899000000,34154
Indexing.totalTimeIndexersSleptMs,1769610268912000000,1769610328899000000,0
IndexesFlusher.totalContentionQuotaSpent,1769610268912000000,1769610328899000000,0
Indexes.allKeys.lookupDuration90PMs,1769610268912000000,1769610328899000000,0.0
Indexes.entries.lookupDurationAvgMs,1769610268912000000,1769610328899000000,0.0
IndexesFlusher.totalFlushes,1769610268912000000,1769610328899000000,119
Indexes.stubs.lookupDurationMaxMs,1769610268912000000,1769610328899000000,0.0
Indexes.stubs.lookupDuration90PMs,1769610268912000000,1769610328899000000,0.0
Indexing.cache.totalCacheMisses,1769610268912000000,1769610328899000000,26
Indexes.stubs.lookupDurationAvgMs,1769610268912000000,1769610328899000000,0.0
IndexesFlusher.totalFlushesRetried,1769610268912000000,1769610328899000000,0
Indexes.allKeys.lookupDurationAvgMs,1769610268912000000,1769610328899000000,0.0
Indexing.writesQueuedMin,1769610268912000000,1769610328899000000,9223372036854775807
JVM.maxThreadCount,1769610268912000000,1769610328899000000,148
JVM.GC.collectionTimesMs,1769610268912000000,1769610328899000000,119
JVM.GC.collections,1769610268912000000,1769610328899000000,11
OS.loadAverage,1769610268912000000,1769610328899000000,1.392578125
JVM.totalSafepointCount,1769610268912000000,1769610328899000000,26
JVM.threadCount,1769610268912000000,1769610328899000000,75
JVM.totalTimeAtSafepointsMs,1769610268912000000,1769610328899000000,120
JVM.newThreadsCount,1769610268912000000,1769610328899000000,0
JVM.totalBytesAllocated,1769610268912000000,1769610328899000000,2086710832
JVM.totalCpuTimeMs,1769610268912000000,1769610328899000000,15680
JVM.usedNativeBytes,1769610268912000000,1769610328899000000,416690128
JVM.maxHeapBytes,1769610268912000000,1769610328899000000,4196401152
JVM.totalDirectByteBuffersBytes,1769610268912000000,1769610328899000000,180448931
JVM.totalTimeToSafepointsMs,1769610268912000000,1769610328899000000,1
JVM.usedHeapBytes,1769610268912000000,1769610328899000000,706474448
AWTEventQueue.dispatchTimeTotalNS,1769610268912000000,1769610328899000000,822354201
FlushQueue.executionTimeAvgNs,1769610268912000000,1769610328899000000,30144.0
NonBlockingReadAction.failedExecutionTimeUs,1769610268912000000,1769610328899000000,316
FlushQueue.queueSizeMax,1769610268912000000,1769610328899000000,0
ReadAction.executionsCount,1769610268912000000,1769610328899000000,205565
FlushQueue.waitingTimeAvgNs,1769610268912000000,1769610328899000000,43904.0
AWTEventQueue.dispatchTimeMaxNs,1769610268912000000,1769610328899000000,217087
FlushQueue.tasksExecuted,1769610268912000000,1769610328899000000,1
WriteAction.executionsCount,1769610268912000000,1769610328899000000,24
AWTEventQueue.dispatchTimeAvgNs,1769610268912000000,1769610328899000000,131392.0
NonBlockingReadAction.finalizedExecutionsCount,1769610268912000000,1769610328899000000,211
AWTEventQueue.eventsDispatched,1769610268912000000,1769610328899000000,2
FlushQueue.queueSizeAvg,1769610268912000000,1769610328899000000,0.0
FlushQueue.executionTimeMaxNs,1769610268912000000,1769610328899000000,30207
NonBlockingReadAction.finalizedExecutionTimeUs,1769610268912000000,1769610328899000000,36684
NonBlockingReadAction.failedExecutionsCount,1769610268912000000,1769610328899000000,2
FlushQueue.queueSize90P,1769610268912000000,1769610328899000000,0
FlushQueue.waitingTime90PNs,1769610268912000000,1769610328899000000,44031
AWTEventQueue.dispatchTime90PNs,1769610268912000000,1769610328899000000,217087
FlushQueue.waitingTimeMaxNs,1769610268912000000,1769610328899000000,44031
FlushQueue.executionTime90PNs,1769610268912000000,1769610328899000000,30207
VFS.contentStorage.recordsUncompressedSize,1769610268912000000,1769610328899000000,31053
VFS.fileByIdCache.misses,1769610268912000000,1769610328899000000,17448
VFS.contentStorage.recordsReadDecompressed,1769610268912000000,1769610328899000000,0
VFS.contentStorage.recordsStoredSize,1769610268912000000,1769610328899000000,19242
VFS.contentStorage.recordsReadSize,1769610268912000000,1769610328899000000,90432
FileNameCache.queries,1769610268912000000,1769610328899000000,651904
VFS.contentStorage.recordsDecompressionTimeUs,1769610268912000000,1769610328899000000,0
VFS.contentStorage.recordsDeduplicated,1769610268912000000,1769610328899000000,0
VFS.contentStorage.recordsRead,1769610268912000000,1769610328899000000,112
VFS.contentStorage.recordsStored,1769610268912000000,1769610328899000000,2
VFS.invertedFileNameIndex.requests,1769610268912000000,1769610328899000000,0
VFS.contentStorage.recordsStoredCompressed,1769610268912000000,1769610328899000000,1
VFS.fileChildByName,1769610268912000000,1769610328899000000,25935
VFS.fileByIdCache.hits,1769610268912000000,1769610328899000000,0
FileNameCache.totalMisses,1769610268912000000,1769610328899000000,0
workspaceModel.global.apply.state.to.project.builder.ms,1769610268912000000,1769610328899000000,0
workspaceModel.mutableEntityStorage.changeLog.addReplaceEventForRemovedParent.ms,1769610268912000000,1769610328899000000,0
jps.apply.loaded.storage.ms,1769610268912000000,1769610328899000000,0
jps.global.handle.changed.events.ms,1769610268912000000,1769610328899000000,0
jps.global.initialize.library.bridges.ms,1769610268912000000,1769610328899000000,0
jps.facet.change.listener.init.bridge.ms,1769610268912000000,1769610328899000000,0
workspaceModel.moduleManagerBridge.new.nonPersistent.module.ms,1769610268912000000,1769610328899000000,0
workspaceModel.mutableEntityStorage.changeLog.addReplaceEventForRemovedChild.ms,1769610268912000000,1769610328899000000,0
jps.module.iml.entities.serializer.load.entities.ms,1769610268912000000,1769610328899000000,0
workspaceModel.mutableEntityStorage.referrers.ms,1769610268912000000,1769610328899000000,0
jps.library.entities.serializer.load.entities.ms,1769610268912000000,1769610328899000000,0
workspaceModel.global.updates.ms,1769610268912000000,1769610328899000000,0
jps.project.serializers.save.ms,1769610268912000000,1769610328899000000,0
jps.artifact.entities.serializer.save.entities.ms,1769610268912000000,1769610328899000000,0
workspaceModel.moduleBridge.facet.initialization.ms,1769610268912000000,1769610328899000000,0
jps.save.changed.project.entities.ms,1769610268912000000,1769610328899000000,0
workspaceModel.load.cache.metadata.from.file.ms,1769610268912000000,1769610328899000000,0
workspaceModel.mutableEntityStorage.changeLog.addReplaceEventForNewParent.ms,1769610268912000000,1769610328899000000,0
workspaceModel.mutableEntityStorage.mutable.ext.mapping.ms,1769610268912000000,1769610328899000000,0
workspaceModel.global.updates.count,1769610268912000000,1769610328899000000,0
jps.module.dependency.index.workspace.model.listener.on.changed.ms,1769610268912000000,1769610328899000000,0
workspaceModel.sync.entities.ms,1769610268912000000,1769610328899000000,0
jps.facet.change.listener.process.change.events.ms,1769610268912000000,1769610328899000000,0
jps.global.get.libraries.ms,1769610268912000000,1769610328899000000,0
jps.app.storage.content.writer.save.component.ms,1769610268912000000,1769610328899000000,0
workspaceModel.global.apply.state.to.project.ms,1769610268912000000,1769610328899000000,0
workspaceModel.mutableEntityStorage.has.same.entities.ms,1769610268912000000,1769610328899000000,0
workspaceModel.moduleBridge.update.option.ms,1769610268912000000,1769610328899000000,0
jps.library.entities.serializer.save.entities.ms,1769610268912000000,1769610328899000000,0
jps.global.handle.before.change.events.ms,1769610268912000000,1769610328899000000,0
workspaceModel.mutableEntityStorage.collect.changes.ms,1769610268912000000,1769610328899000000,0
workspaceModel.mutableEntityStorage.replace.by.source.ms,1769610268912000000,1769610328899000000,0
workspaceModel.mutableEntityStorage.entities.by.source.ms,1769610268912000000,1769610328899000000,0
workspaceModel.mutableEntityStorage.changeLog.addReplaceEventForNewChild.ms,1769610268912000000,1769610328899000000,0
workspaceModel.orphan.listener.update.ms,1769610268912000000,1769610328899000000,0
workspaceModel.mutableEntityStorage.apply.changes.from.ms,1769610268912000000,1769610328899000000,0
workspaceModel.mutableEntityStorage.resolve.ms,1769610268912000000,1769610328899000000,0
jps.global.get.library.by.name.ms,1769610268912000000,1769610328899000000,0
jps.save.global.entities.ms,1769610268912000000,1769610328899000000,0
workspaceModel.moduleBridge.before.changed.ms,1769610268912000000,1769610328899000000,0
jps.global.get.library.ms,1769610268912000000,1769610328899000000,0
workspaceModel.moduleManagerBridge.create.module.instance.ms,1769610268912000000,1769610328899000000,0
jps.storage.jps.conf.reader.load.component.ms,1769610268912000000,1769610328899000000,0
workspaceModel.mutableEntityStorage.to.snapshot.ms,1769610268912000000,1769610328899000000,0
workspaceModel.do.save.caches.ms,1769610268912000000,1769610328899000000,0
workspaceModel.moduleManagerBridge.build.module.graph.ms,1769610268912000000,1769610328899000000,0
jps.reload.project.entities.ms,1769610268912000000,1769610328899000000,0
workspaceModel.delayed.project.synchronizer.sync.ms,1769610268912000000,1769610328899000000,0
workspaceModel.mutableEntityStorage.entities.ms,1769610268912000000,1769610328899000000,0
workspaceModel.moduleBridgeLoader.loading.modules.ms,1769610268912000000,1769610328899000000,0
workspaceModel.mutableEntityStorage.remove.entity.ms,1769610268912000000,1769610328899000000,0
jps.global.initialize.library.bridges.after.loading.ms,1769610268912000000,1769610328899000000,0
workspaceModel.save.cache.to.file.ms,1769610268912000000,1769610328899000000,0
jps.load.project.to.empty.storage.ms,1769610268912000000,1769610328899000000,0
jps.project.serializers.load.ms,1769610268912000000,1769610328899000000,0
workspaceModel.moduleManagerBridge.set.unloadedModules.ms,1769610268912000000,1769610328899000000,0
workspaceModel.mutableEntityStorage.modify.entity.ms,1769610268912000000,1769610328899000000,0
jps.artifact.entities.serializer.load.entities.ms,1769610268912000000,1769610328899000000,0
workspaceModel.mutableEntityStorage.add.entity.ms,1769610268912000000,1769610328899000000,0
workspaceModel.moduleManagerBridge.newModule.ms,1769610268912000000,1769610328899000000,0
workspaceModel.moduleManagerBridge.load.module.ms,1769610268912000000,1769610328899000000,0
workspaceModel.moduleManagerBridge.load.all.modules.ms,1769610268912000000,1769610328899000000,0
jps.module.iml.entities.serializer.save.entities.ms,1769610268912000000,1769610328899000000,0
workspaceModel.mutableEntityStorage.put.entity.ms,1769610268912000000,1769610328899000000,0
workspaceModel.mutableEntityStorage.instances.count,1769610268912000000,1769610328899000000,0
jps.load.initial.state.ms,1769610268912000000,1769610328899000000,0
workspaceModel.mutableEntityStorage.mutable.vfurl.index.ms,1769610268912000000,1769610328899000000,0
workspaceModel.load.cache.from.file.ms,1769610268912000000,1769610328899000000,0
jps.app.storage.content.reader.load.component.ms,1769610268912000000,1769610328899000000,0
workspaceModel.moduleManagerBridge.get.modules.ms,1769610268912000000,1769610328899000000,0
jps.facet.change.listener.before.change.events.ms,1769610268912000000,1769610328899000000,0
workspaceModel.workspaceFileIndexData.getFileInfo.ms,1769610268912000000,1769610328899000000,116
workspaceModel.init.bridges.ms,1769610268912000000,1769610328899000000,0
workspaceModel.cachedValueWithParameters.calculated.count,1769610268912000000,1769610328899000000,0
workspaceModel.cachedValue.total.get.count,1769610268912000000,1769610328899000000,38065
workspaceModel.workspaceFileIndexData.onEntitiesChanged.ms,1769610268912000000,1769610328899000000,0
workspaceModel.workspaceFileIndexData.visitFileSets.ms,1769610268912000000,1769610328899000000,0
workspaceModel.updates.ms,1769610268912000000,1769610328899000000,0
workspaceModel.cachedValue.calculated.count,1769610268912000000,1769610328899000000,0
workspaceModel.workspaceFileIndexData.instances.count,1769610268912000000,1769610328899000000,0
workspaceModel.workspaceFileIndexData.init.ms,1769610268912000000,1769610328899000000,0
workspaceModel.cachedValueWithParameters.total.get.count,1769610268912000000,1769610328899000000,0
workspaceModel.collect.changes.ms,1769610268912000000,1769610328899000000,0
workspaceModel.entityStorageSnapshotImpl.instances.count,1769610268912000000,1769610328899000000,0
workspaceModel.initializing.ms,1769610268912000000,1769610328899000000,0
workspaceModel.replace.project.model.ms,1769610268912000000,1769610328899000000,0
workspaceModel.workspaceFileIndexData.getPackageName.ms,1769610268912000000,1769610328899000000,0
workspaceModel.cachedValueWithParameters.clear.count,1769610268912000000,1769610328899000000,0
workspaceModel.pre.handlers.ms,1769610268912000000,1769610328899000000,0
workspaceModel.cachedValue.from.cache.count,1769610268912000000,1769610328899000000,38065
workspaceModel.updates.count,1769610268912000000,1769610328899000000,0
workspaceModel.loading.from.cache.ms,1769610268912000000,1769610328899000000,0
workspaceModel.check.recursive.update.ms,1769610268912000000,1769610328899000000,0
workspaceModel.workspaceFileIndexData.getDirectoriesByPackageName.ms,1769610268912000000,1769610328899000000,0
workspaceModel.cachedValue.clear.count,1769610268912000000,1769610328899000000,0
workspaceModel.workspaceFileIndexContributor.registerFileSets.ms,1769610268912000000,1769610328899000000,0
workspaceModel.workspaceFileIndexData.updateDirtyEntities.ms,1769610268912000000,1769610328899000000,0
workspaceModel.on.before.changed.ms,1769610268912000000,1769610328899000000,0
workspaceModel.workspaceFileIndexData.processFileSets.ms,1769610268912000000,1769610328899000000,0
workspaceModel.workspaceFileIndexData.markDirty.ms,1769610268912000000,1769610328899000000,0
workspaceModel.loading.total.ms,1769610268912000000,1769610328899000000,0
workspaceModel.cachedValueWithParameters.from.cache.count,1769610268912000000,1769610328899000000,0
workspaceModel.full.replace.project.model.ms,1769610268912000000,1769610328899000000,0
workspaceModel.to.snapshot.ms,1769610268912000000,1769610328899000000,0
workspaceModel.on.changed.ms,1769610268912000000,1769610328899000000,0
workspaceModel.update.unloaded.entities.ms,1769610268912000000,1769610328899000000,0
workspaceModel.updates.precise.ms,1769610268912000000,1769610328899000000,0
cacheStateStorage.set.counter,1769610268912000000,1769610328899000000,0
cacheStateStorage.get.duration,1769610268912000000,1769610328899000000,0
cacheStateStorage.set.duration,1769610268912000000,1769610328899000000,0
cacheStateStorage.get.counter,1769610268912000000,1769610328899000000,0
writeAction.max.wait.ms,1769610268912000000,1769610328899000000,23
lexer.Python.size.bytes,1769610268912000000,1769610328899000000,325960
writeAction.count,1769610268912000000,1769610328899000000,24
parser.Python.size.bytes,1769610268912000000,1769610328899000000,325960
writeAction.median.wait.ms,1769610268912000000,1769610328899000000,0
DiskQueryRelay.tasksRequested,1769610268912000000,1769610328899000000,11
lexer.Python.time.ns,1769610268912000000,1769610328899000000,72753989
DiskQueryRelay.tasksExecuted,1769610268912000000,1769610328899000000,11
DiskQueryRelay.taskWaitingTotalTimeUs,1769610268912000000,1769610328899000000,927
writeAction.wait.ms,1769610268912000000,1769610328899000000,24
parser.Python.time.ns,1769610268912000000,1769610328899000000,151968698
DiskQueryRelay.taskExecutionTotalTimeUs,1769610268912000000,1769610328899000000,627
FilePageCache.uncachedFileAccess,1769610268912000000,1769610328899000000,6
FilePageCacheLockFree.totalPagesWriteMs,1769610268912000000,1769610328899000000,0
FilePageCacheLockFree.totalPagesAllocated,1769610268912000000,1769610328899000000,0
FilePageCacheLockFree.totalHeapBytesReclaimed,1769610268912000000,1769610328899000000,0
DirectByteBufferAllocator.totalSizeOfBuffersAllocatedInBytes,1769610268912000000,1769610328899000000,179372032
StorageLockContext.competingThreads.avg,1769610268912000000,1769610328899000000,0.0
DirectByteBufferAllocator.totalSizeOfBuffersCachedInBytes,1769610268912000000,1769610328899000000,0
FilePageCache.pageFastCacheHits,1769610268912000000,1769610328899000000,95
DirectByteBufferAllocator.reclaimed,1769610268912000000,1769610328899000000,0
FileChannelInterruptsRetryer.totalRetriedAttempts,1769610268912000000,1769610328899000000,0
MappedFileStorage.totalBytesMapped,1769610268912000000,1769610328899000000,273940480
StreamlinedBlobStorage.totalLiveRecordsPayloadBytes,1769610268912000000,1769610328899000000,0
FilePageCacheLockFree.totalPageAllocationsWaited,1769610268912000000,1769610328899000000,0
FilePageCacheLockFree.totalNativeBytesReclaimed,1769610268912000000,1769610328899000000,0
MappedFileStorage.totalTimeSpentOnMappingUs,1769610268912000000,1769610328899000000,11057
StorageLockContext.competingThreads.90P,1769610268912000000,1769610328899000000,0
FilePageCacheLockFree.totalPagesWritten,1769610268912000000,1769610328899000000,0
DirectByteBufferAllocator.hits,1769610268912000000,1769610328899000000,0
FilePageCacheLockFree.totalClosedStoragesReclaimed,1769610268912000000,1769610328899000000,0
FilePageCacheLockFree.nativeBytesInUse,1769610268912000000,1769610328899000000,0
FilePageCacheLockFree.totalHeapBytesAllocated,1769610268912000000,1769610328899000000,0
FilePageCacheLockFree.totalPagesRequested,1769610268912000000,1769610328899000000,0
StorageLockContext.competingThreads.max,1769610268912000000,1769610328899000000,0
MappedFileStorage.storages,1769610268912000000,1769610328899000000,15
FilePageCacheLockFree.totalPagesHandedOver,1769610268912000000,1769610328899000000,0
FilePageCache.disposedBuffers,1769610268912000000,1769610328899000000,0
FilePageCacheLockFree.totalBytesRequested,1769610268912000000,1769610328899000000,0
FilePageCache.totalPageDisposalsUs,1769610268912000000,1769610328899000000,5
FilePageCacheLockFree.heapBytesInUse,1769610268912000000,1769610328899000000,0
FilePageCacheLockFree.totalPagesReadMs,1769610268912000000,1769610328899000000,0
FilePageCacheLockFree.housekeeperTurnsDone,1769610268912000000,1769610328899000000,0
DirectByteBufferAllocator.disposed,1769610268912000000,1769610328899000000,0
FilePageCache.pageLoads,1769610268912000000,1769610328899000000,2
FilePageCacheLockFree.totalNativeBytesAllocated,1769610268912000000,1769610328899000000,0
FilePageCacheLockFree.totalPagesReclaimed,1769610268912000000,1769610328899000000,0
FilePageCache.capacityInBytes,1769610268912000000,1769610328899000000,503316478
StreamlinedBlobStorage.recordsAllocated,1769610268912000000,1769610328899000000,0
FilePageCacheLockFree.totalBytesRead,1769610268912000000,1769610328899000000,0
StreamlinedBlobStorage.recordsDeleted,1769610268912000000,1769610328899000000,0
FilePageCache.pageHits,1769610268912000000,1769610328899000000,0
FilePageCache.maxRegisteredFiles,1769610268912000000,1769610328899000000,252
StreamlinedBlobStorage.totalLiveRecordsCapacityBytes,1769610268912000000,1769610328899000000,0
FilePageCacheLockFree.totalPagesRequestsMs,1769610268912000000,1769610328899000000,0
FilePageCacheLockFree.housekeeperTurnsSkipped,1769610268912000000,1769610328899000000,0
MappedFileStorage.totalPagesMapped,1769610268912000000,1769610328899000000,21
FilePageCache.pageLoadsAboveSizeThreshold,1769610268912000000,1769610328899000000,0
FilePageCacheLockFree.totalBytesWritten,1769610268912000000,1769610328899000000,0
FilePageCache.maxCacheSizeInBytes,1769610268912000000,1769610328899000000,179372032
FilePageCache.totalPageLoadsUs,1769610268912000000,1769610328899000000,59949
DirectByteBufferAllocator.misses,1769610268912000000,1769610328899000000,2
StreamlinedBlobStorage.recordsRelocated,1769610268912000000,1769610328899000000,0
FilePageCacheLockFree.housekeeperTimeSpentMs,1769610268912000000,1769610328899000000,0
Indexing.cache.totalCacheEvicted,1769610328899000000,1769610388897000000,584
Indexing.writesQueuedMax,1769610328899000000,1769610388897000000,0
Indexes.stubs.lookups,1769610328899000000,1769610388897000000,0
Indexing.writer_2.totalTimeSpentWritingMs,1769610328899000000,1769610388897000000,0
Indexing.writer_3.totalTimeSpentWritingMs,1769610328899000000,1769610388897000000,0
Indexes.allKeys.lookupDurationMaxMs,1769610328899000000,1769610388897000000,0.0
Indexes.entries.lookupDurationMaxMs,1769610328899000000,1769610388897000000,0.0
Indexing.writer_1.totalTimeSpentWritingMs,1769610328899000000,1769610388897000000,0
Indexing.writer_0.totalTimeSpentWritingMs,1769610328899000000,1769610388897000000,0
Indexes.allKeys.lookups,1769610328899000000,1769610388897000000,3
Indexes.entries.lookups,1769610328899000000,1769610388897000000,0
Indexing.cache.totalCacheAccesses,1769610328899000000,1769610388897000000,587
Indexes.entries.lookupDuration90PMs,1769610328899000000,1769610388897000000,0.0
IndexesFlusher.totalFlushingTimeUs,1769610328899000000,1769610388897000000,42163
Indexing.totalTimeIndexersSleptMs,1769610328899000000,1769610388897000000,0
IndexesFlusher.totalContentionQuotaSpent,1769610328899000000,1769610388897000000,0
Indexes.allKeys.lookupDuration90PMs,1769610328899000000,1769610388897000000,0.0
Indexes.entries.lookupDurationAvgMs,1769610328899000000,1769610388897000000,0.0
IndexesFlusher.totalFlushes,1769610328899000000,1769610388897000000,120
Indexes.stubs.lookupDurationMaxMs,1769610328899000000,1769610388897000000,0.0
Indexes.stubs.lookupDuration90PMs,1769610328899000000,1769610388897000000,0.0
Indexing.cache.totalCacheMisses,1769610328899000000,1769610388897000000,584
Indexes.stubs.lookupDurationAvgMs,1769610328899000000,1769610388897000000,0.0
IndexesFlusher.totalFlushesRetried,1769610328899000000,1769610388897000000,0
Indexes.allKeys.lookupDurationAvgMs,1769610328899000000,1769610388897000000,0.0
Indexing.writesQueuedMin,1769610328899000000,1769610388897000000,9223372036854775807
JVM.maxThreadCount,1769610328899000000,1769610388897000000,148
JVM.GC.collectionTimesMs,1769610328899000000,1769610388897000000,13
JVM.GC.collections,1769610328899000000,1769610388897000000,1
OS.loadAverage,1769610328899000000,1769610388897000000,1.6396484375
JVM.totalSafepointCount,1769610328899000000,1769610388897000000,36
JVM.threadCount,1769610328899000000,1769610388897000000,73
JVM.totalTimeAtSafepointsMs,1769610328899000000,1769610388897000000,15
JVM.newThreadsCount,1769610328899000000,1769610388897000000,3
JVM.totalBytesAllocated,1769610328899000000,1769610388897000000,556227216
JVM.totalCpuTimeMs,1769610328899000000,1769610388897000000,8420
JVM.usedNativeBytes,1769610328899000000,1769610388897000000,427857168
JVM.maxHeapBytes,1769610328899000000,1769610388897000000,4196401152
JVM.totalDirectByteBuffersBytes,1769610328899000000,1769610388897000000,180549987
JVM.totalTimeToSafepointsMs,1769610328899000000,1769610388897000000,0
JVM.usedHeapBytes,1769610328899000000,1769610388897000000,860123776
AWTEventQueue.dispatchTimeTotalNS,1769610328899000000,1769610388897000000,2156953077
FlushQueue.executionTimeAvgNs,1769610328899000000,1769610388897000000,0.0
NonBlockingReadAction.failedExecutionTimeUs,1769610328899000000,1769610388897000000,0
FlushQueue.queueSizeMax,1769610328899000000,1769610388897000000,0
ReadAction.executionsCount,1769610328899000000,1769610388897000000,508853
FlushQueue.waitingTimeAvgNs,1769610328899000000,1769610388897000000,0.0
AWTEventQueue.dispatchTimeMaxNs,1769610328899000000,1769610388897000000,28159
FlushQueue.tasksExecuted,1769610328899000000,1769610388897000000,0
WriteAction.executionsCount,1769610328899000000,1769610388897000000,7
AWTEventQueue.dispatchTimeAvgNs,1769610328899000000,1769610388897000000,28096.0
NonBlockingReadAction.finalizedExecutionsCount,1769610328899000000,1769610388897000000,1424
AWTEventQueue.eventsDispatched,1769610328899000000,1769610388897000000,1
FlushQueue.queueSizeAvg,1769610328899000000,1769610388897000000,0.0
FlushQueue.executionTimeMaxNs,1769610328899000000,1769610388897000000,0
NonBlockingReadAction.finalizedExecutionTimeUs,1769610328899000000,1769610388897000000,71915
NonBlockingReadAction.failedExecutionsCount,1769610328899000000,1769610388897000000,0
FlushQueue.queueSize90P,1769610328899000000,1769610388897000000,0
FlushQueue.waitingTime90PNs,1769610328899000000,1769610388897000000,0
AWTEventQueue.dispatchTime90PNs,1769610328899000000,1769610388897000000,28159
FlushQueue.waitingTimeMaxNs,1769610328899000000,1769610388897000000,0
FlushQueue.executionTime90PNs,1769610328899000000,1769610388897000000,0
VFS.contentStorage.recordsUncompressedSize,1769610328899000000,1769610388897000000,3519
VFS.fileByIdCache.misses,1769610328899000000,1769610388897000000,0
VFS.contentStorage.recordsReadDecompressed,1769610328899000000,1769610388897000000,2
VFS.contentStorage.recordsStoredSize,1769610328899000000,1769610388897000000,3519
VFS.contentStorage.recordsReadSize,1769610328899000000,1769610388897000000,36593
FileNameCache.queries,1769610328899000000,1769610388897000000,8128
VFS.contentStorage.recordsDecompressionTimeUs,1769610328899000000,1769610388897000000,86
VFS.contentStorage.recordsDeduplicated,1769610328899000000,1769610388897000000,0
VFS.contentStorage.recordsRead,1769610328899000000,1769610388897000000,7
VFS.contentStorage.recordsStored,1769610328899000000,1769610388897000000,1
VFS.invertedFileNameIndex.requests,1769610328899000000,1769610388897000000,0
VFS.contentStorage.recordsStoredCompressed,1769610328899000000,1769610388897000000,0
VFS.fileChildByName,1769610328899000000,1769610388897000000,7133
VFS.fileByIdCache.hits,1769610328899000000,1769610388897000000,0
FileNameCache.totalMisses,1769610328899000000,1769610388897000000,0
workspaceModel.global.apply.state.to.project.builder.ms,1769610328899000000,1769610388897000000,0
workspaceModel.mutableEntityStorage.changeLog.addReplaceEventForRemovedParent.ms,1769610328899000000,1769610388897000000,0
jps.apply.loaded.storage.ms,1769610328899000000,1769610388897000000,0
jps.global.handle.changed.events.ms,1769610328899000000,1769610388897000000,0
jps.global.initialize.library.bridges.ms,1769610328899000000,1769610388897000000,0
jps.facet.change.listener.init.bridge.ms,1769610328899000000,1769610388897000000,0
workspaceModel.moduleManagerBridge.new.nonPersistent.module.ms,1769610328899000000,1769610388897000000,0
workspaceModel.mutableEntityStorage.changeLog.addReplaceEventForRemovedChild.ms,1769610328899000000,1769610388897000000,0
jps.module.iml.entities.serializer.load.entities.ms,1769610328899000000,1769610388897000000,0
workspaceModel.mutableEntityStorage.referrers.ms,1769610328899000000,1769610388897000000,0
jps.library.entities.serializer.load.entities.ms,1769610328899000000,1769610388897000000,0
workspaceModel.global.updates.ms,1769610328899000000,1769610388897000000,0
jps.project.serializers.save.ms,1769610328899000000,1769610388897000000,0
jps.artifact.entities.serializer.save.entities.ms,1769610328899000000,1769610388897000000,0
workspaceModel.moduleBridge.facet.initialization.ms,1769610328899000000,1769610388897000000,0
jps.save.changed.project.entities.ms,1769610328899000000,1769610388897000000,0
workspaceModel.load.cache.metadata.from.file.ms,1769610328899000000,1769610388897000000,0
workspaceModel.mutableEntityStorage.changeLog.addReplaceEventForNewParent.ms,1769610328899000000,1769610388897000000,0
workspaceModel.mutableEntityStorage.mutable.ext.mapping.ms,1769610328899000000,1769610388897000000,0
workspaceModel.global.updates.count,1769610328899000000,1769610388897000000,0
jps.module.dependency.index.workspace.model.listener.on.changed.ms,1769610328899000000,1769610388897000000,0
workspaceModel.sync.entities.ms,1769610328899000000,1769610388897000000,0
jps.facet.change.listener.process.change.events.ms,1769610328899000000,1769610388897000000,0
jps.global.get.libraries.ms,1769610328899000000,1769610388897000000,0
jps.app.storage.content.writer.save.component.ms,1769610328899000000,1769610388897000000,4
workspaceModel.global.apply.state.to.project.ms,1769610328899000000,1769610388897000000,0
workspaceModel.mutableEntityStorage.has.same.entities.ms,1769610328899000000,1769610388897000000,0
workspaceModel.moduleBridge.update.option.ms,1769610328899000000,1769610388897000000,0
jps.library.entities.serializer.save.entities.ms,1769610328899000000,1769610388897000000,0
jps.global.handle.before.change.events.ms,1769610328899000000,1769610388897000000,0
workspaceModel.mutableEntityStorage.collect.changes.ms,1769610328899000000,1769610388897000000,0
workspaceModel.mutableEntityStorage.replace.by.source.ms,1769610328899000000,1769610388897000000,0
workspaceModel.mutableEntityStorage.entities.by.source.ms,1769610328899000000,1769610388897000000,0
workspaceModel.mutableEntityStorage.changeLog.addReplaceEventForNewChild.ms,1769610328899000000,1769610388897000000,0
workspaceModel.orphan.listener.update.ms,1769610328899000000,1769610388897000000,0
workspaceModel.mutableEntityStorage.apply.changes.from.ms,1769610328899000000,1769610388897000000,0
workspaceModel.mutableEntityStorage.resolve.ms,1769610328899000000,1769610388897000000,0
jps.global.get.library.by.name.ms,1769610328899000000,1769610388897000000,0
jps.save.global.entities.ms,1769610328899000000,1769610388897000000,7
workspaceModel.moduleBridge.before.changed.ms,1769610328899000000,1769610388897000000,0
jps.global.get.library.ms,1769610328899000000,1769610388897000000,0
workspaceModel.moduleManagerBridge.create.module.instance.ms,1769610328899000000,1769610388897000000,0
jps.storage.jps.conf.reader.load.component.ms,1769610328899000000,1769610388897000000,0
workspaceModel.mutableEntityStorage.to.snapshot.ms,1769610328899000000,1769610388897000000,0
workspaceModel.do.save.caches.ms,1769610328899000000,1769610388897000000,0
workspaceModel.moduleManagerBridge.build.module.graph.ms,1769610328899000000,1769610388897000000,0
jps.reload.project.entities.ms,1769610328899000000,1769610388897000000,0
workspaceModel.delayed.project.synchronizer.sync.ms,1769610328899000000,1769610388897000000,0
workspaceModel.mutableEntityStorage.entities.ms,1769610328899000000,1769610388897000000,0
workspaceModel.moduleBridgeLoader.loading.modules.ms,1769610328899000000,1769610388897000000,0
workspaceModel.mutableEntityStorage.remove.entity.ms,1769610328899000000,1769610388897000000,0
jps.global.initialize.library.bridges.after.loading.ms,1769610328899000000,1769610388897000000,0
workspaceModel.save.cache.to.file.ms,1769610328899000000,1769610388897000000,0
jps.load.project.to.empty.storage.ms,1769610328899000000,1769610388897000000,0
jps.project.serializers.load.ms,1769610328899000000,1769610388897000000,0
workspaceModel.moduleManagerBridge.set.unloadedModules.ms,1769610328899000000,1769610388897000000,0
workspaceModel.mutableEntityStorage.modify.entity.ms,1769610328899000000,1769610388897000000,0
jps.artifact.entities.serializer.load.entities.ms,1769610328899000000,1769610388897000000,0
workspaceModel.mutableEntityStorage.add.entity.ms,1769610328899000000,1769610388897000000,0
workspaceModel.moduleManagerBridge.newModule.ms,1769610328899000000,1769610388897000000,0
workspaceModel.moduleManagerBridge.load.module.ms,1769610328899000000,1769610388897000000,0
workspaceModel.moduleManagerBridge.load.all.modules.ms,1769610328899000000,1769610388897000000,0
jps.module.iml.entities.serializer.save.entities.ms,1769610328899000000,1769610388897000000,0
workspaceModel.mutableEntityStorage.put.entity.ms,1769610328899000000,1769610388897000000,0
workspaceModel.mutableEntityStorage.instances.count,1769610328899000000,1769610388897000000,0
jps.load.initial.state.ms,1769610328899000000,1769610388897000000,0
workspaceModel.mutableEntityStorage.mutable.vfurl.index.ms,1769610328899000000,1769610388897000000,0
workspaceModel.load.cache.from.file.ms,1769610328899000000,1769610388897000000,0
jps.app.storage.content.reader.load.component.ms,1769610328899000000,1769610388897000000,0
workspaceModel.moduleManagerBridge.get.modules.ms,1769610328899000000,1769610388897000000,0
jps.facet.change.listener.before.change.events.ms,1769610328899000000,1769610388897000000,0
workspaceModel.workspaceFileIndexData.getFileInfo.ms,1769610328899000000,1769610388897000000,3
workspaceModel.init.bridges.ms,1769610328899000000,1769610388897000000,0
workspaceModel.cachedValueWithParameters.calculated.count,1769610328899000000,1769610388897000000,0
workspaceModel.cachedValue.total.get.count,1769610328899000000,1769610388897000000,363
workspaceModel.workspaceFileIndexData.onEntitiesChanged.ms,1769610328899000000,1769610388897000000,0
workspaceModel.workspaceFileIndexData.visitFileSets.ms,1769610328899000000,1769610388897000000,0
workspaceModel.updates.ms,1769610328899000000,1769610388897000000,0
workspaceModel.cachedValue.calculated.count,1769610328899000000,1769610388897000000,0
workspaceModel.workspaceFileIndexData.instances.count,1769610328899000000,1769610388897000000,0
workspaceModel.workspaceFileIndexData.init.ms,1769610328899000000,1769610388897000000,0
workspaceModel.cachedValueWithParameters.total.get.count,1769610328899000000,1769610388897000000,0
workspaceModel.collect.changes.ms,1769610328899000000,1769610388897000000,0
workspaceModel.entityStorageSnapshotImpl.instances.count,1769610328899000000,1769610388897000000,0
workspaceModel.initializing.ms,1769610328899000000,1769610388897000000,0
workspaceModel.replace.project.model.ms,1769610328899000000,1769610388897000000,0
workspaceModel.workspaceFileIndexData.getPackageName.ms,1769610328899000000,1769610388897000000,0
workspaceModel.cachedValueWithParameters.clear.count,1769610328899000000,1769610388897000000,0
workspaceModel.pre.handlers.ms,1769610328899000000,1769610388897000000,0
workspaceModel.cachedValue.from.cache.count,1769610328899000000,1769610388897000000,363
workspaceModel.updates.count,1769610328899000000,1769610388897000000,0
workspaceModel.loading.from.cache.ms,1769610328899000000,1769610388897000000,0
workspaceModel.check.recursive.update.ms,1769610328899000000,1769610388897000000,0
workspaceModel.workspaceFileIndexData.getDirectoriesByPackageName.ms,1769610328899000000,1769610388897000000,0
workspaceModel.cachedValue.clear.count,1769610328899000000,1769610388897000000,0
workspaceModel.workspaceFileIndexContributor.registerFileSets.ms,1769610328899000000,1769610388897000000,0
workspaceModel.workspaceFileIndexData.updateDirtyEntities.ms,1769610328899000000,1769610388897000000,0
workspaceModel.on.before.changed.ms,1769610328899000000,1769610388897000000,0
workspaceModel.workspaceFileIndexData.processFileSets.ms,1769610328899000000,1769610388897000000,0
workspaceModel.workspaceFileIndexData.markDirty.ms,1769610328899000000,1769610388897000000,0
workspaceModel.loading.total.ms,1769610328899000000,1769610388897000000,0
workspaceModel.cachedValueWithParameters.from.cache.count,1769610328899000000,1769610388897000000,0
workspaceModel.full.replace.project.model.ms,1769610328899000000,1769610388897000000,0
workspaceModel.to.snapshot.ms,1769610328899000000,1769610388897000000,0
workspaceModel.on.changed.ms,1769610328899000000,1769610388897000000,0
workspaceModel.update.unloaded.entities.ms,1769610328899000000,1769610388897000000,0
workspaceModel.updates.precise.ms,1769610328899000000,1769610388897000000,0
cacheStateStorage.set.counter,1769610328899000000,1769610388897000000,5
cacheStateStorage.get.duration,1769610328899000000,1769610388897000000,0
cacheStateStorage.set.duration,1769610328899000000,1769610388897000000,0
cacheStateStorage.get.counter,1769610328899000000,1769610388897000000,0
parser.RELAX-NG.time.ns,1769610328899000000,1769610388897000000,4996605
writeAction.max.wait.ms,1769610328899000000,1769610388897000000,23
lexer.RELAX-NG.size.bytes,1769610328899000000,1769610388897000000,25763
parser.RELAX-NG.size.bytes,1769610328899000000,1769610388897000000,25763
lexer.Python.size.bytes,1769610328899000000,1769610388897000000,6762
writeAction.count,1769610328899000000,1769610388897000000,7
parser.Python.size.bytes,1769610328899000000,1769610388897000000,6762
writeAction.median.wait.ms,1769610328899000000,1769610388897000000,0
DiskQueryRelay.tasksRequested,1769610328899000000,1769610388897000000,46
lexer.Python.time.ns,1769610328899000000,1769610388897000000,483254
parser.HTML.size.bytes,1769610328899000000,1769610388897000000,4063
DiskQueryRelay.tasksExecuted,1769610328899000000,1769610388897000000,46
DiskQueryRelay.taskWaitingTotalTimeUs,1769610328899000000,1769610388897000000,1424
lexer.RELAX-NG.time.ns,1769610328899000000,1769610388897000000,21560669
lexer.HTML.time.ns,1769610328899000000,1769610388897000000,540463
writeAction.wait.ms,1769610328899000000,1769610388897000000,0
parser.Python.time.ns,1769610328899000000,1769610388897000000,1223946
DiskQueryRelay.taskExecutionTotalTimeUs,1769610328899000000,1769610388897000000,1295
parser.HTML.time.ns,1769610328899000000,1769610388897000000,924540
lexer.HTML.size.bytes,1769610328899000000,1769610388897000000,4063
FilePageCache.uncachedFileAccess,1769610328899000000,1769610388897000000,16
FilePageCacheLockFree.totalPagesWriteMs,1769610328899000000,1769610388897000000,0
FilePageCacheLockFree.totalPagesAllocated,1769610328899000000,1769610388897000000,0
FilePageCacheLockFree.totalHeapBytesReclaimed,1769610328899000000,1769610388897000000,0
DirectByteBufferAllocator.totalSizeOfBuffersAllocatedInBytes,1769610328899000000,1769610388897000000,179372032
StorageLockContext.competingThreads.avg,1769610328899000000,1769610388897000000,0.0
DirectByteBufferAllocator.totalSizeOfBuffersCachedInBytes,1769610328899000000,1769610388897000000,0
FilePageCache.pageFastCacheHits,1769610328899000000,1769610388897000000,1449
DirectByteBufferAllocator.reclaimed,1769610328899000000,1769610388897000000,0
FileChannelInterruptsRetryer.totalRetriedAttempts,1769610328899000000,1769610388897000000,0
MappedFileStorage.totalBytesMapped,1769610328899000000,1769610388897000000,273940480
StreamlinedBlobStorage.totalLiveRecordsPayloadBytes,1769610328899000000,1769610388897000000,0
FilePageCacheLockFree.totalPageAllocationsWaited,1769610328899000000,1769610388897000000,0
FilePageCacheLockFree.totalNativeBytesReclaimed,1769610328899000000,1769610388897000000,0
MappedFileStorage.totalTimeSpentOnMappingUs,1769610328899000000,1769610388897000000,11057
StorageLockContext.competingThreads.90P,1769610328899000000,1769610388897000000,0
FilePageCacheLockFree.totalPagesWritten,1769610328899000000,1769610388897000000,0
DirectByteBufferAllocator.hits,1769610328899000000,1769610388897000000,0
FilePageCacheLockFree.totalClosedStoragesReclaimed,1769610328899000000,1769610388897000000,0
FilePageCacheLockFree.nativeBytesInUse,1769610328899000000,1769610388897000000,0
FilePageCacheLockFree.totalHeapBytesAllocated,1769610328899000000,1769610388897000000,0
FilePageCacheLockFree.totalPagesRequested,1769610328899000000,1769610388897000000,0
StorageLockContext.competingThreads.max,1769610328899000000,1769610388897000000,0
MappedFileStorage.storages,1769610328899000000,1769610388897000000,15
FilePageCacheLockFree.totalPagesHandedOver,1769610328899000000,1769610388897000000,0
FilePageCache.disposedBuffers,1769610328899000000,1769610388897000000,0
FilePageCacheLockFree.totalBytesRequested,1769610328899000000,1769610388897000000,0
FilePageCache.totalPageDisposalsUs,1769610328899000000,1769610388897000000,0
FilePageCacheLockFree.heapBytesInUse,1769610328899000000,1769610388897000000,0
FilePageCacheLockFree.totalPagesReadMs,1769610328899000000,1769610388897000000,0
FilePageCacheLockFree.housekeeperTurnsDone,1769610328899000000,1769610388897000000,0
DirectByteBufferAllocator.disposed,1769610328899000000,1769610388897000000,0
FilePageCache.pageLoads,1769610328899000000,1769610388897000000,0
FilePageCacheLockFree.totalNativeBytesAllocated,1769610328899000000,1769610388897000000,0
FilePageCacheLockFree.totalPagesReclaimed,1769610328899000000,1769610388897000000,0
FilePageCache.capacityInBytes,1769610328899000000,1769610388897000000,503316478
StreamlinedBlobStorage.recordsAllocated,1769610328899000000,1769610388897000000,0
FilePageCacheLockFree.totalBytesRead,1769610328899000000,1769610388897000000,0
StreamlinedBlobStorage.recordsDeleted,1769610328899000000,1769610388897000000,0
FilePageCache.pageHits,1769610328899000000,1769610388897000000,58
FilePageCache.maxRegisteredFiles,1769610328899000000,1769610388897000000,252
StreamlinedBlobStorage.totalLiveRecordsCapacityBytes,1769610328899000000,1769610388897000000,0
FilePageCacheLockFree.totalPagesRequestsMs,1769610328899000000,1769610388897000000,0
FilePageCacheLockFree.housekeeperTurnsSkipped,1769610328899000000,1769610388897000000,0
MappedFileStorage.totalPagesMapped,1769610328899000000,1769610388897000000,21
FilePageCache.pageLoadsAboveSizeThreshold,1769610328899000000,1769610388897000000,0
FilePageCacheLockFree.totalBytesWritten,1769610328899000000,1769610388897000000,0
FilePageCache.maxCacheSizeInBytes,1769610328899000000,1769610388897000000,179372032
FilePageCache.totalPageLoadsUs,1769610328899000000,1769610388897000000,0
DirectByteBufferAllocator.misses,1769610328899000000,1769610388897000000,0
StreamlinedBlobStorage.recordsRelocated,1769610328899000000,1769610388897000000,0
FilePageCacheLockFree.housekeeperTimeSpentMs,1769610328899000000,1769610388897000000,0
Indexing.cache.totalCacheEvicted,1769610388897000000,1769610448895000000,5
Indexing.writesQueuedMax,1769610388897000000,1769610448895000000,0
Indexes.stubs.lookups,1769610388897000000,1769610448895000000,0
Indexing.writer_2.totalTimeSpentWritingMs,1769610388897000000,1769610448895000000,0
Indexing.writer_3.totalTimeSpentWritingMs,1769610388897000000,1769610448895000000,0
Indexes.allKeys.lookupDurationMaxMs,1769610388897000000,1769610448895000000,0.0
Indexes.entries.lookupDurationMaxMs,1769610388897000000,1769610448895000000,0.0
Indexing.writer_1.totalTimeSpentWritingMs,1769610388897000000,1769610448895000000,0
Indexing.writer_0.totalTimeSpentWritingMs,1769610388897000000,1769610448895000000,0
Indexes.allKeys.lookups,1769610388897000000,1769610448895000000,2
Indexes.entries.lookups,1769610388897000000,1769610448895000000,0
Indexing.cache.totalCacheAccesses,1769610388897000000,1769610448895000000,5
Indexes.entries.lookupDuration90PMs,1769610388897000000,1769610448895000000,0.0
IndexesFlusher.totalFlushingTimeUs,1769610388897000000,1769610448895000000,33232
Indexing.totalTimeIndexersSleptMs,1769610388897000000,1769610448895000000,0
IndexesFlusher.totalContentionQuotaSpent,1769610388897000000,1769610448895000000,0
Indexes.allKeys.lookupDuration90PMs,1769610388897000000,1769610448895000000,0.0
Indexes.entries.lookupDurationAvgMs,1769610388897000000,1769610448895000000,0.0
IndexesFlusher.totalFlushes,1769610388897000000,1769610448895000000,120
Indexes.stubs.lookupDurationMaxMs,1769610388897000000,1769610448895000000,0.0
Indexes.stubs.lookupDuration90PMs,1769610388897000000,1769610448895000000,0.0
Indexing.cache.totalCacheMisses,1769610388897000000,1769610448895000000,5
Indexes.stubs.lookupDurationAvgMs,1769610388897000000,1769610448895000000,0.0
IndexesFlusher.totalFlushesRetried,1769610388897000000,1769610448895000000,0
Indexes.allKeys.lookupDurationAvgMs,1769610388897000000,1769610448895000000,0.0
Indexing.writesQueuedMin,1769610388897000000,1769610448895000000,9223372036854775807
JVM.maxThreadCount,1769610388897000000,1769610448895000000,148
JVM.GC.collectionTimesMs,1769610388897000000,1769610448895000000,13
JVM.GC.collections,1769610388897000000,1769610448895000000,3
OS.loadAverage,1769610388897000000,1769610448895000000,1.275390625
JVM.totalSafepointCount,1769610388897000000,1769610448895000000,39
JVM.threadCount,1769610388897000000,1769610448895000000,73
JVM.totalTimeAtSafepointsMs,1769610388897000000,1769610448895000000,14
JVM.newThreadsCount,1769610388897000000,1769610448895000000,5
JVM.totalBytesAllocated,1769610388897000000,1769610448895000000,514758280
JVM.totalCpuTimeMs,1769610388897000000,1769610448895000000,8590
JVM.usedNativeBytes,1769610388897000000,1769610448895000000,439798944
JVM.maxHeapBytes,1769610388897000000,1769610448895000000,4196401152
JVM.totalDirectByteBuffersBytes,1769610388897000000,1769610448895000000,180919284
JVM.totalTimeToSafepointsMs,1769610388897000000,1769610448895000000,1
JVM.usedHeapBytes,1769610388897000000,1769610448895000000,849477208
AWTEventQueue.dispatchTimeTotalNS,1769610388897000000,1769610448895000000,1886164657
FlushQueue.executionTimeAvgNs,1769610388897000000,1769610448895000000,0.0
NonBlockingReadAction.failedExecutionTimeUs,1769610388897000000,1769610448895000000,215
FlushQueue.queueSizeMax,1769610388897000000,1769610448895000000,0
ReadAction.executionsCount,1769610388897000000,1769610448895000000,608224
FlushQueue.waitingTimeAvgNs,1769610388897000000,1769610448895000000,0.0
AWTEventQueue.dispatchTimeMaxNs,1769610388897000000,1769610448895000000,0
FlushQueue.tasksExecuted,1769610388897000000,1769610448895000000,0
WriteAction.executionsCount,1769610388897000000,1769610448895000000,17
AWTEventQueue.dispatchTimeAvgNs,1769610388897000000,1769610448895000000,0.0
NonBlockingReadAction.finalizedExecutionsCount,1769610388897000000,1769610448895000000,956
AWTEventQueue.eventsDispatched,1769610388897000000,1769610448895000000,0
FlushQueue.queueSizeAvg,1769610388897000000,1769610448895000000,0.0
FlushQueue.executionTimeMaxNs,1769610388897000000,1769610448895000000,0
NonBlockingReadAction.finalizedExecutionTimeUs,1769610388897000000,1769610448895000000,121896
NonBlockingReadAction.failedExecutionsCount,1769610388897000000,1769610448895000000,1
FlushQueue.queueSize90P,1769610388897000000,1769610448895000000,0
FlushQueue.waitingTime90PNs,1769610388897000000,1769610448895000000,0
AWTEventQueue.dispatchTime90PNs,1769610388897000000,1769610448895000000,0
FlushQueue.waitingTimeMaxNs,1769610388897000000,1769610448895000000,0
FlushQueue.executionTime90PNs,1769610388897000000,1769610448895000000,0
VFS.contentStorage.recordsUncompressedSize,1769610388897000000,1769610448895000000,489091
VFS.fileByIdCache.misses,1769610388897000000,1769610448895000000,0
VFS.contentStorage.recordsReadDecompressed,1769610388897000000,1769610448895000000,0
VFS.contentStorage.recordsStoredSize,1769610388897000000,1769610448895000000,155986
VFS.contentStorage.recordsReadSize,1769610388897000000,1769610448895000000,14694
FileNameCache.queries,1769610388897000000,1769610448895000000,12736
VFS.contentStorage.recordsDecompressionTimeUs,1769610388897000000,1769610448895000000,0
VFS.contentStorage.recordsDeduplicated,1769610388897000000,1769610448895000000,0
VFS.contentStorage.recordsRead,1769610388897000000,1769610448895000000,6
VFS.contentStorage.recordsStored,1769610388897000000,1769610448895000000,15
VFS.invertedFileNameIndex.requests,1769610388897000000,1769610448895000000,0
VFS.contentStorage.recordsStoredCompressed,1769610388897000000,1769610448895000000,4
VFS.fileChildByName,1769610388897000000,1769610448895000000,7594
VFS.fileByIdCache.hits,1769610388897000000,1769610448895000000,0
FileNameCache.totalMisses,1769610388897000000,1769610448895000000,0
workspaceModel.global.apply.state.to.project.builder.ms,1769610388897000000,1769610448895000000,0
workspaceModel.mutableEntityStorage.changeLog.addReplaceEventForRemovedParent.ms,1769610388897000000,1769610448895000000,0
jps.apply.loaded.storage.ms,1769610388897000000,1769610448895000000,0
jps.global.handle.changed.events.ms,1769610388897000000,1769610448895000000,0
jps.global.initialize.library.bridges.ms,1769610388897000000,1769610448895000000,0
jps.facet.change.listener.init.bridge.ms,1769610388897000000,1769610448895000000,0
workspaceModel.moduleManagerBridge.new.nonPersistent.module.ms,1769610388897000000,1769610448895000000,0
workspaceModel.mutableEntityStorage.changeLog.addReplaceEventForRemovedChild.ms,1769610388897000000,1769610448895000000,0
jps.module.iml.entities.serializer.load.entities.ms,1769610388897000000,1769610448895000000,0
workspaceModel.mutableEntityStorage.referrers.ms,1769610388897000000,1769610448895000000,0
jps.library.entities.serializer.load.entities.ms,1769610388897000000,1769610448895000000,0
workspaceModel.global.updates.ms,1769610388897000000,1769610448895000000,0
jps.project.serializers.save.ms,1769610388897000000,1769610448895000000,0
jps.artifact.entities.serializer.save.entities.ms,1769610388897000000,1769610448895000000,0
workspaceModel.moduleBridge.facet.initialization.ms,1769610388897000000,1769610448895000000,0
jps.save.changed.project.entities.ms,1769610388897000000,1769610448895000000,0
workspaceModel.load.cache.metadata.from.file.ms,1769610388897000000,1769610448895000000,0
workspaceModel.mutableEntityStorage.changeLog.addReplaceEventForNewParent.ms,1769610388897000000,1769610448895000000,0
workspaceModel.mutableEntityStorage.mutable.ext.mapping.ms,1769610388897000000,1769610448895000000,0
workspaceModel.global.updates.count,1769610388897000000,1769610448895000000,0
jps.module.dependency.index.workspace.model.listener.on.changed.ms,1769610388897000000,1769610448895000000,0
workspaceModel.sync.entities.ms,1769610388897000000,1769610448895000000,0
jps.facet.change.listener.process.change.events.ms,1769610388897000000,1769610448895000000,0
jps.global.get.libraries.ms,1769610388897000000,1769610448895000000,0
jps.app.storage.content.writer.save.component.ms,1769610388897000000,1769610448895000000,0
workspaceModel.global.apply.state.to.project.ms,1769610388897000000,1769610448895000000,0
workspaceModel.mutableEntityStorage.has.same.entities.ms,1769610388897000000,1769610448895000000,0
workspaceModel.moduleBridge.update.option.ms,1769610388897000000,1769610448895000000,0
jps.library.entities.serializer.save.entities.ms,1769610388897000000,1769610448895000000,0
jps.global.handle.before.change.events.ms,1769610388897000000,1769610448895000000,0
workspaceModel.mutableEntityStorage.collect.changes.ms,1769610388897000000,1769610448895000000,0
workspaceModel.mutableEntityStorage.replace.by.source.ms,1769610388897000000,1769610448895000000,0
workspaceModel.mutableEntityStorage.entities.by.source.ms,1769610388897000000,1769610448895000000,0
workspaceModel.mutableEntityStorage.changeLog.addReplaceEventForNewChild.ms,1769610388897000000,1769610448895000000,0
workspaceModel.orphan.listener.update.ms,1769610388897000000,1769610448895000000,0
workspaceModel.mutableEntityStorage.apply.changes.from.ms,1769610388897000000,1769610448895000000,0
workspaceModel.mutableEntityStorage.resolve.ms,1769610388897000000,1769610448895000000,0
jps.global.get.library.by.name.ms,1769610388897000000,1769610448895000000,0
jps.save.global.entities.ms,1769610388897000000,1769610448895000000,1
workspaceModel.moduleBridge.before.changed.ms,1769610388897000000,1769610448895000000,0
jps.global.get.library.ms,1769610388897000000,1769610448895000000,0
workspaceModel.moduleManagerBridge.create.module.instance.ms,1769610388897000000,1769610448895000000,0
jps.storage.jps.conf.reader.load.component.ms,1769610388897000000,1769610448895000000,0
workspaceModel.mutableEntityStorage.to.snapshot.ms,1769610388897000000,1769610448895000000,0
workspaceModel.do.save.caches.ms,1769610388897000000,1769610448895000000,0
workspaceModel.moduleManagerBridge.build.module.graph.ms,1769610388897000000,1769610448895000000,0
jps.reload.project.entities.ms,1769610388897000000,1769610448895000000,0
workspaceModel.delayed.project.synchronizer.sync.ms,1769610388897000000,1769610448895000000,0
workspaceModel.mutableEntityStorage.entities.ms,1769610388897000000,1769610448895000000,0
workspaceModel.moduleBridgeLoader.loading.modules.ms,1769610388897000000,1769610448895000000,0
workspaceModel.mutableEntityStorage.remove.entity.ms,1769610388897000000,1769610448895000000,0
jps.global.initialize.library.bridges.after.loading.ms,1769610388897000000,1769610448895000000,0
workspaceModel.save.cache.to.file.ms,1769610388897000000,1769610448895000000,0
jps.load.project.to.empty.storage.ms,1769610388897000000,1769610448895000000,0
jps.project.serializers.load.ms,1769610388897000000,1769610448895000000,0
workspaceModel.moduleManagerBridge.set.unloadedModules.ms,1769610388897000000,1769610448895000000,0
workspaceModel.mutableEntityStorage.modify.entity.ms,1769610388897000000,1769610448895000000,0
jps.artifact.entities.serializer.load.entities.ms,1769610388897000000,1769610448895000000,0
workspaceModel.mutableEntityStorage.add.entity.ms,1769610388897000000,1769610448895000000,0
workspaceModel.moduleManagerBridge.newModule.ms,1769610388897000000,1769610448895000000,0
workspaceModel.moduleManagerBridge.load.module.ms,1769610388897000000,1769610448895000000,0
workspaceModel.moduleManagerBridge.load.all.modules.ms,1769610388897000000,1769610448895000000,0
jps.module.iml.entities.serializer.save.entities.ms,1769610388897000000,1769610448895000000,0
workspaceModel.mutableEntityStorage.put.entity.ms,1769610388897000000,1769610448895000000,0
workspaceModel.mutableEntityStorage.instances.count,1769610388897000000,1769610448895000000,0
jps.load.initial.state.ms,1769610388897000000,1769610448895000000,0
workspaceModel.mutableEntityStorage.mutable.vfurl.index.ms,1769610388897000000,1769610448895000000,0
workspaceModel.load.cache.from.file.ms,1769610388897000000,1769610448895000000,0
jps.app.storage.content.reader.load.component.ms,1769610388897000000,1769610448895000000,0
workspaceModel.moduleManagerBridge.get.modules.ms,1769610388897000000,1769610448895000000,0
jps.facet.change.listener.before.change.events.ms,1769610388897000000,1769610448895000000,0
workspaceModel.workspaceFileIndexData.getFileInfo.ms,1769610388897000000,1769610448895000000,3
workspaceModel.init.bridges.ms,1769610388897000000,1769610448895000000,0
workspaceModel.cachedValueWithParameters.calculated.count,1769610388897000000,1769610448895000000,0
workspaceModel.cachedValue.total.get.count,1769610388897000000,1769610448895000000,337
workspaceModel.workspaceFileIndexData.onEntitiesChanged.ms,1769610388897000000,1769610448895000000,0
workspaceModel.workspaceFileIndexData.visitFileSets.ms,1769610388897000000,1769610448895000000,0
workspaceModel.updates.ms,1769610388897000000,1769610448895000000,0
workspaceModel.cachedValue.calculated.count,1769610388897000000,1769610448895000000,0
workspaceModel.workspaceFileIndexData.instances.count,1769610388897000000,1769610448895000000,0
workspaceModel.workspaceFileIndexData.init.ms,1769610388897000000,1769610448895000000,0
workspaceModel.cachedValueWithParameters.total.get.count,1769610388897000000,1769610448895000000,0
workspaceModel.collect.changes.ms,1769610388897000000,1769610448895000000,0
workspaceModel.entityStorageSnapshotImpl.instances.count,1769610388897000000,1769610448895000000,0
workspaceModel.initializing.ms,1769610388897000000,1769610448895000000,0
workspaceModel.replace.project.model.ms,1769610388897000000,1769610448895000000,0
workspaceModel.workspaceFileIndexData.getPackageName.ms,1769610388897000000,1769610448895000000,0
workspaceModel.cachedValueWithParameters.clear.count,1769610388897000000,1769610448895000000,0
workspaceModel.pre.handlers.ms,1769610388897000000,1769610448895000000,0
workspaceModel.cachedValue.from.cache.count,1769610388897000000,1769610448895000000,337
workspaceModel.updates.count,1769610388897000000,1769610448895000000,0
workspaceModel.loading.from.cache.ms,1769610388897000000,1769610448895000000,0
workspaceModel.check.recursive.update.ms,1769610388897000000,1769610448895000000,0
workspaceModel.workspaceFileIndexData.getDirectoriesByPackageName.ms,1769610388897000000,1769610448895000000,0
workspaceModel.cachedValue.clear.count,1769610388897000000,1769610448895000000,0
workspaceModel.workspaceFileIndexContributor.registerFileSets.ms,1769610388897000000,1769610448895000000,0
workspaceModel.workspaceFileIndexData.updateDirtyEntities.ms,1769610388897000000,1769610448895000000,0
workspaceModel.on.before.changed.ms,1769610388897000000,1769610448895000000,0
workspaceModel.workspaceFileIndexData.processFileSets.ms,1769610388897000000,1769610448895000000,0
workspaceModel.workspaceFileIndexData.markDirty.ms,1769610388897000000,1769610448895000000,0
workspaceModel.loading.total.ms,1769610388897000000,1769610448895000000,0
workspaceModel.cachedValueWithParameters.from.cache.count,1769610388897000000,1769610448895000000,0
workspaceModel.full.replace.project.model.ms,1769610388897000000,1769610448895000000,0
workspaceModel.to.snapshot.ms,1769610388897000000,1769610448895000000,0
workspaceModel.on.changed.ms,1769610388897000000,1769610448895000000,0
workspaceModel.update.unloaded.entities.ms,1769610388897000000,1769610448895000000,0
workspaceModel.updates.precise.ms,1769610388897000000,1769610448895000000,0
cacheStateStorage.set.counter,1769610388897000000,1769610448895000000,0
cacheStateStorage.get.duration,1769610388897000000,1769610448895000000,0
cacheStateStorage.set.duration,1769610388897000000,1769610448895000000,0
cacheStateStorage.get.counter,1769610388897000000,1769610448895000000,0
parser.DTD.size.bytes,1769610388897000000,1769610448895000000,2226
lexer.XML.time.ns,1769610388897000000,1769610448895000000,91132
lexer.DTD.time.ns,1769610388897000000,1769610448895000000,620304
parser.XML.size.bytes,1769610388897000000,1769610448895000000,91
parser.RELAX-NG.time.ns,1769610388897000000,1769610448895000000,6174504
writeAction.max.wait.ms,1769610388897000000,1769610448895000000,23
lexer.RELAX-NG.size.bytes,1769610388897000000,1769610448895000000,89096
parser.RELAX-NG.size.bytes,1769610388897000000,1769610448895000000,89096
parser.XML.time.ns,1769610388897000000,1769610448895000000,72278
writeAction.count,1769610388897000000,1769610448895000000,17
writeAction.median.wait.ms,1769610388897000000,1769610448895000000,0
DiskQueryRelay.tasksRequested,1769610388897000000,1769610448895000000,134
lexer.XML.size.bytes,1769610388897000000,1769610448895000000,91
parser.HTML.size.bytes,1769610388897000000,1769610448895000000,9155
DiskQueryRelay.tasksExecuted,1769610388897000000,1769610448895000000,134
DiskQueryRelay.taskWaitingTotalTimeUs,1769610388897000000,1769610448895000000,30886
parser.DTD.time.ns,1769610388897000000,1769610448895000000,2854411
lexer.JSON.time.ns,1769610388897000000,1769610448895000000,16451
lexer.RELAX-NG.time.ns,1769610388897000000,1769610448895000000,8316978
parser.JSON.time.ns,1769610388897000000,1769610448895000000,310428
lexer.HTML.time.ns,1769610388897000000,1769610448895000000,770799
writeAction.wait.ms,1769610388897000000,1769610448895000000,0
lexer.JSON.size.bytes,1769610388897000000,1769610448895000000,0
DiskQueryRelay.taskExecutionTotalTimeUs,1769610388897000000,1769610448895000000,29738
parser.JSON.size.bytes,1769610388897000000,1769610448895000000,0
lexer.DTD.size.bytes,1769610388897000000,1769610448895000000,2226
parser.HTML.time.ns,1769610388897000000,1769610448895000000,737905
lexer.HTML.size.bytes,1769610388897000000,1769610448895000000,9155
FilePageCache.uncachedFileAccess,1769610388897000000,1769610448895000000,3
FilePageCacheLockFree.totalPagesWriteMs,1769610388897000000,1769610448895000000,0
FilePageCacheLockFree.totalPagesAllocated,1769610388897000000,1769610448895000000,0
FilePageCacheLockFree.totalHeapBytesReclaimed,1769610388897000000,1769610448895000000,0
DirectByteBufferAllocator.totalSizeOfBuffersAllocatedInBytes,1769610388897000000,1769610448895000000,179372032
StorageLockContext.competingThreads.avg,1769610388897000000,1769610448895000000,0.0
DirectByteBufferAllocator.totalSizeOfBuffersCachedInBytes,1769610388897000000,1769610448895000000,0
FilePageCache.pageFastCacheHits,1769610388897000000,1769610448895000000,24
DirectByteBufferAllocator.reclaimed,1769610388897000000,1769610448895000000,0
FileChannelInterruptsRetryer.totalRetriedAttempts,1769610388897000000,1769610448895000000,0
MappedFileStorage.totalBytesMapped,1769610388897000000,1769610448895000000,273940480
StreamlinedBlobStorage.totalLiveRecordsPayloadBytes,1769610388897000000,1769610448895000000,175
FilePageCacheLockFree.totalPageAllocationsWaited,1769610388897000000,1769610448895000000,0
FilePageCacheLockFree.totalNativeBytesReclaimed,1769610388897000000,1769610448895000000,0
MappedFileStorage.totalTimeSpentOnMappingUs,1769610388897000000,1769610448895000000,11057
StorageLockContext.competingThreads.90P,1769610388897000000,1769610448895000000,0
FilePageCacheLockFree.totalPagesWritten,1769610388897000000,1769610448895000000,0
DirectByteBufferAllocator.hits,1769610388897000000,1769610448895000000,0
FilePageCacheLockFree.totalClosedStoragesReclaimed,1769610388897000000,1769610448895000000,0
FilePageCacheLockFree.nativeBytesInUse,1769610388897000000,1769610448895000000,0
FilePageCacheLockFree.totalHeapBytesAllocated,1769610388897000000,1769610448895000000,0
FilePageCacheLockFree.totalPagesRequested,1769610388897000000,1769610448895000000,0
StorageLockContext.competingThreads.max,1769610388897000000,1769610448895000000,0
MappedFileStorage.storages,1769610388897000000,1769610448895000000,15
FilePageCacheLockFree.totalPagesHandedOver,1769610388897000000,1769610448895000000,0
FilePageCache.disposedBuffers,1769610388897000000,1769610448895000000,0
FilePageCacheLockFree.totalBytesRequested,1769610388897000000,1769610448895000000,0
FilePageCache.totalPageDisposalsUs,1769610388897000000,1769610448895000000,0
FilePageCacheLockFree.heapBytesInUse,1769610388897000000,1769610448895000000,0
FilePageCacheLockFree.totalPagesReadMs,1769610388897000000,1769610448895000000,0
FilePageCacheLockFree.housekeeperTurnsDone,1769610388897000000,1769610448895000000,0
DirectByteBufferAllocator.disposed,1769610388897000000,1769610448895000000,0
FilePageCache.pageLoads,1769610388897000000,1769610448895000000,0
FilePageCacheLockFree.totalNativeBytesAllocated,1769610388897000000,1769610448895000000,0
FilePageCacheLockFree.totalPagesReclaimed,1769610388897000000,1769610448895000000,0
FilePageCache.capacityInBytes,1769610388897000000,1769610448895000000,503316478
StreamlinedBlobStorage.recordsAllocated,1769610388897000000,1769610448895000000,21
FilePageCacheLockFree.totalBytesRead,1769610388897000000,1769610448895000000,0
StreamlinedBlobStorage.recordsDeleted,1769610388897000000,1769610448895000000,0
FilePageCache.pageHits,1769610388897000000,1769610448895000000,0
FilePageCache.maxRegisteredFiles,1769610388897000000,1769610448895000000,252
StreamlinedBlobStorage.totalLiveRecordsCapacityBytes,1769610388897000000,1769610448895000000,1470
FilePageCacheLockFree.totalPagesRequestsMs,1769610388897000000,1769610448895000000,0
FilePageCacheLockFree.housekeeperTurnsSkipped,1769610388897000000,1769610448895000000,0
MappedFileStorage.totalPagesMapped,1769610388897000000,1769610448895000000,21
FilePageCache.pageLoadsAboveSizeThreshold,1769610388897000000,1769610448895000000,0
FilePageCacheLockFree.totalBytesWritten,1769610388897000000,1769610448895000000,0
FilePageCache.maxCacheSizeInBytes,1769610388897000000,1769610448895000000,179372032
FilePageCache.totalPageLoadsUs,1769610388897000000,1769610448895000000,0
DirectByteBufferAllocator.misses,1769610388897000000,1769610448895000000,0
StreamlinedBlobStorage.recordsRelocated,1769610388897000000,1769610448895000000,0
FilePageCacheLockFree.housekeeperTimeSpentMs,1769610388897000000,1769610448895000000,0
Indexing.cache.totalCacheEvicted,1769610448895000000,1769610508895000000,93
Indexing.writesQueuedMax,1769610448895000000,1769610508895000000,0
Indexes.stubs.lookups,1769610448895000000,1769610508895000000,0
Indexing.writer_2.totalTimeSpentWritingMs,1769610448895000000,1769610508895000000,0
Indexing.writer_3.totalTimeSpentWritingMs,1769610448895000000,1769610508895000000,0
Indexes.allKeys.lookupDurationMaxMs,1769610448895000000,1769610508895000000,0.0
Indexes.entries.lookupDurationMaxMs,1769610448895000000,1769610508895000000,0.0
Indexing.writer_1.totalTimeSpentWritingMs,1769610448895000000,1769610508895000000,0
Indexing.writer_0.totalTimeSpentWritingMs,1769610448895000000,1769610508895000000,0
Indexes.allKeys.lookups,1769610448895000000,1769610508895000000,2
Indexes.entries.lookups,1769610448895000000,1769610508895000000,0
Indexing.cache.totalCacheAccesses,1769610448895000000,1769610508895000000,96
Indexes.entries.lookupDuration90PMs,1769610448895000000,1769610508895000000,0.0
IndexesFlusher.totalFlushingTimeUs,1769610448895000000,1769610508895000000,35903
Indexing.totalTimeIndexersSleptMs,1769610448895000000,1769610508895000000,0
IndexesFlusher.totalContentionQuotaSpent,1769610448895000000,1769610508895000000,0
Indexes.allKeys.lookupDuration90PMs,1769610448895000000,1769610508895000000,0.0
Indexes.entries.lookupDurationAvgMs,1769610448895000000,1769610508895000000,0.0
IndexesFlusher.totalFlushes,1769610448895000000,1769610508895000000,119
Indexes.stubs.lookupDurationMaxMs,1769610448895000000,1769610508895000000,0.0
Indexes.stubs.lookupDuration90PMs,1769610448895000000,1769610508895000000,0.0
Indexing.cache.totalCacheMisses,1769610448895000000,1769610508895000000,93
Indexes.stubs.lookupDurationAvgMs,1769610448895000000,1769610508895000000,0.0
IndexesFlusher.totalFlushesRetried,1769610448895000000,1769610508895000000,0
Indexes.allKeys.lookupDurationAvgMs,1769610448895000000,1769610508895000000,0.0
Indexing.writesQueuedMin,1769610448895000000,1769610508895000000,9223372036854775807
JVM.maxThreadCount,1769610448895000000,1769610508895000000,148
JVM.GC.collectionTimesMs,1769610448895000000,1769610508895000000,19
JVM.GC.collections,1769610448895000000,1769610508895000000,2
OS.loadAverage,1769610448895000000,1769610508895000000,1.20703125
JVM.totalSafepointCount,1769610448895000000,1769610508895000000,27
JVM.threadCount,1769610448895000000,1769610508895000000,73
JVM.totalTimeAtSafepointsMs,1769610448895000000,1769610508895000000,21
JVM.newThreadsCount,1769610448895000000,1769610508895000000,2
JVM.totalBytesAllocated,1769610448895000000,1769610508895000000,828324816
JVM.totalCpuTimeMs,1769610448895000000,1769610508895000000,7820
JVM.usedNativeBytes,1769610448895000000,1769610508895000000,453052768
JVM.maxHeapBytes,1769610448895000000,1769610508895000000,4196401152
JVM.totalDirectByteBuffersBytes,1769610448895000000,1769610508895000000,180916144
JVM.totalTimeToSafepointsMs,1769610448895000000,1769610508895000000,0
JVM.usedHeapBytes,1769610448895000000,1769610508895000000,683090448
AWTEventQueue.dispatchTimeTotalNS,1769610448895000000,1769610508895000000,1651399595
FlushQueue.executionTimeAvgNs,1769610448895000000,1769610508895000000,0.0
NonBlockingReadAction.failedExecutionTimeUs,1769610448895000000,1769610508895000000,0
FlushQueue.queueSizeMax,1769610448895000000,1769610508895000000,0
ReadAction.executionsCount,1769610448895000000,1769610508895000000,580487
FlushQueue.waitingTimeAvgNs,1769610448895000000,1769610508895000000,0.0
AWTEventQueue.dispatchTimeMaxNs,1769610448895000000,1769610508895000000,0
FlushQueue.tasksExecuted,1769610448895000000,1769610508895000000,0
WriteAction.executionsCount,1769610448895000000,1769610508895000000,10
AWTEventQueue.dispatchTimeAvgNs,1769610448895000000,1769610508895000000,0.0
NonBlockingReadAction.finalizedExecutionsCount,1769610448895000000,1769610508895000000,565
AWTEventQueue.eventsDispatched,1769610448895000000,1769610508895000000,0
FlushQueue.queueSizeAvg,1769610448895000000,1769610508895000000,0.0
FlushQueue.executionTimeMaxNs,1769610448895000000,1769610508895000000,0
NonBlockingReadAction.finalizedExecutionTimeUs,1769610448895000000,1769610508895000000,31797
NonBlockingReadAction.failedExecutionsCount,1769610448895000000,1769610508895000000,0
FlushQueue.queueSize90P,1769610448895000000,1769610508895000000,0
FlushQueue.waitingTime90PNs,1769610448895000000,1769610508895000000,0
AWTEventQueue.dispatchTime90PNs,1769610448895000000,1769610508895000000,0
FlushQueue.waitingTimeMaxNs,1769610448895000000,1769610508895000000,0
FlushQueue.executionTime90PNs,1769610448895000000,1769610508895000000,0
VFS.contentStorage.recordsUncompressedSize,1769610448895000000,1769610508895000000,2844
VFS.fileByIdCache.misses,1769610448895000000,1769610508895000000,0
VFS.contentStorage.recordsReadDecompressed,1769610448895000000,1769610508895000000,2
VFS.contentStorage.recordsStoredSize,1769610448895000000,1769610508895000000,2844
VFS.contentStorage.recordsReadSize,1769610448895000000,1769610508895000000,58397
FileNameCache.queries,1769610448895000000,1769610508895000000,8320
VFS.contentStorage.recordsDecompressionTimeUs,1769610448895000000,1769610508895000000,96
VFS.contentStorage.recordsDeduplicated,1769610448895000000,1769610508895000000,0
VFS.contentStorage.recordsRead,1769610448895000000,1769610508895000000,11
VFS.contentStorage.recordsStored,1769610448895000000,1769610508895000000,1
VFS.invertedFileNameIndex.requests,1769610448895000000,1769610508895000000,0
VFS.contentStorage.recordsStoredCompressed,1769610448895000000,1769610508895000000,0
VFS.fileChildByName,1769610448895000000,1769610508895000000,4737
VFS.fileByIdCache.hits,1769610448895000000,1769610508895000000,0
FileNameCache.totalMisses,1769610448895000000,1769610508895000000,0
workspaceModel.global.apply.state.to.project.builder.ms,1769610448895000000,1769610508895000000,0
workspaceModel.mutableEntityStorage.changeLog.addReplaceEventForRemovedParent.ms,1769610448895000000,1769610508895000000,0
jps.apply.loaded.storage.ms,1769610448895000000,1769610508895000000,0
jps.global.handle.changed.events.ms,1769610448895000000,1769610508895000000,0
jps.global.initialize.library.bridges.ms,1769610448895000000,1769610508895000000,0
jps.facet.change.listener.init.bridge.ms,1769610448895000000,1769610508895000000,0
workspaceModel.moduleManagerBridge.new.nonPersistent.module.ms,1769610448895000000,1769610508895000000,0
workspaceModel.mutableEntityStorage.changeLog.addReplaceEventForRemovedChild.ms,1769610448895000000,1769610508895000000,0
jps.module.iml.entities.serializer.load.entities.ms,1769610448895000000,1769610508895000000,0
workspaceModel.mutableEntityStorage.referrers.ms,1769610448895000000,1769610508895000000,0
jps.library.entities.serializer.load.entities.ms,1769610448895000000,1769610508895000000,0
workspaceModel.global.updates.ms,1769610448895000000,1769610508895000000,0
jps.project.serializers.save.ms,1769610448895000000,1769610508895000000,0
jps.artifact.entities.serializer.save.entities.ms,1769610448895000000,1769610508895000000,0
workspaceModel.moduleBridge.facet.initialization.ms,1769610448895000000,1769610508895000000,0
jps.save.changed.project.entities.ms,1769610448895000000,1769610508895000000,0
workspaceModel.load.cache.metadata.from.file.ms,1769610448895000000,1769610508895000000,0
workspaceModel.mutableEntityStorage.changeLog.addReplaceEventForNewParent.ms,1769610448895000000,1769610508895000000,0
workspaceModel.mutableEntityStorage.mutable.ext.mapping.ms,1769610448895000000,1769610508895000000,0
workspaceModel.global.updates.count,1769610448895000000,1769610508895000000,0
jps.module.dependency.index.workspace.model.listener.on.changed.ms,1769610448895000000,1769610508895000000,0
workspaceModel.sync.entities.ms,1769610448895000000,1769610508895000000,0
jps.facet.change.listener.process.change.events.ms,1769610448895000000,1769610508895000000,0
jps.global.get.libraries.ms,1769610448895000000,1769610508895000000,0
jps.app.storage.content.writer.save.component.ms,1769610448895000000,1769610508895000000,0
workspaceModel.global.apply.state.to.project.ms,1769610448895000000,1769610508895000000,0
workspaceModel.mutableEntityStorage.has.same.entities.ms,1769610448895000000,1769610508895000000,0
workspaceModel.moduleBridge.update.option.ms,1769610448895000000,1769610508895000000,0
jps.library.entities.serializer.save.entities.ms,1769610448895000000,1769610508895000000,0
jps.global.handle.before.change.events.ms,1769610448895000000,1769610508895000000,0
workspaceModel.mutableEntityStorage.collect.changes.ms,1769610448895000000,1769610508895000000,0
workspaceModel.mutableEntityStorage.replace.by.source.ms,1769610448895000000,1769610508895000000,0
workspaceModel.mutableEntityStorage.entities.by.source.ms,1769610448895000000,1769610508895000000,0
workspaceModel.mutableEntityStorage.changeLog.addReplaceEventForNewChild.ms,1769610448895000000,1769610508895000000,0
workspaceModel.orphan.listener.update.ms,1769610448895000000,1769610508895000000,0
workspaceModel.mutableEntityStorage.apply.changes.from.ms,1769610448895000000,1769610508895000000,0
workspaceModel.mutableEntityStorage.resolve.ms,1769610448895000000,1769610508895000000,0
jps.global.get.library.by.name.ms,1769610448895000000,1769610508895000000,0
jps.save.global.entities.ms,1769610448895000000,1769610508895000000,1
workspaceModel.moduleBridge.before.changed.ms,1769610448895000000,1769610508895000000,0
jps.global.get.library.ms,1769610448895000000,1769610508895000000,0
workspaceModel.moduleManagerBridge.create.module.instance.ms,1769610448895000000,1769610508895000000,0
jps.storage.jps.conf.reader.load.component.ms,1769610448895000000,1769610508895000000,0
workspaceModel.mutableEntityStorage.to.snapshot.ms,1769610448895000000,1769610508895000000,0
workspaceModel.do.save.caches.ms,1769610448895000000,1769610508895000000,0
workspaceModel.moduleManagerBridge.build.module.graph.ms,1769610448895000000,1769610508895000000,0
jps.reload.project.entities.ms,1769610448895000000,1769610508895000000,0
workspaceModel.delayed.project.synchronizer.sync.ms,1769610448895000000,1769610508895000000,0
workspaceModel.mutableEntityStorage.entities.ms,1769610448895000000,1769610508895000000,0
workspaceModel.moduleBridgeLoader.loading.modules.ms,1769610448895000000,1769610508895000000,0
workspaceModel.mutableEntityStorage.remove.entity.ms,1769610448895000000,1769610508895000000,0
jps.global.initialize.library.bridges.after.loading.ms,1769610448895000000,1769610508895000000,0
workspaceModel.save.cache.to.file.ms,1769610448895000000,1769610508895000000,0
jps.load.project.to.empty.storage.ms,1769610448895000000,1769610508895000000,0
jps.project.serializers.load.ms,1769610448895000000,1769610508895000000,0
workspaceModel.moduleManagerBridge.set.unloadedModules.ms,1769610448895000000,1769610508895000000,0
workspaceModel.mutableEntityStorage.modify.entity.ms,1769610448895000000,1769610508895000000,0
jps.artifact.entities.serializer.load.entities.ms,1769610448895000000,1769610508895000000,0
workspaceModel.mutableEntityStorage.add.entity.ms,1769610448895000000,1769610508895000000,0
workspaceModel.moduleManagerBridge.newModule.ms,1769610448895000000,1769610508895000000,0
workspaceModel.moduleManagerBridge.load.module.ms,1769610448895000000,1769610508895000000,0
workspaceModel.moduleManagerBridge.load.all.modules.ms,1769610448895000000,1769610508895000000,0
jps.module.iml.entities.serializer.save.entities.ms,1769610448895000000,1769610508895000000,0
workspaceModel.mutableEntityStorage.put.entity.ms,1769610448895000000,1769610508895000000,0
workspaceModel.mutableEntityStorage.instances.count,1769610448895000000,1769610508895000000,0
jps.load.initial.state.ms,1769610448895000000,1769610508895000000,0
workspaceModel.mutableEntityStorage.mutable.vfurl.index.ms,1769610448895000000,1769610508895000000,0
workspaceModel.load.cache.from.file.ms,1769610448895000000,1769610508895000000,0
jps.app.storage.content.reader.load.component.ms,1769610448895000000,1769610508895000000,0
workspaceModel.moduleManagerBridge.get.modules.ms,1769610448895000000,1769610508895000000,0
jps.facet.change.listener.before.change.events.ms,1769610448895000000,1769610508895000000,0
workspaceModel.workspaceFileIndexData.getFileInfo.ms,1769610448895000000,1769610508895000000,2
workspaceModel.init.bridges.ms,1769610448895000000,1769610508895000000,0
workspaceModel.cachedValueWithParameters.calculated.count,1769610448895000000,1769610508895000000,0
workspaceModel.cachedValue.total.get.count,1769610448895000000,1769610508895000000,263
workspaceModel.workspaceFileIndexData.onEntitiesChanged.ms,1769610448895000000,1769610508895000000,0
workspaceModel.workspaceFileIndexData.visitFileSets.ms,1769610448895000000,1769610508895000000,0
workspaceModel.updates.ms,1769610448895000000,1769610508895000000,0
workspaceModel.cachedValue.calculated.count,1769610448895000000,1769610508895000000,0
workspaceModel.workspaceFileIndexData.instances.count,1769610448895000000,1769610508895000000,0
workspaceModel.workspaceFileIndexData.init.ms,1769610448895000000,1769610508895000000,0
workspaceModel.cachedValueWithParameters.total.get.count,1769610448895000000,1769610508895000000,0
workspaceModel.collect.changes.ms,1769610448895000000,1769610508895000000,0
workspaceModel.entityStorageSnapshotImpl.instances.count,1769610448895000000,1769610508895000000,0
workspaceModel.initializing.ms,1769610448895000000,1769610508895000000,0
workspaceModel.replace.project.model.ms,1769610448895000000,1769610508895000000,0
workspaceModel.workspaceFileIndexData.getPackageName.ms,1769610448895000000,1769610508895000000,0
workspaceModel.cachedValueWithParameters.clear.count,1769610448895000000,1769610508895000000,0
workspaceModel.pre.handlers.ms,1769610448895000000,1769610508895000000,0
workspaceModel.cachedValue.from.cache.count,1769610448895000000,1769610508895000000,263
workspaceModel.updates.count,1769610448895000000,1769610508895000000,0
workspaceModel.loading.from.cache.ms,1769610448895000000,1769610508895000000,0
workspaceModel.check.recursive.update.ms,1769610448895000000,1769610508895000000,0
workspaceModel.workspaceFileIndexData.getDirectoriesByPackageName.ms,1769610448895000000,1769610508895000000,0
workspaceModel.cachedValue.clear.count,1769610448895000000,1769610508895000000,0
workspaceModel.workspaceFileIndexContributor.registerFileSets.ms,1769610448895000000,1769610508895000000,0
workspaceModel.workspaceFileIndexData.updateDirtyEntities.ms,1769610448895000000,1769610508895000000,0
workspaceModel.on.before.changed.ms,1769610448895000000,1769610508895000000,0
workspaceModel.workspaceFileIndexData.processFileSets.ms,1769610448895000000,1769610508895000000,0
workspaceModel.workspaceFileIndexData.markDirty.ms,1769610448895000000,1769610508895000000,0
workspaceModel.loading.total.ms,1769610448895000000,1769610508895000000,0
workspaceModel.cachedValueWithParameters.from.cache.count,1769610448895000000,1769610508895000000,0
workspaceModel.full.replace.project.model.ms,1769610448895000000,1769610508895000000,0
workspaceModel.to.snapshot.ms,1769610448895000000,1769610508895000000,0
workspaceModel.on.changed.ms,1769610448895000000,1769610508895000000,0
workspaceModel.update.unloaded.entities.ms,1769610448895000000,1769610508895000000,0
workspaceModel.updates.precise.ms,1769610448895000000,1769610508895000000,0
cacheStateStorage.set.counter,1769610448895000000,1769610508895000000,0
cacheStateStorage.get.duration,1769610448895000000,1769610508895000000,0
cacheStateStorage.set.duration,1769610448895000000,1769610508895000000,0
cacheStateStorage.get.counter,1769610448895000000,1769610508895000000,0
parser.RELAX-NG.time.ns,1769610448895000000,1769610508895000000,2285847
writeAction.max.wait.ms,1769610448895000000,1769610508895000000,23
lexer.RELAX-NG.size.bytes,1769610448895000000,1769610508895000000,35146
parser.RELAX-NG.size.bytes,1769610448895000000,1769610508895000000,35146
writeAction.count,1769610448895000000,1769610508895000000,10
writeAction.median.wait.ms,1769610448895000000,1769610508895000000,0
DiskQueryRelay.tasksRequested,1769610448895000000,1769610508895000000,24
parser.HTML.size.bytes,1769610448895000000,1769610508895000000,19921
DiskQueryRelay.tasksExecuted,1769610448895000000,1769610508895000000,24
DiskQueryRelay.taskWaitingTotalTimeUs,1769610448895000000,1769610508895000000,465
lexer.RELAX-NG.time.ns,1769610448895000000,1769610508895000000,6055211
lexer.HTML.time.ns,1769610448895000000,1769610508895000000,1257259
writeAction.wait.ms,1769610448895000000,1769610508895000000,0
DiskQueryRelay.taskExecutionTotalTimeUs,1769610448895000000,1769610508895000000,459
parser.HTML.time.ns,1769610448895000000,1769610508895000000,1193577
lexer.HTML.size.bytes,1769610448895000000,1769610508895000000,19921
FilePageCache.uncachedFileAccess,1769610448895000000,1769610508895000000,3
FilePageCacheLockFree.totalPagesWriteMs,1769610448895000000,1769610508895000000,0
FilePageCacheLockFree.totalPagesAllocated,1769610448895000000,1769610508895000000,0
FilePageCacheLockFree.totalHeapBytesReclaimed,1769610448895000000,1769610508895000000,0
DirectByteBufferAllocator.totalSizeOfBuffersAllocatedInBytes,1769610448895000000,1769610508895000000,179372032
StorageLockContext.competingThreads.avg,1769610448895000000,1769610508895000000,0.0
DirectByteBufferAllocator.totalSizeOfBuffersCachedInBytes,1769610448895000000,1769610508895000000,0
FilePageCache.pageFastCacheHits,1769610448895000000,1769610508895000000,399
DirectByteBufferAllocator.reclaimed,1769610448895000000,1769610508895000000,0
FileChannelInterruptsRetryer.totalRetriedAttempts,1769610448895000000,1769610508895000000,0
MappedFileStorage.totalBytesMapped,1769610448895000000,1769610508895000000,273940480
StreamlinedBlobStorage.totalLiveRecordsPayloadBytes,1769610448895000000,1769610508895000000,0
FilePageCacheLockFree.totalPageAllocationsWaited,1769610448895000000,1769610508895000000,0
FilePageCacheLockFree.totalNativeBytesReclaimed,1769610448895000000,1769610508895000000,0
MappedFileStorage.totalTimeSpentOnMappingUs,1769610448895000000,1769610508895000000,11057
StorageLockContext.competingThreads.90P,1769610448895000000,1769610508895000000,0
FilePageCacheLockFree.totalPagesWritten,1769610448895000000,1769610508895000000,0
DirectByteBufferAllocator.hits,1769610448895000000,1769610508895000000,0
FilePageCacheLockFree.totalClosedStoragesReclaimed,1769610448895000000,1769610508895000000,0
FilePageCacheLockFree.nativeBytesInUse,1769610448895000000,1769610508895000000,0
FilePageCacheLockFree.totalHeapBytesAllocated,1769610448895000000,1769610508895000000,0
FilePageCacheLockFree.totalPagesRequested,1769610448895000000,1769610508895000000,0
StorageLockContext.competingThreads.max,1769610448895000000,1769610508895000000,0
MappedFileStorage.storages,1769610448895000000,1769610508895000000,15
FilePageCacheLockFree.totalPagesHandedOver,1769610448895000000,1769610508895000000,0
FilePageCache.disposedBuffers,1769610448895000000,1769610508895000000,0
FilePageCacheLockFree.totalBytesRequested,1769610448895000000,1769610508895000000,0
FilePageCache.totalPageDisposalsUs,1769610448895000000,1769610508895000000,0
FilePageCacheLockFree.heapBytesInUse,1769610448895000000,1769610508895000000,0
FilePageCacheLockFree.totalPagesReadMs,1769610448895000000,1769610508895000000,0
FilePageCacheLockFree.housekeeperTurnsDone,1769610448895000000,1769610508895000000,0
DirectByteBufferAllocator.disposed,1769610448895000000,1769610508895000000,0
FilePageCache.pageLoads,1769610448895000000,1769610508895000000,0
FilePageCacheLockFree.totalNativeBytesAllocated,1769610448895000000,1769610508895000000,0
FilePageCacheLockFree.totalPagesReclaimed,1769610448895000000,1769610508895000000,0
FilePageCache.capacityInBytes,1769610448895000000,1769610508895000000,503316478
StreamlinedBlobStorage.recordsAllocated,1769610448895000000,1769610508895000000,0
FilePageCacheLockFree.totalBytesRead,1769610448895000000,1769610508895000000,0
StreamlinedBlobStorage.recordsDeleted,1769610448895000000,1769610508895000000,0
FilePageCache.pageHits,1769610448895000000,1769610508895000000,10
FilePageCache.maxRegisteredFiles,1769610448895000000,1769610508895000000,252
StreamlinedBlobStorage.totalLiveRecordsCapacityBytes,1769610448895000000,1769610508895000000,0
FilePageCacheLockFree.totalPagesRequestsMs,1769610448895000000,1769610508895000000,0
FilePageCacheLockFree.housekeeperTurnsSkipped,1769610448895000000,1769610508895000000,0
MappedFileStorage.totalPagesMapped,1769610448895000000,1769610508895000000,21
FilePageCache.pageLoadsAboveSizeThreshold,1769610448895000000,1769610508895000000,0
FilePageCacheLockFree.totalBytesWritten,1769610448895000000,1769610508895000000,0
FilePageCache.maxCacheSizeInBytes,1769610448895000000,1769610508895000000,179372032
FilePageCache.totalPageLoadsUs,1769610448895000000,1769610508895000000,0
DirectByteBufferAllocator.misses,1769610448895000000,1769610508895000000,0
StreamlinedBlobStorage.recordsRelocated,1769610448895000000,1769610508895000000,0
FilePageCacheLockFree.housekeeperTimeSpentMs,1769610448895000000,1769610508895000000,0
Indexing.cache.totalCacheEvicted,1769610508895000000,1769610568894000000,164
Indexing.writesQueuedMax,1769610508895000000,1769610568894000000,0
Indexes.stubs.lookups,1769610508895000000,1769610568894000000,0
Indexing.writer_2.totalTimeSpentWritingMs,1769610508895000000,1769610568894000000,0
Indexing.writer_3.totalTimeSpentWritingMs,1769610508895000000,1769610568894000000,0
Indexes.allKeys.lookupDurationMaxMs,1769610508895000000,1769610568894000000,0.0
Indexes.entries.lookupDurationMaxMs,1769610508895000000,1769610568894000000,0.0
Indexing.writer_1.totalTimeSpentWritingMs,1769610508895000000,1769610568894000000,0
Indexing.writer_0.totalTimeSpentWritingMs,1769610508895000000,1769610568894000000,0
Indexes.allKeys.lookups,1769610508895000000,1769610568894000000,3
Indexes.entries.lookups,1769610508895000000,1769610568894000000,0
Indexing.cache.totalCacheAccesses,1769610508895000000,1769610568894000000,165
Indexes.entries.lookupDuration90PMs,1769610508895000000,1769610568894000000,0.0
IndexesFlusher.totalFlushingTimeUs,1769610508895000000,1769610568894000000,35319
Indexing.totalTimeIndexersSleptMs,1769610508895000000,1769610568894000000,0
IndexesFlusher.totalContentionQuotaSpent,1769610508895000000,1769610568894000000,0
Indexes.allKeys.lookupDuration90PMs,1769610508895000000,1769610568894000000,0.0
Indexes.entries.lookupDurationAvgMs,1769610508895000000,1769610568894000000,0.0
IndexesFlusher.totalFlushes,1769610508895000000,1769610568894000000,120
Indexes.stubs.lookupDurationMaxMs,1769610508895000000,1769610568894000000,0.0
Indexes.stubs.lookupDuration90PMs,1769610508895000000,1769610568894000000,0.0
Indexing.cache.totalCacheMisses,1769610508895000000,1769610568894000000,164
Indexes.stubs.lookupDurationAvgMs,1769610508895000000,1769610568894000000,0.0
IndexesFlusher.totalFlushesRetried,1769610508895000000,1769610568894000000,0
Indexes.allKeys.lookupDurationAvgMs,1769610508895000000,1769610568894000000,0.0
Indexing.writesQueuedMin,1769610508895000000,1769610568894000000,9223372036854775807
JVM.maxThreadCount,1769610508895000000,1769610568894000000,148
JVM.GC.collectionTimesMs,1769610508895000000,1769610568894000000,20
JVM.GC.collections,1769610508895000000,1769610568894000000,3
OS.loadAverage,1769610508895000000,1769610568894000000,1.5009765625
JVM.totalSafepointCount,1769610508895000000,1769610568894000000,31
JVM.threadCount,1769610508895000000,1769610568894000000,73
JVM.totalTimeAtSafepointsMs,1769610508895000000,1769610568894000000,21
JVM.newThreadsCount,1769610508895000000,1769610568894000000,0
JVM.totalBytesAllocated,1769610508895000000,1769610568894000000,761067656
JVM.totalCpuTimeMs,1769610508895000000,1769610568894000000,6520
JVM.usedNativeBytes,1769610508895000000,1769610568894000000,452939072
JVM.maxHeapBytes,1769610508895000000,1769610568894000000,4196401152
JVM.totalDirectByteBuffersBytes,1769610508895000000,1769610568894000000,180943791
JVM.totalTimeToSafepointsMs,1769610508895000000,1769610568894000000,1
JVM.usedHeapBytes,1769610508895000000,1769610568894000000,910756320
AWTEventQueue.dispatchTimeTotalNS,1769610508895000000,1769610568894000000,2625873722
FlushQueue.executionTimeAvgNs,1769610508895000000,1769610568894000000,0.0
NonBlockingReadAction.failedExecutionTimeUs,1769610508895000000,1769610568894000000,338
FlushQueue.queueSizeMax,1769610508895000000,1769610568894000000,0
ReadAction.executionsCount,1769610508895000000,1769610568894000000,1036988
FlushQueue.waitingTimeAvgNs,1769610508895000000,1769610568894000000,0.0
AWTEventQueue.dispatchTimeMaxNs,1769610508895000000,1769610568894000000,729087
FlushQueue.tasksExecuted,1769610508895000000,1769610568894000000,0
WriteAction.executionsCount,1769610508895000000,1769610568894000000,9
AWTEventQueue.dispatchTimeAvgNs,1769610508895000000,1769610568894000000,360810.6666666667
NonBlockingReadAction.finalizedExecutionsCount,1769610508895000000,1769610568894000000,1207
AWTEventQueue.eventsDispatched,1769610508895000000,1769610568894000000,3
FlushQueue.queueSizeAvg,1769610508895000000,1769610568894000000,0.0
FlushQueue.executionTimeMaxNs,1769610508895000000,1769610568894000000,0
NonBlockingReadAction.finalizedExecutionTimeUs,1769610508895000000,1769610568894000000,40714
NonBlockingReadAction.failedExecutionsCount,1769610508895000000,1769610568894000000,1
FlushQueue.queueSize90P,1769610508895000000,1769610568894000000,0
FlushQueue.waitingTime90PNs,1769610508895000000,1769610568894000000,0
AWTEventQueue.dispatchTime90PNs,1769610508895000000,1769610568894000000,729087
FlushQueue.waitingTimeMaxNs,1769610508895000000,1769610568894000000,0
FlushQueue.executionTime90PNs,1769610508895000000,1769610568894000000,0
VFS.contentStorage.recordsUncompressedSize,1769610508895000000,1769610568894000000,2462
VFS.fileByIdCache.misses,1769610508895000000,1769610568894000000,0
VFS.contentStorage.recordsReadDecompressed,1769610508895000000,1769610568894000000,1
VFS.contentStorage.recordsStoredSize,1769610508895000000,1769610568894000000,2462
VFS.contentStorage.recordsReadSize,1769610508895000000,1769610568894000000,32009
FileNameCache.queries,1769610508895000000,1769610568894000000,8512
VFS.contentStorage.recordsDecompressionTimeUs,1769610508895000000,1769610568894000000,48
VFS.contentStorage.recordsDeduplicated,1769610508895000000,1769610568894000000,0
VFS.contentStorage.recordsRead,1769610508895000000,1769610568894000000,7
VFS.contentStorage.recordsStored,1769610508895000000,1769610568894000000,1
VFS.invertedFileNameIndex.requests,1769610508895000000,1769610568894000000,0
VFS.contentStorage.recordsStoredCompressed,1769610508895000000,1769610568894000000,0
VFS.fileChildByName,1769610508895000000,1769610568894000000,9175
VFS.fileByIdCache.hits,1769610508895000000,1769610568894000000,0
FileNameCache.totalMisses,1769610508895000000,1769610568894000000,0
workspaceModel.global.apply.state.to.project.builder.ms,1769610508895000000,1769610568894000000,0
workspaceModel.mutableEntityStorage.changeLog.addReplaceEventForRemovedParent.ms,1769610508895000000,1769610568894000000,0
jps.apply.loaded.storage.ms,1769610508895000000,1769610568894000000,0
jps.global.handle.changed.events.ms,1769610508895000000,1769610568894000000,0
jps.global.initialize.library.bridges.ms,1769610508895000000,1769610568894000000,0
jps.facet.change.listener.init.bridge.ms,1769610508895000000,1769610568894000000,0
workspaceModel.moduleManagerBridge.new.nonPersistent.module.ms,1769610508895000000,1769610568894000000,0
workspaceModel.mutableEntityStorage.changeLog.addReplaceEventForRemovedChild.ms,1769610508895000000,1769610568894000000,0
jps.module.iml.entities.serializer.load.entities.ms,1769610508895000000,1769610568894000000,0
workspaceModel.mutableEntityStorage.referrers.ms,1769610508895000000,1769610568894000000,0
jps.library.entities.serializer.load.entities.ms,1769610508895000000,1769610568894000000,0
workspaceModel.global.updates.ms,1769610508895000000,1769610568894000000,0
jps.project.serializers.save.ms,1769610508895000000,1769610568894000000,0
jps.artifact.entities.serializer.save.entities.ms,1769610508895000000,1769610568894000000,0
workspaceModel.moduleBridge.facet.initialization.ms,1769610508895000000,1769610568894000000,0
jps.save.changed.project.entities.ms,1769610508895000000,1769610568894000000,0
workspaceModel.load.cache.metadata.from.file.ms,1769610508895000000,1769610568894000000,0
workspaceModel.mutableEntityStorage.changeLog.addReplaceEventForNewParent.ms,1769610508895000000,1769610568894000000,0
workspaceModel.mutableEntityStorage.mutable.ext.mapping.ms,1769610508895000000,1769610568894000000,0
workspaceModel.global.updates.count,1769610508895000000,1769610568894000000,0
jps.module.dependency.index.workspace.model.listener.on.changed.ms,1769610508895000000,1769610568894000000,0
workspaceModel.sync.entities.ms,1769610508895000000,1769610568894000000,0
jps.facet.change.listener.process.change.events.ms,1769610508895000000,1769610568894000000,0
jps.global.get.libraries.ms,1769610508895000000,1769610568894000000,0
jps.app.storage.content.writer.save.component.ms,1769610508895000000,1769610568894000000,0
workspaceModel.global.apply.state.to.project.ms,1769610508895000000,1769610568894000000,0
workspaceModel.mutableEntityStorage.has.same.entities.ms,1769610508895000000,1769610568894000000,0
workspaceModel.moduleBridge.update.option.ms,1769610508895000000,1769610568894000000,0
jps.library.entities.serializer.save.entities.ms,1769610508895000000,1769610568894000000,0
jps.global.handle.before.change.events.ms,1769610508895000000,1769610568894000000,0
workspaceModel.mutableEntityStorage.collect.changes.ms,1769610508895000000,1769610568894000000,0
workspaceModel.mutableEntityStorage.replace.by.source.ms,1769610508895000000,1769610568894000000,0
workspaceModel.mutableEntityStorage.entities.by.source.ms,1769610508895000000,1769610568894000000,0
workspaceModel.mutableEntityStorage.changeLog.addReplaceEventForNewChild.ms,1769610508895000000,1769610568894000000,0
workspaceModel.orphan.listener.update.ms,1769610508895000000,1769610568894000000,0
workspaceModel.mutableEntityStorage.apply.changes.from.ms,1769610508895000000,1769610568894000000,0
workspaceModel.mutableEntityStorage.resolve.ms,1769610508895000000,1769610568894000000,0
jps.global.get.library.by.name.ms,1769610508895000000,1769610568894000000,0
jps.save.global.entities.ms,1769610508895000000,1769610568894000000,3
workspaceModel.moduleBridge.before.changed.ms,1769610508895000000,1769610568894000000,0
jps.global.get.library.ms,1769610508895000000,1769610568894000000,0
workspaceModel.moduleManagerBridge.create.module.instance.ms,1769610508895000000,1769610568894000000,0
jps.storage.jps.conf.reader.load.component.ms,1769610508895000000,1769610568894000000,0
workspaceModel.mutableEntityStorage.to.snapshot.ms,1769610508895000000,1769610568894000000,0
workspaceModel.do.save.caches.ms,1769610508895000000,1769610568894000000,0
workspaceModel.moduleManagerBridge.build.module.graph.ms,1769610508895000000,1769610568894000000,0
jps.reload.project.entities.ms,1769610508895000000,1769610568894000000,0
workspaceModel.delayed.project.synchronizer.sync.ms,1769610508895000000,1769610568894000000,0
workspaceModel.mutableEntityStorage.entities.ms,1769610508895000000,1769610568894000000,0
workspaceModel.moduleBridgeLoader.loading.modules.ms,1769610508895000000,1769610568894000000,0
workspaceModel.mutableEntityStorage.remove.entity.ms,1769610508895000000,1769610568894000000,0
jps.global.initialize.library.bridges.after.loading.ms,1769610508895000000,1769610568894000000,0
workspaceModel.save.cache.to.file.ms,1769610508895000000,1769610568894000000,0
jps.load.project.to.empty.storage.ms,1769610508895000000,1769610568894000000,0
jps.project.serializers.load.ms,1769610508895000000,1769610568894000000,0
workspaceModel.moduleManagerBridge.set.unloadedModules.ms,1769610508895000000,1769610568894000000,0
workspaceModel.mutableEntityStorage.modify.entity.ms,1769610508895000000,1769610568894000000,0
jps.artifact.entities.serializer.load.entities.ms,1769610508895000000,1769610568894000000,0
workspaceModel.mutableEntityStorage.add.entity.ms,1769610508895000000,1769610568894000000,0
workspaceModel.moduleManagerBridge.newModule.ms,1769610508895000000,1769610568894000000,0
workspaceModel.moduleManagerBridge.load.module.ms,1769610508895000000,1769610568894000000,0
workspaceModel.moduleManagerBridge.load.all.modules.ms,1769610508895000000,1769610568894000000,0
jps.module.iml.entities.serializer.save.entities.ms,1769610508895000000,1769610568894000000,0
workspaceModel.mutableEntityStorage.put.entity.ms,1769610508895000000,1769610568894000000,0
workspaceModel.mutableEntityStorage.instances.count,1769610508895000000,1769610568894000000,0
jps.load.initial.state.ms,1769610508895000000,1769610568894000000,0
workspaceModel.mutableEntityStorage.mutable.vfurl.index.ms,1769610508895000000,1769610568894000000,0
workspaceModel.load.cache.from.file.ms,1769610508895000000,1769610568894000000,0
jps.app.storage.content.reader.load.component.ms,1769610508895000000,1769610568894000000,0
workspaceModel.moduleManagerBridge.get.modules.ms,1769610508895000000,1769610568894000000,0
jps.facet.change.listener.before.change.events.ms,1769610508895000000,1769610568894000000,0
workspaceModel.workspaceFileIndexData.getFileInfo.ms,1769610508895000000,1769610568894000000,1
workspaceModel.init.bridges.ms,1769610508895000000,1769610568894000000,0
workspaceModel.cachedValueWithParameters.calculated.count,1769610508895000000,1769610568894000000,0
workspaceModel.cachedValue.total.get.count,1769610508895000000,1769610568894000000,370
workspaceModel.workspaceFileIndexData.onEntitiesChanged.ms,1769610508895000000,1769610568894000000,0
workspaceModel.workspaceFileIndexData.visitFileSets.ms,1769610508895000000,1769610568894000000,0
workspaceModel.updates.ms,1769610508895000000,1769610568894000000,0
workspaceModel.cachedValue.calculated.count,1769610508895000000,1769610568894000000,0
workspaceModel.workspaceFileIndexData.instances.count,1769610508895000000,1769610568894000000,0
workspaceModel.workspaceFileIndexData.init.ms,1769610508895000000,1769610568894000000,0
workspaceModel.cachedValueWithParameters.total.get.count,1769610508895000000,1769610568894000000,0
workspaceModel.collect.changes.ms,1769610508895000000,1769610568894000000,0
workspaceModel.entityStorageSnapshotImpl.instances.count,1769610508895000000,1769610568894000000,0
workspaceModel.initializing.ms,1769610508895000000,1769610568894000000,0
workspaceModel.replace.project.model.ms,1769610508895000000,1769610568894000000,0
workspaceModel.workspaceFileIndexData.getPackageName.ms,1769610508895000000,1769610568894000000,0
workspaceModel.cachedValueWithParameters.clear.count,1769610508895000000,1769610568894000000,0
workspaceModel.pre.handlers.ms,1769610508895000000,1769610568894000000,0
workspaceModel.cachedValue.from.cache.count,1769610508895000000,1769610568894000000,370
workspaceModel.updates.count,1769610508895000000,1769610568894000000,0
workspaceModel.loading.from.cache.ms,1769610508895000000,1769610568894000000,0
workspaceModel.check.recursive.update.ms,1769610508895000000,1769610568894000000,0
workspaceModel.workspaceFileIndexData.getDirectoriesByPackageName.ms,1769610508895000000,1769610568894000000,0
workspaceModel.cachedValue.clear.count,1769610508895000000,1769610568894000000,0
workspaceModel.workspaceFileIndexContributor.registerFileSets.ms,1769610508895000000,1769610568894000000,0
workspaceModel.workspaceFileIndexData.updateDirtyEntities.ms,1769610508895000000,1769610568894000000,0
workspaceModel.on.before.changed.ms,1769610508895000000,1769610568894000000,0
workspaceModel.workspaceFileIndexData.processFileSets.ms,1769610508895000000,1769610568894000000,0
workspaceModel.workspaceFileIndexData.markDirty.ms,1769610508895000000,1769610568894000000,0
workspaceModel.loading.total.ms,1769610508895000000,1769610568894000000,0
workspaceModel.cachedValueWithParameters.from.cache.count,1769610508895000000,1769610568894000000,0
workspaceModel.full.replace.project.model.ms,1769610508895000000,1769610568894000000,0
workspaceModel.to.snapshot.ms,1769610508895000000,1769610568894000000,0
workspaceModel.on.changed.ms,1769610508895000000,1769610568894000000,0
workspaceModel.update.unloaded.entities.ms,1769610508895000000,1769610568894000000,0
workspaceModel.updates.precise.ms,1769610508895000000,1769610568894000000,0
cacheStateStorage.set.counter,1769610508895000000,1769610568894000000,5
cacheStateStorage.get.duration,1769610508895000000,1769610568894000000,0
cacheStateStorage.set.duration,1769610508895000000,1769610568894000000,1
cacheStateStorage.get.counter,1769610508895000000,1769610568894000000,0
parser.RELAX-NG.time.ns,1769610508895000000,1769610568894000000,1482676
writeAction.max.wait.ms,1769610508895000000,1769610568894000000,23
lexer.RELAX-NG.size.bytes,1769610508895000000,1769610568894000000,17573
parser.RELAX-NG.size.bytes,1769610508895000000,1769610568894000000,17573
writeAction.count,1769610508895000000,1769610568894000000,9
writeAction.median.wait.ms,1769610508895000000,1769610568894000000,0
DiskQueryRelay.tasksRequested,1769610508895000000,1769610568894000000,71
parser.HTML.size.bytes,1769610508895000000,1769610568894000000,8117
DiskQueryRelay.tasksExecuted,1769610508895000000,1769610568894000000,71
DiskQueryRelay.taskWaitingTotalTimeUs,1769610508895000000,1769610568894000000,1444
lexer.RELAX-NG.time.ns,1769610508895000000,1769610568894000000,1767416
lexer.HTML.time.ns,1769610508895000000,1769610568894000000,708841
writeAction.wait.ms,1769610508895000000,1769610568894000000,0
DiskQueryRelay.taskExecutionTotalTimeUs,1769610508895000000,1769610568894000000,1429
parser.HTML.time.ns,1769610508895000000,1769610568894000000,776249
lexer.HTML.size.bytes,1769610508895000000,1769610568894000000,8117
FilePageCache.uncachedFileAccess,1769610508895000000,1769610568894000000,6
FilePageCacheLockFree.totalPagesWriteMs,1769610508895000000,1769610568894000000,0
FilePageCacheLockFree.totalPagesAllocated,1769610508895000000,1769610568894000000,0
FilePageCacheLockFree.totalHeapBytesReclaimed,1769610508895000000,1769610568894000000,0
DirectByteBufferAllocator.totalSizeOfBuffersAllocatedInBytes,1769610508895000000,1769610568894000000,179372032
StorageLockContext.competingThreads.avg,1769610508895000000,1769610568894000000,0.0
DirectByteBufferAllocator.totalSizeOfBuffersCachedInBytes,1769610508895000000,1769610568894000000,0
FilePageCache.pageFastCacheHits,1769610508895000000,1769610568894000000,441
DirectByteBufferAllocator.reclaimed,1769610508895000000,1769610568894000000,0
FileChannelInterruptsRetryer.totalRetriedAttempts,1769610508895000000,1769610568894000000,0
MappedFileStorage.totalBytesMapped,1769610508895000000,1769610568894000000,273940480
StreamlinedBlobStorage.totalLiveRecordsPayloadBytes,1769610508895000000,1769610568894000000,0
FilePageCacheLockFree.totalPageAllocationsWaited,1769610508895000000,1769610568894000000,0
FilePageCacheLockFree.totalNativeBytesReclaimed,1769610508895000000,1769610568894000000,0
MappedFileStorage.totalTimeSpentOnMappingUs,1769610508895000000,1769610568894000000,11057
StorageLockContext.competingThreads.90P,1769610508895000000,1769610568894000000,0
FilePageCacheLockFree.totalPagesWritten,1769610508895000000,1769610568894000000,0
DirectByteBufferAllocator.hits,1769610508895000000,1769610568894000000,0
FilePageCacheLockFree.totalClosedStoragesReclaimed,1769610508895000000,1769610568894000000,0
FilePageCacheLockFree.nativeBytesInUse,1769610508895000000,1769610568894000000,0
FilePageCacheLockFree.totalHeapBytesAllocated,1769610508895000000,1769610568894000000,0
FilePageCacheLockFree.totalPagesRequested,1769610508895000000,1769610568894000000,0
StorageLockContext.competingThreads.max,1769610508895000000,1769610568894000000,0
MappedFileStorage.storages,1769610508895000000,1769610568894000000,15
FilePageCacheLockFree.totalPagesHandedOver,1769610508895000000,1769610568894000000,0
FilePageCache.disposedBuffers,1769610508895000000,1769610568894000000,0
FilePageCacheLockFree.totalBytesRequested,1769610508895000000,1769610568894000000,0
FilePageCache.totalPageDisposalsUs,1769610508895000000,1769610568894000000,0
FilePageCacheLockFree.heapBytesInUse,1769610508895000000,1769610568894000000,0
FilePageCacheLockFree.totalPagesReadMs,1769610508895000000,1769610568894000000,0
FilePageCacheLockFree.housekeeperTurnsDone,1769610508895000000,1769610568894000000,0
DirectByteBufferAllocator.disposed,1769610508895000000,1769610568894000000,0
FilePageCache.pageLoads,1769610508895000000,1769610568894000000,0
FilePageCacheLockFree.totalNativeBytesAllocated,1769610508895000000,1769610568894000000,0
FilePageCacheLockFree.totalPagesReclaimed,1769610508895000000,1769610568894000000,0
FilePageCache.capacityInBytes,1769610508895000000,1769610568894000000,503316478
StreamlinedBlobStorage.recordsAllocated,1769610508895000000,1769610568894000000,0
FilePageCacheLockFree.totalBytesRead,1769610508895000000,1769610568894000000,0
StreamlinedBlobStorage.recordsDeleted,1769610508895000000,1769610568894000000,0
FilePageCache.pageHits,1769610508895000000,1769610568894000000,25
FilePageCache.maxRegisteredFiles,1769610508895000000,1769610568894000000,252
StreamlinedBlobStorage.totalLiveRecordsCapacityBytes,1769610508895000000,1769610568894000000,0
FilePageCacheLockFree.totalPagesRequestsMs,1769610508895000000,1769610568894000000,0
FilePageCacheLockFree.housekeeperTurnsSkipped,1769610508895000000,1769610568894000000,0
MappedFileStorage.totalPagesMapped,1769610508895000000,1769610568894000000,21
FilePageCache.pageLoadsAboveSizeThreshold,1769610508895000000,1769610568894000000,0
FilePageCacheLockFree.totalBytesWritten,1769610508895000000,1769610568894000000,0
FilePageCache.maxCacheSizeInBytes,1769610508895000000,1769610568894000000,179372032
FilePageCache.totalPageLoadsUs,1769610508895000000,1769610568894000000,0
DirectByteBufferAllocator.misses,1769610508895000000,1769610568894000000,0
StreamlinedBlobStorage.recordsRelocated,1769610508895000000,1769610568894000000,0
FilePageCacheLockFree.housekeeperTimeSpentMs,1769610508895000000,1769610568894000000,0
Indexing.cache.totalCacheEvicted,1769610568894000000,1769610628894000000,4178
Indexing.writesQueuedMax,1769610568894000000,1769610628894000000,0
Indexes.stubs.lookups,1769610568894000000,1769610628894000000,0
Indexing.writer_2.totalTimeSpentWritingMs,1769610568894000000,1769610628894000000,33
Indexing.writer_3.totalTimeSpentWritingMs,1769610568894000000,1769610628894000000,0
Indexes.allKeys.lookupDurationMaxMs,1769610568894000000,1769610628894000000,0.0
Indexes.entries.lookupDurationMaxMs,1769610568894000000,1769610628894000000,0.0
Indexing.writer_1.totalTimeSpentWritingMs,1769610568894000000,1769610628894000000,11
Indexing.writer_0.totalTimeSpentWritingMs,1769610568894000000,1769610628894000000,16
Indexes.allKeys.lookups,1769610568894000000,1769610628894000000,3
Indexes.entries.lookups,1769610568894000000,1769610628894000000,0
Indexing.cache.totalCacheAccesses,1769610568894000000,1769610628894000000,7287
Indexes.entries.lookupDuration90PMs,1769610568894000000,1769610628894000000,0.0
IndexesFlusher.totalFlushingTimeUs,1769610568894000000,1769610628894000000,42405
Indexing.totalTimeIndexersSleptMs,1769610568894000000,1769610628894000000,0
IndexesFlusher.totalContentionQuotaSpent,1769610568894000000,1769610628894000000,0
Indexes.allKeys.lookupDuration90PMs,1769610568894000000,1769610628894000000,0.0
Indexes.entries.lookupDurationAvgMs,1769610568894000000,1769610628894000000,0.0
IndexesFlusher.totalFlushes,1769610568894000000,1769610628894000000,120
Indexes.stubs.lookupDurationMaxMs,1769610568894000000,1769610628894000000,0.0
Indexes.stubs.lookupDuration90PMs,1769610568894000000,1769610628894000000,0.0
Indexing.cache.totalCacheMisses,1769610568894000000,1769610628894000000,4178
Indexes.stubs.lookupDurationAvgMs,1769610568894000000,1769610628894000000,0.0
IndexesFlusher.totalFlushesRetried,1769610568894000000,1769610628894000000,0
Indexes.allKeys.lookupDurationAvgMs,1769610568894000000,1769610628894000000,0.0
Indexing.writesQueuedMin,1769610568894000000,1769610628894000000,9223372036854775807
JVM.maxThreadCount,1769610568894000000,1769610628894000000,148
JVM.GC.collectionTimesMs,1769610568894000000,1769610628894000000,3
JVM.GC.collections,1769610568894000000,1769610628894000000,1
OS.loadAverage,1769610568894000000,1769610628894000000,1.5478515625
JVM.totalSafepointCount,1769610568894000000,1769610628894000000,43
JVM.threadCount,1769610568894000000,1769610628894000000,80
JVM.totalTimeAtSafepointsMs,1769610568894000000,1769610628894000000,4
JVM.newThreadsCount,1769610568894000000,1769610628894000000,7
JVM.totalBytesAllocated,1769610568894000000,1769610628894000000,539569312
JVM.totalCpuTimeMs,1769610568894000000,1769610628894000000,7530
JVM.usedNativeBytes,1769610568894000000,1769610628894000000,461751216
JVM.maxHeapBytes,1769610568894000000,1769610628894000000,4196401152
JVM.totalDirectByteBuffersBytes,1769610568894000000,1769610628894000000,181265002
JVM.totalTimeToSafepointsMs,1769610568894000000,1769610628894000000,0
JVM.usedHeapBytes,1769610568894000000,1769610628894000000,891334640
AWTEventQueue.dispatchTimeTotalNS,1769610568894000000,1769610628894000000,1923416937
FlushQueue.executionTimeAvgNs,1769610568894000000,1769610628894000000,0.0
NonBlockingReadAction.failedExecutionTimeUs,1769610568894000000,1769610628894000000,0
FlushQueue.queueSizeMax,1769610568894000000,1769610628894000000,0
ReadAction.executionsCount,1769610568894000000,1769610628894000000,262332
FlushQueue.waitingTimeAvgNs,1769610568894000000,1769610628894000000,0.0
AWTEventQueue.dispatchTimeMaxNs,1769610568894000000,1769610628894000000,0
FlushQueue.tasksExecuted,1769610568894000000,1769610628894000000,0
WriteAction.executionsCount,1769610568894000000,1769610628894000000,12
AWTEventQueue.dispatchTimeAvgNs,1769610568894000000,1769610628894000000,0.0
NonBlockingReadAction.finalizedExecutionsCount,1769610568894000000,1769610628894000000,614
AWTEventQueue.eventsDispatched,1769610568894000000,1769610628894000000,0
FlushQueue.queueSizeAvg,1769610568894000000,1769610628894000000,0.0
FlushQueue.executionTimeMaxNs,1769610568894000000,1769610628894000000,0
NonBlockingReadAction.finalizedExecutionTimeUs,1769610568894000000,1769610628894000000,76317
NonBlockingReadAction.failedExecutionsCount,1769610568894000000,1769610628894000000,0
FlushQueue.queueSize90P,1769610568894000000,1769610628894000000,0
FlushQueue.waitingTime90PNs,1769610568894000000,1769610628894000000,0
AWTEventQueue.dispatchTime90PNs,1769610568894000000,1769610628894000000,0
FlushQueue.waitingTimeMaxNs,1769610568894000000,1769610628894000000,0
FlushQueue.executionTime90PNs,1769610568894000000,1769610628894000000,0
VFS.contentStorage.recordsUncompressedSize,1769610568894000000,1769610628894000000,31378
VFS.fileByIdCache.misses,1769610568894000000,1769610628894000000,0
VFS.contentStorage.recordsReadDecompressed,1769610568894000000,1769610628894000000,3
VFS.contentStorage.recordsStoredSize,1769610568894000000,1769610628894000000,19939
VFS.contentStorage.recordsReadSize,1769610568894000000,1769610628894000000,84026
FileNameCache.queries,1769610568894000000,1769610628894000000,3648
VFS.contentStorage.recordsDecompressionTimeUs,1769610568894000000,1769610628894000000,179
VFS.contentStorage.recordsDeduplicated,1769610568894000000,1769610628894000000,0
VFS.contentStorage.recordsRead,1769610568894000000,1769610628894000000,11
VFS.contentStorage.recordsStored,1769610568894000000,1769610628894000000,3
VFS.invertedFileNameIndex.requests,1769610568894000000,1769610628894000000,0
VFS.contentStorage.recordsStoredCompressed,1769610568894000000,1769610628894000000,1
VFS.fileChildByName,1769610568894000000,1769610628894000000,12419
VFS.fileByIdCache.hits,1769610568894000000,1769610628894000000,1
FileNameCache.totalMisses,1769610568894000000,1769610628894000000,0
workspaceModel.global.apply.state.to.project.builder.ms,1769610568894000000,1769610628894000000,0
workspaceModel.mutableEntityStorage.changeLog.addReplaceEventForRemovedParent.ms,1769610568894000000,1769610628894000000,0
jps.apply.loaded.storage.ms,1769610568894000000,1769610628894000000,0
jps.global.handle.changed.events.ms,1769610568894000000,1769610628894000000,0
jps.global.initialize.library.bridges.ms,1769610568894000000,1769610628894000000,0
jps.facet.change.listener.init.bridge.ms,1769610568894000000,1769610628894000000,0
workspaceModel.moduleManagerBridge.new.nonPersistent.module.ms,1769610568894000000,1769610628894000000,0
workspaceModel.mutableEntityStorage.changeLog.addReplaceEventForRemovedChild.ms,1769610568894000000,1769610628894000000,0
jps.module.iml.entities.serializer.load.entities.ms,1769610568894000000,1769610628894000000,0
workspaceModel.mutableEntityStorage.referrers.ms,1769610568894000000,1769610628894000000,0
jps.library.entities.serializer.load.entities.ms,1769610568894000000,1769610628894000000,0
workspaceModel.global.updates.ms,1769610568894000000,1769610628894000000,0
jps.project.serializers.save.ms,1769610568894000000,1769610628894000000,0
jps.artifact.entities.serializer.save.entities.ms,1769610568894000000,1769610628894000000,0
workspaceModel.moduleBridge.facet.initialization.ms,1769610568894000000,1769610628894000000,0
jps.save.changed.project.entities.ms,1769610568894000000,1769610628894000000,0
workspaceModel.load.cache.metadata.from.file.ms,1769610568894000000,1769610628894000000,0
workspaceModel.mutableEntityStorage.changeLog.addReplaceEventForNewParent.ms,1769610568894000000,1769610628894000000,0
workspaceModel.mutableEntityStorage.mutable.ext.mapping.ms,1769610568894000000,1769610628894000000,0
workspaceModel.global.updates.count,1769610568894000000,1769610628894000000,0
jps.module.dependency.index.workspace.model.listener.on.changed.ms,1769610568894000000,1769610628894000000,0
workspaceModel.sync.entities.ms,1769610568894000000,1769610628894000000,0
jps.facet.change.listener.process.change.events.ms,1769610568894000000,1769610628894000000,0
jps.global.get.libraries.ms,1769610568894000000,1769610628894000000,0
jps.app.storage.content.writer.save.component.ms,1769610568894000000,1769610628894000000,0
workspaceModel.global.apply.state.to.project.ms,1769610568894000000,1769610628894000000,0
workspaceModel.mutableEntityStorage.has.same.entities.ms,1769610568894000000,1769610628894000000,0
workspaceModel.moduleBridge.update.option.ms,1769610568894000000,1769610628894000000,0
jps.library.entities.serializer.save.entities.ms,1769610568894000000,1769610628894000000,0
jps.global.handle.before.change.events.ms,1769610568894000000,1769610628894000000,0
workspaceModel.mutableEntityStorage.collect.changes.ms,1769610568894000000,1769610628894000000,0
workspaceModel.mutableEntityStorage.replace.by.source.ms,1769610568894000000,1769610628894000000,0
workspaceModel.mutableEntityStorage.entities.by.source.ms,1769610568894000000,1769610628894000000,0
workspaceModel.mutableEntityStorage.changeLog.addReplaceEventForNewChild.ms,1769610568894000000,1769610628894000000,0
workspaceModel.orphan.listener.update.ms,1769610568894000000,1769610628894000000,0
workspaceModel.mutableEntityStorage.apply.changes.from.ms,1769610568894000000,1769610628894000000,0
workspaceModel.mutableEntityStorage.resolve.ms,1769610568894000000,1769610628894000000,0
jps.global.get.library.by.name.ms,1769610568894000000,1769610628894000000,0
jps.save.global.entities.ms,1769610568894000000,1769610628894000000,2
workspaceModel.moduleBridge.before.changed.ms,1769610568894000000,1769610628894000000,0
jps.global.get.library.ms,1769610568894000000,1769610628894000000,0
workspaceModel.moduleManagerBridge.create.module.instance.ms,1769610568894000000,1769610628894000000,0
jps.storage.jps.conf.reader.load.component.ms,1769610568894000000,1769610628894000000,0
workspaceModel.mutableEntityStorage.to.snapshot.ms,1769610568894000000,1769610628894000000,0
workspaceModel.do.save.caches.ms,1769610568894000000,1769610628894000000,0
workspaceModel.moduleManagerBridge.build.module.graph.ms,1769610568894000000,1769610628894000000,0
jps.reload.project.entities.ms,1769610568894000000,1769610628894000000,0
workspaceModel.delayed.project.synchronizer.sync.ms,1769610568894000000,1769610628894000000,0
workspaceModel.mutableEntityStorage.entities.ms,1769610568894000000,1769610628894000000,0
workspaceModel.moduleBridgeLoader.loading.modules.ms,1769610568894000000,1769610628894000000,0
workspaceModel.mutableEntityStorage.remove.entity.ms,1769610568894000000,1769610628894000000,0
jps.global.initialize.library.bridges.after.loading.ms,1769610568894000000,1769610628894000000,0
workspaceModel.save.cache.to.file.ms,1769610568894000000,1769610628894000000,0
jps.load.project.to.empty.storage.ms,1769610568894000000,1769610628894000000,0
jps.project.serializers.load.ms,1769610568894000000,1769610628894000000,0
workspaceModel.moduleManagerBridge.set.unloadedModules.ms,1769610568894000000,1769610628894000000,0
workspaceModel.mutableEntityStorage.modify.entity.ms,1769610568894000000,1769610628894000000,0
jps.artifact.entities.serializer.load.entities.ms,1769610568894000000,1769610628894000000,0
workspaceModel.mutableEntityStorage.add.entity.ms,1769610568894000000,1769610628894000000,0
workspaceModel.moduleManagerBridge.newModule.ms,1769610568894000000,1769610628894000000,0
workspaceModel.moduleManagerBridge.load.module.ms,1769610568894000000,1769610628894000000,0
workspaceModel.moduleManagerBridge.load.all.modules.ms,1769610568894000000,1769610628894000000,0
jps.module.iml.entities.serializer.save.entities.ms,1769610568894000000,1769610628894000000,0
workspaceModel.mutableEntityStorage.put.entity.ms,1769610568894000000,1769610628894000000,0
workspaceModel.mutableEntityStorage.instances.count,1769610568894000000,1769610628894000000,0
jps.load.initial.state.ms,1769610568894000000,1769610628894000000,0
workspaceModel.mutableEntityStorage.mutable.vfurl.index.ms,1769610568894000000,1769610628894000000,0
workspaceModel.load.cache.from.file.ms,1769610568894000000,1769610628894000000,0
jps.app.storage.content.reader.load.component.ms,1769610568894000000,1769610628894000000,0
workspaceModel.moduleManagerBridge.get.modules.ms,1769610568894000000,1769610628894000000,0
jps.facet.change.listener.before.change.events.ms,1769610568894000000,1769610628894000000,0
workspaceModel.workspaceFileIndexData.getFileInfo.ms,1769610568894000000,1769610628894000000,4
workspaceModel.init.bridges.ms,1769610568894000000,1769610628894000000,0
workspaceModel.cachedValueWithParameters.calculated.count,1769610568894000000,1769610628894000000,0
workspaceModel.cachedValue.total.get.count,1769610568894000000,1769610628894000000,432
workspaceModel.workspaceFileIndexData.onEntitiesChanged.ms,1769610568894000000,1769610628894000000,0
workspaceModel.workspaceFileIndexData.visitFileSets.ms,1769610568894000000,1769610628894000000,0
workspaceModel.updates.ms,1769610568894000000,1769610628894000000,0
workspaceModel.cachedValue.calculated.count,1769610568894000000,1769610628894000000,0
workspaceModel.workspaceFileIndexData.instances.count,1769610568894000000,1769610628894000000,0
workspaceModel.workspaceFileIndexData.init.ms,1769610568894000000,1769610628894000000,0
workspaceModel.cachedValueWithParameters.total.get.count,1769610568894000000,1769610628894000000,0
workspaceModel.collect.changes.ms,1769610568894000000,1769610628894000000,0
workspaceModel.entityStorageSnapshotImpl.instances.count,1769610568894000000,1769610628894000000,0
workspaceModel.initializing.ms,1769610568894000000,1769610628894000000,0
workspaceModel.replace.project.model.ms,1769610568894000000,1769610628894000000,0
workspaceModel.workspaceFileIndexData.getPackageName.ms,1769610568894000000,1769610628894000000,0
workspaceModel.cachedValueWithParameters.clear.count,1769610568894000000,1769610628894000000,0
workspaceModel.pre.handlers.ms,1769610568894000000,1769610628894000000,0
workspaceModel.cachedValue.from.cache.count,1769610568894000000,1769610628894000000,432
workspaceModel.updates.count,1769610568894000000,1769610628894000000,0
workspaceModel.loading.from.cache.ms,1769610568894000000,1769610628894000000,0
workspaceModel.check.recursive.update.ms,1769610568894000000,1769610628894000000,0
workspaceModel.workspaceFileIndexData.getDirectoriesByPackageName.ms,1769610568894000000,1769610628894000000,0
workspaceModel.cachedValue.clear.count,1769610568894000000,1769610628894000000,0
workspaceModel.workspaceFileIndexContributor.registerFileSets.ms,1769610568894000000,1769610628894000000,0
workspaceModel.workspaceFileIndexData.updateDirtyEntities.ms,1769610568894000000,1769610628894000000,0
workspaceModel.on.before.changed.ms,1769610568894000000,1769610628894000000,0
workspaceModel.workspaceFileIndexData.processFileSets.ms,1769610568894000000,1769610628894000000,0
workspaceModel.workspaceFileIndexData.markDirty.ms,1769610568894000000,1769610628894000000,0
workspaceModel.loading.total.ms,1769610568894000000,1769610628894000000,0
workspaceModel.cachedValueWithParameters.from.cache.count,1769610568894000000,1769610628894000000,0
workspaceModel.full.replace.project.model.ms,1769610568894000000,1769610628894000000,0
workspaceModel.to.snapshot.ms,1769610568894000000,1769610628894000000,0
workspaceModel.on.changed.ms,1769610568894000000,1769610628894000000,0
workspaceModel.update.unloaded.entities.ms,1769610568894000000,1769610628894000000,0
workspaceModel.updates.precise.ms,1769610568894000000,1769610628894000000,0
cacheStateStorage.set.counter,1769610568894000000,1769610628894000000,5
cacheStateStorage.get.duration,1769610568894000000,1769610628894000000,117
cacheStateStorage.set.duration,1769610568894000000,1769610628894000000,0
cacheStateStorage.get.counter,1769610568894000000,1769610628894000000,69
lexer.XML.time.ns,1769610568894000000,1769610628894000000,86393
parser.XML.size.bytes,1769610568894000000,1769610628894000000,25
parser.Markdown.time.ns,1769610568894000000,1769610628894000000,942514
parser.RELAX-NG.time.ns,1769610568894000000,1769610628894000000,706477
lexer.Markdown.time.ns,1769610568894000000,1769610628894000000,713090
writeAction.max.wait.ms,1769610568894000000,1769610628894000000,23
lexer.RELAX-NG.size.bytes,1769610568894000000,1769610628894000000,17573
parser.Markdown.size.bytes,1769610568894000000,1769610628894000000,452
parser.RELAX-NG.size.bytes,1769610568894000000,1769610628894000000,17573
parser.XML.time.ns,1769610568894000000,1769610628894000000,354721
lexer.Python.size.bytes,1769610568894000000,1769610628894000000,433533
writeAction.count,1769610568894000000,1769610628894000000,12
lexer.Markdown.size.bytes,1769610568894000000,1769610628894000000,452
parser.Python.size.bytes,1769610568894000000,1769610628894000000,433533
writeAction.median.wait.ms,1769610568894000000,1769610628894000000,0
DiskQueryRelay.tasksRequested,1769610568894000000,1769610628894000000,203
lexer.XML.size.bytes,1769610568894000000,1769610628894000000,25
lexer.Python.time.ns,1769610568894000000,1769610628894000000,37435964
parser.HTML.size.bytes,1769610568894000000,1769610628894000000,1922
DiskQueryRelay.tasksExecuted,1769610568894000000,1769610628894000000,203
DiskQueryRelay.taskWaitingTotalTimeUs,1769610568894000000,1769610628894000000,17244
lexer.RELAX-NG.time.ns,1769610568894000000,1769610628894000000,731124
lexer.HTML.time.ns,1769610568894000000,1769610628894000000,228062
writeAction.wait.ms,1769610568894000000,1769610628894000000,2
parser.Python.time.ns,1769610568894000000,1769610628894000000,54813394
DiskQueryRelay.taskExecutionTotalTimeUs,1769610568894000000,1769610628894000000,7923
parser.HTML.time.ns,1769610568894000000,1769610628894000000,356946
lexer.HTML.size.bytes,1769610568894000000,1769610628894000000,1922
FilePageCache.uncachedFileAccess,1769610568894000000,1769610628894000000,11
FilePageCacheLockFree.totalPagesWriteMs,1769610568894000000,1769610628894000000,0
FilePageCacheLockFree.totalPagesAllocated,1769610568894000000,1769610628894000000,0
FilePageCacheLockFree.totalHeapBytesReclaimed,1769610568894000000,1769610628894000000,0
DirectByteBufferAllocator.totalSizeOfBuffersAllocatedInBytes,1769610568894000000,1769610628894000000,179372032
StorageLockContext.competingThreads.avg,1769610568894000000,1769610628894000000,0.0
DirectByteBufferAllocator.totalSizeOfBuffersCachedInBytes,1769610568894000000,1769610628894000000,0
FilePageCache.pageFastCacheHits,1769610568894000000,1769610628894000000,8639
DirectByteBufferAllocator.reclaimed,1769610568894000000,1769610628894000000,0
FileChannelInterruptsRetryer.totalRetriedAttempts,1769610568894000000,1769610628894000000,0
MappedFileStorage.totalBytesMapped,1769610568894000000,1769610628894000000,273940480
StreamlinedBlobStorage.totalLiveRecordsPayloadBytes,1769610568894000000,1769610628894000000,217
FilePageCacheLockFree.totalPageAllocationsWaited,1769610568894000000,1769610628894000000,0
FilePageCacheLockFree.totalNativeBytesReclaimed,1769610568894000000,1769610628894000000,0
MappedFileStorage.totalTimeSpentOnMappingUs,1769610568894000000,1769610628894000000,11057
StorageLockContext.competingThreads.90P,1769610568894000000,1769610628894000000,0
FilePageCacheLockFree.totalPagesWritten,1769610568894000000,1769610628894000000,0
DirectByteBufferAllocator.hits,1769610568894000000,1769610628894000000,0
FilePageCacheLockFree.totalClosedStoragesReclaimed,1769610568894000000,1769610628894000000,0
FilePageCacheLockFree.nativeBytesInUse,1769610568894000000,1769610628894000000,0
FilePageCacheLockFree.totalHeapBytesAllocated,1769610568894000000,1769610628894000000,0
FilePageCacheLockFree.totalPagesRequested,1769610568894000000,1769610628894000000,0
StorageLockContext.competingThreads.max,1769610568894000000,1769610628894000000,0
MappedFileStorage.storages,1769610568894000000,1769610628894000000,15
FilePageCacheLockFree.totalPagesHandedOver,1769610568894000000,1769610628894000000,0
FilePageCache.disposedBuffers,1769610568894000000,1769610628894000000,0
FilePageCacheLockFree.totalBytesRequested,1769610568894000000,1769610628894000000,0
FilePageCache.totalPageDisposalsUs,1769610568894000000,1769610628894000000,0
FilePageCacheLockFree.heapBytesInUse,1769610568894000000,1769610628894000000,0
FilePageCacheLockFree.totalPagesReadMs,1769610568894000000,1769610628894000000,0
FilePageCacheLockFree.housekeeperTurnsDone,1769610568894000000,1769610628894000000,0
DirectByteBufferAllocator.disposed,1769610568894000000,1769610628894000000,0
FilePageCache.pageLoads,1769610568894000000,1769610628894000000,0
FilePageCacheLockFree.totalNativeBytesAllocated,1769610568894000000,1769610628894000000,0
FilePageCacheLockFree.totalPagesReclaimed,1769610568894000000,1769610628894000000,0
FilePageCache.capacityInBytes,1769610568894000000,1769610628894000000,503316478
StreamlinedBlobStorage.recordsAllocated,1769610568894000000,1769610628894000000,30
FilePageCacheLockFree.totalBytesRead,1769610568894000000,1769610628894000000,0
StreamlinedBlobStorage.recordsDeleted,1769610568894000000,1769610628894000000,0
FilePageCache.pageHits,1769610568894000000,1769610628894000000,338
FilePageCache.maxRegisteredFiles,1769610568894000000,1769610628894000000,252
StreamlinedBlobStorage.totalLiveRecordsCapacityBytes,1769610568894000000,1769610628894000000,2100
FilePageCacheLockFree.totalPagesRequestsMs,1769610568894000000,1769610628894000000,0
FilePageCacheLockFree.housekeeperTurnsSkipped,1769610568894000000,1769610628894000000,0
MappedFileStorage.totalPagesMapped,1769610568894000000,1769610628894000000,21
FilePageCache.pageLoadsAboveSizeThreshold,1769610568894000000,1769610628894000000,0
FilePageCacheLockFree.totalBytesWritten,1769610568894000000,1769610628894000000,0
FilePageCache.maxCacheSizeInBytes,1769610568894000000,1769610628894000000,179372032
FilePageCache.totalPageLoadsUs,1769610568894000000,1769610628894000000,0
DirectByteBufferAllocator.misses,1769610568894000000,1769610628894000000,0
StreamlinedBlobStorage.recordsRelocated,1769610568894000000,1769610628894000000,0
FilePageCacheLockFree.housekeeperTimeSpentMs,1769610568894000000,1769610628894000000,0
Indexing.cache.totalCacheEvicted,1769610628894000000,1769610688895000000,2
Indexing.writesQueuedMax,1769610628894000000,1769610688895000000,0
Indexes.stubs.lookups,1769610628894000000,1769610688895000000,0
Indexing.writer_2.totalTimeSpentWritingMs,1769610628894000000,1769610688895000000,0
Indexing.writer_3.totalTimeSpentWritingMs,1769610628894000000,1769610688895000000,0
Indexes.allKeys.lookupDurationMaxMs,1769610628894000000,1769610688895000000,0.0
Indexes.entries.lookupDurationMaxMs,1769610628894000000,1769610688895000000,0.0
Indexing.writer_1.totalTimeSpentWritingMs,1769610628894000000,1769610688895000000,0
Indexing.writer_0.totalTimeSpentWritingMs,1769610628894000000,1769610688895000000,0
Indexes.allKeys.lookups,1769610628894000000,1769610688895000000,2
Indexes.entries.lookups,1769610628894000000,1769610688895000000,0
Indexing.cache.totalCacheAccesses,1769610628894000000,1769610688895000000,2
Indexes.entries.lookupDuration90PMs,1769610628894000000,1769610688895000000,0.0
IndexesFlusher.totalFlushingTimeUs,1769610628894000000,1769610688895000000,32561
Indexing.totalTimeIndexersSleptMs,1769610628894000000,1769610688895000000,0
IndexesFlusher.totalContentionQuotaSpent,1769610628894000000,1769610688895000000,0
Indexes.allKeys.lookupDuration90PMs,1769610628894000000,1769610688895000000,0.0
Indexes.entries.lookupDurationAvgMs,1769610628894000000,1769610688895000000,0.0
IndexesFlusher.totalFlushes,1769610628894000000,1769610688895000000,120
Indexes.stubs.lookupDurationMaxMs,1769610628894000000,1769610688895000000,0.0
Indexes.stubs.lookupDuration90PMs,1769610628894000000,1769610688895000000,0.0
Indexing.cache.totalCacheMisses,1769610628894000000,1769610688895000000,2
Indexes.stubs.lookupDurationAvgMs,1769610628894000000,1769610688895000000,0.0
IndexesFlusher.totalFlushesRetried,1769610628894000000,1769610688895000000,0
Indexes.allKeys.lookupDurationAvgMs,1769610628894000000,1769610688895000000,0.0
Indexing.writesQueuedMin,1769610628894000000,1769610688895000000,9223372036854775807
JVM.maxThreadCount,1769610628894000000,1769610688895000000,148
JVM.GC.collectionTimesMs,1769610628894000000,1769610688895000000,0
JVM.GC.collections,1769610628894000000,1769610688895000000,0
OS.loadAverage,1769610628894000000,1769610688895000000,1.2841796875
JVM.totalSafepointCount,1769610628894000000,1769610688895000000,7
JVM.threadCount,1769610628894000000,1769610688895000000,73
JVM.totalTimeAtSafepointsMs,1769610628894000000,1769610688895000000,0
JVM.newThreadsCount,1769610628894000000,1769610688895000000,0
JVM.totalBytesAllocated,1769610628894000000,1769610688895000000,180720896
JVM.totalCpuTimeMs,1769610628894000000,1769610688895000000,1650
JVM.usedNativeBytes,1769610628894000000,1769610688895000000,463372272
JVM.maxHeapBytes,1769610628894000000,1769610688895000000,4196401152
JVM.totalDirectByteBuffersBytes,1769610628894000000,1769610688895000000,181140371
JVM.totalTimeToSafepointsMs,1769610628894000000,1769610688895000000,0
JVM.usedHeapBytes,1769610628894000000,1769610688895000000,1073786864
AWTEventQueue.dispatchTimeTotalNS,1769610628894000000,1769610688895000000,139381689
FlushQueue.executionTimeAvgNs,1769610628894000000,1769610688895000000,0.0
NonBlockingReadAction.failedExecutionTimeUs,1769610628894000000,1769610688895000000,0
FlushQueue.queueSizeMax,1769610628894000000,1769610688895000000,0
ReadAction.executionsCount,1769610628894000000,1769610688895000000,20231
FlushQueue.waitingTimeAvgNs,1769610628894000000,1769610688895000000,0.0
AWTEventQueue.dispatchTimeMaxNs,1769610628894000000,1769610688895000000,0
FlushQueue.tasksExecuted,1769610628894000000,1769610688895000000,0
WriteAction.executionsCount,1769610628894000000,1769610688895000000,8
AWTEventQueue.dispatchTimeAvgNs,1769610628894000000,1769610688895000000,0.0
NonBlockingReadAction.finalizedExecutionsCount,1769610628894000000,1769610688895000000,32
AWTEventQueue.eventsDispatched,1769610628894000000,1769610688895000000,0
FlushQueue.queueSizeAvg,1769610628894000000,1769610688895000000,0.0
FlushQueue.executionTimeMaxNs,1769610628894000000,1769610688895000000,0
NonBlockingReadAction.finalizedExecutionTimeUs,1769610628894000000,1769610688895000000,9275
NonBlockingReadAction.failedExecutionsCount,1769610628894000000,1769610688895000000,0
FlushQueue.queueSize90P,1769610628894000000,1769610688895000000,0
FlushQueue.waitingTime90PNs,1769610628894000000,1769610688895000000,0
AWTEventQueue.dispatchTime90PNs,1769610628894000000,1769610688895000000,0
FlushQueue.waitingTimeMaxNs,1769610628894000000,1769610688895000000,0
FlushQueue.executionTime90PNs,1769610628894000000,1769610688895000000,0
VFS.contentStorage.recordsUncompressedSize,1769610628894000000,1769610688895000000,0
VFS.fileByIdCache.misses,1769610628894000000,1769610688895000000,0
VFS.contentStorage.recordsReadDecompressed,1769610628894000000,1769610688895000000,0
VFS.contentStorage.recordsStoredSize,1769610628894000000,1769610688895000000,0
VFS.contentStorage.recordsReadSize,1769610628894000000,1769610688895000000,1514
FileNameCache.queries,1769610628894000000,1769610688895000000,1856
VFS.contentStorage.recordsDecompressionTimeUs,1769610628894000000,1769610688895000000,0
VFS.contentStorage.recordsDeduplicated,1769610628894000000,1769610688895000000,0
VFS.contentStorage.recordsRead,1769610628894000000,1769610688895000000,2
VFS.contentStorage.recordsStored,1769610628894000000,1769610688895000000,0
VFS.invertedFileNameIndex.requests,1769610628894000000,1769610688895000000,0
VFS.contentStorage.recordsStoredCompressed,1769610628894000000,1769610688895000000,0
VFS.fileChildByName,1769610628894000000,1769610688895000000,2706
VFS.fileByIdCache.hits,1769610628894000000,1769610688895000000,2
FileNameCache.totalMisses,1769610628894000000,1769610688895000000,0
workspaceModel.global.apply.state.to.project.builder.ms,1769610628894000000,1769610688895000000,0
workspaceModel.mutableEntityStorage.changeLog.addReplaceEventForRemovedParent.ms,1769610628894000000,1769610688895000000,0
jps.apply.loaded.storage.ms,1769610628894000000,1769610688895000000,0
jps.global.handle.changed.events.ms,1769610628894000000,1769610688895000000,0
jps.global.initialize.library.bridges.ms,1769610628894000000,1769610688895000000,0
jps.facet.change.listener.init.bridge.ms,1769610628894000000,1769610688895000000,0
workspaceModel.moduleManagerBridge.new.nonPersistent.module.ms,1769610628894000000,1769610688895000000,0
workspaceModel.mutableEntityStorage.changeLog.addReplaceEventForRemovedChild.ms,1769610628894000000,1769610688895000000,0
jps.module.iml.entities.serializer.load.entities.ms,1769610628894000000,1769610688895000000,0
workspaceModel.mutableEntityStorage.referrers.ms,1769610628894000000,1769610688895000000,0
jps.library.entities.serializer.load.entities.ms,1769610628894000000,1769610688895000000,0
workspaceModel.global.updates.ms,1769610628894000000,1769610688895000000,0
jps.project.serializers.save.ms,1769610628894000000,1769610688895000000,0
jps.artifact.entities.serializer.save.entities.ms,1769610628894000000,1769610688895000000,0
workspaceModel.moduleBridge.facet.initialization.ms,1769610628894000000,1769610688895000000,0
jps.save.changed.project.entities.ms,1769610628894000000,1769610688895000000,0
workspaceModel.load.cache.metadata.from.file.ms,1769610628894000000,1769610688895000000,0
workspaceModel.mutableEntityStorage.changeLog.addReplaceEventForNewParent.ms,1769610628894000000,1769610688895000000,0
workspaceModel.mutableEntityStorage.mutable.ext.mapping.ms,1769610628894000000,1769610688895000000,0
workspaceModel.global.updates.count,1769610628894000000,1769610688895000000,0
jps.module.dependency.index.workspace.model.listener.on.changed.ms,1769610628894000000,1769610688895000000,0
workspaceModel.sync.entities.ms,1769610628894000000,1769610688895000000,0
jps.facet.change.listener.process.change.events.ms,1769610628894000000,1769610688895000000,0
jps.global.get.libraries.ms,1769610628894000000,1769610688895000000,0
jps.app.storage.content.writer.save.component.ms,1769610628894000000,1769610688895000000,0
workspaceModel.global.apply.state.to.project.ms,1769610628894000000,1769610688895000000,0
workspaceModel.mutableEntityStorage.has.same.entities.ms,1769610628894000000,1769610688895000000,0
workspaceModel.moduleBridge.update.option.ms,1769610628894000000,1769610688895000000,0
jps.library.entities.serializer.save.entities.ms,1769610628894000000,1769610688895000000,0
jps.global.handle.before.change.events.ms,1769610628894000000,1769610688895000000,0
workspaceModel.mutableEntityStorage.collect.changes.ms,1769610628894000000,1769610688895000000,0
workspaceModel.mutableEntityStorage.replace.by.source.ms,1769610628894000000,1769610688895000000,0
workspaceModel.mutableEntityStorage.entities.by.source.ms,1769610628894000000,1769610688895000000,0
workspaceModel.mutableEntityStorage.changeLog.addReplaceEventForNewChild.ms,1769610628894000000,1769610688895000000,0
workspaceModel.orphan.listener.update.ms,1769610628894000000,1769610688895000000,0
workspaceModel.mutableEntityStorage.apply.changes.from.ms,1769610628894000000,1769610688895000000,0
workspaceModel.mutableEntityStorage.resolve.ms,1769610628894000000,1769610688895000000,0
jps.global.get.library.by.name.ms,1769610628894000000,1769610688895000000,0
jps.save.global.entities.ms,1769610628894000000,1769610688895000000,1
workspaceModel.moduleBridge.before.changed.ms,1769610628894000000,1769610688895000000,0
jps.global.get.library.ms,1769610628894000000,1769610688895000000,0
workspaceModel.moduleManagerBridge.create.module.instance.ms,1769610628894000000,1769610688895000000,0
jps.storage.jps.conf.reader.load.component.ms,1769610628894000000,1769610688895000000,0
workspaceModel.mutableEntityStorage.to.snapshot.ms,1769610628894000000,1769610688895000000,0
workspaceModel.do.save.caches.ms,1769610628894000000,1769610688895000000,0
workspaceModel.moduleManagerBridge.build.module.graph.ms,1769610628894000000,1769610688895000000,0
jps.reload.project.entities.ms,1769610628894000000,1769610688895000000,0
workspaceModel.delayed.project.synchronizer.sync.ms,1769610628894000000,1769610688895000000,0
workspaceModel.mutableEntityStorage.entities.ms,1769610628894000000,1769610688895000000,0
workspaceModel.moduleBridgeLoader.loading.modules.ms,1769610628894000000,1769610688895000000,0
workspaceModel.mutableEntityStorage.remove.entity.ms,1769610628894000000,1769610688895000000,0
jps.global.initialize.library.bridges.after.loading.ms,1769610628894000000,1769610688895000000,0
workspaceModel.save.cache.to.file.ms,1769610628894000000,1769610688895000000,0
jps.load.project.to.empty.storage.ms,1769610628894000000,1769610688895000000,0
jps.project.serializers.load.ms,1769610628894000000,1769610688895000000,0
workspaceModel.moduleManagerBridge.set.unloadedModules.ms,1769610628894000000,1769610688895000000,0
workspaceModel.mutableEntityStorage.modify.entity.ms,1769610628894000000,1769610688895000000,0
jps.artifact.entities.serializer.load.entities.ms,1769610628894000000,1769610688895000000,0
workspaceModel.mutableEntityStorage.add.entity.ms,1769610628894000000,1769610688895000000,0
workspaceModel.moduleManagerBridge.newModule.ms,1769610628894000000,1769610688895000000,0
workspaceModel.moduleManagerBridge.load.module.ms,1769610628894000000,1769610688895000000,0
workspaceModel.moduleManagerBridge.load.all.modules.ms,1769610628894000000,1769610688895000000,0
jps.module.iml.entities.serializer.save.entities.ms,1769610628894000000,1769610688895000000,0
workspaceModel.mutableEntityStorage.put.entity.ms,1769610628894000000,1769610688895000000,0
workspaceModel.mutableEntityStorage.instances.count,1769610628894000000,1769610688895000000,0
jps.load.initial.state.ms,1769610628894000000,1769610688895000000,0
workspaceModel.mutableEntityStorage.mutable.vfurl.index.ms,1769610628894000000,1769610688895000000,0
workspaceModel.load.cache.from.file.ms,1769610628894000000,1769610688895000000,0
jps.app.storage.content.reader.load.component.ms,1769610628894000000,1769610688895000000,0
workspaceModel.moduleManagerBridge.get.modules.ms,1769610628894000000,1769610688895000000,0
jps.facet.change.listener.before.change.events.ms,1769610628894000000,1769610688895000000,0
workspaceModel.workspaceFileIndexData.getFileInfo.ms,1769610628894000000,1769610688895000000,3
workspaceModel.init.bridges.ms,1769610628894000000,1769610688895000000,0
workspaceModel.cachedValueWithParameters.calculated.count,1769610628894000000,1769610688895000000,0
workspaceModel.cachedValue.total.get.count,1769610628894000000,1769610688895000000,192
workspaceModel.workspaceFileIndexData.onEntitiesChanged.ms,1769610628894000000,1769610688895000000,0
workspaceModel.workspaceFileIndexData.visitFileSets.ms,1769610628894000000,1769610688895000000,0
workspaceModel.updates.ms,1769610628894000000,1769610688895000000,0
workspaceModel.cachedValue.calculated.count,1769610628894000000,1769610688895000000,0
workspaceModel.workspaceFileIndexData.instances.count,1769610628894000000,1769610688895000000,0
workspaceModel.workspaceFileIndexData.init.ms,1769610628894000000,1769610688895000000,0
workspaceModel.cachedValueWithParameters.total.get.count,1769610628894000000,1769610688895000000,0
workspaceModel.collect.changes.ms,1769610628894000000,1769610688895000000,0
workspaceModel.entityStorageSnapshotImpl.instances.count,1769610628894000000,1769610688895000000,0
workspaceModel.initializing.ms,1769610628894000000,1769610688895000000,0
workspaceModel.replace.project.model.ms,1769610628894000000,1769610688895000000,0
workspaceModel.workspaceFileIndexData.getPackageName.ms,1769610628894000000,1769610688895000000,0
workspaceModel.cachedValueWithParameters.clear.count,1769610628894000000,1769610688895000000,0
workspaceModel.pre.handlers.ms,1769610628894000000,1769610688895000000,0
workspaceModel.cachedValue.from.cache.count,1769610628894000000,1769610688895000000,192
workspaceModel.updates.count,1769610628894000000,1769610688895000000,0
workspaceModel.loading.from.cache.ms,1769610628894000000,1769610688895000000,0
workspaceModel.check.recursive.update.ms,1769610628894000000,1769610688895000000,0
workspaceModel.workspaceFileIndexData.getDirectoriesByPackageName.ms,1769610628894000000,1769610688895000000,0
workspaceModel.cachedValue.clear.count,1769610628894000000,1769610688895000000,0
workspaceModel.workspaceFileIndexContributor.registerFileSets.ms,1769610628894000000,1769610688895000000,0
workspaceModel.workspaceFileIndexData.updateDirtyEntities.ms,1769610628894000000,1769610688895000000,0
workspaceModel.on.before.changed.ms,1769610628894000000,1769610688895000000,0
workspaceModel.workspaceFileIndexData.processFileSets.ms,1769610628894000000,1769610688895000000,0
workspaceModel.workspaceFileIndexData.markDirty.ms,1769610628894000000,1769610688895000000,0
workspaceModel.loading.total.ms,1769610628894000000,1769610688895000000,0
workspaceModel.cachedValueWithParameters.from.cache.count,1769610628894000000,1769610688895000000,0
workspaceModel.full.replace.project.model.ms,1769610628894000000,1769610688895000000,0
workspaceModel.to.snapshot.ms,1769610628894000000,1769610688895000000,0
workspaceModel.on.changed.ms,1769610628894000000,1769610688895000000,0
workspaceModel.update.unloaded.entities.ms,1769610628894000000,1769610688895000000,0
workspaceModel.updates.precise.ms,1769610628894000000,1769610688895000000,0
cacheStateStorage.set.counter,1769610628894000000,1769610688895000000,0
cacheStateStorage.get.duration,1769610628894000000,1769610688895000000,14
cacheStateStorage.set.duration,1769610628894000000,1769610688895000000,0
cacheStateStorage.get.counter,1769610628894000000,1769610688895000000,6
lexer.XML.time.ns,1769610628894000000,1769610688895000000,176845
parser.XML.size.bytes,1769610628894000000,1769610688895000000,50
writeAction.max.wait.ms,1769610628894000000,1769610688895000000,23
parser.XML.time.ns,1769610628894000000,1769610688895000000,351195
writeAction.count,1769610628894000000,1769610688895000000,8
writeAction.median.wait.ms,1769610628894000000,1769610688895000000,0
DiskQueryRelay.tasksRequested,1769610628894000000,1769610688895000000,103
lexer.XML.size.bytes,1769610628894000000,1769610688895000000,50
DiskQueryRelay.tasksExecuted,1769610628894000000,1769610688895000000,103
DiskQueryRelay.taskWaitingTotalTimeUs,1769610628894000000,1769610688895000000,2143
writeAction.wait.ms,1769610628894000000,1769610688895000000,0
DiskQueryRelay.taskExecutionTotalTimeUs,1769610628894000000,1769610688895000000,2005
FilePageCache.uncachedFileAccess,1769610628894000000,1769610688895000000,6
FilePageCacheLockFree.totalPagesWriteMs,1769610628894000000,1769610688895000000,0
FilePageCacheLockFree.totalPagesAllocated,1769610628894000000,1769610688895000000,0
FilePageCacheLockFree.totalHeapBytesReclaimed,1769610628894000000,1769610688895000000,0
DirectByteBufferAllocator.totalSizeOfBuffersAllocatedInBytes,1769610628894000000,1769610688895000000,179372032
StorageLockContext.competingThreads.avg,1769610628894000000,1769610688895000000,0.0
DirectByteBufferAllocator.totalSizeOfBuffersCachedInBytes,1769610628894000000,1769610688895000000,0
FilePageCache.pageFastCacheHits,1769610628894000000,1769610688895000000,40
DirectByteBufferAllocator.reclaimed,1769610628894000000,1769610688895000000,0
FileChannelInterruptsRetryer.totalRetriedAttempts,1769610628894000000,1769610688895000000,0
MappedFileStorage.totalBytesMapped,1769610628894000000,1769610688895000000,273940480
StreamlinedBlobStorage.totalLiveRecordsPayloadBytes,1769610628894000000,1769610688895000000,112
FilePageCacheLockFree.totalPageAllocationsWaited,1769610628894000000,1769610688895000000,0
FilePageCacheLockFree.totalNativeBytesReclaimed,1769610628894000000,1769610688895000000,0
MappedFileStorage.totalTimeSpentOnMappingUs,1769610628894000000,1769610688895000000,11057
StorageLockContext.competingThreads.90P,1769610628894000000,1769610688895000000,0
FilePageCacheLockFree.totalPagesWritten,1769610628894000000,1769610688895000000,0
DirectByteBufferAllocator.hits,1769610628894000000,1769610688895000000,0
FilePageCacheLockFree.totalClosedStoragesReclaimed,1769610628894000000,1769610688895000000,0
FilePageCacheLockFree.nativeBytesInUse,1769610628894000000,1769610688895000000,0
FilePageCacheLockFree.totalHeapBytesAllocated,1769610628894000000,1769610688895000000,0
FilePageCacheLockFree.totalPagesRequested,1769610628894000000,1769610688895000000,0
StorageLockContext.competingThreads.max,1769610628894000000,1769610688895000000,0
MappedFileStorage.storages,1769610628894000000,1769610688895000000,15
FilePageCacheLockFree.totalPagesHandedOver,1769610628894000000,1769610688895000000,0
FilePageCache.disposedBuffers,1769610628894000000,1769610688895000000,0
FilePageCacheLockFree.totalBytesRequested,1769610628894000000,1769610688895000000,0
FilePageCache.totalPageDisposalsUs,1769610628894000000,1769610688895000000,0
FilePageCacheLockFree.heapBytesInUse,1769610628894000000,1769610688895000000,0
FilePageCacheLockFree.totalPagesReadMs,1769610628894000000,1769610688895000000,0
FilePageCacheLockFree.housekeeperTurnsDone,1769610628894000000,1769610688895000000,0
DirectByteBufferAllocator.disposed,1769610628894000000,1769610688895000000,0
FilePageCache.pageLoads,1769610628894000000,1769610688895000000,0
FilePageCacheLockFree.totalNativeBytesAllocated,1769610628894000000,1769610688895000000,0
FilePageCacheLockFree.totalPagesReclaimed,1769610628894000000,1769610688895000000,0
FilePageCache.capacityInBytes,1769610628894000000,1769610688895000000,503316478
StreamlinedBlobStorage.recordsAllocated,1769610628894000000,1769610688895000000,10
FilePageCacheLockFree.totalBytesRead,1769610628894000000,1769610688895000000,0
StreamlinedBlobStorage.recordsDeleted,1769610628894000000,1769610688895000000,0
FilePageCache.pageHits,1769610628894000000,1769610688895000000,0
FilePageCache.maxRegisteredFiles,1769610628894000000,1769610688895000000,252
StreamlinedBlobStorage.totalLiveRecordsCapacityBytes,1769610628894000000,1769610688895000000,700
FilePageCacheLockFree.totalPagesRequestsMs,1769610628894000000,1769610688895000000,0
FilePageCacheLockFree.housekeeperTurnsSkipped,1769610628894000000,1769610688895000000,0
MappedFileStorage.totalPagesMapped,1769610628894000000,1769610688895000000,21
FilePageCache.pageLoadsAboveSizeThreshold,1769610628894000000,1769610688895000000,0
FilePageCacheLockFree.totalBytesWritten,1769610628894000000,1769610688895000000,0
FilePageCache.maxCacheSizeInBytes,1769610628894000000,1769610688895000000,179372032
FilePageCache.totalPageLoadsUs,1769610628894000000,1769610688895000000,0
DirectByteBufferAllocator.misses,1769610628894000000,1769610688895000000,0
StreamlinedBlobStorage.recordsRelocated,1769610628894000000,1769610688895000000,0
FilePageCacheLockFree.housekeeperTimeSpentMs,1769610628894000000,1769610688895000000,0
Indexing.cache.totalCacheEvicted,1769610688895000000,1769610748894000000,0
Indexing.writesQueuedMax,1769610688895000000,1769610748894000000,0
Indexes.stubs.lookups,1769610688895000000,1769610748894000000,0
Indexing.writer_2.totalTimeSpentWritingMs,1769610688895000000,1769610748894000000,0
Indexing.writer_3.totalTimeSpentWritingMs,1769610688895000000,1769610748894000000,0
Indexes.allKeys.lookupDurationMaxMs,1769610688895000000,1769610748894000000,0.0
Indexes.entries.lookupDurationMaxMs,1769610688895000000,1769610748894000000,0.0
Indexing.writer_1.totalTimeSpentWritingMs,1769610688895000000,1769610748894000000,0
Indexing.writer_0.totalTimeSpentWritingMs,1769610688895000000,1769610748894000000,0
Indexes.allKeys.lookups,1769610688895000000,1769610748894000000,0
Indexes.entries.lookups,1769610688895000000,1769610748894000000,0
Indexing.cache.totalCacheAccesses,1769610688895000000,1769610748894000000,0
Indexes.entries.lookupDuration90PMs,1769610688895000000,1769610748894000000,0.0
IndexesFlusher.totalFlushingTimeUs,1769610688895000000,1769610748894000000,33411
Indexing.totalTimeIndexersSleptMs,1769610688895000000,1769610748894000000,0
IndexesFlusher.totalContentionQuotaSpent,1769610688895000000,1769610748894000000,0
Indexes.allKeys.lookupDuration90PMs,1769610688895000000,1769610748894000000,0.0
Indexes.entries.lookupDurationAvgMs,1769610688895000000,1769610748894000000,0.0
IndexesFlusher.totalFlushes,1769610688895000000,1769610748894000000,120
Indexes.stubs.lookupDurationMaxMs,1769610688895000000,1769610748894000000,0.0
Indexes.stubs.lookupDuration90PMs,1769610688895000000,1769610748894000000,0.0
Indexing.cache.totalCacheMisses,1769610688895000000,1769610748894000000,0
Indexes.stubs.lookupDurationAvgMs,1769610688895000000,1769610748894000000,0.0
IndexesFlusher.totalFlushesRetried,1769610688895000000,1769610748894000000,0
Indexes.allKeys.lookupDurationAvgMs,1769610688895000000,1769610748894000000,0.0
Indexing.writesQueuedMin,1769610688895000000,1769610748894000000,9223372036854775807
JVM.maxThreadCount,1769610688895000000,1769610748894000000,148
JVM.GC.collectionTimesMs,1769610688895000000,1769610748894000000,5
JVM.GC.collections,1769610688895000000,1769610748894000000,1
OS.loadAverage,1769610688895000000,1769610748894000000,1.67578125
JVM.totalSafepointCount,1769610688895000000,1769610748894000000,3
JVM.threadCount,1769610688895000000,1769610748894000000,54
JVM.totalTimeAtSafepointsMs,1769610688895000000,1769610748894000000,5
JVM.newThreadsCount,1769610688895000000,1769610748894000000,1
JVM.totalBytesAllocated,1769610688895000000,1769610748894000000,27014136
JVM.totalCpuTimeMs,1769610688895000000,1769610748894000000,660
JVM.usedNativeBytes,1769610688895000000,1769610748894000000,463523632
JVM.maxHeapBytes,1769610688895000000,1769610748894000000,4196401152
JVM.totalDirectByteBuffersBytes,1769610688895000000,1769610748894000000,180295229
JVM.totalTimeToSafepointsMs,1769610688895000000,1769610748894000000,0
JVM.usedHeapBytes,1769610688895000000,1769610748894000000,518101680
AWTEventQueue.dispatchTimeTotalNS,1769610688895000000,1769610748894000000,72585290
FlushQueue.executionTimeAvgNs,1769610688895000000,1769610748894000000,0.0
NonBlockingReadAction.failedExecutionTimeUs,1769610688895000000,1769610748894000000,0
FlushQueue.queueSizeMax,1769610688895000000,1769610748894000000,0
ReadAction.executionsCount,1769610688895000000,1769610748894000000,0
FlushQueue.waitingTimeAvgNs,1769610688895000000,1769610748894000000,0.0
AWTEventQueue.dispatchTimeMaxNs,1769610688895000000,1769610748894000000,23807
FlushQueue.tasksExecuted,1769610688895000000,1769610748894000000,0
WriteAction.executionsCount,1769610688895000000,1769610748894000000,0
AWTEventQueue.dispatchTimeAvgNs,1769610688895000000,1769610748894000000,23744.0
NonBlockingReadAction.finalizedExecutionsCount,1769610688895000000,1769610748894000000,0
AWTEventQueue.eventsDispatched,1769610688895000000,1769610748894000000,1
FlushQueue.queueSizeAvg,1769610688895000000,1769610748894000000,0.0
FlushQueue.executionTimeMaxNs,1769610688895000000,1769610748894000000,0
NonBlockingReadAction.finalizedExecutionTimeUs,1769610688895000000,1769610748894000000,0
NonBlockingReadAction.failedExecutionsCount,1769610688895000000,1769610748894000000,0
FlushQueue.queueSize90P,1769610688895000000,1769610748894000000,0
FlushQueue.waitingTime90PNs,1769610688895000000,1769610748894000000,0
AWTEventQueue.dispatchTime90PNs,1769610688895000000,1769610748894000000,23807
FlushQueue.waitingTimeMaxNs,1769610688895000000,1769610748894000000,0
FlushQueue.executionTime90PNs,1769610688895000000,1769610748894000000,0
VFS.contentStorage.recordsUncompressedSize,1769610688895000000,1769610748894000000,0
VFS.fileByIdCache.misses,1769610688895000000,1769610748894000000,0
VFS.contentStorage.recordsReadDecompressed,1769610688895000000,1769610748894000000,0
VFS.contentStorage.recordsStoredSize,1769610688895000000,1769610748894000000,0
VFS.contentStorage.recordsReadSize,1769610688895000000,1769610748894000000,0
FileNameCache.queries,1769610688895000000,1769610748894000000,0
VFS.contentStorage.recordsDecompressionTimeUs,1769610688895000000,1769610748894000000,0
VFS.contentStorage.recordsDeduplicated,1769610688895000000,1769610748894000000,0
VFS.contentStorage.recordsRead,1769610688895000000,1769610748894000000,0
VFS.contentStorage.recordsStored,1769610688895000000,1769610748894000000,0
VFS.invertedFileNameIndex.requests,1769610688895000000,1769610748894000000,0
VFS.contentStorage.recordsStoredCompressed,1769610688895000000,1769610748894000000,0
VFS.fileChildByName,1769610688895000000,1769610748894000000,0
VFS.fileByIdCache.hits,1769610688895000000,1769610748894000000,0
FileNameCache.totalMisses,1769610688895000000,1769610748894000000,0
workspaceModel.global.apply.state.to.project.builder.ms,1769610688895000000,1769610748894000000,0
workspaceModel.mutableEntityStorage.changeLog.addReplaceEventForRemovedParent.ms,1769610688895000000,1769610748894000000,0
jps.apply.loaded.storage.ms,1769610688895000000,1769610748894000000,0
jps.global.handle.changed.events.ms,1769610688895000000,1769610748894000000,0
jps.global.initialize.library.bridges.ms,1769610688895000000,1769610748894000000,0
jps.facet.change.listener.init.bridge.ms,1769610688895000000,1769610748894000000,0
workspaceModel.moduleManagerBridge.new.nonPersistent.module.ms,1769610688895000000,1769610748894000000,0
workspaceModel.mutableEntityStorage.changeLog.addReplaceEventForRemovedChild.ms,1769610688895000000,1769610748894000000,0
jps.module.iml.entities.serializer.load.entities.ms,1769610688895000000,1769610748894000000,0
workspaceModel.mutableEntityStorage.referrers.ms,1769610688895000000,1769610748894000000,0
jps.library.entities.serializer.load.entities.ms,1769610688895000000,1769610748894000000,0
workspaceModel.global.updates.ms,1769610688895000000,1769610748894000000,0
jps.project.serializers.save.ms,1769610688895000000,1769610748894000000,0
jps.artifact.entities.serializer.save.entities.ms,1769610688895000000,1769610748894000000,0
workspaceModel.moduleBridge.facet.initialization.ms,1769610688895000000,1769610748894000000,0
jps.save.changed.project.entities.ms,1769610688895000000,1769610748894000000,0
workspaceModel.load.cache.metadata.from.file.ms,1769610688895000000,1769610748894000000,0
workspaceModel.mutableEntityStorage.changeLog.addReplaceEventForNewParent.ms,1769610688895000000,1769610748894000000,0
workspaceModel.mutableEntityStorage.mutable.ext.mapping.ms,1769610688895000000,1769610748894000000,0
workspaceModel.global.updates.count,1769610688895000000,1769610748894000000,0
jps.module.dependency.index.workspace.model.listener.on.changed.ms,1769610688895000000,1769610748894000000,0
workspaceModel.sync.entities.ms,1769610688895000000,1769610748894000000,0
jps.facet.change.listener.process.change.events.ms,1769610688895000000,1769610748894000000,0
jps.global.get.libraries.ms,1769610688895000000,1769610748894000000,0
jps.app.storage.content.writer.save.component.ms,1769610688895000000,1769610748894000000,0
workspaceModel.global.apply.state.to.project.ms,1769610688895000000,1769610748894000000,0
workspaceModel.mutableEntityStorage.has.same.entities.ms,1769610688895000000,1769610748894000000,0
workspaceModel.moduleBridge.update.option.ms,1769610688895000000,1769610748894000000,0
jps.library.entities.serializer.save.entities.ms,1769610688895000000,1769610748894000000,0
jps.global.handle.before.change.events.ms,1769610688895000000,1769610748894000000,0
workspaceModel.mutableEntityStorage.collect.changes.ms,1769610688895000000,1769610748894000000,0
workspaceModel.mutableEntityStorage.replace.by.source.ms,1769610688895000000,1769610748894000000,0
workspaceModel.mutableEntityStorage.entities.by.source.ms,1769610688895000000,1769610748894000000,0
workspaceModel.mutableEntityStorage.changeLog.addReplaceEventForNewChild.ms,1769610688895000000,1769610748894000000,0
workspaceModel.orphan.listener.update.ms,1769610688895000000,1769610748894000000,0
workspaceModel.mutableEntityStorage.apply.changes.from.ms,1769610688895000000,1769610748894000000,0
workspaceModel.mutableEntityStorage.resolve.ms,1769610688895000000,1769610748894000000,0
jps.global.get.library.by.name.ms,1769610688895000000,1769610748894000000,0
jps.save.global.entities.ms,1769610688895000000,1769610748894000000,0
workspaceModel.moduleBridge.before.changed.ms,1769610688895000000,1769610748894000000,0
jps.global.get.library.ms,1769610688895000000,1769610748894000000,0
workspaceModel.moduleManagerBridge.create.module.instance.ms,1769610688895000000,1769610748894000000,0
jps.storage.jps.conf.reader.load.component.ms,1769610688895000000,1769610748894000000,0
workspaceModel.mutableEntityStorage.to.snapshot.ms,1769610688895000000,1769610748894000000,0
workspaceModel.do.save.caches.ms,1769610688895000000,1769610748894000000,0
workspaceModel.moduleManagerBridge.build.module.graph.ms,1769610688895000000,1769610748894000000,0
jps.reload.project.entities.ms,1769610688895000000,1769610748894000000,0
workspaceModel.delayed.project.synchronizer.sync.ms,1769610688895000000,1769610748894000000,0
workspaceModel.mutableEntityStorage.entities.ms,1769610688895000000,1769610748894000000,0
workspaceModel.moduleBridgeLoader.loading.modules.ms,1769610688895000000,1769610748894000000,0
workspaceModel.mutableEntityStorage.remove.entity.ms,1769610688895000000,1769610748894000000,0
jps.global.initialize.library.bridges.after.loading.ms,1769610688895000000,1769610748894000000,0
workspaceModel.save.cache.to.file.ms,1769610688895000000,1769610748894000000,0
jps.load.project.to.empty.storage.ms,1769610688895000000,1769610748894000000,0
jps.project.serializers.load.ms,1769610688895000000,1769610748894000000,0
workspaceModel.moduleManagerBridge.set.unloadedModules.ms,1769610688895000000,1769610748894000000,0
workspaceModel.mutableEntityStorage.modify.entity.ms,1769610688895000000,1769610748894000000,0
jps.artifact.entities.serializer.load.entities.ms,1769610688895000000,1769610748894000000,0
workspaceModel.mutableEntityStorage.add.entity.ms,1769610688895000000,1769610748894000000,0
workspaceModel.moduleManagerBridge.newModule.ms,1769610688895000000,1769610748894000000,0
workspaceModel.moduleManagerBridge.load.module.ms,1769610688895000000,1769610748894000000,0
workspaceModel.moduleManagerBridge.load.all.modules.ms,1769610688895000000,1769610748894000000,0
jps.module.iml.entities.serializer.save.entities.ms,1769610688895000000,1769610748894000000,0
workspaceModel.mutableEntityStorage.put.entity.ms,1769610688895000000,1769610748894000000,0
workspaceModel.mutableEntityStorage.instances.count,1769610688895000000,1769610748894000000,0
jps.load.initial.state.ms,1769610688895000000,1769610748894000000,0
workspaceModel.mutableEntityStorage.mutable.vfurl.index.ms,1769610688895000000,1769610748894000000,0
workspaceModel.load.cache.from.file.ms,1769610688895000000,1769610748894000000,0
jps.app.storage.content.reader.load.component.ms,1769610688895000000,1769610748894000000,0
workspaceModel.moduleManagerBridge.get.modules.ms,1769610688895000000,1769610748894000000,0
jps.facet.change.listener.before.change.events.ms,1769610688895000000,1769610748894000000,0
workspaceModel.workspaceFileIndexData.getFileInfo.ms,1769610688895000000,1769610748894000000,0
workspaceModel.init.bridges.ms,1769610688895000000,1769610748894000000,0
workspaceModel.cachedValueWithParameters.calculated.count,1769610688895000000,1769610748894000000,0
workspaceModel.cachedValue.total.get.count,1769610688895000000,1769610748894000000,0
workspaceModel.workspaceFileIndexData.onEntitiesChanged.ms,1769610688895000000,1769610748894000000,0
workspaceModel.workspaceFileIndexData.visitFileSets.ms,1769610688895000000,1769610748894000000,0
workspaceModel.updates.ms,1769610688895000000,1769610748894000000,0
workspaceModel.cachedValue.calculated.count,1769610688895000000,1769610748894000000,0
workspaceModel.workspaceFileIndexData.instances.count,1769610688895000000,1769610748894000000,0
workspaceModel.workspaceFileIndexData.init.ms,1769610688895000000,1769610748894000000,0
workspaceModel.cachedValueWithParameters.total.get.count,1769610688895000000,1769610748894000000,0
workspaceModel.collect.changes.ms,1769610688895000000,1769610748894000000,0
workspaceModel.entityStorageSnapshotImpl.instances.count,1769610688895000000,1769610748894000000,0
workspaceModel.initializing.ms,1769610688895000000,1769610748894000000,0
workspaceModel.replace.project.model.ms,1769610688895000000,1769610748894000000,0
workspaceModel.workspaceFileIndexData.getPackageName.ms,1769610688895000000,1769610748894000000,0
workspaceModel.cachedValueWithParameters.clear.count,1769610688895000000,1769610748894000000,0
workspaceModel.pre.handlers.ms,1769610688895000000,1769610748894000000,0
workspaceModel.cachedValue.from.cache.count,1769610688895000000,1769610748894000000,0
workspaceModel.updates.count,1769610688895000000,1769610748894000000,0
workspaceModel.loading.from.cache.ms,1769610688895000000,1769610748894000000,0
workspaceModel.check.recursive.update.ms,1769610688895000000,1769610748894000000,0
workspaceModel.workspaceFileIndexData.getDirectoriesByPackageName.ms,1769610688895000000,1769610748894000000,0
workspaceModel.cachedValue.clear.count,1769610688895000000,1769610748894000000,0
workspaceModel.workspaceFileIndexContributor.registerFileSets.ms,1769610688895000000,1769610748894000000,0
workspaceModel.workspaceFileIndexData.updateDirtyEntities.ms,1769610688895000000,1769610748894000000,0
workspaceModel.on.before.changed.ms,1769610688895000000,1769610748894000000,0
workspaceModel.workspaceFileIndexData.processFileSets.ms,1769610688895000000,1769610748894000000,0
workspaceModel.workspaceFileIndexData.markDirty.ms,1769610688895000000,1769610748894000000,0
workspaceModel.loading.total.ms,1769610688895000000,1769610748894000000,0
workspaceModel.cachedValueWithParameters.from.cache.count,1769610688895000000,1769610748894000000,0
workspaceModel.full.replace.project.model.ms,1769610688895000000,1769610748894000000,0
workspaceModel.to.snapshot.ms,1769610688895000000,1769610748894000000,0
workspaceModel.on.changed.ms,1769610688895000000,1769610748894000000,0
workspaceModel.update.unloaded.entities.ms,1769610688895000000,1769610748894000000,0
workspaceModel.updates.precise.ms,1769610688895000000,1769610748894000000,0
cacheStateStorage.set.counter,1769610688895000000,1769610748894000000,0
cacheStateStorage.get.duration,1769610688895000000,1769610748894000000,0
cacheStateStorage.set.duration,1769610688895000000,1769610748894000000,0
cacheStateStorage.get.counter,1769610688895000000,1769610748894000000,0
writeAction.max.wait.ms,1769610688895000000,1769610748894000000,23
writeAction.count,1769610688895000000,1769610748894000000,0
writeAction.median.wait.ms,1769610688895000000,1769610748894000000,0
DiskQueryRelay.tasksRequested,1769610688895000000,1769610748894000000,0
DiskQueryRelay.tasksExecuted,1769610688895000000,1769610748894000000,0
DiskQueryRelay.taskWaitingTotalTimeUs,1769610688895000000,1769610748894000000,0
writeAction.wait.ms,1769610688895000000,1769610748894000000,0
DiskQueryRelay.taskExecutionTotalTimeUs,1769610688895000000,1769610748894000000,0
FilePageCache.uncachedFileAccess,1769610688895000000,1769610748894000000,0
FilePageCacheLockFree.totalPagesWriteMs,1769610688895000000,1769610748894000000,0
FilePageCacheLockFree.totalPagesAllocated,1769610688895000000,1769610748894000000,0
FilePageCacheLockFree.totalHeapBytesReclaimed,1769610688895000000,1769610748894000000,0
DirectByteBufferAllocator.totalSizeOfBuffersAllocatedInBytes,1769610688895000000,1769610748894000000,179372032
StorageLockContext.competingThreads.avg,1769610688895000000,1769610748894000000,0.0
DirectByteBufferAllocator.totalSizeOfBuffersCachedInBytes,1769610688895000000,1769610748894000000,0
FilePageCache.pageFastCacheHits,1769610688895000000,1769610748894000000,0
DirectByteBufferAllocator.reclaimed,1769610688895000000,1769610748894000000,0
FileChannelInterruptsRetryer.totalRetriedAttempts,1769610688895000000,1769610748894000000,0
MappedFileStorage.totalBytesMapped,1769610688895000000,1769610748894000000,273940480
StreamlinedBlobStorage.totalLiveRecordsPayloadBytes,1769610688895000000,1769610748894000000,0
FilePageCacheLockFree.totalPageAllocationsWaited,1769610688895000000,1769610748894000000,0
FilePageCacheLockFree.totalNativeBytesReclaimed,1769610688895000000,1769610748894000000,0
MappedFileStorage.totalTimeSpentOnMappingUs,1769610688895000000,1769610748894000000,11057
StorageLockContext.competingThreads.90P,1769610688895000000,1769610748894000000,0
FilePageCacheLockFree.totalPagesWritten,1769610688895000000,1769610748894000000,0
DirectByteBufferAllocator.hits,1769610688895000000,1769610748894000000,0
FilePageCacheLockFree.totalClosedStoragesReclaimed,1769610688895000000,1769610748894000000,0
FilePageCacheLockFree.nativeBytesInUse,1769610688895000000,1769610748894000000,0
FilePageCacheLockFree.totalHeapBytesAllocated,1769610688895000000,1769610748894000000,0
FilePageCacheLockFree.totalPagesRequested,1769610688895000000,1769610748894000000,0
StorageLockContext.competingThreads.max,1769610688895000000,1769610748894000000,0
MappedFileStorage.storages,1769610688895000000,1769610748894000000,15
FilePageCacheLockFree.totalPagesHandedOver,1769610688895000000,1769610748894000000,0
FilePageCache.disposedBuffers,1769610688895000000,1769610748894000000,0
FilePageCacheLockFree.totalBytesRequested,1769610688895000000,1769610748894000000,0
FilePageCache.totalPageDisposalsUs,1769610688895000000,1769610748894000000,0
FilePageCacheLockFree.heapBytesInUse,1769610688895000000,1769610748894000000,0
FilePageCacheLockFree.totalPagesReadMs,1769610688895000000,1769610748894000000,0
FilePageCacheLockFree.housekeeperTurnsDone,1769610688895000000,1769610748894000000,0
DirectByteBufferAllocator.disposed,1769610688895000000,1769610748894000000,0
FilePageCache.pageLoads,1769610688895000000,1769610748894000000,0
FilePageCacheLockFree.totalNativeBytesAllocated,1769610688895000000,1769610748894000000,0
FilePageCacheLockFree.totalPagesReclaimed,1769610688895000000,1769610748894000000,0
FilePageCache.capacityInBytes,1769610688895000000,1769610748894000000,503316478
StreamlinedBlobStorage.recordsAllocated,1769610688895000000,1769610748894000000,0
FilePageCacheLockFree.totalBytesRead,1769610688895000000,1769610748894000000,0
StreamlinedBlobStorage.recordsDeleted,1769610688895000000,1769610748894000000,0
FilePageCache.pageHits,1769610688895000000,1769610748894000000,0
FilePageCache.maxRegisteredFiles,1769610688895000000,1769610748894000000,252
StreamlinedBlobStorage.totalLiveRecordsCapacityBytes,1769610688895000000,1769610748894000000,0
FilePageCacheLockFree.totalPagesRequestsMs,1769610688895000000,1769610748894000000,0
FilePageCacheLockFree.housekeeperTurnsSkipped,1769610688895000000,1769610748894000000,0
MappedFileStorage.totalPagesMapped,1769610688895000000,1769610748894000000,21
FilePageCache.pageLoadsAboveSizeThreshold,1769610688895000000,1769610748894000000,0
FilePageCacheLockFree.totalBytesWritten,1769610688895000000,1769610748894000000,0
FilePageCache.maxCacheSizeInBytes,1769610688895000000,1769610748894000000,179372032
FilePageCache.totalPageLoadsUs,1769610688895000000,1769610748894000000,0
DirectByteBufferAllocator.misses,1769610688895000000,1769610748894000000,0
StreamlinedBlobStorage.recordsRelocated,1769610688895000000,1769610748894000000,0
FilePageCacheLockFree.housekeeperTimeSpentMs,1769610688895000000,1769610748894000000,0
Indexing.cache.totalCacheEvicted,1769610748894000000,1769610808893000000,0
Indexing.writesQueuedMax,1769610748894000000,1769610808893000000,0
Indexes.stubs.lookups,1769610748894000000,1769610808893000000,0
Indexing.writer_2.totalTimeSpentWritingMs,1769610748894000000,1769610808893000000,0
Indexing.writer_3.totalTimeSpentWritingMs,1769610748894000000,1769610808893000000,0
Indexes.allKeys.lookupDurationMaxMs,1769610748894000000,1769610808893000000,0.0
Indexes.entries.lookupDurationMaxMs,1769610748894000000,1769610808893000000,0.0
Indexing.writer_1.totalTimeSpentWritingMs,1769610748894000000,1769610808893000000,0
Indexing.writer_0.totalTimeSpentWritingMs,1769610748894000000,1769610808893000000,0
Indexes.allKeys.lookups,1769610748894000000,1769610808893000000,0
Indexes.entries.lookups,1769610748894000000,1769610808893000000,0
Indexing.cache.totalCacheAccesses,1769610748894000000,1769610808893000000,0
Indexes.entries.lookupDuration90PMs,1769610748894000000,1769610808893000000,0.0
IndexesFlusher.totalFlushingTimeUs,1769610748894000000,1769610808893000000,33695
Indexing.totalTimeIndexersSleptMs,1769610748894000000,1769610808893000000,0
IndexesFlusher.totalContentionQuotaSpent,1769610748894000000,1769610808893000000,0
Indexes.allKeys.lookupDuration90PMs,1769610748894000000,1769610808893000000,0.0
Indexes.entries.lookupDurationAvgMs,1769610748894000000,1769610808893000000,0.0
IndexesFlusher.totalFlushes,1769610748894000000,1769610808893000000,120
Indexes.stubs.lookupDurationMaxMs,1769610748894000000,1769610808893000000,0.0
Indexes.stubs.lookupDuration90PMs,1769610748894000000,1769610808893000000,0.0
Indexing.cache.totalCacheMisses,1769610748894000000,1769610808893000000,0
Indexes.stubs.lookupDurationAvgMs,1769610748894000000,1769610808893000000,0.0
IndexesFlusher.totalFlushesRetried,1769610748894000000,1769610808893000000,0
Indexes.allKeys.lookupDurationAvgMs,1769610748894000000,1769610808893000000,0.0
Indexing.writesQueuedMin,1769610748894000000,1769610808893000000,9223372036854775807
JVM.maxThreadCount,1769610748894000000,1769610808893000000,148
JVM.GC.collectionTimesMs,1769610748894000000,1769610808893000000,0
JVM.GC.collections,1769610748894000000,1769610808893000000,0
OS.loadAverage,1769610748894000000,1769610808893000000,1.69873046875
JVM.totalSafepointCount,1769610748894000000,1769610808893000000,2
JVM.threadCount,1769610748894000000,1769610808893000000,60
JVM.totalTimeAtSafepointsMs,1769610748894000000,1769610808893000000,0
JVM.newThreadsCount,1769610748894000000,1769610808893000000,6
JVM.totalBytesAllocated,1769610748894000000,1769610808893000000,28624592
JVM.totalCpuTimeMs,1769610748894000000,1769610808893000000,560
JVM.usedNativeBytes,1769610748894000000,1769610808893000000,463621744
JVM.maxHeapBytes,1769610748894000000,1769610808893000000,4196401152
JVM.totalDirectByteBuffersBytes,1769610748894000000,1769610808893000000,180295229
JVM.totalTimeToSafepointsMs,1769610748894000000,1769610808893000000,0
JVM.usedHeapBytes,1769610748894000000,1769610808893000000,549558960
AWTEventQueue.dispatchTimeTotalNS,1769610748894000000,1769610808893000000,85758122
FlushQueue.executionTimeAvgNs,1769610748894000000,1769610808893000000,0.0
NonBlockingReadAction.failedExecutionTimeUs,1769610748894000000,1769610808893000000,0
FlushQueue.queueSizeMax,1769610748894000000,1769610808893000000,0
ReadAction.executionsCount,1769610748894000000,1769610808893000000,665
FlushQueue.waitingTimeAvgNs,1769610748894000000,1769610808893000000,0.0
AWTEventQueue.dispatchTimeMaxNs,1769610748894000000,1769610808893000000,0
FlushQueue.tasksExecuted,1769610748894000000,1769610808893000000,0
WriteAction.executionsCount,1769610748894000000,1769610808893000000,1
AWTEventQueue.dispatchTimeAvgNs,1769610748894000000,1769610808893000000,0.0
NonBlockingReadAction.finalizedExecutionsCount,1769610748894000000,1769610808893000000,0
AWTEventQueue.eventsDispatched,1769610748894000000,1769610808893000000,0
FlushQueue.queueSizeAvg,1769610748894000000,1769610808893000000,0.0
FlushQueue.executionTimeMaxNs,1769610748894000000,1769610808893000000,0
NonBlockingReadAction.finalizedExecutionTimeUs,1769610748894000000,1769610808893000000,0
NonBlockingReadAction.failedExecutionsCount,1769610748894000000,1769610808893000000,0
FlushQueue.queueSize90P,1769610748894000000,1769610808893000000,0
FlushQueue.waitingTime90PNs,1769610748894000000,1769610808893000000,0
AWTEventQueue.dispatchTime90PNs,1769610748894000000,1769610808893000000,0
FlushQueue.waitingTimeMaxNs,1769610748894000000,1769610808893000000,0
FlushQueue.executionTime90PNs,1769610748894000000,1769610808893000000,0
VFS.contentStorage.recordsUncompressedSize,1769610748894000000,1769610808893000000,0
VFS.fileByIdCache.misses,1769610748894000000,1769610808893000000,0
VFS.contentStorage.recordsReadDecompressed,1769610748894000000,1769610808893000000,0
VFS.contentStorage.recordsStoredSize,1769610748894000000,1769610808893000000,0
VFS.contentStorage.recordsReadSize,1769610748894000000,1769610808893000000,0
FileNameCache.queries,1769610748894000000,1769610808893000000,0
VFS.contentStorage.recordsDecompressionTimeUs,1769610748894000000,1769610808893000000,0
VFS.contentStorage.recordsDeduplicated,1769610748894000000,1769610808893000000,0
VFS.contentStorage.recordsRead,1769610748894000000,1769610808893000000,0
VFS.contentStorage.recordsStored,1769610748894000000,1769610808893000000,0
VFS.invertedFileNameIndex.requests,1769610748894000000,1769610808893000000,0
VFS.contentStorage.recordsStoredCompressed,1769610748894000000,1769610808893000000,0
VFS.fileChildByName,1769610748894000000,1769610808893000000,0
VFS.fileByIdCache.hits,1769610748894000000,1769610808893000000,0
FileNameCache.totalMisses,1769610748894000000,1769610808893000000,0
workspaceModel.global.apply.state.to.project.builder.ms,1769610748894000000,1769610808893000000,0
workspaceModel.mutableEntityStorage.changeLog.addReplaceEventForRemovedParent.ms,1769610748894000000,1769610808893000000,0
jps.apply.loaded.storage.ms,1769610748894000000,1769610808893000000,0
jps.global.handle.changed.events.ms,1769610748894000000,1769610808893000000,0
jps.global.initialize.library.bridges.ms,1769610748894000000,1769610808893000000,0
jps.facet.change.listener.init.bridge.ms,1769610748894000000,1769610808893000000,0
workspaceModel.moduleManagerBridge.new.nonPersistent.module.ms,1769610748894000000,1769610808893000000,0
workspaceModel.mutableEntityStorage.changeLog.addReplaceEventForRemovedChild.ms,1769610748894000000,1769610808893000000,0
jps.module.iml.entities.serializer.load.entities.ms,1769610748894000000,1769610808893000000,0
workspaceModel.mutableEntityStorage.referrers.ms,1769610748894000000,1769610808893000000,0
jps.library.entities.serializer.load.entities.ms,1769610748894000000,1769610808893000000,0
workspaceModel.global.updates.ms,1769610748894000000,1769610808893000000,0
jps.project.serializers.save.ms,1769610748894000000,1769610808893000000,0
jps.artifact.entities.serializer.save.entities.ms,1769610748894000000,1769610808893000000,0
workspaceModel.moduleBridge.facet.initialization.ms,1769610748894000000,1769610808893000000,0
jps.save.changed.project.entities.ms,1769610748894000000,1769610808893000000,0
workspaceModel.load.cache.metadata.from.file.ms,1769610748894000000,1769610808893000000,0
workspaceModel.mutableEntityStorage.changeLog.addReplaceEventForNewParent.ms,1769610748894000000,1769610808893000000,0
workspaceModel.mutableEntityStorage.mutable.ext.mapping.ms,1769610748894000000,1769610808893000000,0
workspaceModel.global.updates.count,1769610748894000000,1769610808893000000,0
jps.module.dependency.index.workspace.model.listener.on.changed.ms,1769610748894000000,1769610808893000000,0
workspaceModel.sync.entities.ms,1769610748894000000,1769610808893000000,0
jps.facet.change.listener.process.change.events.ms,1769610748894000000,1769610808893000000,0
jps.global.get.libraries.ms,1769610748894000000,1769610808893000000,0
jps.app.storage.content.writer.save.component.ms,1769610748894000000,1769610808893000000,0
workspaceModel.global.apply.state.to.project.ms,1769610748894000000,1769610808893000000,0
workspaceModel.mutableEntityStorage.has.same.entities.ms,1769610748894000000,1769610808893000000,0
workspaceModel.moduleBridge.update.option.ms,1769610748894000000,1769610808893000000,0
jps.library.entities.serializer.save.entities.ms,1769610748894000000,1769610808893000000,0
jps.global.handle.before.change.events.ms,1769610748894000000,1769610808893000000,0
workspaceModel.mutableEntityStorage.collect.changes.ms,1769610748894000000,1769610808893000000,0
workspaceModel.mutableEntityStorage.replace.by.source.ms,1769610748894000000,1769610808893000000,0
workspaceModel.mutableEntityStorage.entities.by.source.ms,1769610748894000000,1769610808893000000,0
workspaceModel.mutableEntityStorage.changeLog.addReplaceEventForNewChild.ms,1769610748894000000,1769610808893000000,0
workspaceModel.orphan.listener.update.ms,1769610748894000000,1769610808893000000,0
workspaceModel.mutableEntityStorage.apply.changes.from.ms,1769610748894000000,1769610808893000000,0
workspaceModel.mutableEntityStorage.resolve.ms,1769610748894000000,1769610808893000000,0
jps.global.get.library.by.name.ms,1769610748894000000,1769610808893000000,0
jps.save.global.entities.ms,1769610748894000000,1769610808893000000,0
workspaceModel.moduleBridge.before.changed.ms,1769610748894000000,1769610808893000000,0
jps.global.get.library.ms,1769610748894000000,1769610808893000000,0
workspaceModel.moduleManagerBridge.create.module.instance.ms,1769610748894000000,1769610808893000000,0
jps.storage.jps.conf.reader.load.component.ms,1769610748894000000,1769610808893000000,0
workspaceModel.mutableEntityStorage.to.snapshot.ms,1769610748894000000,1769610808893000000,0
workspaceModel.do.save.caches.ms,1769610748894000000,1769610808893000000,0
workspaceModel.moduleManagerBridge.build.module.graph.ms,1769610748894000000,1769610808893000000,0
jps.reload.project.entities.ms,1769610748894000000,1769610808893000000,0
workspaceModel.delayed.project.synchronizer.sync.ms,1769610748894000000,1769610808893000000,0
workspaceModel.mutableEntityStorage.entities.ms,1769610748894000000,1769610808893000000,0
workspaceModel.moduleBridgeLoader.loading.modules.ms,1769610748894000000,1769610808893000000,0
workspaceModel.mutableEntityStorage.remove.entity.ms,1769610748894000000,1769610808893000000,0
jps.global.initialize.library.bridges.after.loading.ms,1769610748894000000,1769610808893000000,0
workspaceModel.save.cache.to.file.ms,1769610748894000000,1769610808893000000,0
jps.load.project.to.empty.storage.ms,1769610748894000000,1769610808893000000,0
jps.project.serializers.load.ms,1769610748894000000,1769610808893000000,0
workspaceModel.moduleManagerBridge.set.unloadedModules.ms,1769610748894000000,1769610808893000000,0
workspaceModel.mutableEntityStorage.modify.entity.ms,1769610748894000000,1769610808893000000,0
jps.artifact.entities.serializer.load.entities.ms,1769610748894000000,1769610808893000000,0
workspaceModel.mutableEntityStorage.add.entity.ms,1769610748894000000,1769610808893000000,0
workspaceModel.moduleManagerBridge.newModule.ms,1769610748894000000,1769610808893000000,0
workspaceModel.moduleManagerBridge.load.module.ms,1769610748894000000,1769610808893000000,0
workspaceModel.moduleManagerBridge.load.all.modules.ms,1769610748894000000,1769610808893000000,0
jps.module.iml.entities.serializer.save.entities.ms,1769610748894000000,1769610808893000000,0
workspaceModel.mutableEntityStorage.put.entity.ms,1769610748894000000,1769610808893000000,0
workspaceModel.mutableEntityStorage.instances.count,1769610748894000000,1769610808893000000,0
jps.load.initial.state.ms,1769610748894000000,1769610808893000000,0
workspaceModel.mutableEntityStorage.mutable.vfurl.index.ms,1769610748894000000,1769610808893000000,0
workspaceModel.load.cache.from.file.ms,1769610748894000000,1769610808893000000,0
jps.app.storage.content.reader.load.component.ms,1769610748894000000,1769610808893000000,0
workspaceModel.moduleManagerBridge.get.modules.ms,1769610748894000000,1769610808893000000,0
jps.facet.change.listener.before.change.events.ms,1769610748894000000,1769610808893000000,0
workspaceModel.workspaceFileIndexData.getFileInfo.ms,1769610748894000000,1769610808893000000,0
workspaceModel.init.bridges.ms,1769610748894000000,1769610808893000000,0
workspaceModel.cachedValueWithParameters.calculated.count,1769610748894000000,1769610808893000000,0
workspaceModel.cachedValue.total.get.count,1769610748894000000,1769610808893000000,0
workspaceModel.workspaceFileIndexData.onEntitiesChanged.ms,1769610748894000000,1769610808893000000,0
workspaceModel.workspaceFileIndexData.visitFileSets.ms,1769610748894000000,1769610808893000000,0
workspaceModel.updates.ms,1769610748894000000,1769610808893000000,0
workspaceModel.cachedValue.calculated.count,1769610748894000000,1769610808893000000,0
workspaceModel.workspaceFileIndexData.instances.count,1769610748894000000,1769610808893000000,0
workspaceModel.workspaceFileIndexData.init.ms,1769610748894000000,1769610808893000000,0
workspaceModel.cachedValueWithParameters.total.get.count,1769610748894000000,1769610808893000000,0
workspaceModel.collect.changes.ms,1769610748894000000,1769610808893000000,0
workspaceModel.entityStorageSnapshotImpl.instances.count,1769610748894000000,1769610808893000000,0
workspaceModel.initializing.ms,1769610748894000000,1769610808893000000,0
workspaceModel.replace.project.model.ms,1769610748894000000,1769610808893000000,0
workspaceModel.workspaceFileIndexData.getPackageName.ms,1769610748894000000,1769610808893000000,0
workspaceModel.cachedValueWithParameters.clear.count,1769610748894000000,1769610808893000000,0
workspaceModel.pre.handlers.ms,1769610748894000000,1769610808893000000,0
workspaceModel.cachedValue.from.cache.count,1769610748894000000,1769610808893000000,0
workspaceModel.updates.count,1769610748894000000,1769610808893000000,0
workspaceModel.loading.from.cache.ms,1769610748894000000,1769610808893000000,0
workspaceModel.check.recursive.update.ms,1769610748894000000,1769610808893000000,0
workspaceModel.workspaceFileIndexData.getDirectoriesByPackageName.ms,1769610748894000000,1769610808893000000,0
workspaceModel.cachedValue.clear.count,1769610748894000000,1769610808893000000,0
workspaceModel.workspaceFileIndexContributor.registerFileSets.ms,1769610748894000000,1769610808893000000,0
workspaceModel.workspaceFileIndexData.updateDirtyEntities.ms,1769610748894000000,1769610808893000000,0
workspaceModel.on.before.changed.ms,1769610748894000000,1769610808893000000,0
workspaceModel.workspaceFileIndexData.processFileSets.ms,1769610748894000000,1769610808893000000,0
workspaceModel.workspaceFileIndexData.markDirty.ms,1769610748894000000,1769610808893000000,0
workspaceModel.loading.total.ms,1769610748894000000,1769610808893000000,0
workspaceModel.cachedValueWithParameters.from.cache.count,1769610748894000000,1769610808893000000,0
workspaceModel.full.replace.project.model.ms,1769610748894000000,1769610808893000000,0
workspaceModel.to.snapshot.ms,1769610748894000000,1769610808893000000,0
workspaceModel.on.changed.ms,1769610748894000000,1769610808893000000,0
workspaceModel.update.unloaded.entities.ms,1769610748894000000,1769610808893000000,0
workspaceModel.updates.precise.ms,1769610748894000000,1769610808893000000,0
cacheStateStorage.set.counter,1769610748894000000,1769610808893000000,0
cacheStateStorage.get.duration,1769610748894000000,1769610808893000000,0
cacheStateStorage.set.duration,1769610748894000000,1769610808893000000,0
cacheStateStorage.get.counter,1769610748894000000,1769610808893000000,0
writeAction.max.wait.ms,1769610748894000000,1769610808893000000,23
writeAction.count,1769610748894000000,1769610808893000000,1
writeAction.median.wait.ms,1769610748894000000,1769610808893000000,0
DiskQueryRelay.tasksRequested,1769610748894000000,1769610808893000000,0
DiskQueryRelay.tasksExecuted,1769610748894000000,1769610808893000000,0
DiskQueryRelay.taskWaitingTotalTimeUs,1769610748894000000,1769610808893000000,0
writeAction.wait.ms,1769610748894000000,1769610808893000000,0
DiskQueryRelay.taskExecutionTotalTimeUs,1769610748894000000,1769610808893000000,0
FilePageCache.uncachedFileAccess,1769610748894000000,1769610808893000000,0
FilePageCacheLockFree.totalPagesWriteMs,1769610748894000000,1769610808893000000,0
FilePageCacheLockFree.totalPagesAllocated,1769610748894000000,1769610808893000000,0
FilePageCacheLockFree.totalHeapBytesReclaimed,1769610748894000000,1769610808893000000,0
DirectByteBufferAllocator.totalSizeOfBuffersAllocatedInBytes,1769610748894000000,1769610808893000000,179372032
StorageLockContext.competingThreads.avg,1769610748894000000,1769610808893000000,0.0
DirectByteBufferAllocator.totalSizeOfBuffersCachedInBytes,1769610748894000000,1769610808893000000,0
FilePageCache.pageFastCacheHits,1769610748894000000,1769610808893000000,0
DirectByteBufferAllocator.reclaimed,1769610748894000000,1769610808893000000,0
FileChannelInterruptsRetryer.totalRetriedAttempts,1769610748894000000,1769610808893000000,0
MappedFileStorage.totalBytesMapped,1769610748894000000,1769610808893000000,273940480
StreamlinedBlobStorage.totalLiveRecordsPayloadBytes,1769610748894000000,1769610808893000000,0
FilePageCacheLockFree.totalPageAllocationsWaited,1769610748894000000,1769610808893000000,0
FilePageCacheLockFree.totalNativeBytesReclaimed,1769610748894000000,1769610808893000000,0
MappedFileStorage.totalTimeSpentOnMappingUs,1769610748894000000,1769610808893000000,11057
StorageLockContext.competingThreads.90P,1769610748894000000,1769610808893000000,0
FilePageCacheLockFree.totalPagesWritten,1769610748894000000,1769610808893000000,0
DirectByteBufferAllocator.hits,1769610748894000000,1769610808893000000,0
FilePageCacheLockFree.totalClosedStoragesReclaimed,1769610748894000000,1769610808893000000,0
FilePageCacheLockFree.nativeBytesInUse,1769610748894000000,1769610808893000000,0
FilePageCacheLockFree.totalHeapBytesAllocated,1769610748894000000,1769610808893000000,0
FilePageCacheLockFree.totalPagesRequested,1769610748894000000,1769610808893000000,0
StorageLockContext.competingThreads.max,1769610748894000000,1769610808893000000,0
MappedFileStorage.storages,1769610748894000000,1769610808893000000,15
FilePageCacheLockFree.totalPagesHandedOver,1769610748894000000,1769610808893000000,0
FilePageCache.disposedBuffers,1769610748894000000,1769610808893000000,0
FilePageCacheLockFree.totalBytesRequested,1769610748894000000,1769610808893000000,0
FilePageCache.totalPageDisposalsUs,1769610748894000000,1769610808893000000,0
FilePageCacheLockFree.heapBytesInUse,1769610748894000000,1769610808893000000,0
FilePageCacheLockFree.totalPagesReadMs,1769610748894000000,1769610808893000000,0
FilePageCacheLockFree.housekeeperTurnsDone,1769610748894000000,1769610808893000000,0
DirectByteBufferAllocator.disposed,1769610748894000000,1769610808893000000,0
FilePageCache.pageLoads,1769610748894000000,1769610808893000000,0
FilePageCacheLockFree.totalNativeBytesAllocated,1769610748894000000,1769610808893000000,0
FilePageCacheLockFree.totalPagesReclaimed,1769610748894000000,1769610808893000000,0
FilePageCache.capacityInBytes,1769610748894000000,1769610808893000000,503316478
StreamlinedBlobStorage.recordsAllocated,1769610748894000000,1769610808893000000,0
FilePageCacheLockFree.totalBytesRead,1769610748894000000,1769610808893000000,0
StreamlinedBlobStorage.recordsDeleted,1769610748894000000,1769610808893000000,0
FilePageCache.pageHits,1769610748894000000,1769610808893000000,0
FilePageCache.maxRegisteredFiles,1769610748894000000,1769610808893000000,252
StreamlinedBlobStorage.totalLiveRecordsCapacityBytes,1769610748894000000,1769610808893000000,0
FilePageCacheLockFree.totalPagesRequestsMs,1769610748894000000,1769610808893000000,0
FilePageCacheLockFree.housekeeperTurnsSkipped,1769610748894000000,1769610808893000000,0
MappedFileStorage.totalPagesMapped,1769610748894000000,1769610808893000000,21
FilePageCache.pageLoadsAboveSizeThreshold,1769610748894000000,1769610808893000000,0
FilePageCacheLockFree.totalBytesWritten,1769610748894000000,1769610808893000000,0
FilePageCache.maxCacheSizeInBytes,1769610748894000000,1769610808893000000,179372032
FilePageCache.totalPageLoadsUs,1769610748894000000,1769610808893000000,0
DirectByteBufferAllocator.misses,1769610748894000000,1769610808893000000,0
StreamlinedBlobStorage.recordsRelocated,1769610748894000000,1769610808893000000,0
FilePageCacheLockFree.housekeeperTimeSpentMs,1769610748894000000,1769610808893000000,0
Indexing.cache.totalCacheEvicted,1769610808893000000,1769610868894000000,20
Indexing.writesQueuedMax,1769610808893000000,1769610868894000000,0
Indexes.stubs.lookups,1769610808893000000,1769610868894000000,0
Indexing.writer_2.totalTimeSpentWritingMs,1769610808893000000,1769610868894000000,0
Indexing.writer_3.totalTimeSpentWritingMs,1769610808893000000,1769610868894000000,0
Indexes.allKeys.lookupDurationMaxMs,1769610808893000000,1769610868894000000,0.0
Indexes.entries.lookupDurationMaxMs,1769610808893000000,1769610868894000000,0.0
Indexing.writer_1.totalTimeSpentWritingMs,1769610808893000000,1769610868894000000,0
Indexing.writer_0.totalTimeSpentWritingMs,1769610808893000000,1769610868894000000,0
Indexes.allKeys.lookups,1769610808893000000,1769610868894000000,0
Indexes.entries.lookups,1769610808893000000,1769610868894000000,25
Indexing.cache.totalCacheAccesses,1769610808893000000,1769610868894000000,72
Indexes.entries.lookupDuration90PMs,1769610808893000000,1769610868894000000,0.0
IndexesFlusher.totalFlushingTimeUs,1769610808893000000,1769610868894000000,34765
Indexing.totalTimeIndexersSleptMs,1769610808893000000,1769610868894000000,0
IndexesFlusher.totalContentionQuotaSpent,1769610808893000000,1769610868894000000,0
Indexes.allKeys.lookupDuration90PMs,1769610808893000000,1769610868894000000,0.0
Indexes.entries.lookupDurationAvgMs,1769610808893000000,1769610868894000000,0.0
IndexesFlusher.totalFlushes,1769610808893000000,1769610868894000000,120
Indexes.stubs.lookupDurationMaxMs,1769610808893000000,1769610868894000000,0.0
Indexes.stubs.lookupDuration90PMs,1769610808893000000,1769610868894000000,0.0
Indexing.cache.totalCacheMisses,1769610808893000000,1769610868894000000,20
Indexes.stubs.lookupDurationAvgMs,1769610808893000000,1769610868894000000,0.0
IndexesFlusher.totalFlushesRetried,1769610808893000000,1769610868894000000,0
Indexes.allKeys.lookupDurationAvgMs,1769610808893000000,1769610868894000000,0.0
Indexing.writesQueuedMin,1769610808893000000,1769610868894000000,9223372036854775807
JVM.maxThreadCount,1769610808893000000,1769610868894000000,148
JVM.GC.collectionTimesMs,1769610808893000000,1769610868894000000,15
JVM.GC.collections,1769610808893000000,1769610868894000000,3
OS.loadAverage,1769610808893000000,1769610868894000000,1.36865234375
JVM.totalSafepointCount,1769610808893000000,1769610868894000000,26
JVM.threadCount,1769610808893000000,1769610868894000000,75
JVM.totalTimeAtSafepointsMs,1769610808893000000,1769610868894000000,17
JVM.newThreadsCount,1769610808893000000,1769610868894000000,20
JVM.totalBytesAllocated,1769610808893000000,1769610868894000000,827286784
JVM.totalCpuTimeMs,1769610808893000000,1769610868894000000,6440
JVM.usedNativeBytes,1769610808893000000,1769610868894000000,463299552
JVM.maxHeapBytes,1769610808893000000,1769610868894000000,4196401152
JVM.totalDirectByteBuffersBytes,1769610808893000000,1769610868894000000,180295364
JVM.totalTimeToSafepointsMs,1769610808893000000,1769610868894000000,1
JVM.usedHeapBytes,1769610808893000000,1769610868894000000,1082417288
AWTEventQueue.dispatchTimeTotalNS,1769610808893000000,1769610868894000000,2404247346
FlushQueue.executionTimeAvgNs,1769610808893000000,1769610868894000000,0.0
NonBlockingReadAction.failedExecutionTimeUs,1769610808893000000,1769610868894000000,0
FlushQueue.queueSizeMax,1769610808893000000,1769610868894000000,0
ReadAction.executionsCount,1769610808893000000,1769610868894000000,468852
FlushQueue.waitingTimeAvgNs,1769610808893000000,1769610868894000000,0.0
AWTEventQueue.dispatchTimeMaxNs,1769610808893000000,1769610868894000000,0
FlushQueue.tasksExecuted,1769610808893000000,1769610868894000000,0
WriteAction.executionsCount,1769610808893000000,1769610868894000000,0
AWTEventQueue.dispatchTimeAvgNs,1769610808893000000,1769610868894000000,0.0
NonBlockingReadAction.finalizedExecutionsCount,1769610808893000000,1769610868894000000,754
AWTEventQueue.eventsDispatched,1769610808893000000,1769610868894000000,0
FlushQueue.queueSizeAvg,1769610808893000000,1769610868894000000,0.0
FlushQueue.executionTimeMaxNs,1769610808893000000,1769610868894000000,0
NonBlockingReadAction.finalizedExecutionTimeUs,1769610808893000000,1769610868894000000,46306
NonBlockingReadAction.failedExecutionsCount,1769610808893000000,1769610868894000000,0
FlushQueue.queueSize90P,1769610808893000000,1769610868894000000,0
FlushQueue.waitingTime90PNs,1769610808893000000,1769610868894000000,0
AWTEventQueue.dispatchTime90PNs,1769610808893000000,1769610868894000000,0
FlushQueue.waitingTimeMaxNs,1769610808893000000,1769610868894000000,0
FlushQueue.executionTime90PNs,1769610808893000000,1769610868894000000,0
VFS.contentStorage.recordsUncompressedSize,1769610808893000000,1769610868894000000,54731
VFS.fileByIdCache.misses,1769610808893000000,1769610868894000000,2179
VFS.contentStorage.recordsReadDecompressed,1769610808893000000,1769610868894000000,6
VFS.contentStorage.recordsStoredSize,1769610808893000000,1769610868894000000,30025
VFS.contentStorage.recordsReadSize,1769610808893000000,1769610868894000000,245452
FileNameCache.queries,1769610808893000000,1769610868894000000,779712
VFS.contentStorage.recordsDecompressionTimeUs,1769610808893000000,1769610868894000000,1335
VFS.contentStorage.recordsDeduplicated,1769610808893000000,1769610868894000000,1
VFS.contentStorage.recordsRead,1769610808893000000,1769610868894000000,26
VFS.contentStorage.recordsStored,1769610808893000000,1769610868894000000,5
VFS.invertedFileNameIndex.requests,1769610808893000000,1769610868894000000,0
VFS.contentStorage.recordsStoredCompressed,1769610808893000000,1769610868894000000,2
VFS.fileChildByName,1769610808893000000,1769610868894000000,51848
VFS.fileByIdCache.hits,1769610808893000000,1769610868894000000,0
FileNameCache.totalMisses,1769610808893000000,1769610868894000000,0
workspaceModel.global.apply.state.to.project.builder.ms,1769610808893000000,1769610868894000000,0
workspaceModel.mutableEntityStorage.changeLog.addReplaceEventForRemovedParent.ms,1769610808893000000,1769610868894000000,0
jps.apply.loaded.storage.ms,1769610808893000000,1769610868894000000,0
jps.global.handle.changed.events.ms,1769610808893000000,1769610868894000000,0
jps.global.initialize.library.bridges.ms,1769610808893000000,1769610868894000000,0
jps.facet.change.listener.init.bridge.ms,1769610808893000000,1769610868894000000,0
workspaceModel.moduleManagerBridge.new.nonPersistent.module.ms,1769610808893000000,1769610868894000000,0
workspaceModel.mutableEntityStorage.changeLog.addReplaceEventForRemovedChild.ms,1769610808893000000,1769610868894000000,0
jps.module.iml.entities.serializer.load.entities.ms,1769610808893000000,1769610868894000000,0
workspaceModel.mutableEntityStorage.referrers.ms,1769610808893000000,1769610868894000000,0
jps.library.entities.serializer.load.entities.ms,1769610808893000000,1769610868894000000,0
workspaceModel.global.updates.ms,1769610808893000000,1769610868894000000,0
jps.project.serializers.save.ms,1769610808893000000,1769610868894000000,0
jps.artifact.entities.serializer.save.entities.ms,1769610808893000000,1769610868894000000,0
workspaceModel.moduleBridge.facet.initialization.ms,1769610808893000000,1769610868894000000,0
jps.save.changed.project.entities.ms,1769610808893000000,1769610868894000000,0
workspaceModel.load.cache.metadata.from.file.ms,1769610808893000000,1769610868894000000,0
workspaceModel.mutableEntityStorage.changeLog.addReplaceEventForNewParent.ms,1769610808893000000,1769610868894000000,0
workspaceModel.mutableEntityStorage.mutable.ext.mapping.ms,1769610808893000000,1769610868894000000,0
workspaceModel.global.updates.count,1769610808893000000,1769610868894000000,0
jps.module.dependency.index.workspace.model.listener.on.changed.ms,1769610808893000000,1769610868894000000,0
workspaceModel.sync.entities.ms,1769610808893000000,1769610868894000000,0
jps.facet.change.listener.process.change.events.ms,1769610808893000000,1769610868894000000,0
jps.global.get.libraries.ms,1769610808893000000,1769610868894000000,0
jps.app.storage.content.writer.save.component.ms,1769610808893000000,1769610868894000000,0
workspaceModel.global.apply.state.to.project.ms,1769610808893000000,1769610868894000000,0
workspaceModel.mutableEntityStorage.has.same.entities.ms,1769610808893000000,1769610868894000000,0
workspaceModel.moduleBridge.update.option.ms,1769610808893000000,1769610868894000000,0
jps.library.entities.serializer.save.entities.ms,1769610808893000000,1769610868894000000,0
jps.global.handle.before.change.events.ms,1769610808893000000,1769610868894000000,0
workspaceModel.mutableEntityStorage.collect.changes.ms,1769610808893000000,1769610868894000000,0
workspaceModel.mutableEntityStorage.replace.by.source.ms,1769610808893000000,1769610868894000000,0
workspaceModel.mutableEntityStorage.entities.by.source.ms,1769610808893000000,1769610868894000000,0
workspaceModel.mutableEntityStorage.changeLog.addReplaceEventForNewChild.ms,1769610808893000000,1769610868894000000,0
workspaceModel.orphan.listener.update.ms,1769610808893000000,1769610868894000000,0
workspaceModel.mutableEntityStorage.apply.changes.from.ms,1769610808893000000,1769610868894000000,0
workspaceModel.mutableEntityStorage.resolve.ms,1769610808893000000,1769610868894000000,0
jps.global.get.library.by.name.ms,1769610808893000000,1769610868894000000,0
jps.save.global.entities.ms,1769610808893000000,1769610868894000000,0
workspaceModel.moduleBridge.before.changed.ms,1769610808893000000,1769610868894000000,0
jps.global.get.library.ms,1769610808893000000,1769610868894000000,0
workspaceModel.moduleManagerBridge.create.module.instance.ms,1769610808893000000,1769610868894000000,0
jps.storage.jps.conf.reader.load.component.ms,1769610808893000000,1769610868894000000,0
workspaceModel.mutableEntityStorage.to.snapshot.ms,1769610808893000000,1769610868894000000,0
workspaceModel.do.save.caches.ms,1769610808893000000,1769610868894000000,0
workspaceModel.moduleManagerBridge.build.module.graph.ms,1769610808893000000,1769610868894000000,0
jps.reload.project.entities.ms,1769610808893000000,1769610868894000000,0
workspaceModel.delayed.project.synchronizer.sync.ms,1769610808893000000,1769610868894000000,0
workspaceModel.mutableEntityStorage.entities.ms,1769610808893000000,1769610868894000000,0
workspaceModel.moduleBridgeLoader.loading.modules.ms,1769610808893000000,1769610868894000000,0
workspaceModel.mutableEntityStorage.remove.entity.ms,1769610808893000000,1769610868894000000,0
jps.global.initialize.library.bridges.after.loading.ms,1769610808893000000,1769610868894000000,0
workspaceModel.save.cache.to.file.ms,1769610808893000000,1769610868894000000,0
jps.load.project.to.empty.storage.ms,1769610808893000000,1769610868894000000,0
jps.project.serializers.load.ms,1769610808893000000,1769610868894000000,0
workspaceModel.moduleManagerBridge.set.unloadedModules.ms,1769610808893000000,1769610868894000000,0
workspaceModel.mutableEntityStorage.modify.entity.ms,1769610808893000000,1769610868894000000,0
jps.artifact.entities.serializer.load.entities.ms,1769610808893000000,1769610868894000000,0
workspaceModel.mutableEntityStorage.add.entity.ms,1769610808893000000,1769610868894000000,0
workspaceModel.moduleManagerBridge.newModule.ms,1769610808893000000,1769610868894000000,0
workspaceModel.moduleManagerBridge.load.module.ms,1769610808893000000,1769610868894000000,0
workspaceModel.moduleManagerBridge.load.all.modules.ms,1769610808893000000,1769610868894000000,0
jps.module.iml.entities.serializer.save.entities.ms,1769610808893000000,1769610868894000000,0
workspaceModel.mutableEntityStorage.put.entity.ms,1769610808893000000,1769610868894000000,0
workspaceModel.mutableEntityStorage.instances.count,1769610808893000000,1769610868894000000,0
jps.load.initial.state.ms,1769610808893000000,1769610868894000000,0
workspaceModel.mutableEntityStorage.mutable.vfurl.index.ms,1769610808893000000,1769610868894000000,0
workspaceModel.load.cache.from.file.ms,1769610808893000000,1769610868894000000,0
jps.app.storage.content.reader.load.component.ms,1769610808893000000,1769610868894000000,0
workspaceModel.moduleManagerBridge.get.modules.ms,1769610808893000000,1769610868894000000,0
jps.facet.change.listener.before.change.events.ms,1769610808893000000,1769610868894000000,0
workspaceModel.workspaceFileIndexData.getFileInfo.ms,1769610808893000000,1769610868894000000,25
workspaceModel.init.bridges.ms,1769610808893000000,1769610868894000000,0
workspaceModel.cachedValueWithParameters.calculated.count,1769610808893000000,1769610868894000000,0
workspaceModel.cachedValue.total.get.count,1769610808893000000,1769610868894000000,5199
workspaceModel.workspaceFileIndexData.onEntitiesChanged.ms,1769610808893000000,1769610868894000000,0
workspaceModel.workspaceFileIndexData.visitFileSets.ms,1769610808893000000,1769610868894000000,0
workspaceModel.updates.ms,1769610808893000000,1769610868894000000,0
workspaceModel.cachedValue.calculated.count,1769610808893000000,1769610868894000000,0
workspaceModel.workspaceFileIndexData.instances.count,1769610808893000000,1769610868894000000,0
workspaceModel.workspaceFileIndexData.init.ms,1769610808893000000,1769610868894000000,0
workspaceModel.cachedValueWithParameters.total.get.count,1769610808893000000,1769610868894000000,0
workspaceModel.collect.changes.ms,1769610808893000000,1769610868894000000,0
workspaceModel.entityStorageSnapshotImpl.instances.count,1769610808893000000,1769610868894000000,0
workspaceModel.initializing.ms,1769610808893000000,1769610868894000000,0
workspaceModel.replace.project.model.ms,1769610808893000000,1769610868894000000,0
workspaceModel.workspaceFileIndexData.getPackageName.ms,1769610808893000000,1769610868894000000,0
workspaceModel.cachedValueWithParameters.clear.count,1769610808893000000,1769610868894000000,0
workspaceModel.pre.handlers.ms,1769610808893000000,1769610868894000000,0
workspaceModel.cachedValue.from.cache.count,1769610808893000000,1769610868894000000,5199
workspaceModel.updates.count,1769610808893000000,1769610868894000000,0
workspaceModel.loading.from.cache.ms,1769610808893000000,1769610868894000000,0
workspaceModel.check.recursive.update.ms,1769610808893000000,1769610868894000000,0
workspaceModel.workspaceFileIndexData.getDirectoriesByPackageName.ms,1769610808893000000,1769610868894000000,0
workspaceModel.cachedValue.clear.count,1769610808893000000,1769610868894000000,0
workspaceModel.workspaceFileIndexContributor.registerFileSets.ms,1769610808893000000,1769610868894000000,0
workspaceModel.workspaceFileIndexData.updateDirtyEntities.ms,1769610808893000000,1769610868894000000,0
workspaceModel.on.before.changed.ms,1769610808893000000,1769610868894000000,0
workspaceModel.workspaceFileIndexData.processFileSets.ms,1769610808893000000,1769610868894000000,0
workspaceModel.workspaceFileIndexData.markDirty.ms,1769610808893000000,1769610868894000000,0
workspaceModel.loading.total.ms,1769610808893000000,1769610868894000000,0
workspaceModel.cachedValueWithParameters.from.cache.count,1769610808893000000,1769610868894000000,0
workspaceModel.full.replace.project.model.ms,1769610808893000000,1769610868894000000,0
workspaceModel.to.snapshot.ms,1769610808893000000,1769610868894000000,0
workspaceModel.on.changed.ms,1769610808893000000,1769610868894000000,0
workspaceModel.update.unloaded.entities.ms,1769610808893000000,1769610868894000000,0
workspaceModel.updates.precise.ms,1769610808893000000,1769610868894000000,0
cacheStateStorage.set.counter,1769610808893000000,1769610868894000000,0
cacheStateStorage.get.duration,1769610808893000000,1769610868894000000,2
cacheStateStorage.set.duration,1769610808893000000,1769610868894000000,0
cacheStateStorage.get.counter,1769610808893000000,1769610868894000000,1
writeAction.max.wait.ms,1769610808893000000,1769610868894000000,23
lexer.Python.size.bytes,1769610808893000000,1769610868894000000,84199
writeAction.count,1769610808893000000,1769610868894000000,0
parser.Python.size.bytes,1769610808893000000,1769610868894000000,84199
writeAction.median.wait.ms,1769610808893000000,1769610868894000000,0
DiskQueryRelay.tasksRequested,1769610808893000000,1769610868894000000,52
lexer.Python.time.ns,1769610808893000000,1769610868894000000,19751026
DiskQueryRelay.tasksExecuted,1769610808893000000,1769610868894000000,51
DiskQueryRelay.taskWaitingTotalTimeUs,1769610808893000000,1769610868894000000,1684
writeAction.wait.ms,1769610808893000000,1769610868894000000,0
parser.Python.time.ns,1769610808893000000,1769610868894000000,24435485
DiskQueryRelay.taskExecutionTotalTimeUs,1769610808893000000,1769610868894000000,1085
FilePageCache.uncachedFileAccess,1769610808893000000,1769610868894000000,0
FilePageCacheLockFree.totalPagesWriteMs,1769610808893000000,1769610868894000000,0
FilePageCacheLockFree.totalPagesAllocated,1769610808893000000,1769610868894000000,0
FilePageCacheLockFree.totalHeapBytesReclaimed,1769610808893000000,1769610868894000000,0
DirectByteBufferAllocator.totalSizeOfBuffersAllocatedInBytes,1769610808893000000,1769610868894000000,179372032
StorageLockContext.competingThreads.avg,1769610808893000000,1769610868894000000,0.0
DirectByteBufferAllocator.totalSizeOfBuffersCachedInBytes,1769610808893000000,1769610868894000000,0
FilePageCache.pageFastCacheHits,1769610808893000000,1769610868894000000,52
DirectByteBufferAllocator.reclaimed,1769610808893000000,1769610868894000000,0
FileChannelInterruptsRetryer.totalRetriedAttempts,1769610808893000000,1769610868894000000,0
MappedFileStorage.totalBytesMapped,1769610808893000000,1769610868894000000,273940480
StreamlinedBlobStorage.totalLiveRecordsPayloadBytes,1769610808893000000,1769610868894000000,0
FilePageCacheLockFree.totalPageAllocationsWaited,1769610808893000000,1769610868894000000,0
FilePageCacheLockFree.totalNativeBytesReclaimed,1769610808893000000,1769610868894000000,0
MappedFileStorage.totalTimeSpentOnMappingUs,1769610808893000000,1769610868894000000,11057
StorageLockContext.competingThreads.90P,1769610808893000000,1769610868894000000,0
FilePageCacheLockFree.totalPagesWritten,1769610808893000000,1769610868894000000,0
DirectByteBufferAllocator.hits,1769610808893000000,1769610868894000000,0
FilePageCacheLockFree.totalClosedStoragesReclaimed,1769610808893000000,1769610868894000000,0
FilePageCacheLockFree.nativeBytesInUse,1769610808893000000,1769610868894000000,0
FilePageCacheLockFree.totalHeapBytesAllocated,1769610808893000000,1769610868894000000,0
FilePageCacheLockFree.totalPagesRequested,1769610808893000000,1769610868894000000,0
StorageLockContext.competingThreads.max,1769610808893000000,1769610868894000000,0
MappedFileStorage.storages,1769610808893000000,1769610868894000000,15
FilePageCacheLockFree.totalPagesHandedOver,1769610808893000000,1769610868894000000,0
FilePageCache.disposedBuffers,1769610808893000000,1769610868894000000,0
FilePageCacheLockFree.totalBytesRequested,1769610808893000000,1769610868894000000,0
FilePageCache.totalPageDisposalsUs,1769610808893000000,1769610868894000000,0
FilePageCacheLockFree.heapBytesInUse,1769610808893000000,1769610868894000000,0
FilePageCacheLockFree.totalPagesReadMs,1769610808893000000,1769610868894000000,0
FilePageCacheLockFree.housekeeperTurnsDone,1769610808893000000,1769610868894000000,0
DirectByteBufferAllocator.disposed,1769610808893000000,1769610868894000000,0
FilePageCache.pageLoads,1769610808893000000,1769610868894000000,0
FilePageCacheLockFree.totalNativeBytesAllocated,1769610808893000000,1769610868894000000,0
FilePageCacheLockFree.totalPagesReclaimed,1769610808893000000,1769610868894000000,0
FilePageCache.capacityInBytes,1769610808893000000,1769610868894000000,503316478
StreamlinedBlobStorage.recordsAllocated,1769610808893000000,1769610868894000000,0
FilePageCacheLockFree.totalBytesRead,1769610808893000000,1769610868894000000,0
StreamlinedBlobStorage.recordsDeleted,1769610808893000000,1769610868894000000,0
FilePageCache.pageHits,1769610808893000000,1769610868894000000,3
FilePageCache.maxRegisteredFiles,1769610808893000000,1769610868894000000,252
StreamlinedBlobStorage.totalLiveRecordsCapacityBytes,1769610808893000000,1769610868894000000,0
FilePageCacheLockFree.totalPagesRequestsMs,1769610808893000000,1769610868894000000,0
FilePageCacheLockFree.housekeeperTurnsSkipped,1769610808893000000,1769610868894000000,0
MappedFileStorage.totalPagesMapped,1769610808893000000,1769610868894000000,21
FilePageCache.pageLoadsAboveSizeThreshold,1769610808893000000,1769610868894000000,0
FilePageCacheLockFree.totalBytesWritten,1769610808893000000,1769610868894000000,0
FilePageCache.maxCacheSizeInBytes,1769610808893000000,1769610868894000000,179372032
FilePageCache.totalPageLoadsUs,1769610808893000000,1769610868894000000,0
DirectByteBufferAllocator.misses,1769610808893000000,1769610868894000000,0
StreamlinedBlobStorage.recordsRelocated,1769610808893000000,1769610868894000000,0
FilePageCacheLockFree.housekeeperTimeSpentMs,1769610808893000000,1769610868894000000,0
Indexing.cache.totalCacheEvicted,1769610868894000000,1769610928893000000,8
Indexing.writesQueuedMax,1769610868894000000,1769610928893000000,0
Indexes.stubs.lookups,1769610868894000000,1769610928893000000,0
Indexing.writer_2.totalTimeSpentWritingMs,1769610868894000000,1769610928893000000,0
Indexing.writer_3.totalTimeSpentWritingMs,1769610868894000000,1769610928893000000,0
Indexes.allKeys.lookupDurationMaxMs,1769610868894000000,1769610928893000000,0.0
Indexes.entries.lookupDurationMaxMs,1769610868894000000,1769610928893000000,0.0
Indexing.writer_1.totalTimeSpentWritingMs,1769610868894000000,1769610928893000000,0
Indexing.writer_0.totalTimeSpentWritingMs,1769610868894000000,1769610928893000000,0
Indexes.allKeys.lookups,1769610868894000000,1769610928893000000,0
Indexes.entries.lookups,1769610868894000000,1769610928893000000,0
Indexing.cache.totalCacheAccesses,1769610868894000000,1769610928893000000,9
Indexes.entries.lookupDuration90PMs,1769610868894000000,1769610928893000000,0.0
IndexesFlusher.totalFlushingTimeUs,1769610868894000000,1769610928893000000,32269
Indexing.totalTimeIndexersSleptMs,1769610868894000000,1769610928893000000,0
IndexesFlusher.totalContentionQuotaSpent,1769610868894000000,1769610928893000000,0
Indexes.allKeys.lookupDuration90PMs,1769610868894000000,1769610928893000000,0.0
Indexes.entries.lookupDurationAvgMs,1769610868894000000,1769610928893000000,0.0
IndexesFlusher.totalFlushes,1769610868894000000,1769610928893000000,120
Indexes.stubs.lookupDurationMaxMs,1769610868894000000,1769610928893000000,0.0
Indexes.stubs.lookupDuration90PMs,1769610868894000000,1769610928893000000,0.0
Indexing.cache.totalCacheMisses,1769610868894000000,1769610928893000000,9
Indexes.stubs.lookupDurationAvgMs,1769610868894000000,1769610928893000000,0.0
IndexesFlusher.totalFlushesRetried,1769610868894000000,1769610928893000000,0
Indexes.allKeys.lookupDurationAvgMs,1769610868894000000,1769610928893000000,0.0
Indexing.writesQueuedMin,1769610868894000000,1769610928893000000,9223372036854775807
JVM.maxThreadCount,1769610868894000000,1769610928893000000,148
JVM.GC.collectionTimesMs,1769610868894000000,1769610928893000000,23
JVM.GC.collections,1769610868894000000,1769610928893000000,2
OS.loadAverage,1769610868894000000,1769610928893000000,1.384765625
JVM.totalSafepointCount,1769610868894000000,1769610928893000000,30
JVM.threadCount,1769610868894000000,1769610928893000000,75
JVM.totalTimeAtSafepointsMs,1769610868894000000,1769610928893000000,24
JVM.newThreadsCount,1769610868894000000,1769610928893000000,0
JVM.totalBytesAllocated,1769610868894000000,1769610928893000000,750433136
JVM.totalCpuTimeMs,1769610868894000000,1769610928893000000,5620
JVM.usedNativeBytes,1769610868894000000,1769610928893000000,466068288
JVM.maxHeapBytes,1769610868894000000,1769610928893000000,4196401152
JVM.totalDirectByteBuffersBytes,1769610868894000000,1769610928893000000,180372642
JVM.totalTimeToSafepointsMs,1769610868894000000,1769610928893000000,1
JVM.usedHeapBytes,1769610868894000000,1769610928893000000,752572720
AWTEventQueue.dispatchTimeTotalNS,1769610868894000000,1769610928893000000,3504060172
FlushQueue.executionTimeAvgNs,1769610868894000000,1769610928893000000,0.0
NonBlockingReadAction.failedExecutionTimeUs,1769610868894000000,1769610928893000000,0
FlushQueue.queueSizeMax,1769610868894000000,1769610928893000000,0
ReadAction.executionsCount,1769610868894000000,1769610928893000000,771446
FlushQueue.waitingTimeAvgNs,1769610868894000000,1769610928893000000,0.0
AWTEventQueue.dispatchTimeMaxNs,1769610868894000000,1769610928893000000,0
FlushQueue.tasksExecuted,1769610868894000000,1769610928893000000,0
WriteAction.executionsCount,1769610868894000000,1769610928893000000,1
AWTEventQueue.dispatchTimeAvgNs,1769610868894000000,1769610928893000000,0.0
NonBlockingReadAction.finalizedExecutionsCount,1769610868894000000,1769610928893000000,737
AWTEventQueue.eventsDispatched,1769610868894000000,1769610928893000000,0
FlushQueue.queueSizeAvg,1769610868894000000,1769610928893000000,0.0
FlushQueue.executionTimeMaxNs,1769610868894000000,1769610928893000000,0
NonBlockingReadAction.finalizedExecutionTimeUs,1769610868894000000,1769610928893000000,26400
NonBlockingReadAction.failedExecutionsCount,1769610868894000000,1769610928893000000,0
FlushQueue.queueSize90P,1769610868894000000,1769610928893000000,0
FlushQueue.waitingTime90PNs,1769610868894000000,1769610928893000000,0
AWTEventQueue.dispatchTime90PNs,1769610868894000000,1769610928893000000,0
FlushQueue.waitingTimeMaxNs,1769610868894000000,1769610928893000000,0
FlushQueue.executionTime90PNs,1769610868894000000,1769610928893000000,0
VFS.contentStorage.recordsUncompressedSize,1769610868894000000,1769610928893000000,121611
VFS.fileByIdCache.misses,1769610868894000000,1769610928893000000,0
VFS.contentStorage.recordsReadDecompressed,1769610868894000000,1769610928893000000,0
VFS.contentStorage.recordsStoredSize,1769610868894000000,1769610928893000000,45372
VFS.contentStorage.recordsReadSize,1769610868894000000,1769610928893000000,138
FileNameCache.queries,1769610868894000000,1769610928893000000,28928
VFS.contentStorage.recordsDecompressionTimeUs,1769610868894000000,1769610928893000000,0
VFS.contentStorage.recordsDeduplicated,1769610868894000000,1769610928893000000,0
VFS.contentStorage.recordsRead,1769610868894000000,1769610928893000000,1
VFS.contentStorage.recordsStored,1769610868894000000,1769610928893000000,6
VFS.invertedFileNameIndex.requests,1769610868894000000,1769610928893000000,0
VFS.contentStorage.recordsStoredCompressed,1769610868894000000,1769610928893000000,6
VFS.fileChildByName,1769610868894000000,1769610928893000000,6256
VFS.fileByIdCache.hits,1769610868894000000,1769610928893000000,0
FileNameCache.totalMisses,1769610868894000000,1769610928893000000,0
workspaceModel.global.apply.state.to.project.builder.ms,1769610868894000000,1769610928893000000,0
workspaceModel.mutableEntityStorage.changeLog.addReplaceEventForRemovedParent.ms,1769610868894000000,1769610928893000000,0
jps.apply.loaded.storage.ms,1769610868894000000,1769610928893000000,0
jps.global.handle.changed.events.ms,1769610868894000000,1769610928893000000,0
jps.global.initialize.library.bridges.ms,1769610868894000000,1769610928893000000,0
jps.facet.change.listener.init.bridge.ms,1769610868894000000,1769610928893000000,0
workspaceModel.moduleManagerBridge.new.nonPersistent.module.ms,1769610868894000000,1769610928893000000,0
workspaceModel.mutableEntityStorage.changeLog.addReplaceEventForRemovedChild.ms,1769610868894000000,1769610928893000000,0
jps.module.iml.entities.serializer.load.entities.ms,1769610868894000000,1769610928893000000,0
workspaceModel.mutableEntityStorage.referrers.ms,1769610868894000000,1769610928893000000,0
jps.library.entities.serializer.load.entities.ms,1769610868894000000,1769610928893000000,0
workspaceModel.global.updates.ms,1769610868894000000,1769610928893000000,0
jps.project.serializers.save.ms,1769610868894000000,1769610928893000000,1
jps.artifact.entities.serializer.save.entities.ms,1769610868894000000,1769610928893000000,0
workspaceModel.moduleBridge.facet.initialization.ms,1769610868894000000,1769610928893000000,0
jps.save.changed.project.entities.ms,1769610868894000000,1769610928893000000,1
workspaceModel.load.cache.metadata.from.file.ms,1769610868894000000,1769610928893000000,0
workspaceModel.mutableEntityStorage.changeLog.addReplaceEventForNewParent.ms,1769610868894000000,1769610928893000000,0
workspaceModel.mutableEntityStorage.mutable.ext.mapping.ms,1769610868894000000,1769610928893000000,0
workspaceModel.global.updates.count,1769610868894000000,1769610928893000000,0
jps.module.dependency.index.workspace.model.listener.on.changed.ms,1769610868894000000,1769610928893000000,0
workspaceModel.sync.entities.ms,1769610868894000000,1769610928893000000,0
jps.facet.change.listener.process.change.events.ms,1769610868894000000,1769610928893000000,0
jps.global.get.libraries.ms,1769610868894000000,1769610928893000000,0
jps.app.storage.content.writer.save.component.ms,1769610868894000000,1769610928893000000,0
workspaceModel.global.apply.state.to.project.ms,1769610868894000000,1769610928893000000,0
workspaceModel.mutableEntityStorage.has.same.entities.ms,1769610868894000000,1769610928893000000,0
workspaceModel.moduleBridge.update.option.ms,1769610868894000000,1769610928893000000,0
jps.library.entities.serializer.save.entities.ms,1769610868894000000,1769610928893000000,0
jps.global.handle.before.change.events.ms,1769610868894000000,1769610928893000000,0
workspaceModel.mutableEntityStorage.collect.changes.ms,1769610868894000000,1769610928893000000,0
workspaceModel.mutableEntityStorage.replace.by.source.ms,1769610868894000000,1769610928893000000,0
workspaceModel.mutableEntityStorage.entities.by.source.ms,1769610868894000000,1769610928893000000,0
workspaceModel.mutableEntityStorage.changeLog.addReplaceEventForNewChild.ms,1769610868894000000,1769610928893000000,0
workspaceModel.orphan.listener.update.ms,1769610868894000000,1769610928893000000,0
workspaceModel.mutableEntityStorage.apply.changes.from.ms,1769610868894000000,1769610928893000000,0
workspaceModel.mutableEntityStorage.resolve.ms,1769610868894000000,1769610928893000000,0
jps.global.get.library.by.name.ms,1769610868894000000,1769610928893000000,0
jps.save.global.entities.ms,1769610868894000000,1769610928893000000,2
workspaceModel.moduleBridge.before.changed.ms,1769610868894000000,1769610928893000000,0
jps.global.get.library.ms,1769610868894000000,1769610928893000000,0
workspaceModel.moduleManagerBridge.create.module.instance.ms,1769610868894000000,1769610928893000000,0
jps.storage.jps.conf.reader.load.component.ms,1769610868894000000,1769610928893000000,0
workspaceModel.mutableEntityStorage.to.snapshot.ms,1769610868894000000,1769610928893000000,0
workspaceModel.do.save.caches.ms,1769610868894000000,1769610928893000000,0
workspaceModel.moduleManagerBridge.build.module.graph.ms,1769610868894000000,1769610928893000000,0
jps.reload.project.entities.ms,1769610868894000000,1769610928893000000,0
workspaceModel.delayed.project.synchronizer.sync.ms,1769610868894000000,1769610928893000000,0
workspaceModel.mutableEntityStorage.entities.ms,1769610868894000000,1769610928893000000,0
workspaceModel.moduleBridgeLoader.loading.modules.ms,1769610868894000000,1769610928893000000,0
workspaceModel.mutableEntityStorage.remove.entity.ms,1769610868894000000,1769610928893000000,0
jps.global.initialize.library.bridges.after.loading.ms,1769610868894000000,1769610928893000000,0
workspaceModel.save.cache.to.file.ms,1769610868894000000,1769610928893000000,0
jps.load.project.to.empty.storage.ms,1769610868894000000,1769610928893000000,0
jps.project.serializers.load.ms,1769610868894000000,1769610928893000000,0
workspaceModel.moduleManagerBridge.set.unloadedModules.ms,1769610868894000000,1769610928893000000,0
workspaceModel.mutableEntityStorage.modify.entity.ms,1769610868894000000,1769610928893000000,0
jps.artifact.entities.serializer.load.entities.ms,1769610868894000000,1769610928893000000,0
workspaceModel.mutableEntityStorage.add.entity.ms,1769610868894000000,1769610928893000000,0
workspaceModel.moduleManagerBridge.newModule.ms,1769610868894000000,1769610928893000000,0
workspaceModel.moduleManagerBridge.load.module.ms,1769610868894000000,1769610928893000000,0
workspaceModel.moduleManagerBridge.load.all.modules.ms,1769610868894000000,1769610928893000000,0
jps.module.iml.entities.serializer.save.entities.ms,1769610868894000000,1769610928893000000,0
workspaceModel.mutableEntityStorage.put.entity.ms,1769610868894000000,1769610928893000000,0
workspaceModel.mutableEntityStorage.instances.count,1769610868894000000,1769610928893000000,0
jps.load.initial.state.ms,1769610868894000000,1769610928893000000,0
workspaceModel.mutableEntityStorage.mutable.vfurl.index.ms,1769610868894000000,1769610928893000000,0
workspaceModel.load.cache.from.file.ms,1769610868894000000,1769610928893000000,0
jps.app.storage.content.reader.load.component.ms,1769610868894000000,1769610928893000000,0
workspaceModel.moduleManagerBridge.get.modules.ms,1769610868894000000,1769610928893000000,0
jps.facet.change.listener.before.change.events.ms,1769610868894000000,1769610928893000000,0
workspaceModel.workspaceFileIndexData.getFileInfo.ms,1769610868894000000,1769610928893000000,2
workspaceModel.init.bridges.ms,1769610868894000000,1769610928893000000,0
workspaceModel.cachedValueWithParameters.calculated.count,1769610868894000000,1769610928893000000,0
workspaceModel.cachedValue.total.get.count,1769610868894000000,1769610928893000000,603
workspaceModel.workspaceFileIndexData.onEntitiesChanged.ms,1769610868894000000,1769610928893000000,0
workspaceModel.workspaceFileIndexData.visitFileSets.ms,1769610868894000000,1769610928893000000,0
workspaceModel.updates.ms,1769610868894000000,1769610928893000000,0
workspaceModel.cachedValue.calculated.count,1769610868894000000,1769610928893000000,0
workspaceModel.workspaceFileIndexData.instances.count,1769610868894000000,1769610928893000000,0
workspaceModel.workspaceFileIndexData.init.ms,1769610868894000000,1769610928893000000,0
workspaceModel.cachedValueWithParameters.total.get.count,1769610868894000000,1769610928893000000,0
workspaceModel.collect.changes.ms,1769610868894000000,1769610928893000000,0
workspaceModel.entityStorageSnapshotImpl.instances.count,1769610868894000000,1769610928893000000,0
workspaceModel.initializing.ms,1769610868894000000,1769610928893000000,0
workspaceModel.replace.project.model.ms,1769610868894000000,1769610928893000000,0
workspaceModel.workspaceFileIndexData.getPackageName.ms,1769610868894000000,1769610928893000000,0
workspaceModel.cachedValueWithParameters.clear.count,1769610868894000000,1769610928893000000,0
workspaceModel.pre.handlers.ms,1769610868894000000,1769610928893000000,0
workspaceModel.cachedValue.from.cache.count,1769610868894000000,1769610928893000000,603
workspaceModel.updates.count,1769610868894000000,1769610928893000000,0
workspaceModel.loading.from.cache.ms,1769610868894000000,1769610928893000000,0
workspaceModel.check.recursive.update.ms,1769610868894000000,1769610928893000000,0
workspaceModel.workspaceFileIndexData.getDirectoriesByPackageName.ms,1769610868894000000,1769610928893000000,0
workspaceModel.cachedValue.clear.count,1769610868894000000,1769610928893000000,0
workspaceModel.workspaceFileIndexContributor.registerFileSets.ms,1769610868894000000,1769610928893000000,0
workspaceModel.workspaceFileIndexData.updateDirtyEntities.ms,1769610868894000000,1769610928893000000,0
workspaceModel.on.before.changed.ms,1769610868894000000,1769610928893000000,0
workspaceModel.workspaceFileIndexData.processFileSets.ms,1769610868894000000,1769610928893000000,0
workspaceModel.workspaceFileIndexData.markDirty.ms,1769610868894000000,1769610928893000000,0
workspaceModel.loading.total.ms,1769610868894000000,1769610928893000000,0
workspaceModel.cachedValueWithParameters.from.cache.count,1769610868894000000,1769610928893000000,0
workspaceModel.full.replace.project.model.ms,1769610868894000000,1769610928893000000,0
workspaceModel.to.snapshot.ms,1769610868894000000,1769610928893000000,0
workspaceModel.on.changed.ms,1769610868894000000,1769610928893000000,0
workspaceModel.update.unloaded.entities.ms,1769610868894000000,1769610928893000000,0
workspaceModel.updates.precise.ms,1769610868894000000,1769610928893000000,0
cacheStateStorage.set.counter,1769610868894000000,1769610928893000000,4
cacheStateStorage.get.duration,1769610868894000000,1769610928893000000,0
cacheStateStorage.set.duration,1769610868894000000,1769610928893000000,0
cacheStateStorage.get.counter,1769610868894000000,1769610928893000000,0
parser.PythonStub.size.bytes,1769610868894000000,1769610928893000000,62639
writeAction.max.wait.ms,1769610868894000000,1769610928893000000,23
lexer.PythonStub.size.bytes,1769610868894000000,1769610928893000000,62639
lexer.Python.size.bytes,1769610868894000000,1769610928893000000,89776
writeAction.count,1769610868894000000,1769610928893000000,1
parser.Python.size.bytes,1769610868894000000,1769610928893000000,89776
parser.PythonStub.time.ns,1769610868894000000,1769610928893000000,6618460
writeAction.median.wait.ms,1769610868894000000,1769610928893000000,0
DiskQueryRelay.tasksRequested,1769610868894000000,1769610928893000000,50
lexer.Python.time.ns,1769610868894000000,1769610928893000000,3541669
DiskQueryRelay.tasksExecuted,1769610868894000000,1769610928893000000,50
DiskQueryRelay.taskWaitingTotalTimeUs,1769610868894000000,1769610928893000000,3272
writeAction.wait.ms,1769610868894000000,1769610928893000000,0
parser.Python.time.ns,1769610868894000000,1769610928893000000,8384076
DiskQueryRelay.taskExecutionTotalTimeUs,1769610868894000000,1769610928893000000,3067
lexer.PythonStub.time.ns,1769610868894000000,1769610928893000000,3397011
FilePageCache.uncachedFileAccess,1769610868894000000,1769610928893000000,3
FilePageCacheLockFree.totalPagesWriteMs,1769610868894000000,1769610928893000000,0
FilePageCacheLockFree.totalPagesAllocated,1769610868894000000,1769610928893000000,0
FilePageCacheLockFree.totalHeapBytesReclaimed,1769610868894000000,1769610928893000000,0
DirectByteBufferAllocator.totalSizeOfBuffersAllocatedInBytes,1769610868894000000,1769610928893000000,179372032
StorageLockContext.competingThreads.avg,1769610868894000000,1769610928893000000,0.0
DirectByteBufferAllocator.totalSizeOfBuffersCachedInBytes,1769610868894000000,1769610928893000000,0
FilePageCache.pageFastCacheHits,1769610868894000000,1769610928893000000,32
DirectByteBufferAllocator.reclaimed,1769610868894000000,1769610928893000000,0
FileChannelInterruptsRetryer.totalRetriedAttempts,1769610868894000000,1769610928893000000,0
MappedFileStorage.totalBytesMapped,1769610868894000000,1769610928893000000,273940480
StreamlinedBlobStorage.totalLiveRecordsPayloadBytes,1769610868894000000,1769610928893000000,0
FilePageCacheLockFree.totalPageAllocationsWaited,1769610868894000000,1769610928893000000,0
FilePageCacheLockFree.totalNativeBytesReclaimed,1769610868894000000,1769610928893000000,0
MappedFileStorage.totalTimeSpentOnMappingUs,1769610868894000000,1769610928893000000,11057
StorageLockContext.competingThreads.90P,1769610868894000000,1769610928893000000,0
FilePageCacheLockFree.totalPagesWritten,1769610868894000000,1769610928893000000,0
DirectByteBufferAllocator.hits,1769610868894000000,1769610928893000000,0
FilePageCacheLockFree.totalClosedStoragesReclaimed,1769610868894000000,1769610928893000000,0
FilePageCacheLockFree.nativeBytesInUse,1769610868894000000,1769610928893000000,0
FilePageCacheLockFree.totalHeapBytesAllocated,1769610868894000000,1769610928893000000,0
FilePageCacheLockFree.totalPagesRequested,1769610868894000000,1769610928893000000,0
StorageLockContext.competingThreads.max,1769610868894000000,1769610928893000000,0
MappedFileStorage.storages,1769610868894000000,1769610928893000000,15
FilePageCacheLockFree.totalPagesHandedOver,1769610868894000000,1769610928893000000,0
FilePageCache.disposedBuffers,1769610868894000000,1769610928893000000,0
FilePageCacheLockFree.totalBytesRequested,1769610868894000000,1769610928893000000,0
FilePageCache.totalPageDisposalsUs,1769610868894000000,1769610928893000000,0
FilePageCacheLockFree.heapBytesInUse,1769610868894000000,1769610928893000000,0
FilePageCacheLockFree.totalPagesReadMs,1769610868894000000,1769610928893000000,0
FilePageCacheLockFree.housekeeperTurnsDone,1769610868894000000,1769610928893000000,0
DirectByteBufferAllocator.disposed,1769610868894000000,1769610928893000000,0
FilePageCache.pageLoads,1769610868894000000,1769610928893000000,0
FilePageCacheLockFree.totalNativeBytesAllocated,1769610868894000000,1769610928893000000,0
FilePageCacheLockFree.totalPagesReclaimed,1769610868894000000,1769610928893000000,0
FilePageCache.capacityInBytes,1769610868894000000,1769610928893000000,503316478
StreamlinedBlobStorage.recordsAllocated,1769610868894000000,1769610928893000000,0
FilePageCacheLockFree.totalBytesRead,1769610868894000000,1769610928893000000,0
StreamlinedBlobStorage.recordsDeleted,1769610868894000000,1769610928893000000,0
FilePageCache.pageHits,1769610868894000000,1769610928893000000,0
FilePageCache.maxRegisteredFiles,1769610868894000000,1769610928893000000,252
StreamlinedBlobStorage.totalLiveRecordsCapacityBytes,1769610868894000000,1769610928893000000,0
FilePageCacheLockFree.totalPagesRequestsMs,1769610868894000000,1769610928893000000,0
FilePageCacheLockFree.housekeeperTurnsSkipped,1769610868894000000,1769610928893000000,0
MappedFileStorage.totalPagesMapped,1769610868894000000,1769610928893000000,21
FilePageCache.pageLoadsAboveSizeThreshold,1769610868894000000,1769610928893000000,0
FilePageCacheLockFree.totalBytesWritten,1769610868894000000,1769610928893000000,0
FilePageCache.maxCacheSizeInBytes,1769610868894000000,1769610928893000000,179372032
FilePageCache.totalPageLoadsUs,1769610868894000000,1769610928893000000,0
DirectByteBufferAllocator.misses,1769610868894000000,1769610928893000000,0
StreamlinedBlobStorage.recordsRelocated,1769610868894000000,1769610928893000000,0
FilePageCacheLockFree.housekeeperTimeSpentMs,1769610868894000000,1769610928893000000,0
Indexing.cache.totalCacheEvicted,1769610928893000000,1769610988893000000,0
Indexing.writesQueuedMax,1769610928893000000,1769610988893000000,0
Indexes.stubs.lookups,1769610928893000000,1769610988893000000,0
Indexing.writer_2.totalTimeSpentWritingMs,1769610928893000000,1769610988893000000,0
Indexing.writer_3.totalTimeSpentWritingMs,1769610928893000000,1769610988893000000,0
Indexes.allKeys.lookupDurationMaxMs,1769610928893000000,1769610988893000000,0.0
Indexes.entries.lookupDurationMaxMs,1769610928893000000,1769610988893000000,0.0
Indexing.writer_1.totalTimeSpentWritingMs,1769610928893000000,1769610988893000000,0
Indexing.writer_0.totalTimeSpentWritingMs,1769610928893000000,1769610988893000000,0
Indexes.allKeys.lookups,1769610928893000000,1769610988893000000,0
Indexes.entries.lookups,1769610928893000000,1769610988893000000,0
Indexing.cache.totalCacheAccesses,1769610928893000000,1769610988893000000,0
Indexes.entries.lookupDuration90PMs,1769610928893000000,1769610988893000000,0.0
IndexesFlusher.totalFlushingTimeUs,1769610928893000000,1769610988893000000,32189
Indexing.totalTimeIndexersSleptMs,1769610928893000000,1769610988893000000,0
IndexesFlusher.totalContentionQuotaSpent,1769610928893000000,1769610988893000000,0
Indexes.allKeys.lookupDuration90PMs,1769610928893000000,1769610988893000000,0.0
Indexes.entries.lookupDurationAvgMs,1769610928893000000,1769610988893000000,0.0
IndexesFlusher.totalFlushes,1769610928893000000,1769610988893000000,120
Indexes.stubs.lookupDurationMaxMs,1769610928893000000,1769610988893000000,0.0
Indexes.stubs.lookupDuration90PMs,1769610928893000000,1769610988893000000,0.0
Indexing.cache.totalCacheMisses,1769610928893000000,1769610988893000000,0
Indexes.stubs.lookupDurationAvgMs,1769610928893000000,1769610988893000000,0.0
IndexesFlusher.totalFlushesRetried,1769610928893000000,1769610988893000000,0
Indexes.allKeys.lookupDurationAvgMs,1769610928893000000,1769610988893000000,0.0
Indexing.writesQueuedMin,1769610928893000000,1769610988893000000,9223372036854775807
JVM.maxThreadCount,1769610928893000000,1769610988893000000,148
JVM.GC.collectionTimesMs,1769610928893000000,1769610988893000000,0
JVM.GC.collections,1769610928893000000,1769610988893000000,0
OS.loadAverage,1769610928893000000,1769610988893000000,1.24658203125
JVM.totalSafepointCount,1769610928893000000,1769610988893000000,6
JVM.threadCount,1769610928893000000,1769610988893000000,59
JVM.totalTimeAtSafepointsMs,1769610928893000000,1769610988893000000,0
JVM.newThreadsCount,1769610928893000000,1769610988893000000,2
JVM.totalBytesAllocated,1769610928893000000,1769610988893000000,102630088
JVM.totalCpuTimeMs,1769610928893000000,1769610988893000000,550
JVM.usedNativeBytes,1769610928893000000,1769610988893000000,466297984
JVM.maxHeapBytes,1769610928893000000,1769610988893000000,4196401152
JVM.totalDirectByteBuffersBytes,1769610928893000000,1769610988893000000,180226250
JVM.totalTimeToSafepointsMs,1769610928893000000,1769610988893000000,0
JVM.usedHeapBytes,1769610928893000000,1769610988893000000,857430320
AWTEventQueue.dispatchTimeTotalNS,1769610928893000000,1769610988893000000,63198411
FlushQueue.executionTimeAvgNs,1769610928893000000,1769610988893000000,0.0
NonBlockingReadAction.failedExecutionTimeUs,1769610928893000000,1769610988893000000,0
FlushQueue.queueSizeMax,1769610928893000000,1769610988893000000,0
ReadAction.executionsCount,1769610928893000000,1769610988893000000,12710
FlushQueue.waitingTimeAvgNs,1769610928893000000,1769610988893000000,0.0
AWTEventQueue.dispatchTimeMaxNs,1769610928893000000,1769610988893000000,24575
FlushQueue.tasksExecuted,1769610928893000000,1769610988893000000,0
WriteAction.executionsCount,1769610928893000000,1769610988893000000,0
AWTEventQueue.dispatchTimeAvgNs,1769610928893000000,1769610988893000000,24512.0
NonBlockingReadAction.finalizedExecutionsCount,1769610928893000000,1769610988893000000,2
AWTEventQueue.eventsDispatched,1769610928893000000,1769610988893000000,1
FlushQueue.queueSizeAvg,1769610928893000000,1769610988893000000,0.0
FlushQueue.executionTimeMaxNs,1769610928893000000,1769610988893000000,0
NonBlockingReadAction.finalizedExecutionTimeUs,1769610928893000000,1769610988893000000,418
NonBlockingReadAction.failedExecutionsCount,1769610928893000000,1769610988893000000,0
FlushQueue.queueSize90P,1769610928893000000,1769610988893000000,0
FlushQueue.waitingTime90PNs,1769610928893000000,1769610988893000000,0
AWTEventQueue.dispatchTime90PNs,1769610928893000000,1769610988893000000,24575
FlushQueue.waitingTimeMaxNs,1769610928893000000,1769610988893000000,0
FlushQueue.executionTime90PNs,1769610928893000000,1769610988893000000,0
VFS.contentStorage.recordsUncompressedSize,1769610928893000000,1769610988893000000,0
VFS.fileByIdCache.misses,1769610928893000000,1769610988893000000,0
VFS.contentStorage.recordsReadDecompressed,1769610928893000000,1769610988893000000,0
VFS.contentStorage.recordsStoredSize,1769610928893000000,1769610988893000000,0
VFS.contentStorage.recordsReadSize,1769610928893000000,1769610988893000000,0
FileNameCache.queries,1769610928893000000,1769610988893000000,64
VFS.contentStorage.recordsDecompressionTimeUs,1769610928893000000,1769610988893000000,0
VFS.contentStorage.recordsDeduplicated,1769610928893000000,1769610988893000000,0
VFS.contentStorage.recordsRead,1769610928893000000,1769610988893000000,0
VFS.contentStorage.recordsStored,1769610928893000000,1769610988893000000,0
VFS.invertedFileNameIndex.requests,1769610928893000000,1769610988893000000,0
VFS.contentStorage.recordsStoredCompressed,1769610928893000000,1769610988893000000,0
VFS.fileChildByName,1769610928893000000,1769610988893000000,425
VFS.fileByIdCache.hits,1769610928893000000,1769610988893000000,0
FileNameCache.totalMisses,1769610928893000000,1769610988893000000,0
workspaceModel.global.apply.state.to.project.builder.ms,1769610928893000000,1769610988893000000,0
workspaceModel.mutableEntityStorage.changeLog.addReplaceEventForRemovedParent.ms,1769610928893000000,1769610988893000000,0
jps.apply.loaded.storage.ms,1769610928893000000,1769610988893000000,0
jps.global.handle.changed.events.ms,1769610928893000000,1769610988893000000,0
jps.global.initialize.library.bridges.ms,1769610928893000000,1769610988893000000,0
jps.facet.change.listener.init.bridge.ms,1769610928893000000,1769610988893000000,0
workspaceModel.moduleManagerBridge.new.nonPersistent.module.ms,1769610928893000000,1769610988893000000,0
workspaceModel.mutableEntityStorage.changeLog.addReplaceEventForRemovedChild.ms,1769610928893000000,1769610988893000000,0
jps.module.iml.entities.serializer.load.entities.ms,1769610928893000000,1769610988893000000,0
workspaceModel.mutableEntityStorage.referrers.ms,1769610928893000000,1769610988893000000,0
jps.library.entities.serializer.load.entities.ms,1769610928893000000,1769610988893000000,0
workspaceModel.global.updates.ms,1769610928893000000,1769610988893000000,0
jps.project.serializers.save.ms,1769610928893000000,1769610988893000000,0
jps.artifact.entities.serializer.save.entities.ms,1769610928893000000,1769610988893000000,0
workspaceModel.moduleBridge.facet.initialization.ms,1769610928893000000,1769610988893000000,0
jps.save.changed.project.entities.ms,1769610928893000000,1769610988893000000,0
workspaceModel.load.cache.metadata.from.file.ms,1769610928893000000,1769610988893000000,0
workspaceModel.mutableEntityStorage.changeLog.addReplaceEventForNewParent.ms,1769610928893000000,1769610988893000000,0
workspaceModel.mutableEntityStorage.mutable.ext.mapping.ms,1769610928893000000,1769610988893000000,0
workspaceModel.global.updates.count,1769610928893000000,1769610988893000000,0
jps.module.dependency.index.workspace.model.listener.on.changed.ms,1769610928893000000,1769610988893000000,0
workspaceModel.sync.entities.ms,1769610928893000000,1769610988893000000,0
jps.facet.change.listener.process.change.events.ms,1769610928893000000,1769610988893000000,0
jps.global.get.libraries.ms,1769610928893000000,1769610988893000000,0
jps.app.storage.content.writer.save.component.ms,1769610928893000000,1769610988893000000,0
workspaceModel.global.apply.state.to.project.ms,1769610928893000000,1769610988893000000,0
workspaceModel.mutableEntityStorage.has.same.entities.ms,1769610928893000000,1769610988893000000,0
workspaceModel.moduleBridge.update.option.ms,1769610928893000000,1769610988893000000,0
jps.library.entities.serializer.save.entities.ms,1769610928893000000,1769610988893000000,0
jps.global.handle.before.change.events.ms,1769610928893000000,1769610988893000000,0
workspaceModel.mutableEntityStorage.collect.changes.ms,1769610928893000000,1769610988893000000,0
workspaceModel.mutableEntityStorage.replace.by.source.ms,1769610928893000000,1769610988893000000,0
workspaceModel.mutableEntityStorage.entities.by.source.ms,1769610928893000000,1769610988893000000,0
workspaceModel.mutableEntityStorage.changeLog.addReplaceEventForNewChild.ms,1769610928893000000,1769610988893000000,0
workspaceModel.orphan.listener.update.ms,1769610928893000000,1769610988893000000,0
workspaceModel.mutableEntityStorage.apply.changes.from.ms,1769610928893000000,1769610988893000000,0
workspaceModel.mutableEntityStorage.resolve.ms,1769610928893000000,1769610988893000000,0
jps.global.get.library.by.name.ms,1769610928893000000,1769610988893000000,0
jps.save.global.entities.ms,1769610928893000000,1769610988893000000,0
workspaceModel.moduleBridge.before.changed.ms,1769610928893000000,1769610988893000000,0
jps.global.get.library.ms,1769610928893000000,1769610988893000000,0
workspaceModel.moduleManagerBridge.create.module.instance.ms,1769610928893000000,1769610988893000000,0
jps.storage.jps.conf.reader.load.component.ms,1769610928893000000,1769610988893000000,0
workspaceModel.mutableEntityStorage.to.snapshot.ms,1769610928893000000,1769610988893000000,0
workspaceModel.do.save.caches.ms,1769610928893000000,1769610988893000000,0
workspaceModel.moduleManagerBridge.build.module.graph.ms,1769610928893000000,1769610988893000000,0
jps.reload.project.entities.ms,1769610928893000000,1769610988893000000,0
workspaceModel.delayed.project.synchronizer.sync.ms,1769610928893000000,1769610988893000000,0
workspaceModel.mutableEntityStorage.entities.ms,1769610928893000000,1769610988893000000,0
workspaceModel.moduleBridgeLoader.loading.modules.ms,1769610928893000000,1769610988893000000,0
workspaceModel.mutableEntityStorage.remove.entity.ms,1769610928893000000,1769610988893000000,0
jps.global.initialize.library.bridges.after.loading.ms,1769610928893000000,1769610988893000000,0
workspaceModel.save.cache.to.file.ms,1769610928893000000,1769610988893000000,0
jps.load.project.to.empty.storage.ms,1769610928893000000,1769610988893000000,0
jps.project.serializers.load.ms,1769610928893000000,1769610988893000000,0
workspaceModel.moduleManagerBridge.set.unloadedModules.ms,1769610928893000000,1769610988893000000,0
workspaceModel.mutableEntityStorage.modify.entity.ms,1769610928893000000,1769610988893000000,0
jps.artifact.entities.serializer.load.entities.ms,1769610928893000000,1769610988893000000,0
workspaceModel.mutableEntityStorage.add.entity.ms,1769610928893000000,1769610988893000000,0
workspaceModel.moduleManagerBridge.newModule.ms,1769610928893000000,1769610988893000000,0
workspaceModel.moduleManagerBridge.load.module.ms,1769610928893000000,1769610988893000000,0
workspaceModel.moduleManagerBridge.load.all.modules.ms,1769610928893000000,1769610988893000000,0
jps.module.iml.entities.serializer.save.entities.ms,1769610928893000000,1769610988893000000,0
workspaceModel.mutableEntityStorage.put.entity.ms,1769610928893000000,1769610988893000000,0
workspaceModel.mutableEntityStorage.instances.count,1769610928893000000,1769610988893000000,0
jps.load.initial.state.ms,1769610928893000000,1769610988893000000,0
workspaceModel.mutableEntityStorage.mutable.vfurl.index.ms,1769610928893000000,1769610988893000000,0
workspaceModel.load.cache.from.file.ms,1769610928893000000,1769610988893000000,0
jps.app.storage.content.reader.load.component.ms,1769610928893000000,1769610988893000000,0
workspaceModel.moduleManagerBridge.get.modules.ms,1769610928893000000,1769610988893000000,0
jps.facet.change.listener.before.change.events.ms,1769610928893000000,1769610988893000000,0
workspaceModel.workspaceFileIndexData.getFileInfo.ms,1769610928893000000,1769610988893000000,2
workspaceModel.init.bridges.ms,1769610928893000000,1769610988893000000,0
workspaceModel.cachedValueWithParameters.calculated.count,1769610928893000000,1769610988893000000,0
workspaceModel.cachedValue.total.get.count,1769610928893000000,1769610988893000000,1
workspaceModel.workspaceFileIndexData.onEntitiesChanged.ms,1769610928893000000,1769610988893000000,0
workspaceModel.workspaceFileIndexData.visitFileSets.ms,1769610928893000000,1769610988893000000,0
workspaceModel.updates.ms,1769610928893000000,1769610988893000000,0
workspaceModel.cachedValue.calculated.count,1769610928893000000,1769610988893000000,0
workspaceModel.workspaceFileIndexData.instances.count,1769610928893000000,1769610988893000000,0
workspaceModel.workspaceFileIndexData.init.ms,1769610928893000000,1769610988893000000,0
workspaceModel.cachedValueWithParameters.total.get.count,1769610928893000000,1769610988893000000,0
workspaceModel.collect.changes.ms,1769610928893000000,1769610988893000000,0
workspaceModel.entityStorageSnapshotImpl.instances.count,1769610928893000000,1769610988893000000,0
workspaceModel.initializing.ms,1769610928893000000,1769610988893000000,0
workspaceModel.replace.project.model.ms,1769610928893000000,1769610988893000000,0
workspaceModel.workspaceFileIndexData.getPackageName.ms,1769610928893000000,1769610988893000000,0
workspaceModel.cachedValueWithParameters.clear.count,1769610928893000000,1769610988893000000,0
workspaceModel.pre.handlers.ms,1769610928893000000,1769610988893000000,0
workspaceModel.cachedValue.from.cache.count,1769610928893000000,1769610988893000000,1
workspaceModel.updates.count,1769610928893000000,1769610988893000000,0
workspaceModel.loading.from.cache.ms,1769610928893000000,1769610988893000000,0
workspaceModel.check.recursive.update.ms,1769610928893000000,1769610988893000000,0
workspaceModel.workspaceFileIndexData.getDirectoriesByPackageName.ms,1769610928893000000,1769610988893000000,0
workspaceModel.cachedValue.clear.count,1769610928893000000,1769610988893000000,0
workspaceModel.workspaceFileIndexContributor.registerFileSets.ms,1769610928893000000,1769610988893000000,0
workspaceModel.workspaceFileIndexData.updateDirtyEntities.ms,1769610928893000000,1769610988893000000,0
workspaceModel.on.before.changed.ms,1769610928893000000,1769610988893000000,0
workspaceModel.workspaceFileIndexData.processFileSets.ms,1769610928893000000,1769610988893000000,0
workspaceModel.workspaceFileIndexData.markDirty.ms,1769610928893000000,1769610988893000000,0
workspaceModel.loading.total.ms,1769610928893000000,1769610988893000000,0
workspaceModel.cachedValueWithParameters.from.cache.count,1769610928893000000,1769610988893000000,0
workspaceModel.full.replace.project.model.ms,1769610928893000000,1769610988893000000,0
workspaceModel.to.snapshot.ms,1769610928893000000,1769610988893000000,0
workspaceModel.on.changed.ms,1769610928893000000,1769610988893000000,0
workspaceModel.update.unloaded.entities.ms,1769610928893000000,1769610988893000000,0
workspaceModel.updates.precise.ms,1769610928893000000,1769610988893000000,0
cacheStateStorage.set.counter,1769610928893000000,1769610988893000000,0
cacheStateStorage.get.duration,1769610928893000000,1769610988893000000,0
cacheStateStorage.set.duration,1769610928893000000,1769610988893000000,0
cacheStateStorage.get.counter,1769610928893000000,1769610988893000000,0
writeAction.max.wait.ms,1769610928893000000,1769610988893000000,23
writeAction.count,1769610928893000000,1769610988893000000,0
writeAction.median.wait.ms,1769610928893000000,1769610988893000000,0
DiskQueryRelay.tasksRequested,1769610928893000000,1769610988893000000,0
DiskQueryRelay.tasksExecuted,1769610928893000000,1769610988893000000,0
DiskQueryRelay.taskWaitingTotalTimeUs,1769610928893000000,1769610988893000000,0
writeAction.wait.ms,1769610928893000000,1769610988893000000,0
DiskQueryRelay.taskExecutionTotalTimeUs,1769610928893000000,1769610988893000000,0
FilePageCache.uncachedFileAccess,1769610928893000000,1769610988893000000,0
FilePageCacheLockFree.totalPagesWriteMs,1769610928893000000,1769610988893000000,0
FilePageCacheLockFree.totalPagesAllocated,1769610928893000000,1769610988893000000,0
FilePageCacheLockFree.totalHeapBytesReclaimed,1769610928893000000,1769610988893000000,0
DirectByteBufferAllocator.totalSizeOfBuffersAllocatedInBytes,1769610928893000000,1769610988893000000,179372032
StorageLockContext.competingThreads.avg,1769610928893000000,1769610988893000000,0.0
DirectByteBufferAllocator.totalSizeOfBuffersCachedInBytes,1769610928893000000,1769610988893000000,0
FilePageCache.pageFastCacheHits,1769610928893000000,1769610988893000000,0
DirectByteBufferAllocator.reclaimed,1769610928893000000,1769610988893000000,0
FileChannelInterruptsRetryer.totalRetriedAttempts,1769610928893000000,1769610988893000000,0
MappedFileStorage.totalBytesMapped,1769610928893000000,1769610988893000000,273940480
StreamlinedBlobStorage.totalLiveRecordsPayloadBytes,1769610928893000000,1769610988893000000,0
FilePageCacheLockFree.totalPageAllocationsWaited,1769610928893000000,1769610988893000000,0
FilePageCacheLockFree.totalNativeBytesReclaimed,1769610928893000000,1769610988893000000,0
MappedFileStorage.totalTimeSpentOnMappingUs,1769610928893000000,1769610988893000000,11057
StorageLockContext.competingThreads.90P,1769610928893000000,1769610988893000000,0
FilePageCacheLockFree.totalPagesWritten,1769610928893000000,1769610988893000000,0
DirectByteBufferAllocator.hits,1769610928893000000,1769610988893000000,0
FilePageCacheLockFree.totalClosedStoragesReclaimed,1769610928893000000,1769610988893000000,0
FilePageCacheLockFree.nativeBytesInUse,1769610928893000000,1769610988893000000,0
FilePageCacheLockFree.totalHeapBytesAllocated,1769610928893000000,1769610988893000000,0
FilePageCacheLockFree.totalPagesRequested,1769610928893000000,1769610988893000000,0
StorageLockContext.competingThreads.max,1769610928893000000,1769610988893000000,0
MappedFileStorage.storages,1769610928893000000,1769610988893000000,15
FilePageCacheLockFree.totalPagesHandedOver,1769610928893000000,1769610988893000000,0
FilePageCache.disposedBuffers,1769610928893000000,1769610988893000000,0
FilePageCacheLockFree.totalBytesRequested,1769610928893000000,1769610988893000000,0
FilePageCache.totalPageDisposalsUs,1769610928893000000,1769610988893000000,0
FilePageCacheLockFree.heapBytesInUse,1769610928893000000,1769610988893000000,0
FilePageCacheLockFree.totalPagesReadMs,1769610928893000000,1769610988893000000,0
FilePageCacheLockFree.housekeeperTurnsDone,1769610928893000000,1769610988893000000,0
DirectByteBufferAllocator.disposed,1769610928893000000,1769610988893000000,0
FilePageCache.pageLoads,1769610928893000000,1769610988893000000,0
FilePageCacheLockFree.totalNativeBytesAllocated,1769610928893000000,1769610988893000000,0
FilePageCacheLockFree.totalPagesReclaimed,1769610928893000000,1769610988893000000,0
FilePageCache.capacityInBytes,1769610928893000000,1769610988893000000,503316478
StreamlinedBlobStorage.recordsAllocated,1769610928893000000,1769610988893000000,0
FilePageCacheLockFree.totalBytesRead,1769610928893000000,1769610988893000000,0
StreamlinedBlobStorage.recordsDeleted,1769610928893000000,1769610988893000000,0
FilePageCache.pageHits,1769610928893000000,1769610988893000000,0
FilePageCache.maxRegisteredFiles,1769610928893000000,1769610988893000000,252
StreamlinedBlobStorage.totalLiveRecordsCapacityBytes,1769610928893000000,1769610988893000000,0
FilePageCacheLockFree.totalPagesRequestsMs,1769610928893000000,1769610988893000000,0
FilePageCacheLockFree.housekeeperTurnsSkipped,1769610928893000000,1769610988893000000,0
MappedFileStorage.totalPagesMapped,1769610928893000000,1769610988893000000,21
FilePageCache.pageLoadsAboveSizeThreshold,1769610928893000000,1769610988893000000,0
FilePageCacheLockFree.totalBytesWritten,1769610928893000000,1769610988893000000,0
FilePageCache.maxCacheSizeInBytes,1769610928893000000,1769610988893000000,179372032
FilePageCache.totalPageLoadsUs,1769610928893000000,1769610988893000000,0
DirectByteBufferAllocator.misses,1769610928893000000,1769610988893000000,0
StreamlinedBlobStorage.recordsRelocated,1769610928893000000,1769610988893000000,0
FilePageCacheLockFree.housekeeperTimeSpentMs,1769610928893000000,1769610988893000000,0
Indexing.cache.totalCacheEvicted,1769610988893000000,1769611048893000000,0
Indexing.writesQueuedMax,1769610988893000000,1769611048893000000,0
Indexes.stubs.lookups,1769610988893000000,1769611048893000000,0
Indexing.writer_2.totalTimeSpentWritingMs,1769610988893000000,1769611048893000000,0
Indexing.writer_3.totalTimeSpentWritingMs,1769610988893000000,1769611048893000000,0
Indexes.allKeys.lookupDurationMaxMs,1769610988893000000,1769611048893000000,0.0
Indexes.entries.lookupDurationMaxMs,1769610988893000000,1769611048893000000,0.0
Indexing.writer_1.totalTimeSpentWritingMs,1769610988893000000,1769611048893000000,0
Indexing.writer_0.totalTimeSpentWritingMs,1769610988893000000,1769611048893000000,0
Indexes.allKeys.lookups,1769610988893000000,1769611048893000000,0
Indexes.entries.lookups,1769610988893000000,1769611048893000000,0
Indexing.cache.totalCacheAccesses,1769610988893000000,1769611048893000000,0
Indexes.entries.lookupDuration90PMs,1769610988893000000,1769611048893000000,0.0
IndexesFlusher.totalFlushingTimeUs,1769610988893000000,1769611048893000000,31409
Indexing.totalTimeIndexersSleptMs,1769610988893000000,1769611048893000000,0
IndexesFlusher.totalContentionQuotaSpent,1769610988893000000,1769611048893000000,0
Indexes.allKeys.lookupDuration90PMs,1769610988893000000,1769611048893000000,0.0
Indexes.entries.lookupDurationAvgMs,1769610988893000000,1769611048893000000,0.0
IndexesFlusher.totalFlushes,1769610988893000000,1769611048893000000,120
Indexes.stubs.lookupDurationMaxMs,1769610988893000000,1769611048893000000,0.0
Indexes.stubs.lookupDuration90PMs,1769610988893000000,1769611048893000000,0.0
Indexing.cache.totalCacheMisses,1769610988893000000,1769611048893000000,0
Indexes.stubs.lookupDurationAvgMs,1769610988893000000,1769611048893000000,0.0
IndexesFlusher.totalFlushesRetried,1769610988893000000,1769611048893000000,0
Indexes.allKeys.lookupDurationAvgMs,1769610988893000000,1769611048893000000,0.0
Indexing.writesQueuedMin,1769610988893000000,1769611048893000000,9223372036854775807
JVM.maxThreadCount,1769610988893000000,1769611048893000000,148
JVM.GC.collectionTimesMs,1769610988893000000,1769611048893000000,0
JVM.GC.collections,1769610988893000000,1769611048893000000,0
OS.loadAverage,1769610988893000000,1769611048893000000,1.42822265625
JVM.totalSafepointCount,1769610988893000000,1769611048893000000,3
JVM.threadCount,1769610988893000000,1769611048893000000,49
JVM.totalTimeAtSafepointsMs,1769610988893000000,1769611048893000000,0
JVM.newThreadsCount,1769610988893000000,1769611048893000000,1
JVM.totalBytesAllocated,1769610988893000000,1769611048893000000,27987168
JVM.totalCpuTimeMs,1769610988893000000,1769611048893000000,510
JVM.usedNativeBytes,1769610988893000000,1769611048893000000,466450712
JVM.maxHeapBytes,1769610988893000000,1769611048893000000,4196401152
JVM.totalDirectByteBuffersBytes,1769610988893000000,1769611048893000000,180186376
JVM.totalTimeToSafepointsMs,1769610988893000000,1769611048893000000,0
JVM.usedHeapBytes,1769610988893000000,1769611048893000000,888887600
AWTEventQueue.dispatchTimeTotalNS,1769610988893000000,1769611048893000000,61151857
FlushQueue.executionTimeAvgNs,1769610988893000000,1769611048893000000,0.0
NonBlockingReadAction.failedExecutionTimeUs,1769610988893000000,1769611048893000000,0
FlushQueue.queueSizeMax,1769610988893000000,1769611048893000000,0
ReadAction.executionsCount,1769610988893000000,1769611048893000000,3
FlushQueue.waitingTimeAvgNs,1769610988893000000,1769611048893000000,0.0
AWTEventQueue.dispatchTimeMaxNs,1769610988893000000,1769611048893000000,33279
FlushQueue.tasksExecuted,1769610988893000000,1769611048893000000,0
WriteAction.executionsCount,1769610988893000000,1769611048893000000,0
AWTEventQueue.dispatchTimeAvgNs,1769610988893000000,1769611048893000000,33152.0
NonBlockingReadAction.finalizedExecutionsCount,1769610988893000000,1769611048893000000,3
AWTEventQueue.eventsDispatched,1769610988893000000,1769611048893000000,1
FlushQueue.queueSizeAvg,1769610988893000000,1769611048893000000,0.0
FlushQueue.executionTimeMaxNs,1769610988893000000,1769611048893000000,0
NonBlockingReadAction.finalizedExecutionTimeUs,1769610988893000000,1769611048893000000,37
NonBlockingReadAction.failedExecutionsCount,1769610988893000000,1769611048893000000,0
FlushQueue.queueSize90P,1769610988893000000,1769611048893000000,0
FlushQueue.waitingTime90PNs,1769610988893000000,1769611048893000000,0
AWTEventQueue.dispatchTime90PNs,1769610988893000000,1769611048893000000,33279
FlushQueue.waitingTimeMaxNs,1769610988893000000,1769611048893000000,0
FlushQueue.executionTime90PNs,1769610988893000000,1769611048893000000,0
VFS.contentStorage.recordsUncompressedSize,1769610988893000000,1769611048893000000,0
VFS.fileByIdCache.misses,1769610988893000000,1769611048893000000,0
VFS.contentStorage.recordsReadDecompressed,1769610988893000000,1769611048893000000,0
VFS.contentStorage.recordsStoredSize,1769610988893000000,1769611048893000000,0
VFS.contentStorage.recordsReadSize,1769610988893000000,1769611048893000000,0
FileNameCache.queries,1769610988893000000,1769611048893000000,0
VFS.contentStorage.recordsDecompressionTimeUs,1769610988893000000,1769611048893000000,0
VFS.contentStorage.recordsDeduplicated,1769610988893000000,1769611048893000000,0
VFS.contentStorage.recordsRead,1769610988893000000,1769611048893000000,0
VFS.contentStorage.recordsStored,1769610988893000000,1769611048893000000,0
VFS.invertedFileNameIndex.requests,1769610988893000000,1769611048893000000,0
VFS.contentStorage.recordsStoredCompressed,1769610988893000000,1769611048893000000,0
VFS.fileChildByName,1769610988893000000,1769611048893000000,0
VFS.fileByIdCache.hits,1769610988893000000,1769611048893000000,0
FileNameCache.totalMisses,1769610988893000000,1769611048893000000,0
workspaceModel.global.apply.state.to.project.builder.ms,1769610988893000000,1769611048893000000,0
workspaceModel.mutableEntityStorage.changeLog.addReplaceEventForRemovedParent.ms,1769610988893000000,1769611048893000000,0
jps.apply.loaded.storage.ms,1769610988893000000,1769611048893000000,0
jps.global.handle.changed.events.ms,1769610988893000000,1769611048893000000,0
jps.global.initialize.library.bridges.ms,1769610988893000000,1769611048893000000,0
jps.facet.change.listener.init.bridge.ms,1769610988893000000,1769611048893000000,0
workspaceModel.moduleManagerBridge.new.nonPersistent.module.ms,1769610988893000000,1769611048893000000,0
workspaceModel.mutableEntityStorage.changeLog.addReplaceEventForRemovedChild.ms,1769610988893000000,1769611048893000000,0
jps.module.iml.entities.serializer.load.entities.ms,1769610988893000000,1769611048893000000,0
workspaceModel.mutableEntityStorage.referrers.ms,1769610988893000000,1769611048893000000,0
jps.library.entities.serializer.load.entities.ms,1769610988893000000,1769611048893000000,0
workspaceModel.global.updates.ms,1769610988893000000,1769611048893000000,0
jps.project.serializers.save.ms,1769610988893000000,1769611048893000000,0
jps.artifact.entities.serializer.save.entities.ms,1769610988893000000,1769611048893000000,0
workspaceModel.moduleBridge.facet.initialization.ms,1769610988893000000,1769611048893000000,0
jps.save.changed.project.entities.ms,1769610988893000000,1769611048893000000,0
workspaceModel.load.cache.metadata.from.file.ms,1769610988893000000,1769611048893000000,0
workspaceModel.mutableEntityStorage.changeLog.addReplaceEventForNewParent.ms,1769610988893000000,1769611048893000000,0
workspaceModel.mutableEntityStorage.mutable.ext.mapping.ms,1769610988893000000,1769611048893000000,0
workspaceModel.global.updates.count,1769610988893000000,1769611048893000000,0
jps.module.dependency.index.workspace.model.listener.on.changed.ms,1769610988893000000,1769611048893000000,0
workspaceModel.sync.entities.ms,1769610988893000000,1769611048893000000,0
jps.facet.change.listener.process.change.events.ms,1769610988893000000,1769611048893000000,0
jps.global.get.libraries.ms,1769610988893000000,1769611048893000000,0
jps.app.storage.content.writer.save.component.ms,1769610988893000000,1769611048893000000,0
workspaceModel.global.apply.state.to.project.ms,1769610988893000000,1769611048893000000,0
workspaceModel.mutableEntityStorage.has.same.entities.ms,1769610988893000000,1769611048893000000,0
workspaceModel.moduleBridge.update.option.ms,1769610988893000000,1769611048893000000,0
jps.library.entities.serializer.save.entities.ms,1769610988893000000,1769611048893000000,0
jps.global.handle.before.change.events.ms,1769610988893000000,1769611048893000000,0
workspaceModel.mutableEntityStorage.collect.changes.ms,1769610988893000000,1769611048893000000,0
workspaceModel.mutableEntityStorage.replace.by.source.ms,1769610988893000000,1769611048893000000,0
workspaceModel.mutableEntityStorage.entities.by.source.ms,1769610988893000000,1769611048893000000,0
workspaceModel.mutableEntityStorage.changeLog.addReplaceEventForNewChild.ms,1769610988893000000,1769611048893000000,0
workspaceModel.orphan.listener.update.ms,1769610988893000000,1769611048893000000,0
workspaceModel.mutableEntityStorage.apply.changes.from.ms,1769610988893000000,1769611048893000000,0
workspaceModel.mutableEntityStorage.resolve.ms,1769610988893000000,1769611048893000000,0
jps.global.get.library.by.name.ms,1769610988893000000,1769611048893000000,0
jps.save.global.entities.ms,1769610988893000000,1769611048893000000,0
workspaceModel.moduleBridge.before.changed.ms,1769610988893000000,1769611048893000000,0
jps.global.get.library.ms,1769610988893000000,1769611048893000000,0
workspaceModel.moduleManagerBridge.create.module.instance.ms,1769610988893000000,1769611048893000000,0
jps.storage.jps.conf.reader.load.component.ms,1769610988893000000,1769611048893000000,0
workspaceModel.mutableEntityStorage.to.snapshot.ms,1769610988893000000,1769611048893000000,0
workspaceModel.do.save.caches.ms,1769610988893000000,1769611048893000000,0
workspaceModel.moduleManagerBridge.build.module.graph.ms,1769610988893000000,1769611048893000000,0
jps.reload.project.entities.ms,1769610988893000000,1769611048893000000,0
workspaceModel.delayed.project.synchronizer.sync.ms,1769610988893000000,1769611048893000000,0
workspaceModel.mutableEntityStorage.entities.ms,1769610988893000000,1769611048893000000,0
workspaceModel.moduleBridgeLoader.loading.modules.ms,1769610988893000000,1769611048893000000,0
workspaceModel.mutableEntityStorage.remove.entity.ms,1769610988893000000,1769611048893000000,0
jps.global.initialize.library.bridges.after.loading.ms,1769610988893000000,1769611048893000000,0
workspaceModel.save.cache.to.file.ms,1769610988893000000,1769611048893000000,0
jps.load.project.to.empty.storage.ms,1769610988893000000,1769611048893000000,0
jps.project.serializers.load.ms,1769610988893000000,1769611048893000000,0
workspaceModel.moduleManagerBridge.set.unloadedModules.ms,1769610988893000000,1769611048893000000,0
workspaceModel.mutableEntityStorage.modify.entity.ms,1769610988893000000,1769611048893000000,0
jps.artifact.entities.serializer.load.entities.ms,1769610988893000000,1769611048893000000,0
workspaceModel.mutableEntityStorage.add.entity.ms,1769610988893000000,1769611048893000000,0
workspaceModel.moduleManagerBridge.newModule.ms,1769610988893000000,1769611048893000000,0
workspaceModel.moduleManagerBridge.load.module.ms,1769610988893000000,1769611048893000000,0
workspaceModel.moduleManagerBridge.load.all.modules.ms,1769610988893000000,1769611048893000000,0
jps.module.iml.entities.serializer.save.entities.ms,1769610988893000000,1769611048893000000,0
workspaceModel.mutableEntityStorage.put.entity.ms,1769610988893000000,1769611048893000000,0
workspaceModel.mutableEntityStorage.instances.count,1769610988893000000,1769611048893000000,0
jps.load.initial.state.ms,1769610988893000000,1769611048893000000,0
workspaceModel.mutableEntityStorage.mutable.vfurl.index.ms,1769610988893000000,1769611048893000000,0
workspaceModel.load.cache.from.file.ms,1769610988893000000,1769611048893000000,0
jps.app.storage.content.reader.load.component.ms,1769610988893000000,1769611048893000000,0
workspaceModel.moduleManagerBridge.get.modules.ms,1769610988893000000,1769611048893000000,0
jps.facet.change.listener.before.change.events.ms,1769610988893000000,1769611048893000000,0
workspaceModel.workspaceFileIndexData.getFileInfo.ms,1769610988893000000,1769611048893000000,0
workspaceModel.init.bridges.ms,1769610988893000000,1769611048893000000,0
workspaceModel.cachedValueWithParameters.calculated.count,1769610988893000000,1769611048893000000,0
workspaceModel.cachedValue.total.get.count,1769610988893000000,1769611048893000000,0
workspaceModel.workspaceFileIndexData.onEntitiesChanged.ms,1769610988893000000,1769611048893000000,0
workspaceModel.workspaceFileIndexData.visitFileSets.ms,1769610988893000000,1769611048893000000,0
workspaceModel.updates.ms,1769610988893000000,1769611048893000000,0
workspaceModel.cachedValue.calculated.count,1769610988893000000,1769611048893000000,0
workspaceModel.workspaceFileIndexData.instances.count,1769610988893000000,1769611048893000000,0
workspaceModel.workspaceFileIndexData.init.ms,1769610988893000000,1769611048893000000,0
workspaceModel.cachedValueWithParameters.total.get.count,1769610988893000000,1769611048893000000,0
workspaceModel.collect.changes.ms,1769610988893000000,1769611048893000000,0
workspaceModel.entityStorageSnapshotImpl.instances.count,1769610988893000000,1769611048893000000,0
workspaceModel.initializing.ms,1769610988893000000,1769611048893000000,0
workspaceModel.replace.project.model.ms,1769610988893000000,1769611048893000000,0
workspaceModel.workspaceFileIndexData.getPackageName.ms,1769610988893000000,1769611048893000000,0
workspaceModel.cachedValueWithParameters.clear.count,1769610988893000000,1769611048893000000,0
workspaceModel.pre.handlers.ms,1769610988893000000,1769611048893000000,0
workspaceModel.cachedValue.from.cache.count,1769610988893000000,1769611048893000000,0
workspaceModel.updates.count,1769610988893000000,1769611048893000000,0
workspaceModel.loading.from.cache.ms,1769610988893000000,1769611048893000000,0
workspaceModel.check.recursive.update.ms,1769610988893000000,1769611048893000000,0
workspaceModel.workspaceFileIndexData.getDirectoriesByPackageName.ms,1769610988893000000,1769611048893000000,0
workspaceModel.cachedValue.clear.count,1769610988893000000,1769611048893000000,0
workspaceModel.workspaceFileIndexContributor.registerFileSets.ms,1769610988893000000,1769611048893000000,0
workspaceModel.workspaceFileIndexData.updateDirtyEntities.ms,1769610988893000000,1769611048893000000,0
workspaceModel.on.before.changed.ms,1769610988893000000,1769611048893000000,0
workspaceModel.workspaceFileIndexData.processFileSets.ms,1769610988893000000,1769611048893000000,0
workspaceModel.workspaceFileIndexData.markDirty.ms,1769610988893000000,1769611048893000000,0
workspaceModel.loading.total.ms,1769610988893000000,1769611048893000000,0
workspaceModel.cachedValueWithParameters.from.cache.count,1769610988893000000,1769611048893000000,0
workspaceModel.full.replace.project.model.ms,1769610988893000000,1769611048893000000,0
workspaceModel.to.snapshot.ms,1769610988893000000,1769611048893000000,0
workspaceModel.on.changed.ms,1769610988893000000,1769611048893000000,0
workspaceModel.update.unloaded.entities.ms,1769610988893000000,1769611048893000000,0
workspaceModel.updates.precise.ms,1769610988893000000,1769611048893000000,0
cacheStateStorage.set.counter,1769610988893000000,1769611048893000000,0
cacheStateStorage.get.duration,1769610988893000000,1769611048893000000,0
cacheStateStorage.set.duration,1769610988893000000,1769611048893000000,0
cacheStateStorage.get.counter,1769610988893000000,1769611048893000000,0
writeAction.max.wait.ms,1769610988893000000,1769611048893000000,23
writeAction.count,1769610988893000000,1769611048893000000,0
writeAction.median.wait.ms,1769610988893000000,1769611048893000000,0
DiskQueryRelay.tasksRequested,1769610988893000000,1769611048893000000,0
DiskQueryRelay.tasksExecuted,1769610988893000000,1769611048893000000,0
DiskQueryRelay.taskWaitingTotalTimeUs,1769610988893000000,1769611048893000000,0
writeAction.wait.ms,1769610988893000000,1769611048893000000,0
DiskQueryRelay.taskExecutionTotalTimeUs,1769610988893000000,1769611048893000000,0
FilePageCache.uncachedFileAccess,1769610988893000000,1769611048893000000,0
FilePageCacheLockFree.totalPagesWriteMs,1769610988893000000,1769611048893000000,0
FilePageCacheLockFree.totalPagesAllocated,1769610988893000000,1769611048893000000,0
FilePageCacheLockFree.totalHeapBytesReclaimed,1769610988893000000,1769611048893000000,0
DirectByteBufferAllocator.totalSizeOfBuffersAllocatedInBytes,1769610988893000000,1769611048893000000,179372032
StorageLockContext.competingThreads.avg,1769610988893000000,1769611048893000000,0.0
DirectByteBufferAllocator.totalSizeOfBuffersCachedInBytes,1769610988893000000,1769611048893000000,0
FilePageCache.pageFastCacheHits,1769610988893000000,1769611048893000000,0
DirectByteBufferAllocator.reclaimed,1769610988893000000,1769611048893000000,0
FileChannelInterruptsRetryer.totalRetriedAttempts,1769610988893000000,1769611048893000000,0
MappedFileStorage.totalBytesMapped,1769610988893000000,1769611048893000000,273940480
StreamlinedBlobStorage.totalLiveRecordsPayloadBytes,1769610988893000000,1769611048893000000,0
FilePageCacheLockFree.totalPageAllocationsWaited,1769610988893000000,1769611048893000000,0
FilePageCacheLockFree.totalNativeBytesReclaimed,1769610988893000000,1769611048893000000,0
MappedFileStorage.totalTimeSpentOnMappingUs,1769610988893000000,1769611048893000000,11057
StorageLockContext.competingThreads.90P,1769610988893000000,1769611048893000000,0
FilePageCacheLockFree.totalPagesWritten,1769610988893000000,1769611048893000000,0
DirectByteBufferAllocator.hits,1769610988893000000,1769611048893000000,0
FilePageCacheLockFree.totalClosedStoragesReclaimed,1769610988893000000,1769611048893000000,0
FilePageCacheLockFree.nativeBytesInUse,1769610988893000000,1769611048893000000,0
FilePageCacheLockFree.totalHeapBytesAllocated,1769610988893000000,1769611048893000000,0
FilePageCacheLockFree.totalPagesRequested,1769610988893000000,1769611048893000000,0
StorageLockContext.competingThreads.max,1769610988893000000,1769611048893000000,0
MappedFileStorage.storages,1769610988893000000,1769611048893000000,15
FilePageCacheLockFree.totalPagesHandedOver,1769610988893000000,1769611048893000000,0
FilePageCache.disposedBuffers,1769610988893000000,1769611048893000000,0
FilePageCacheLockFree.totalBytesRequested,1769610988893000000,1769611048893000000,0
FilePageCache.totalPageDisposalsUs,1769610988893000000,1769611048893000000,0
FilePageCacheLockFree.heapBytesInUse,1769610988893000000,1769611048893000000,0
FilePageCacheLockFree.totalPagesReadMs,1769610988893000000,1769611048893000000,0
FilePageCacheLockFree.housekeeperTurnsDone,1769610988893000000,1769611048893000000,0
DirectByteBufferAllocator.disposed,1769610988893000000,1769611048893000000,0
FilePageCache.pageLoads,1769610988893000000,1769611048893000000,0
FilePageCacheLockFree.totalNativeBytesAllocated,1769610988893000000,1769611048893000000,0
FilePageCacheLockFree.totalPagesReclaimed,1769610988893000000,1769611048893000000,0
FilePageCache.capacityInBytes,1769610988893000000,1769611048893000000,503316478
StreamlinedBlobStorage.recordsAllocated,1769610988893000000,1769611048893000000,0
FilePageCacheLockFree.totalBytesRead,1769610988893000000,1769611048893000000,0
StreamlinedBlobStorage.recordsDeleted,1769610988893000000,1769611048893000000,0
FilePageCache.pageHits,1769610988893000000,1769611048893000000,0
FilePageCache.maxRegisteredFiles,1769610988893000000,1769611048893000000,252
StreamlinedBlobStorage.totalLiveRecordsCapacityBytes,1769610988893000000,1769611048893000000,0
FilePageCacheLockFree.totalPagesRequestsMs,1769610988893000000,1769611048893000000,0
FilePageCacheLockFree.housekeeperTurnsSkipped,1769610988893000000,1769611048893000000,0
MappedFileStorage.totalPagesMapped,1769610988893000000,1769611048893000000,21
FilePageCache.pageLoadsAboveSizeThreshold,1769610988893000000,1769611048893000000,0
FilePageCacheLockFree.totalBytesWritten,1769610988893000000,1769611048893000000,0
FilePageCache.maxCacheSizeInBytes,1769610988893000000,1769611048893000000,179372032
FilePageCache.totalPageLoadsUs,1769610988893000000,1769611048893000000,0
DirectByteBufferAllocator.misses,1769610988893000000,1769611048893000000,0
StreamlinedBlobStorage.recordsRelocated,1769610988893000000,1769611048893000000,0
FilePageCacheLockFree.housekeeperTimeSpentMs,1769610988893000000,1769611048893000000,0
Indexing.cache.totalCacheEvicted,1769611048893000000,1769611108893000000,0
Indexing.writesQueuedMax,1769611048893000000,1769611108893000000,0
Indexes.stubs.lookups,1769611048893000000,1769611108893000000,0
Indexing.writer_2.totalTimeSpentWritingMs,1769611048893000000,1769611108893000000,0
Indexing.writer_3.totalTimeSpentWritingMs,1769611048893000000,1769611108893000000,0
Indexes.allKeys.lookupDurationMaxMs,1769611048893000000,1769611108893000000,0.0
Indexes.entries.lookupDurationMaxMs,1769611048893000000,1769611108893000000,0.0
Indexing.writer_1.totalTimeSpentWritingMs,1769611048893000000,1769611108893000000,0
Indexing.writer_0.totalTimeSpentWritingMs,1769611048893000000,1769611108893000000,0
Indexes.allKeys.lookups,1769611048893000000,1769611108893000000,0
Indexes.entries.lookups,1769611048893000000,1769611108893000000,0
Indexing.cache.totalCacheAccesses,1769611048893000000,1769611108893000000,0
Indexes.entries.lookupDuration90PMs,1769611048893000000,1769611108893000000,0.0
IndexesFlusher.totalFlushingTimeUs,1769611048893000000,1769611108893000000,32489
Indexing.totalTimeIndexersSleptMs,1769611048893000000,1769611108893000000,0
IndexesFlusher.totalContentionQuotaSpent,1769611048893000000,1769611108893000000,0
Indexes.allKeys.lookupDuration90PMs,1769611048893000000,1769611108893000000,0.0
Indexes.entries.lookupDurationAvgMs,1769611048893000000,1769611108893000000,0.0
IndexesFlusher.totalFlushes,1769611048893000000,1769611108893000000,120
Indexes.stubs.lookupDurationMaxMs,1769611048893000000,1769611108893000000,0.0
Indexes.stubs.lookupDuration90PMs,1769611048893000000,1769611108893000000,0.0
Indexing.cache.totalCacheMisses,1769611048893000000,1769611108893000000,0
Indexes.stubs.lookupDurationAvgMs,1769611048893000000,1769611108893000000,0.0
IndexesFlusher.totalFlushesRetried,1769611048893000000,1769611108893000000,0
Indexes.allKeys.lookupDurationAvgMs,1769611048893000000,1769611108893000000,0.0
Indexing.writesQueuedMin,1769611048893000000,1769611108893000000,9223372036854775807
JVM.maxThreadCount,1769611048893000000,1769611108893000000,148
JVM.GC.collectionTimesMs,1769611048893000000,1769611108893000000,0
JVM.GC.collections,1769611048893000000,1769611108893000000,0
OS.loadAverage,1769611048893000000,1769611108893000000,1.2255859375
JVM.totalSafepointCount,1769611048893000000,1769611108893000000,22
JVM.threadCount,1769611048893000000,1769611108893000000,63
JVM.totalTimeAtSafepointsMs,1769611048893000000,1769611108893000000,0
JVM.newThreadsCount,1769611048893000000,1769611108893000000,18
JVM.totalBytesAllocated,1769611048893000000,1769611108893000000,132812848
JVM.totalCpuTimeMs,1769611048893000000,1769611108893000000,1960
JVM.usedNativeBytes,1769611048893000000,1769611108893000000,469273992
JVM.maxHeapBytes,1769611048893000000,1769611108893000000,4196401152
JVM.totalDirectByteBuffersBytes,1769611048893000000,1769611108893000000,180155397
JVM.totalTimeToSafepointsMs,1769611048893000000,1769611108893000000,0
JVM.usedHeapBytes,1769611048893000000,1769611108893000000,1025202480
AWTEventQueue.dispatchTimeTotalNS,1769611048893000000,1769611108893000000,460457912
FlushQueue.executionTimeAvgNs,1769611048893000000,1769611108893000000,0.0
NonBlockingReadAction.failedExecutionTimeUs,1769611048893000000,1769611108893000000,0
FlushQueue.queueSizeMax,1769611048893000000,1769611108893000000,0
ReadAction.executionsCount,1769611048893000000,1769611108893000000,3433
FlushQueue.waitingTimeAvgNs,1769611048893000000,1769611108893000000,0.0
AWTEventQueue.dispatchTimeMaxNs,1769611048893000000,1769611108893000000,0
FlushQueue.tasksExecuted,1769611048893000000,1769611108893000000,0
WriteAction.executionsCount,1769611048893000000,1769611108893000000,0
AWTEventQueue.dispatchTimeAvgNs,1769611048893000000,1769611108893000000,0.0
NonBlockingReadAction.finalizedExecutionsCount,1769611048893000000,1769611108893000000,48
AWTEventQueue.eventsDispatched,1769611048893000000,1769611108893000000,0
FlushQueue.queueSizeAvg,1769611048893000000,1769611108893000000,0.0
FlushQueue.executionTimeMaxNs,1769611048893000000,1769611108893000000,0
NonBlockingReadAction.finalizedExecutionTimeUs,1769611048893000000,1769611108893000000,451
NonBlockingReadAction.failedExecutionsCount,1769611048893000000,1769611108893000000,0
FlushQueue.queueSize90P,1769611048893000000,1769611108893000000,0
FlushQueue.waitingTime90PNs,1769611048893000000,1769611108893000000,0
AWTEventQueue.dispatchTime90PNs,1769611048893000000,1769611108893000000,0
FlushQueue.waitingTimeMaxNs,1769611048893000000,1769611108893000000,0
FlushQueue.executionTime90PNs,1769611048893000000,1769611108893000000,0
VFS.contentStorage.recordsUncompressedSize,1769611048893000000,1769611108893000000,0
VFS.fileByIdCache.misses,1769611048893000000,1769611108893000000,0
VFS.contentStorage.recordsReadDecompressed,1769611048893000000,1769611108893000000,0
VFS.contentStorage.recordsStoredSize,1769611048893000000,1769611108893000000,0
VFS.contentStorage.recordsReadSize,1769611048893000000,1769611108893000000,0
FileNameCache.queries,1769611048893000000,1769611108893000000,0
VFS.contentStorage.recordsDecompressionTimeUs,1769611048893000000,1769611108893000000,0
VFS.contentStorage.recordsDeduplicated,1769611048893000000,1769611108893000000,0
VFS.contentStorage.recordsRead,1769611048893000000,1769611108893000000,0
VFS.contentStorage.recordsStored,1769611048893000000,1769611108893000000,0
VFS.invertedFileNameIndex.requests,1769611048893000000,1769611108893000000,0
VFS.contentStorage.recordsStoredCompressed,1769611048893000000,1769611108893000000,0
VFS.fileChildByName,1769611048893000000,1769611108893000000,0
VFS.fileByIdCache.hits,1769611048893000000,1769611108893000000,0
FileNameCache.totalMisses,1769611048893000000,1769611108893000000,0
workspaceModel.global.apply.state.to.project.builder.ms,1769611048893000000,1769611108893000000,0
workspaceModel.mutableEntityStorage.changeLog.addReplaceEventForRemovedParent.ms,1769611048893000000,1769611108893000000,0
jps.apply.loaded.storage.ms,1769611048893000000,1769611108893000000,0
jps.global.handle.changed.events.ms,1769611048893000000,1769611108893000000,0
jps.global.initialize.library.bridges.ms,1769611048893000000,1769611108893000000,0
jps.facet.change.listener.init.bridge.ms,1769611048893000000,1769611108893000000,0
workspaceModel.moduleManagerBridge.new.nonPersistent.module.ms,1769611048893000000,1769611108893000000,0
workspaceModel.mutableEntityStorage.changeLog.addReplaceEventForRemovedChild.ms,1769611048893000000,1769611108893000000,0
jps.module.iml.entities.serializer.load.entities.ms,1769611048893000000,1769611108893000000,0
workspaceModel.mutableEntityStorage.referrers.ms,1769611048893000000,1769611108893000000,0
jps.library.entities.serializer.load.entities.ms,1769611048893000000,1769611108893000000,0
workspaceModel.global.updates.ms,1769611048893000000,1769611108893000000,0
jps.project.serializers.save.ms,1769611048893000000,1769611108893000000,1
jps.artifact.entities.serializer.save.entities.ms,1769611048893000000,1769611108893000000,0
workspaceModel.moduleBridge.facet.initialization.ms,1769611048893000000,1769611108893000000,0
jps.save.changed.project.entities.ms,1769611048893000000,1769611108893000000,1
workspaceModel.load.cache.metadata.from.file.ms,1769611048893000000,1769611108893000000,0
workspaceModel.mutableEntityStorage.changeLog.addReplaceEventForNewParent.ms,1769611048893000000,1769611108893000000,0
workspaceModel.mutableEntityStorage.mutable.ext.mapping.ms,1769611048893000000,1769611108893000000,0
workspaceModel.global.updates.count,1769611048893000000,1769611108893000000,0
jps.module.dependency.index.workspace.model.listener.on.changed.ms,1769611048893000000,1769611108893000000,0
workspaceModel.sync.entities.ms,1769611048893000000,1769611108893000000,0
jps.facet.change.listener.process.change.events.ms,1769611048893000000,1769611108893000000,0
jps.global.get.libraries.ms,1769611048893000000,1769611108893000000,0
jps.app.storage.content.writer.save.component.ms,1769611048893000000,1769611108893000000,1
workspaceModel.global.apply.state.to.project.ms,1769611048893000000,1769611108893000000,0
workspaceModel.mutableEntityStorage.has.same.entities.ms,1769611048893000000,1769611108893000000,0
workspaceModel.moduleBridge.update.option.ms,1769611048893000000,1769611108893000000,0
jps.library.entities.serializer.save.entities.ms,1769611048893000000,1769611108893000000,0
jps.global.handle.before.change.events.ms,1769611048893000000,1769611108893000000,0
workspaceModel.mutableEntityStorage.collect.changes.ms,1769611048893000000,1769611108893000000,0
workspaceModel.mutableEntityStorage.replace.by.source.ms,1769611048893000000,1769611108893000000,0
workspaceModel.mutableEntityStorage.entities.by.source.ms,1769611048893000000,1769611108893000000,0
workspaceModel.mutableEntityStorage.changeLog.addReplaceEventForNewChild.ms,1769611048893000000,1769611108893000000,0
workspaceModel.orphan.listener.update.ms,1769611048893000000,1769611108893000000,0
workspaceModel.mutableEntityStorage.apply.changes.from.ms,1769611048893000000,1769611108893000000,0
workspaceModel.mutableEntityStorage.resolve.ms,1769611048893000000,1769611108893000000,0
jps.global.get.library.by.name.ms,1769611048893000000,1769611108893000000,0
jps.save.global.entities.ms,1769611048893000000,1769611108893000000,6
workspaceModel.moduleBridge.before.changed.ms,1769611048893000000,1769611108893000000,0
jps.global.get.library.ms,1769611048893000000,1769611108893000000,0
workspaceModel.moduleManagerBridge.create.module.instance.ms,1769611048893000000,1769611108893000000,0
jps.storage.jps.conf.reader.load.component.ms,1769611048893000000,1769611108893000000,0
workspaceModel.mutableEntityStorage.to.snapshot.ms,1769611048893000000,1769611108893000000,0
workspaceModel.do.save.caches.ms,1769611048893000000,1769611108893000000,0
workspaceModel.moduleManagerBridge.build.module.graph.ms,1769611048893000000,1769611108893000000,0
jps.reload.project.entities.ms,1769611048893000000,1769611108893000000,0
workspaceModel.delayed.project.synchronizer.sync.ms,1769611048893000000,1769611108893000000,0
workspaceModel.mutableEntityStorage.entities.ms,1769611048893000000,1769611108893000000,0
workspaceModel.moduleBridgeLoader.loading.modules.ms,1769611048893000000,1769611108893000000,0
workspaceModel.mutableEntityStorage.remove.entity.ms,1769611048893000000,1769611108893000000,0
jps.global.initialize.library.bridges.after.loading.ms,1769611048893000000,1769611108893000000,0
workspaceModel.save.cache.to.file.ms,1769611048893000000,1769611108893000000,0
jps.load.project.to.empty.storage.ms,1769611048893000000,1769611108893000000,0
jps.project.serializers.load.ms,1769611048893000000,1769611108893000000,0
workspaceModel.moduleManagerBridge.set.unloadedModules.ms,1769611048893000000,1769611108893000000,0
workspaceModel.mutableEntityStorage.modify.entity.ms,1769611048893000000,1769611108893000000,0
jps.artifact.entities.serializer.load.entities.ms,1769611048893000000,1769611108893000000,0
workspaceModel.mutableEntityStorage.add.entity.ms,1769611048893000000,1769611108893000000,0
workspaceModel.moduleManagerBridge.newModule.ms,1769611048893000000,1769611108893000000,0
workspaceModel.moduleManagerBridge.load.module.ms,1769611048893000000,1769611108893000000,0
workspaceModel.moduleManagerBridge.load.all.modules.ms,1769611048893000000,1769611108893000000,0
jps.module.iml.entities.serializer.save.entities.ms,1769611048893000000,1769611108893000000,0
workspaceModel.mutableEntityStorage.put.entity.ms,1769611048893000000,1769611108893000000,0
workspaceModel.mutableEntityStorage.instances.count,1769611048893000000,1769611108893000000,0
jps.load.initial.state.ms,1769611048893000000,1769611108893000000,0
workspaceModel.mutableEntityStorage.mutable.vfurl.index.ms,1769611048893000000,1769611108893000000,0
workspaceModel.load.cache.from.file.ms,1769611048893000000,1769611108893000000,0
jps.app.storage.content.reader.load.component.ms,1769611048893000000,1769611108893000000,0
workspaceModel.moduleManagerBridge.get.modules.ms,1769611048893000000,1769611108893000000,0
jps.facet.change.listener.before.change.events.ms,1769611048893000000,1769611108893000000,0
workspaceModel.workspaceFileIndexData.getFileInfo.ms,1769611048893000000,1769611108893000000,0
workspaceModel.init.bridges.ms,1769611048893000000,1769611108893000000,0
workspaceModel.cachedValueWithParameters.calculated.count,1769611048893000000,1769611108893000000,0
workspaceModel.cachedValue.total.get.count,1769611048893000000,1769611108893000000,40
workspaceModel.workspaceFileIndexData.onEntitiesChanged.ms,1769611048893000000,1769611108893000000,0
workspaceModel.workspaceFileIndexData.visitFileSets.ms,1769611048893000000,1769611108893000000,0
workspaceModel.updates.ms,1769611048893000000,1769611108893000000,0
workspaceModel.cachedValue.calculated.count,1769611048893000000,1769611108893000000,0
workspaceModel.workspaceFileIndexData.instances.count,1769611048893000000,1769611108893000000,0
workspaceModel.workspaceFileIndexData.init.ms,1769611048893000000,1769611108893000000,0
workspaceModel.cachedValueWithParameters.total.get.count,1769611048893000000,1769611108893000000,0
workspaceModel.collect.changes.ms,1769611048893000000,1769611108893000000,0
workspaceModel.entityStorageSnapshotImpl.instances.count,1769611048893000000,1769611108893000000,0
workspaceModel.initializing.ms,1769611048893000000,1769611108893000000,0
workspaceModel.replace.project.model.ms,1769611048893000000,1769611108893000000,0
workspaceModel.workspaceFileIndexData.getPackageName.ms,1769611048893000000,1769611108893000000,0
workspaceModel.cachedValueWithParameters.clear.count,1769611048893000000,1769611108893000000,0
workspaceModel.pre.handlers.ms,1769611048893000000,1769611108893000000,0
workspaceModel.cachedValue.from.cache.count,1769611048893000000,1769611108893000000,40
workspaceModel.updates.count,1769611048893000000,1769611108893000000,0
workspaceModel.loading.from.cache.ms,1769611048893000000,1769611108893000000,0
workspaceModel.check.recursive.update.ms,1769611048893000000,1769611108893000000,0
workspaceModel.workspaceFileIndexData.getDirectoriesByPackageName.ms,1769611048893000000,1769611108893000000,0
workspaceModel.cachedValue.clear.count,1769611048893000000,1769611108893000000,0
workspaceModel.workspaceFileIndexContributor.registerFileSets.ms,1769611048893000000,1769611108893000000,0
workspaceModel.workspaceFileIndexData.updateDirtyEntities.ms,1769611048893000000,1769611108893000000,0
workspaceModel.on.before.changed.ms,1769611048893000000,1769611108893000000,0
workspaceModel.workspaceFileIndexData.processFileSets.ms,1769611048893000000,1769611108893000000,0
workspaceModel.workspaceFileIndexData.markDirty.ms,1769611048893000000,1769611108893000000,0
workspaceModel.loading.total.ms,1769611048893000000,1769611108893000000,0
workspaceModel.cachedValueWithParameters.from.cache.count,1769611048893000000,1769611108893000000,0
workspaceModel.full.replace.project.model.ms,1769611048893000000,1769611108893000000,0
workspaceModel.to.snapshot.ms,1769611048893000000,1769611108893000000,0
workspaceModel.on.changed.ms,1769611048893000000,1769611108893000000,0
workspaceModel.update.unloaded.entities.ms,1769611048893000000,1769611108893000000,0
workspaceModel.updates.precise.ms,1769611048893000000,1769611108893000000,0
cacheStateStorage.set.counter,1769611048893000000,1769611108893000000,0
cacheStateStorage.get.duration,1769611048893000000,1769611108893000000,0
cacheStateStorage.set.duration,1769611048893000000,1769611108893000000,0
cacheStateStorage.get.counter,1769611048893000000,1769611108893000000,0
writeAction.max.wait.ms,1769611048893000000,1769611108893000000,23
writeAction.count,1769611048893000000,1769611108893000000,0
writeAction.median.wait.ms,1769611048893000000,1769611108893000000,0
DiskQueryRelay.tasksRequested,1769611048893000000,1769611108893000000,352
DiskQueryRelay.tasksExecuted,1769611048893000000,1769611108893000000,352
DiskQueryRelay.taskWaitingTotalTimeUs,1769611048893000000,1769611108893000000,4885
writeAction.wait.ms,1769611048893000000,1769611108893000000,0
DiskQueryRelay.taskExecutionTotalTimeUs,1769611048893000000,1769611108893000000,4826
FilePageCache.uncachedFileAccess,1769611048893000000,1769611108893000000,0
FilePageCacheLockFree.totalPagesWriteMs,1769611048893000000,1769611108893000000,0
FilePageCacheLockFree.totalPagesAllocated,1769611048893000000,1769611108893000000,0
FilePageCacheLockFree.totalHeapBytesReclaimed,1769611048893000000,1769611108893000000,0
DirectByteBufferAllocator.totalSizeOfBuffersAllocatedInBytes,1769611048893000000,1769611108893000000,179372032
StorageLockContext.competingThreads.avg,1769611048893000000,1769611108893000000,0.0
DirectByteBufferAllocator.totalSizeOfBuffersCachedInBytes,1769611048893000000,1769611108893000000,0
FilePageCache.pageFastCacheHits,1769611048893000000,1769611108893000000,0
DirectByteBufferAllocator.reclaimed,1769611048893000000,1769611108893000000,0
FileChannelInterruptsRetryer.totalRetriedAttempts,1769611048893000000,1769611108893000000,0
MappedFileStorage.totalBytesMapped,1769611048893000000,1769611108893000000,273940480
StreamlinedBlobStorage.totalLiveRecordsPayloadBytes,1769611048893000000,1769611108893000000,0
FilePageCacheLockFree.totalPageAllocationsWaited,1769611048893000000,1769611108893000000,0
FilePageCacheLockFree.totalNativeBytesReclaimed,1769611048893000000,1769611108893000000,0
MappedFileStorage.totalTimeSpentOnMappingUs,1769611048893000000,1769611108893000000,11057
StorageLockContext.competingThreads.90P,1769611048893000000,1769611108893000000,0
FilePageCacheLockFree.totalPagesWritten,1769611048893000000,1769611108893000000,0
DirectByteBufferAllocator.hits,1769611048893000000,1769611108893000000,0
FilePageCacheLockFree.totalClosedStoragesReclaimed,1769611048893000000,1769611108893000000,0
FilePageCacheLockFree.nativeBytesInUse,1769611048893000000,1769611108893000000,0
FilePageCacheLockFree.totalHeapBytesAllocated,1769611048893000000,1769611108893000000,0
FilePageCacheLockFree.totalPagesRequested,1769611048893000000,1769611108893000000,0
StorageLockContext.competingThreads.max,1769611048893000000,1769611108893000000,0
MappedFileStorage.storages,1769611048893000000,1769611108893000000,15
FilePageCacheLockFree.totalPagesHandedOver,1769611048893000000,1769611108893000000,0
FilePageCache.disposedBuffers,1769611048893000000,1769611108893000000,0
FilePageCacheLockFree.totalBytesRequested,1769611048893000000,1769611108893000000,0
FilePageCache.totalPageDisposalsUs,1769611048893000000,1769611108893000000,0
FilePageCacheLockFree.heapBytesInUse,1769611048893000000,1769611108893000000,0
FilePageCacheLockFree.totalPagesReadMs,1769611048893000000,1769611108893000000,0
FilePageCacheLockFree.housekeeperTurnsDone,1769611048893000000,1769611108893000000,0
DirectByteBufferAllocator.disposed,1769611048893000000,1769611108893000000,0
FilePageCache.pageLoads,1769611048893000000,1769611108893000000,0
FilePageCacheLockFree.totalNativeBytesAllocated,1769611048893000000,1769611108893000000,0
FilePageCacheLockFree.totalPagesReclaimed,1769611048893000000,1769611108893000000,0
FilePageCache.capacityInBytes,1769611048893000000,1769611108893000000,503316478
StreamlinedBlobStorage.recordsAllocated,1769611048893000000,1769611108893000000,0
FilePageCacheLockFree.totalBytesRead,1769611048893000000,1769611108893000000,0
StreamlinedBlobStorage.recordsDeleted,1769611048893000000,1769611108893000000,0
FilePageCache.pageHits,1769611048893000000,1769611108893000000,0
FilePageCache.maxRegisteredFiles,1769611048893000000,1769611108893000000,252
StreamlinedBlobStorage.totalLiveRecordsCapacityBytes,1769611048893000000,1769611108893000000,0
FilePageCacheLockFree.totalPagesRequestsMs,1769611048893000000,1769611108893000000,0
FilePageCacheLockFree.housekeeperTurnsSkipped,1769611048893000000,1769611108893000000,0
MappedFileStorage.totalPagesMapped,1769611048893000000,1769611108893000000,21
FilePageCache.pageLoadsAboveSizeThreshold,1769611048893000000,1769611108893000000,0
FilePageCacheLockFree.totalBytesWritten,1769611048893000000,1769611108893000000,0
FilePageCache.maxCacheSizeInBytes,1769611048893000000,1769611108893000000,179372032
FilePageCache.totalPageLoadsUs,1769611048893000000,1769611108893000000,0
DirectByteBufferAllocator.misses,1769611048893000000,1769611108893000000,0
StreamlinedBlobStorage.recordsRelocated,1769611048893000000,1769611108893000000,0
FilePageCacheLockFree.housekeeperTimeSpentMs,1769611048893000000,1769611108893000000,0
Indexing.cache.totalCacheEvicted,1769611108893000000,1769611115451000000,27
Indexing.writesQueuedMax,1769611108893000000,1769611115451000000,0
Indexes.stubs.lookups,1769611108893000000,1769611115451000000,0
Indexing.writer_2.totalTimeSpentWritingMs,1769611108893000000,1769611115451000000,0
Indexing.writer_3.totalTimeSpentWritingMs,1769611108893000000,1769611115451000000,0
Indexes.allKeys.lookupDurationMaxMs,1769611108893000000,1769611115451000000,0.0
Indexes.entries.lookupDurationMaxMs,1769611108893000000,1769611115451000000,0.0
Indexing.writer_1.totalTimeSpentWritingMs,1769611108893000000,1769611115451000000,0
Indexing.writer_0.totalTimeSpentWritingMs,1769611108893000000,1769611115451000000,0
Indexes.allKeys.lookups,1769611108893000000,1769611115451000000,0
Indexes.entries.lookups,1769611108893000000,1769611115451000000,0
Indexing.cache.totalCacheAccesses,1769611108893000000,1769611115451000000,0
Indexes.entries.lookupDuration90PMs,1769611108893000000,1769611115451000000,0.0
Indexing.totalTimeIndexersSleptMs,1769611108893000000,1769611115451000000,0
Indexes.allKeys.lookupDuration90PMs,1769611108893000000,1769611115451000000,0.0
Indexes.entries.lookupDurationAvgMs,1769611108893000000,1769611115451000000,0.0
Indexes.stubs.lookupDurationMaxMs,1769611108893000000,1769611115451000000,0.0
Indexes.stubs.lookupDuration90PMs,1769611108893000000,1769611115451000000,0.0
Indexing.cache.totalCacheMisses,1769611108893000000,1769611115451000000,0
Indexes.stubs.lookupDurationAvgMs,1769611108893000000,1769611115451000000,0.0
Indexes.allKeys.lookupDurationAvgMs,1769611108893000000,1769611115451000000,0.0
Indexing.writesQueuedMin,1769611108893000000,1769611115451000000,9223372036854775807
JVM.maxThreadCount,1769611108893000000,1769611115451000000,148
JVM.GC.collectionTimesMs,1769611108893000000,1769611115451000000,0
JVM.GC.collections,1769611108893000000,1769611115451000000,0
OS.loadAverage,1769611108893000000,1769611115451000000,1.2880859375
JVM.totalSafepointCount,1769611108893000000,1769611115451000000,5
JVM.threadCount,1769611108893000000,1769611115451000000,55
JVM.totalTimeAtSafepointsMs,1769611108893000000,1769611115451000000,1
JVM.newThreadsCount,1769611108893000000,1769611115451000000,9
JVM.totalBytesAllocated,1769611108893000000,1769611115451000000,30178416
JVM.totalCpuTimeMs,1769611108893000000,1769611115451000000,890
JVM.usedNativeBytes,1769611108893000000,1769611115451000000,472100992
JVM.maxHeapBytes,1769611108893000000,1769611115451000000,4196401152
JVM.totalDirectByteBuffersBytes,1769611108893000000,1769611115451000000,42827850
JVM.totalTimeToSafepointsMs,1769611108893000000,1769611115451000000,0
JVM.usedHeapBytes,1769611108893000000,1769611115451000000,1060854064
AWTEventQueue.dispatchTimeTotalNS,1769611108893000000,1769611115451000000,107182274
NonBlockingReadAction.failedExecutionTimeUs,1769611108893000000,1769611115451000000,0
NonBlockingReadAction.finalizedExecutionsCount,1769611108893000000,1769611115451000000,1
NonBlockingReadAction.finalizedExecutionTimeUs,1769611108893000000,1769611115451000000,279
NonBlockingReadAction.failedExecutionsCount,1769611108893000000,1769611115451000000,0
VFS.fileByIdCache.misses,1769611108893000000,1769611115451000000,0
VFS.invertedFileNameIndex.requests,1769611108893000000,1769611115451000000,0
VFS.fileChildByName,1769611108893000000,1769611115451000000,31
VFS.fileByIdCache.hits,1769611108893000000,1769611115451000000,0
workspaceModel.global.apply.state.to.project.builder.ms,1769611108893000000,1769611115451000000,0
workspaceModel.mutableEntityStorage.changeLog.addReplaceEventForRemovedParent.ms,1769611108893000000,1769611115451000000,0
jps.apply.loaded.storage.ms,1769611108893000000,1769611115451000000,0
jps.global.handle.changed.events.ms,1769611108893000000,1769611115451000000,0
jps.global.initialize.library.bridges.ms,1769611108893000000,1769611115451000000,0
jps.facet.change.listener.init.bridge.ms,1769611108893000000,1769611115451000000,0
workspaceModel.moduleManagerBridge.new.nonPersistent.module.ms,1769611108893000000,1769611115451000000,0
workspaceModel.mutableEntityStorage.changeLog.addReplaceEventForRemovedChild.ms,1769611108893000000,1769611115451000000,0
jps.module.iml.entities.serializer.load.entities.ms,1769611108893000000,1769611115451000000,0
workspaceModel.mutableEntityStorage.referrers.ms,1769611108893000000,1769611115451000000,0
jps.library.entities.serializer.load.entities.ms,1769611108893000000,1769611115451000000,0
workspaceModel.global.updates.ms,1769611108893000000,1769611115451000000,0
jps.project.serializers.save.ms,1769611108893000000,1769611115451000000,0
jps.artifact.entities.serializer.save.entities.ms,1769611108893000000,1769611115451000000,0
workspaceModel.moduleBridge.facet.initialization.ms,1769611108893000000,1769611115451000000,0
jps.save.changed.project.entities.ms,1769611108893000000,1769611115451000000,0
workspaceModel.load.cache.metadata.from.file.ms,1769611108893000000,1769611115451000000,0
workspaceModel.mutableEntityStorage.changeLog.addReplaceEventForNewParent.ms,1769611108893000000,1769611115451000000,0
workspaceModel.mutableEntityStorage.mutable.ext.mapping.ms,1769611108893000000,1769611115451000000,0
workspaceModel.global.updates.count,1769611108893000000,1769611115451000000,0
jps.module.dependency.index.workspace.model.listener.on.changed.ms,1769611108893000000,1769611115451000000,0
workspaceModel.sync.entities.ms,1769611108893000000,1769611115451000000,0
jps.facet.change.listener.process.change.events.ms,1769611108893000000,1769611115451000000,0
jps.global.get.libraries.ms,1769611108893000000,1769611115451000000,0
jps.app.storage.content.writer.save.component.ms,1769611108893000000,1769611115451000000,0
workspaceModel.global.apply.state.to.project.ms,1769611108893000000,1769611115451000000,0
workspaceModel.mutableEntityStorage.has.same.entities.ms,1769611108893000000,1769611115451000000,0
workspaceModel.moduleBridge.update.option.ms,1769611108893000000,1769611115451000000,0
jps.library.entities.serializer.save.entities.ms,1769611108893000000,1769611115451000000,0
jps.global.handle.before.change.events.ms,1769611108893000000,1769611115451000000,0
workspaceModel.mutableEntityStorage.collect.changes.ms,1769611108893000000,1769611115451000000,0
workspaceModel.mutableEntityStorage.replace.by.source.ms,1769611108893000000,1769611115451000000,0
workspaceModel.mutableEntityStorage.entities.by.source.ms,1769611108893000000,1769611115451000000,0
workspaceModel.mutableEntityStorage.changeLog.addReplaceEventForNewChild.ms,1769611108893000000,1769611115451000000,0
workspaceModel.orphan.listener.update.ms,1769611108893000000,1769611115451000000,0
workspaceModel.mutableEntityStorage.apply.changes.from.ms,1769611108893000000,1769611115451000000,0
workspaceModel.mutableEntityStorage.resolve.ms,1769611108893000000,1769611115451000000,0
jps.global.get.library.by.name.ms,1769611108893000000,1769611115451000000,0
jps.save.global.entities.ms,1769611108893000000,1769611115451000000,1
workspaceModel.moduleBridge.before.changed.ms,1769611108893000000,1769611115451000000,0
jps.global.get.library.ms,1769611108893000000,1769611115451000000,0
workspaceModel.moduleManagerBridge.create.module.instance.ms,1769611108893000000,1769611115451000000,0
jps.storage.jps.conf.reader.load.component.ms,1769611108893000000,1769611115451000000,0
workspaceModel.mutableEntityStorage.to.snapshot.ms,1769611108893000000,1769611115451000000,0
workspaceModel.do.save.caches.ms,1769611108893000000,1769611115451000000,0
workspaceModel.moduleManagerBridge.build.module.graph.ms,1769611108893000000,1769611115451000000,0
jps.reload.project.entities.ms,1769611108893000000,1769611115451000000,0
workspaceModel.delayed.project.synchronizer.sync.ms,1769611108893000000,1769611115451000000,0
workspaceModel.mutableEntityStorage.entities.ms,1769611108893000000,1769611115451000000,0
workspaceModel.moduleBridgeLoader.loading.modules.ms,1769611108893000000,1769611115451000000,0
workspaceModel.mutableEntityStorage.remove.entity.ms,1769611108893000000,1769611115451000000,0
jps.global.initialize.library.bridges.after.loading.ms,1769611108893000000,1769611115451000000,0
workspaceModel.save.cache.to.file.ms,1769611108893000000,1769611115451000000,0
jps.load.project.to.empty.storage.ms,1769611108893000000,1769611115451000000,0
jps.project.serializers.load.ms,1769611108893000000,1769611115451000000,0
workspaceModel.moduleManagerBridge.set.unloadedModules.ms,1769611108893000000,1769611115451000000,0
workspaceModel.mutableEntityStorage.modify.entity.ms,1769611108893000000,1769611115451000000,0
jps.artifact.entities.serializer.load.entities.ms,1769611108893000000,1769611115451000000,0
workspaceModel.mutableEntityStorage.add.entity.ms,1769611108893000000,1769611115451000000,0
workspaceModel.moduleManagerBridge.newModule.ms,1769611108893000000,1769611115451000000,0
workspaceModel.moduleManagerBridge.load.module.ms,1769611108893000000,1769611115451000000,0
workspaceModel.moduleManagerBridge.load.all.modules.ms,1769611108893000000,1769611115451000000,0
jps.module.iml.entities.serializer.save.entities.ms,1769611108893000000,1769611115451000000,0
workspaceModel.mutableEntityStorage.put.entity.ms,1769611108893000000,1769611115451000000,0
workspaceModel.mutableEntityStorage.instances.count,1769611108893000000,1769611115451000000,0
jps.load.initial.state.ms,1769611108893000000,1769611115451000000,0
workspaceModel.mutableEntityStorage.mutable.vfurl.index.ms,1769611108893000000,1769611115451000000,0
workspaceModel.load.cache.from.file.ms,1769611108893000000,1769611115451000000,0
jps.app.storage.content.reader.load.component.ms,1769611108893000000,1769611115451000000,0
workspaceModel.moduleManagerBridge.get.modules.ms,1769611108893000000,1769611115451000000,0
jps.facet.change.listener.before.change.events.ms,1769611108893000000,1769611115451000000,0
workspaceModel.workspaceFileIndexData.getFileInfo.ms,1769611108893000000,1769611115451000000,0
workspaceModel.init.bridges.ms,1769611108893000000,1769611115451000000,0
workspaceModel.cachedValueWithParameters.calculated.count,1769611108893000000,1769611115451000000,0
workspaceModel.cachedValue.total.get.count,1769611108893000000,1769611115451000000,9
workspaceModel.workspaceFileIndexData.onEntitiesChanged.ms,1769611108893000000,1769611115451000000,0
workspaceModel.workspaceFileIndexData.visitFileSets.ms,1769611108893000000,1769611115451000000,0
workspaceModel.updates.ms,1769611108893000000,1769611115451000000,0
workspaceModel.cachedValue.calculated.count,1769611108893000000,1769611115451000000,1
workspaceModel.workspaceFileIndexData.instances.count,1769611108893000000,1769611115451000000,0
workspaceModel.workspaceFileIndexData.init.ms,1769611108893000000,1769611115451000000,0
workspaceModel.cachedValueWithParameters.total.get.count,1769611108893000000,1769611115451000000,0
workspaceModel.collect.changes.ms,1769611108893000000,1769611115451000000,0
workspaceModel.entityStorageSnapshotImpl.instances.count,1769611108893000000,1769611115451000000,0
workspaceModel.initializing.ms,1769611108893000000,1769611115451000000,0
workspaceModel.replace.project.model.ms,1769611108893000000,1769611115451000000,0
workspaceModel.workspaceFileIndexData.getPackageName.ms,1769611108893000000,1769611115451000000,0
workspaceModel.cachedValueWithParameters.clear.count,1769611108893000000,1769611115451000000,0
workspaceModel.pre.handlers.ms,1769611108893000000,1769611115451000000,0
workspaceModel.cachedValue.from.cache.count,1769611108893000000,1769611115451000000,8
workspaceModel.updates.count,1769611108893000000,1769611115451000000,0
workspaceModel.loading.from.cache.ms,1769611108893000000,1769611115451000000,0
workspaceModel.check.recursive.update.ms,1769611108893000000,1769611115451000000,0
workspaceModel.workspaceFileIndexData.getDirectoriesByPackageName.ms,1769611108893000000,1769611115451000000,0
workspaceModel.cachedValue.clear.count,1769611108893000000,1769611115451000000,1
workspaceModel.workspaceFileIndexContributor.registerFileSets.ms,1769611108893000000,1769611115451000000,0
workspaceModel.workspaceFileIndexData.updateDirtyEntities.ms,1769611108893000000,1769611115451000000,0
workspaceModel.on.before.changed.ms,1769611108893000000,1769611115451000000,0
workspaceModel.workspaceFileIndexData.processFileSets.ms,1769611108893000000,1769611115451000000,0
workspaceModel.workspaceFileIndexData.markDirty.ms,1769611108893000000,1769611115451000000,0
workspaceModel.loading.total.ms,1769611108893000000,1769611115451000000,0
workspaceModel.cachedValueWithParameters.from.cache.count,1769611108893000000,1769611115451000000,0
workspaceModel.full.replace.project.model.ms,1769611108893000000,1769611115451000000,0
workspaceModel.to.snapshot.ms,1769611108893000000,1769611115451000000,0
workspaceModel.on.changed.ms,1769611108893000000,1769611115451000000,0
workspaceModel.update.unloaded.entities.ms,1769611108893000000,1769611115451000000,0
workspaceModel.updates.precise.ms,1769611108893000000,1769611115451000000,0
cacheStateStorage.set.counter,1769611108893000000,1769611115451000000,5
cacheStateStorage.get.duration,1769611108893000000,1769611115451000000,0
cacheStateStorage.set.duration,1769611108893000000,1769611115451000000,0
cacheStateStorage.get.counter,1769611108893000000,1769611115451000000,0
writeAction.max.wait.ms,1769611108893000000,1769611115451000000,23
writeAction.count,1769611108893000000,1769611115451000000,3
writeAction.median.wait.ms,1769611108893000000,1769611115451000000,0
DiskQueryRelay.tasksRequested,1769611108893000000,1769611115451000000,22
DiskQueryRelay.tasksExecuted,1769611108893000000,1769611115451000000,22
DiskQueryRelay.taskWaitingTotalTimeUs,1769611108893000000,1769611115451000000,308
writeAction.wait.ms,1769611108893000000,1769611115451000000,0
DiskQueryRelay.taskExecutionTotalTimeUs,1769611108893000000,1769611115451000000,303
FilePageCache.uncachedFileAccess,1769611108893000000,1769611115451000000,15
FilePageCacheLockFree.totalPagesWriteMs,1769611108893000000,1769611115451000000,0
FilePageCacheLockFree.totalPagesAllocated,1769611108893000000,1769611115451000000,0
FilePageCacheLockFree.totalHeapBytesReclaimed,1769611108893000000,1769611115451000000,0
DirectByteBufferAllocator.totalSizeOfBuffersAllocatedInBytes,1769611108893000000,1769611115451000000,42008576
StorageLockContext.competingThreads.avg,1769611108893000000,1769611115451000000,0.0
DirectByteBufferAllocator.totalSizeOfBuffersCachedInBytes,1769611108893000000,1769611115451000000,42008576
FilePageCache.pageFastCacheHits,1769611108893000000,1769611115451000000,176
DirectByteBufferAllocator.reclaimed,1769611108893000000,1769611115451000000,48
FileChannelInterruptsRetryer.totalRetriedAttempts,1769611108893000000,1769611115451000000,0
FilePageCacheLockFree.totalPageAllocationsWaited,1769611108893000000,1769611115451000000,0
FilePageCacheLockFree.totalNativeBytesReclaimed,1769611108893000000,1769611115451000000,0
StorageLockContext.competingThreads.90P,1769611108893000000,1769611115451000000,0
FilePageCacheLockFree.totalPagesWritten,1769611108893000000,1769611115451000000,0
DirectByteBufferAllocator.hits,1769611108893000000,1769611115451000000,0
FilePageCacheLockFree.totalClosedStoragesReclaimed,1769611108893000000,1769611115451000000,0
FilePageCacheLockFree.nativeBytesInUse,1769611108893000000,1769611115451000000,0
FilePageCacheLockFree.totalHeapBytesAllocated,1769611108893000000,1769611115451000000,0
FilePageCacheLockFree.totalPagesRequested,1769611108893000000,1769611115451000000,0
StorageLockContext.competingThreads.max,1769611108893000000,1769611115451000000,0
FilePageCacheLockFree.totalPagesHandedOver,1769611108893000000,1769611115451000000,0
FilePageCache.disposedBuffers,1769611108893000000,1769611115451000000,179
FilePageCacheLockFree.totalBytesRequested,1769611108893000000,1769611115451000000,0
FilePageCache.totalPageDisposalsUs,1769611108893000000,1769611115451000000,0
FilePageCacheLockFree.heapBytesInUse,1769611108893000000,1769611115451000000,0
FilePageCacheLockFree.totalPagesReadMs,1769611108893000000,1769611115451000000,0
FilePageCacheLockFree.housekeeperTurnsDone,1769611108893000000,1769611115451000000,0
DirectByteBufferAllocator.disposed,1769611108893000000,1769611115451000000,131
FilePageCache.pageLoads,1769611108893000000,1769611115451000000,0
FilePageCacheLockFree.totalNativeBytesAllocated,1769611108893000000,1769611115451000000,0
FilePageCacheLockFree.totalPagesReclaimed,1769611108893000000,1769611115451000000,0
FilePageCache.capacityInBytes,1769611108893000000,1769611115451000000,503316478
FilePageCacheLockFree.totalBytesRead,1769611108893000000,1769611115451000000,0
FilePageCache.pageHits,1769611108893000000,1769611115451000000,0
FilePageCache.maxRegisteredFiles,1769611108893000000,1769611115451000000,252
FilePageCacheLockFree.totalPagesRequestsMs,1769611108893000000,1769611115451000000,0
FilePageCacheLockFree.housekeeperTurnsSkipped,1769611108893000000,1769611115451000000,0
FilePageCache.pageLoadsAboveSizeThreshold,1769611108893000000,1769611115451000000,0
FilePageCacheLockFree.totalBytesWritten,1769611108893000000,1769611115451000000,0
FilePageCache.maxCacheSizeInBytes,1769611108893000000,1769611115451000000,179372032
FilePageCache.totalPageLoadsUs,1769611108893000000,1769611115451000000,0
DirectByteBufferAllocator.misses,1769611108893000000,1769611115451000000,0
FilePageCacheLockFree.housekeeperTimeSpentMs,1769611108893000000,1769611115451000000,0
