# OpenTelemetry Metrics report: .csv, 4 fields: 
# <metric name>, <period start, nanoseconds>, <period end, nanoseconds>, <metric value>
# See CsvMetricsExporter for details.
# 
# NAME, PERIOD_START_NANOS, PERIOD_END_NANOS, VALUE
DiskQueryRelay.tasksExecuted,1769508721085000000,1769508781090000000,1431
lexer.RELAX-NG.time.ns,1769508721085000000,1769508781090000000,55502064
DiskQueryRelay.taskExecutionTotalTimeUs,1769508721085000000,1769508781090000000,102857
writeAction.count,1769508721085000000,1769508781090000000,73
parser.XML.time.ns,1769508721085000000,1769508781090000000,3874771
parser.Python.time.ns,1769508721085000000,1769508781090000000,806757326
lexer.HTML.size.bytes,1769508721085000000,1769508781090000000,2969
writeAction.median.wait.ms,1769508721085000000,1769508781090000000,0
lexer.IgnoreLang.size.bytes,1769508721085000000,1769508781090000000,0
parser.XML.size.bytes,1769508721085000000,1769508781090000000,45
parser.RELAX-NG.size.bytes,1769508721085000000,1769508781090000000,126627
lexer.XML.time.ns,1769508721085000000,1769508781090000000,492830
parser.HTML.time.ns,1769508721085000000,1769508781090000000,13274294
writeAction.wait.ms,1769508721085000000,1769508781090000000,4
lexer.Python.time.ns,1769508721085000000,1769508781090000000,145487444
DiskQueryRelay.tasksRequested,1769508721085000000,1769508781090000000,1431
lexer.Python.size.bytes,1769508721085000000,1769508781090000000,422039
parser.HTML.size.bytes,1769508721085000000,1769508781090000000,2969
lexer.HTML.time.ns,1769508721085000000,1769508781090000000,19815363
parser.IgnoreLang.size.bytes,1769508721085000000,1769508781090000000,0
parser.RELAX-NG.time.ns,1769508721085000000,1769508781090000000,81367246
writeAction.max.wait.ms,1769508721085000000,1769508781090000000,2
DiskQueryRelay.taskWaitingTotalTimeUs,1769508721085000000,1769508781090000000,250340
lexer.XML.size.bytes,1769508721085000000,1769508781090000000,45
parser.Python.size.bytes,1769508721085000000,1769508781090000000,422039
lexer.RELAX-NG.size.bytes,1769508721085000000,1769508781090000000,126627
parser.IgnoreLang.time.ns,1769508721085000000,1769508781090000000,910286
lexer.IgnoreLang.time.ns,1769508721085000000,1769508781090000000,11071
FlushQueue.queueSizeAvg,1769508721085000000,1769508781090000000,18.784471565827058
WriteAction.executionsCount,1769508721085000000,1769508781090000000,73
FlushQueue.executionTimeAvgNs,1769508721085000000,1769508781090000000,528139.9735133732
FlushQueue.waitingTimeAvgNs,1769508721085000000,1769508781090000000,3.548677329317061E7
NonBlockingReadAction.failedExecutionTimeUs,1769508721085000000,1769508781090000000,33171
FlushQueue.queueSize90P,1769508721085000000,1769508781090000000,80
AWTEventQueue.eventsDispatched,1769508721085000000,1769508781090000000,7113
NonBlockingReadAction.finalizedExecutionTimeUs,1769508721085000000,1769508781090000000,326968
AWTEventQueue.dispatchTimeMaxNs,1769508721085000000,1769508781090000000,278921215
FlushQueue.tasksExecuted,1769508721085000000,1769508781090000000,3851
AWTEventQueue.dispatchTimeTotalNS,1769508721085000000,1769508781090000000,4388339887
FlushQueue.queueSizeMax,1769508721085000000,1769508781090000000,160
ReadAction.executionsCount,1769508721085000000,1769508781090000000,54548
AWTEventQueue.dispatchTimeAvgNs,1769508721085000000,1769508781090000000,616969.1865598201
NonBlockingReadAction.finalizedExecutionsCount,1769508721085000000,1769508781090000000,63
AWTEventQueue.dispatchTime90PNs,1769508721085000000,1769508781090000000,479231
FlushQueue.executionTimeMaxNs,1769508721085000000,1769508781090000000,276824063
FlushQueue.executionTime90PNs,1769508721085000000,1769508781090000000,268287
FlushQueue.waitingTimeMaxNs,1769508721085000000,1769508781090000000,725614591
NonBlockingReadAction.failedExecutionsCount,1769508721085000000,1769508781090000000,5
FlushQueue.waitingTime90PNs,1769508721085000000,1769508781090000000,145752063
FilePageCacheLockFree.nativeBytesInUse,1769508721085000000,1769508781090000000,0
FilePageCacheLockFree.heapBytesInUse,1769508721085000000,1769508781090000000,0
FilePageCache.pageLoads,1769508721085000000,1769508781090000000,127
MappedFileStorage.totalBytesMapped,1769508721085000000,1769508781090000000,261357568
StorageLockContext.competingThreads.90P,1769508721085000000,1769508781090000000,0
FilePageCacheLockFree.totalPagesHandedOver,1769508721085000000,1769508781090000000,0
StreamlinedBlobStorage.recordsAllocated,1769508721085000000,1769508781090000000,768526
FilePageCache.totalPageDisposalsUs,1769508721085000000,1769508781090000000,290
MappedFileStorage.totalTimeSpentOnMappingUs,1769508721085000000,1769508781090000000,12649
FilePageCacheLockFree.totalBytesRequested,1769508721085000000,1769508781090000000,0
FilePageCacheLockFree.totalPagesWritten,1769508721085000000,1769508781090000000,0
FilePageCacheLockFree.totalPagesAllocated,1769508721085000000,1769508781090000000,0
DirectByteBufferAllocator.misses,1769508721085000000,1769508781090000000,124
FilePageCacheLockFree.housekeeperTurnsDone,1769508721085000000,1769508781090000000,0
FilePageCacheLockFree.totalPagesRequested,1769508721085000000,1769508781090000000,0
FileChannelInterruptsRetryer.totalRetriedAttempts,1769508721085000000,1769508781090000000,0
FilePageCacheLockFree.housekeeperTurnsSkipped,1769508721085000000,1769508781090000000,0
FilePageCacheLockFree.totalNativeBytesReclaimed,1769508721085000000,1769508781090000000,0
DirectByteBufferAllocator.totalSizeOfBuffersAllocatedInBytes,1769508721085000000,1769508781090000000,126902272
StreamlinedBlobStorage.totalLiveRecordsCapacityBytes,1769508721085000000,1769508781090000000,71207508
FilePageCache.disposedBuffers,1769508721085000000,1769508781090000000,3
FilePageCacheLockFree.totalHeapBytesAllocated,1769508721085000000,1769508781090000000,0
DirectByteBufferAllocator.hits,1769508721085000000,1769508781090000000,3
FilePageCacheLockFree.totalPagesWriteMs,1769508721085000000,1769508781090000000,0
FilePageCache.uncachedFileAccess,1769508721085000000,1769508781090000000,89
MappedFileStorage.storages,1769508721085000000,1769508781090000000,16
FilePageCacheLockFree.totalPagesReadMs,1769508721085000000,1769508781090000000,0
DirectByteBufferAllocator.totalSizeOfBuffersCachedInBytes,1769508721085000000,1769508781090000000,0
FilePageCacheLockFree.housekeeperTimeSpentMs,1769508721085000000,1769508781090000000,0
MappedFileStorage.totalPagesMapped,1769508721085000000,1769508781090000000,21
FilePageCache.maxCacheSizeInBytes,1769508721085000000,1769508781090000000,126902272
FilePageCache.maxRegisteredFiles,1769508721085000000,1769508781090000000,252
StorageLockContext.competingThreads.max,1769508721085000000,1769508781090000000,0
FilePageCacheLockFree.totalPagesReclaimed,1769508721085000000,1769508781090000000,0
FilePageCache.capacityInBytes,1769508721085000000,1769508781090000000,503316478
FilePageCache.pageLoadsAboveSizeThreshold,1769508721085000000,1769508781090000000,0
FilePageCacheLockFree.totalPageAllocationsWaited,1769508721085000000,1769508781090000000,0
FilePageCache.pageHits,1769508721085000000,1769508781090000000,0
FilePageCache.totalPageLoadsUs,1769508721085000000,1769508781090000000,240313
FilePageCacheLockFree.totalNativeBytesAllocated,1769508721085000000,1769508781090000000,0
FilePageCache.pageFastCacheHits,1769508721085000000,1769508781090000000,2474
DirectByteBufferAllocator.reclaimed,1769508721085000000,1769508781090000000,3
StreamlinedBlobStorage.recordsDeleted,1769508721085000000,1769508781090000000,59
FilePageCacheLockFree.totalClosedStoragesReclaimed,1769508721085000000,1769508781090000000,0
StreamlinedBlobStorage.totalLiveRecordsPayloadBytes,1769508721085000000,1769508781090000000,36500784
DirectByteBufferAllocator.disposed,1769508721085000000,1769508781090000000,0
FilePageCacheLockFree.totalPagesRequestsMs,1769508721085000000,1769508781090000000,0
FilePageCacheLockFree.totalHeapBytesReclaimed,1769508721085000000,1769508781090000000,0
FilePageCacheLockFree.totalBytesWritten,1769508721085000000,1769508781090000000,0
FilePageCacheLockFree.totalBytesRead,1769508721085000000,1769508781090000000,0
StorageLockContext.competingThreads.avg,1769508721085000000,1769508781090000000,0.0
StreamlinedBlobStorage.recordsRelocated,1769508721085000000,1769508781090000000,0
JVM.usedNativeBytes,1769508721085000000,1769508781090000000,329987424
JVM.totalDirectByteBuffersBytes,1769508721085000000,1769508781090000000,130734853
JVM.totalTimeToSafepointsMs,1769508721085000000,1769508781090000000,21
JVM.totalCpuTimeMs,1769508721085000000,1769508781090000000,37080
JVM.usedHeapBytes,1769508721085000000,1769508781090000000,421432040
JVM.totalTimeAtSafepointsMs,1769508721085000000,1769508781090000000,241
JVM.GC.collectionTimesMs,1769508721085000000,1769508781090000000,224
JVM.totalSafepointCount,1769508721085000000,1769508781090000000,179
JVM.maxHeapBytes,1769508721085000000,1769508781090000000,4196401152
JVM.newThreadsCount,1769508721085000000,1769508781090000000,151
JVM.GC.collections,1769508721085000000,1769508781090000000,37
OS.loadAverage,1769508721085000000,1769508781090000000,1.39794921875
JVM.maxThreadCount,1769508721085000000,1769508781090000000,143
JVM.totalBytesAllocated,1769508721085000000,1769508781090000000,1601972312
JVM.threadCount,1769508721085000000,1769508781090000000,141
workspaceModel.workspaceFileIndexData.updateDirtyEntities.ms,1769508721085000000,1769508781090000000,0
workspaceModel.updates.precise.ms,1769508721085000000,1769508781090000000,6
workspaceModel.cachedValueWithParameters.calculated.count,1769508721085000000,1769508781090000000,0
workspaceModel.cachedValueWithParameters.total.get.count,1769508721085000000,1769508781090000000,0
workspaceModel.cachedValue.calculated.count,1769508721085000000,1769508781090000000,8
workspaceModel.to.snapshot.ms,1769508721085000000,1769508781090000000,0
workspaceModel.loading.total.ms,1769508721085000000,1769508781090000000,107
workspaceModel.on.changed.ms,1769508721085000000,1769508781090000000,4
workspaceModel.replace.project.model.ms,1769508721085000000,1769508781090000000,0
workspaceModel.workspaceFileIndexContributor.registerFileSets.ms,1769508721085000000,1769508781090000000,169
workspaceModel.update.unloaded.entities.ms,1769508721085000000,1769508781090000000,0
workspaceModel.workspaceFileIndexData.markDirty.ms,1769508721085000000,1769508781090000000,0
workspaceModel.workspaceFileIndexData.init.ms,1769508721085000000,1769508781090000000,98
workspaceModel.workspaceFileIndexData.getPackageName.ms,1769508721085000000,1769508781090000000,0
workspaceModel.cachedValue.clear.count,1769508721085000000,1769508781090000000,0
workspaceModel.collect.changes.ms,1769508721085000000,1769508781090000000,0
workspaceModel.init.bridges.ms,1769508721085000000,1769508781090000000,1
workspaceModel.check.recursive.update.ms,1769508721085000000,1769508781090000000,0
workspaceModel.workspaceFileIndexData.getFileInfo.ms,1769508721085000000,1769508781090000000,1536
workspaceModel.workspaceFileIndexData.processFileSets.ms,1769508721085000000,1769508781090000000,0
workspaceModel.entityStorageSnapshotImpl.instances.count,1769508721085000000,1769508781090000000,19
workspaceModel.on.before.changed.ms,1769508721085000000,1769508781090000000,26
workspaceModel.cachedValueWithParameters.clear.count,1769508721085000000,1769508781090000000,0
workspaceModel.workspaceFileIndexData.onEntitiesChanged.ms,1769508721085000000,1769508781090000000,0
workspaceModel.workspaceFileIndexData.visitFileSets.ms,1769508721085000000,1769508781090000000,0
workspaceModel.workspaceFileIndexData.instances.count,1769508721085000000,1769508781090000000,1
workspaceModel.initializing.ms,1769508721085000000,1769508781090000000,1
workspaceModel.full.replace.project.model.ms,1769508721085000000,1769508781090000000,1
workspaceModel.updates.ms,1769508721085000000,1769508781090000000,39
workspaceModel.cachedValue.from.cache.count,1769508721085000000,1769508781090000000,359
workspaceModel.loading.from.cache.ms,1769508721085000000,1769508781090000000,103
workspaceModel.workspaceFileIndexData.getDirectoriesByPackageName.ms,1769508721085000000,1769508781090000000,0
workspaceModel.cachedValueWithParameters.from.cache.count,1769508721085000000,1769508781090000000,0
workspaceModel.cachedValue.total.get.count,1769508721085000000,1769508781090000000,367
workspaceModel.pre.handlers.ms,1769508721085000000,1769508781090000000,0
workspaceModel.updates.count,1769508721085000000,1769508781090000000,3
Indexing.writesQueuedMin,1769508721085000000,1769508781090000000,0
Indexes.stubs.lookups,1769508721085000000,1769508781090000000,0
Indexing.writer_0.totalTimeSpentWritingMs,1769508721085000000,1769508781090000000,42
Indexes.stubs.lookupDurationAvgMs,1769508721085000000,1769508781090000000,0.0
Indexing.totalTimeIndexersSleptMs,1769508721085000000,1769508781090000000,0
IndexesFlusher.totalFlushesRetried,1769508721085000000,1769508781090000000,0
IndexesFlusher.totalFlushes,1769508721085000000,1769508781090000000,59
Indexes.entries.lookupDurationAvgMs,1769508721085000000,1769508781090000000,0.0
Indexes.allKeys.lookupDuration90PMs,1769508721085000000,1769508781090000000,3.0
Indexing.cache.totalCacheEvicted,1769508721085000000,1769508781090000000,74
Indexes.entries.lookupDurationMaxMs,1769508721085000000,1769508781090000000,0.0
Indexing.writesQueuedAvg,1769508721085000000,1769508781090000000,0.0
IndexesFlusher.totalFlushingTimeUs,1769508721085000000,1769508781090000000,83990
Indexes.entries.lookups,1769508721085000000,1769508781090000000,0
Indexes.allKeys.lookupDurationMaxMs,1769508721085000000,1769508781090000000,3.0
Indexes.entries.lookupDuration90PMs,1769508721085000000,1769508781090000000,0.0
Indexing.writer_3.totalTimeSpentWritingMs,1769508721085000000,1769508781090000000,0
IndexesFlusher.totalContentionQuotaSpent,1769508721085000000,1769508781090000000,0
Indexing.writer_1.totalTimeSpentWritingMs,1769508721085000000,1769508781090000000,88
Indexing.cache.totalCacheMisses,1769508721085000000,1769508781090000000,75
Indexes.allKeys.lookups,1769508721085000000,1769508781090000000,2
Indexing.writer_2.totalTimeSpentWritingMs,1769508721085000000,1769508781090000000,77
Indexes.stubs.lookupDuration90PMs,1769508721085000000,1769508781090000000,0.0
Indexes.allKeys.lookupDurationAvgMs,1769508721085000000,1769508781090000000,2.0
Indexing.writesQueuedMax,1769508721085000000,1769508781090000000,0
Indexing.cache.totalCacheAccesses,1769508721085000000,1769508781090000000,75
Indexes.stubs.lookupDurationMaxMs,1769508721085000000,1769508781090000000,0.0
workspaceModel.load.cache.from.file.ms,1769508721085000000,1769508781090000000,113
jps.global.get.library.by.name.ms,1769508721085000000,1769508781090000000,0
workspaceModel.global.updates.count,1769508721085000000,1769508781090000000,1
workspaceModel.mutableEntityStorage.referrers.ms,1769508721085000000,1769508781090000000,0
workspaceModel.do.save.caches.ms,1769508721085000000,1769508781090000000,45
workspaceModel.global.apply.state.to.project.ms,1769508721085000000,1769508781090000000,49
workspaceModel.mutableEntityStorage.changeLog.addReplaceEventForNewChild.ms,1769508721085000000,1769508781090000000,1
jps.artifact.entities.serializer.load.entities.ms,1769508721085000000,1769508781090000000,0
jps.library.entities.serializer.load.entities.ms,1769508721085000000,1769508781090000000,1
workspaceModel.mutableEntityStorage.entities.by.source.ms,1769508721085000000,1769508781090000000,1
jps.global.handle.before.change.events.ms,1769508721085000000,1769508781090000000,0
jps.storage.jps.conf.reader.load.component.ms,1769508721085000000,1769508781090000000,3
workspaceModel.mutableEntityStorage.remove.entity.ms,1769508721085000000,1769508781090000000,0
jps.reload.project.entities.ms,1769508721085000000,1769508781090000000,0
workspaceModel.mutableEntityStorage.mutable.ext.mapping.ms,1769508721085000000,1769508781090000000,1
jps.module.dependency.index.workspace.model.listener.on.changed.ms,1769508721085000000,1769508781090000000,0
jps.project.serializers.save.ms,1769508721085000000,1769508781090000000,0
workspaceModel.mutableEntityStorage.replace.by.source.ms,1769508721085000000,1769508781090000000,8
workspaceModel.moduleManagerBridge.build.module.graph.ms,1769508721085000000,1769508781090000000,0
workspaceModel.delayed.project.synchronizer.sync.ms,1769508721085000000,1769508781090000000,61
jps.save.global.entities.ms,1769508721085000000,1769508781090000000,0
workspaceModel.moduleBridge.update.option.ms,1769508721085000000,1769508781090000000,0
workspaceModel.moduleBridge.before.changed.ms,1769508721085000000,1769508781090000000,0
workspaceModel.mutableEntityStorage.mutable.vfurl.index.ms,1769508721085000000,1769508781090000000,0
workspaceModel.mutableEntityStorage.modify.entity.ms,1769508721085000000,1769508781090000000,1
workspaceModel.moduleBridgeLoader.loading.modules.ms,1769508721085000000,1769508781090000000,358
workspaceModel.moduleManagerBridge.get.modules.ms,1769508721085000000,1769508781090000000,0
jps.global.initialize.library.bridges.after.loading.ms,1769508721085000000,1769508781090000000,0
workspaceModel.mutableEntityStorage.collect.changes.ms,1769508721085000000,1769508781090000000,1
workspaceModel.mutableEntityStorage.changeLog.addReplaceEventForRemovedParent.ms,1769508721085000000,1769508781090000000,0
jps.global.initialize.library.bridges.ms,1769508721085000000,1769508781090000000,0
workspaceModel.mutableEntityStorage.put.entity.ms,1769508721085000000,1769508781090000000,2
workspaceModel.mutableEntityStorage.changeLog.addReplaceEventForNewParent.ms,1769508721085000000,1769508781090000000,0
workspaceModel.moduleManagerBridge.new.nonPersistent.module.ms,1769508721085000000,1769508781090000000,0
jps.artifact.entities.serializer.save.entities.ms,1769508721085000000,1769508781090000000,0
jps.app.storage.content.reader.load.component.ms,1769508721085000000,1769508781090000000,5
workspaceModel.moduleManagerBridge.load.all.modules.ms,1769508721085000000,1769508781090000000,26
jps.facet.change.listener.before.change.events.ms,1769508721085000000,1769508781090000000,0
workspaceModel.mutableEntityStorage.entities.ms,1769508721085000000,1769508781090000000,0
workspaceModel.mutableEntityStorage.instances.count,1769508721085000000,1769508781090000000,27
workspaceModel.mutableEntityStorage.to.snapshot.ms,1769508721085000000,1769508781090000000,1
jps.load.initial.state.ms,1769508721085000000,1769508781090000000,39
workspaceModel.global.updates.ms,1769508721085000000,1769508781090000000,6
jps.apply.loaded.storage.ms,1769508721085000000,1769508781090000000,12
jps.global.get.libraries.ms,1769508721085000000,1769508781090000000,0
workspaceModel.mutableEntityStorage.resolve.ms,1769508721085000000,1769508781090000000,0
workspaceModel.moduleManagerBridge.newModule.ms,1769508721085000000,1769508781090000000,0
jps.facet.change.listener.process.change.events.ms,1769508721085000000,1769508781090000000,0
workspaceModel.moduleBridge.facet.initialization.ms,1769508721085000000,1769508781090000000,1
jps.project.serializers.load.ms,1769508721085000000,1769508781090000000,43
jps.library.entities.serializer.save.entities.ms,1769508721085000000,1769508781090000000,0
workspaceModel.load.cache.metadata.from.file.ms,1769508721085000000,1769508781090000000,14
jps.global.handle.changed.events.ms,1769508721085000000,1769508781090000000,0
workspaceModel.sync.entities.ms,1769508721085000000,1769508781090000000,0
jps.load.project.to.empty.storage.ms,1769508721085000000,1769508781090000000,48
workspaceModel.mutableEntityStorage.apply.changes.from.ms,1769508721085000000,1769508781090000000,5
workspaceModel.orphan.listener.update.ms,1769508721085000000,1769508781090000000,2
workspaceModel.moduleManagerBridge.create.module.instance.ms,1769508721085000000,1769508781090000000,0
workspaceModel.mutableEntityStorage.changeLog.addReplaceEventForRemovedChild.ms,1769508721085000000,1769508781090000000,0
workspaceModel.moduleManagerBridge.set.unloadedModules.ms,1769508721085000000,1769508781090000000,0
workspaceModel.mutableEntityStorage.add.entity.ms,1769508721085000000,1769508781090000000,12
jps.facet.change.listener.init.bridge.ms,1769508721085000000,1769508781090000000,0
workspaceModel.global.apply.state.to.project.builder.ms,1769508721085000000,1769508781090000000,3
workspaceModel.save.cache.to.file.ms,1769508721085000000,1769508781090000000,47
jps.save.changed.project.entities.ms,1769508721085000000,1769508781090000000,0
jps.global.get.library.ms,1769508721085000000,1769508781090000000,0
jps.module.iml.entities.serializer.save.entities.ms,1769508721085000000,1769508781090000000,0
jps.module.iml.entities.serializer.load.entities.ms,1769508721085000000,1769508781090000000,34
workspaceModel.moduleManagerBridge.load.module.ms,1769508721085000000,1769508781090000000,0
workspaceModel.mutableEntityStorage.has.same.entities.ms,1769508721085000000,1769508781090000000,0
FileNameCache.totalMisses,1769508721085000000,1769508781090000000,2560
VFS.fileChildByName,1769508721085000000,1769508781090000000,22409
VFS.fileByIdCache.hits,1769508721085000000,1769508781090000000,4
VFS.contentStorage.recordsStoredSize,1769508721085000000,1769508781090000000,47
VFS.contentStorage.recordsStoredCompressed,1769508721085000000,1769508781090000000,0
FileNameCache.queries,1769508721085000000,1769508781090000000,64000
VFS.contentStorage.recordsRead,1769508721085000000,1769508781090000000,24
VFS.fileByIdCache.misses,1769508721085000000,1769508781090000000,28
VFS.contentStorage.recordsDeduplicated,1769508721085000000,1769508781090000000,1
VFS.contentStorage.recordsStored,1769508721085000000,1769508781090000000,2
VFS.contentStorage.recordsDecompressionTimeUs,1769508721085000000,1769508781090000000,1799
VFS.contentStorage.recordsReadDecompressed,1769508721085000000,1769508781090000000,8
VFS.invertedFileNameIndex.requests,1769508721085000000,1769508781090000000,0
VFS.contentStorage.recordsReadSize,1769508721085000000,1769508781090000000,142185
VFS.contentStorage.recordsUncompressedSize,1769508721085000000,1769508781090000000,47
cacheStateStorage.get.counter,1769508721085000000,1769508781090000000,123
cacheStateStorage.set.duration,1769508721085000000,1769508781090000000,21
cacheStateStorage.set.counter,1769508721085000000,1769508781090000000,4
cacheStateStorage.get.duration,1769508721085000000,1769508781090000000,210
DiskQueryRelay.tasksExecuted,1769508781090000000,1769508841089000000,0
DiskQueryRelay.taskExecutionTotalTimeUs,1769508781090000000,1769508841089000000,0
writeAction.count,1769508781090000000,1769508841089000000,0
writeAction.median.wait.ms,1769508781090000000,1769508841089000000,0
writeAction.wait.ms,1769508781090000000,1769508841089000000,0
DiskQueryRelay.tasksRequested,1769508781090000000,1769508841089000000,0
writeAction.max.wait.ms,1769508781090000000,1769508841089000000,2
DiskQueryRelay.taskWaitingTotalTimeUs,1769508781090000000,1769508841089000000,0
FlushQueue.queueSizeAvg,1769508781090000000,1769508841089000000,0.0
WriteAction.executionsCount,1769508781090000000,1769508841089000000,0
FlushQueue.executionTimeAvgNs,1769508781090000000,1769508841089000000,18483.51867219917
FlushQueue.waitingTimeAvgNs,1769508781090000000,1769508841089000000,45842.85477178423
NonBlockingReadAction.failedExecutionTimeUs,1769508781090000000,1769508841089000000,0
FlushQueue.queueSize90P,1769508781090000000,1769508841089000000,0
AWTEventQueue.eventsDispatched,1769508781090000000,1769508841089000000,3239
NonBlockingReadAction.finalizedExecutionTimeUs,1769508781090000000,1769508841089000000,0
AWTEventQueue.dispatchTimeMaxNs,1769508781090000000,1769508841089000000,350207
FlushQueue.tasksExecuted,1769508781090000000,1769508841089000000,241
AWTEventQueue.dispatchTimeTotalNS,1769508781090000000,1769508841089000000,92600739
FlushQueue.queueSizeMax,1769508781090000000,1769508841089000000,0
ReadAction.executionsCount,1769508781090000000,1769508841089000000,1
AWTEventQueue.dispatchTimeAvgNs,1769508781090000000,1769508841089000000,28509.796850879902
NonBlockingReadAction.finalizedExecutionsCount,1769508781090000000,1769508841089000000,0
AWTEventQueue.dispatchTime90PNs,1769508781090000000,1769508841089000000,41727
FlushQueue.executionTimeMaxNs,1769508781090000000,1769508841089000000,77823
FlushQueue.executionTime90PNs,1769508781090000000,1769508841089000000,33791
FlushQueue.waitingTimeMaxNs,1769508781090000000,1769508841089000000,337919
NonBlockingReadAction.failedExecutionsCount,1769508781090000000,1769508841089000000,0
FlushQueue.waitingTime90PNs,1769508781090000000,1769508841089000000,55039
FilePageCacheLockFree.nativeBytesInUse,1769508781090000000,1769508841089000000,0
FilePageCacheLockFree.heapBytesInUse,1769508781090000000,1769508841089000000,0
FilePageCache.pageLoads,1769508781090000000,1769508841089000000,0
MappedFileStorage.totalBytesMapped,1769508781090000000,1769508841089000000,261357568
StorageLockContext.competingThreads.90P,1769508781090000000,1769508841089000000,0
FilePageCacheLockFree.totalPagesHandedOver,1769508781090000000,1769508841089000000,0
StreamlinedBlobStorage.recordsAllocated,1769508781090000000,1769508841089000000,0
FilePageCache.totalPageDisposalsUs,1769508781090000000,1769508841089000000,0
MappedFileStorage.totalTimeSpentOnMappingUs,1769508781090000000,1769508841089000000,12649
FilePageCacheLockFree.totalBytesRequested,1769508781090000000,1769508841089000000,0
FilePageCacheLockFree.totalPagesWritten,1769508781090000000,1769508841089000000,0
FilePageCacheLockFree.totalPagesAllocated,1769508781090000000,1769508841089000000,0
DirectByteBufferAllocator.misses,1769508781090000000,1769508841089000000,0
FilePageCacheLockFree.housekeeperTurnsDone,1769508781090000000,1769508841089000000,0
FilePageCacheLockFree.totalPagesRequested,1769508781090000000,1769508841089000000,0
FileChannelInterruptsRetryer.totalRetriedAttempts,1769508781090000000,1769508841089000000,0
FilePageCacheLockFree.housekeeperTurnsSkipped,1769508781090000000,1769508841089000000,0
FilePageCacheLockFree.totalNativeBytesReclaimed,1769508781090000000,1769508841089000000,0
DirectByteBufferAllocator.totalSizeOfBuffersAllocatedInBytes,1769508781090000000,1769508841089000000,126902272
StreamlinedBlobStorage.totalLiveRecordsCapacityBytes,1769508781090000000,1769508841089000000,0
FilePageCache.disposedBuffers,1769508781090000000,1769508841089000000,0
FilePageCacheLockFree.totalHeapBytesAllocated,1769508781090000000,1769508841089000000,0
DirectByteBufferAllocator.hits,1769508781090000000,1769508841089000000,0
FilePageCacheLockFree.totalPagesWriteMs,1769508781090000000,1769508841089000000,0
FilePageCache.uncachedFileAccess,1769508781090000000,1769508841089000000,0
MappedFileStorage.storages,1769508781090000000,1769508841089000000,16
FilePageCacheLockFree.totalPagesReadMs,1769508781090000000,1769508841089000000,0
DirectByteBufferAllocator.totalSizeOfBuffersCachedInBytes,1769508781090000000,1769508841089000000,0
FilePageCacheLockFree.housekeeperTimeSpentMs,1769508781090000000,1769508841089000000,0
MappedFileStorage.totalPagesMapped,1769508781090000000,1769508841089000000,21
FilePageCache.maxCacheSizeInBytes,1769508781090000000,1769508841089000000,126902272
FilePageCache.maxRegisteredFiles,1769508781090000000,1769508841089000000,252
StorageLockContext.competingThreads.max,1769508781090000000,1769508841089000000,0
FilePageCacheLockFree.totalPagesReclaimed,1769508781090000000,1769508841089000000,0
FilePageCache.capacityInBytes,1769508781090000000,1769508841089000000,503316478
FilePageCache.pageLoadsAboveSizeThreshold,1769508781090000000,1769508841089000000,0
FilePageCacheLockFree.totalPageAllocationsWaited,1769508781090000000,1769508841089000000,0
FilePageCache.pageHits,1769508781090000000,1769508841089000000,0
FilePageCache.totalPageLoadsUs,1769508781090000000,1769508841089000000,0
FilePageCacheLockFree.totalNativeBytesAllocated,1769508781090000000,1769508841089000000,0
FilePageCache.pageFastCacheHits,1769508781090000000,1769508841089000000,0
DirectByteBufferAllocator.reclaimed,1769508781090000000,1769508841089000000,0
StreamlinedBlobStorage.recordsDeleted,1769508781090000000,1769508841089000000,0
FilePageCacheLockFree.totalClosedStoragesReclaimed,1769508781090000000,1769508841089000000,0
StreamlinedBlobStorage.totalLiveRecordsPayloadBytes,1769508781090000000,1769508841089000000,0
DirectByteBufferAllocator.disposed,1769508781090000000,1769508841089000000,0
FilePageCacheLockFree.totalPagesRequestsMs,1769508781090000000,1769508841089000000,0
FilePageCacheLockFree.totalHeapBytesReclaimed,1769508781090000000,1769508841089000000,0
FilePageCacheLockFree.totalBytesWritten,1769508781090000000,1769508841089000000,0
FilePageCacheLockFree.totalBytesRead,1769508781090000000,1769508841089000000,0
StorageLockContext.competingThreads.avg,1769508781090000000,1769508841089000000,0.0
StreamlinedBlobStorage.recordsRelocated,1769508781090000000,1769508841089000000,0
JVM.usedNativeBytes,1769508781090000000,1769508841089000000,333589280
JVM.totalDirectByteBuffersBytes,1769508781090000000,1769508841089000000,128439146
JVM.totalTimeToSafepointsMs,1769508781090000000,1769508841089000000,0
JVM.totalCpuTimeMs,1769508781090000000,1769508841089000000,1570
JVM.usedHeapBytes,1769508781090000000,1769508841089000000,467569384
JVM.totalTimeAtSafepointsMs,1769508781090000000,1769508841089000000,1
JVM.GC.collectionTimesMs,1769508781090000000,1769508841089000000,0
JVM.totalSafepointCount,1769508781090000000,1769508841089000000,27
JVM.maxHeapBytes,1769508781090000000,1769508841089000000,4196401152
JVM.newThreadsCount,1769508781090000000,1769508841089000000,3
JVM.GC.collections,1769508781090000000,1769508841089000000,0
OS.loadAverage,1769508781090000000,1769508841089000000,1.47900390625
JVM.maxThreadCount,1769508781090000000,1769508841089000000,143
JVM.totalBytesAllocated,1769508781090000000,1769508841089000000,41932736
JVM.threadCount,1769508781090000000,1769508841089000000,49
workspaceModel.workspaceFileIndexData.updateDirtyEntities.ms,1769508781090000000,1769508841089000000,0
workspaceModel.updates.precise.ms,1769508781090000000,1769508841089000000,0
workspaceModel.cachedValueWithParameters.calculated.count,1769508781090000000,1769508841089000000,0
workspaceModel.cachedValueWithParameters.total.get.count,1769508781090000000,1769508841089000000,0
workspaceModel.cachedValue.calculated.count,1769508781090000000,1769508841089000000,0
workspaceModel.to.snapshot.ms,1769508781090000000,1769508841089000000,0
workspaceModel.loading.total.ms,1769508781090000000,1769508841089000000,0
workspaceModel.on.changed.ms,1769508781090000000,1769508841089000000,0
workspaceModel.replace.project.model.ms,1769508781090000000,1769508841089000000,0
workspaceModel.workspaceFileIndexContributor.registerFileSets.ms,1769508781090000000,1769508841089000000,0
workspaceModel.update.unloaded.entities.ms,1769508781090000000,1769508841089000000,0
workspaceModel.workspaceFileIndexData.markDirty.ms,1769508781090000000,1769508841089000000,0
workspaceModel.workspaceFileIndexData.init.ms,1769508781090000000,1769508841089000000,0
workspaceModel.workspaceFileIndexData.getPackageName.ms,1769508781090000000,1769508841089000000,0
workspaceModel.cachedValue.clear.count,1769508781090000000,1769508841089000000,0
workspaceModel.collect.changes.ms,1769508781090000000,1769508841089000000,0
workspaceModel.init.bridges.ms,1769508781090000000,1769508841089000000,0
workspaceModel.check.recursive.update.ms,1769508781090000000,1769508841089000000,0
workspaceModel.workspaceFileIndexData.getFileInfo.ms,1769508781090000000,1769508841089000000,0
workspaceModel.workspaceFileIndexData.processFileSets.ms,1769508781090000000,1769508841089000000,0
workspaceModel.entityStorageSnapshotImpl.instances.count,1769508781090000000,1769508841089000000,0
workspaceModel.on.before.changed.ms,1769508781090000000,1769508841089000000,0
workspaceModel.cachedValueWithParameters.clear.count,1769508781090000000,1769508841089000000,0
workspaceModel.workspaceFileIndexData.onEntitiesChanged.ms,1769508781090000000,1769508841089000000,0
workspaceModel.workspaceFileIndexData.visitFileSets.ms,1769508781090000000,1769508841089000000,0
workspaceModel.workspaceFileIndexData.instances.count,1769508781090000000,1769508841089000000,0
workspaceModel.initializing.ms,1769508781090000000,1769508841089000000,0
workspaceModel.full.replace.project.model.ms,1769508781090000000,1769508841089000000,0
workspaceModel.updates.ms,1769508781090000000,1769508841089000000,0
workspaceModel.cachedValue.from.cache.count,1769508781090000000,1769508841089000000,2
workspaceModel.loading.from.cache.ms,1769508781090000000,1769508841089000000,0
workspaceModel.workspaceFileIndexData.getDirectoriesByPackageName.ms,1769508781090000000,1769508841089000000,0
workspaceModel.cachedValueWithParameters.from.cache.count,1769508781090000000,1769508841089000000,0
workspaceModel.cachedValue.total.get.count,1769508781090000000,1769508841089000000,2
workspaceModel.pre.handlers.ms,1769508781090000000,1769508841089000000,0
workspaceModel.updates.count,1769508781090000000,1769508841089000000,0
Indexing.writesQueuedMin,1769508781090000000,1769508841089000000,0
Indexes.stubs.lookups,1769508781090000000,1769508841089000000,0
Indexing.writer_0.totalTimeSpentWritingMs,1769508781090000000,1769508841089000000,0
Indexes.stubs.lookupDurationAvgMs,1769508781090000000,1769508841089000000,0.0
Indexing.totalTimeIndexersSleptMs,1769508781090000000,1769508841089000000,0
IndexesFlusher.totalFlushesRetried,1769508781090000000,1769508841089000000,0
IndexesFlusher.totalFlushes,1769508781090000000,1769508841089000000,60
Indexes.entries.lookupDurationAvgMs,1769508781090000000,1769508841089000000,0.0
Indexes.allKeys.lookupDuration90PMs,1769508781090000000,1769508841089000000,0.0
Indexing.cache.totalCacheEvicted,1769508781090000000,1769508841089000000,0
Indexes.entries.lookupDurationMaxMs,1769508781090000000,1769508841089000000,0.0
Indexing.writesQueuedAvg,1769508781090000000,1769508841089000000,0.0
IndexesFlusher.totalFlushingTimeUs,1769508781090000000,1769508841089000000,43813
Indexes.entries.lookups,1769508781090000000,1769508841089000000,0
Indexes.allKeys.lookupDurationMaxMs,1769508781090000000,1769508841089000000,0.0
Indexes.entries.lookupDuration90PMs,1769508781090000000,1769508841089000000,0.0
Indexing.writer_3.totalTimeSpentWritingMs,1769508781090000000,1769508841089000000,0
IndexesFlusher.totalContentionQuotaSpent,1769508781090000000,1769508841089000000,0
Indexing.writer_1.totalTimeSpentWritingMs,1769508781090000000,1769508841089000000,0
Indexing.cache.totalCacheMisses,1769508781090000000,1769508841089000000,0
Indexes.allKeys.lookups,1769508781090000000,1769508841089000000,0
Indexing.writer_2.totalTimeSpentWritingMs,1769508781090000000,1769508841089000000,0
Indexes.stubs.lookupDuration90PMs,1769508781090000000,1769508841089000000,0.0
Indexes.allKeys.lookupDurationAvgMs,1769508781090000000,1769508841089000000,0.0
Indexing.writesQueuedMax,1769508781090000000,1769508841089000000,0
Indexing.cache.totalCacheAccesses,1769508781090000000,1769508841089000000,0
Indexes.stubs.lookupDurationMaxMs,1769508781090000000,1769508841089000000,0.0
workspaceModel.load.cache.from.file.ms,1769508781090000000,1769508841089000000,0
jps.global.get.library.by.name.ms,1769508781090000000,1769508841089000000,0
workspaceModel.global.updates.count,1769508781090000000,1769508841089000000,0
workspaceModel.mutableEntityStorage.referrers.ms,1769508781090000000,1769508841089000000,0
workspaceModel.do.save.caches.ms,1769508781090000000,1769508841089000000,0
workspaceModel.global.apply.state.to.project.ms,1769508781090000000,1769508841089000000,0
workspaceModel.mutableEntityStorage.changeLog.addReplaceEventForNewChild.ms,1769508781090000000,1769508841089000000,0
jps.artifact.entities.serializer.load.entities.ms,1769508781090000000,1769508841089000000,0
jps.library.entities.serializer.load.entities.ms,1769508781090000000,1769508841089000000,0
workspaceModel.mutableEntityStorage.entities.by.source.ms,1769508781090000000,1769508841089000000,0
jps.global.handle.before.change.events.ms,1769508781090000000,1769508841089000000,0
jps.storage.jps.conf.reader.load.component.ms,1769508781090000000,1769508841089000000,0
workspaceModel.mutableEntityStorage.remove.entity.ms,1769508781090000000,1769508841089000000,0
jps.reload.project.entities.ms,1769508781090000000,1769508841089000000,0
workspaceModel.mutableEntityStorage.mutable.ext.mapping.ms,1769508781090000000,1769508841089000000,0
jps.module.dependency.index.workspace.model.listener.on.changed.ms,1769508781090000000,1769508841089000000,0
jps.project.serializers.save.ms,1769508781090000000,1769508841089000000,0
workspaceModel.mutableEntityStorage.replace.by.source.ms,1769508781090000000,1769508841089000000,0
workspaceModel.moduleManagerBridge.build.module.graph.ms,1769508781090000000,1769508841089000000,0
workspaceModel.delayed.project.synchronizer.sync.ms,1769508781090000000,1769508841089000000,0
jps.save.global.entities.ms,1769508781090000000,1769508841089000000,0
workspaceModel.moduleBridge.update.option.ms,1769508781090000000,1769508841089000000,0
workspaceModel.moduleBridge.before.changed.ms,1769508781090000000,1769508841089000000,0
workspaceModel.mutableEntityStorage.mutable.vfurl.index.ms,1769508781090000000,1769508841089000000,0
workspaceModel.mutableEntityStorage.modify.entity.ms,1769508781090000000,1769508841089000000,0
workspaceModel.moduleBridgeLoader.loading.modules.ms,1769508781090000000,1769508841089000000,0
workspaceModel.moduleManagerBridge.get.modules.ms,1769508781090000000,1769508841089000000,0
jps.global.initialize.library.bridges.after.loading.ms,1769508781090000000,1769508841089000000,0
workspaceModel.mutableEntityStorage.collect.changes.ms,1769508781090000000,1769508841089000000,0
workspaceModel.mutableEntityStorage.changeLog.addReplaceEventForRemovedParent.ms,1769508781090000000,1769508841089000000,0
jps.global.initialize.library.bridges.ms,1769508781090000000,1769508841089000000,0
workspaceModel.mutableEntityStorage.put.entity.ms,1769508781090000000,1769508841089000000,0
workspaceModel.mutableEntityStorage.changeLog.addReplaceEventForNewParent.ms,1769508781090000000,1769508841089000000,0
workspaceModel.moduleManagerBridge.new.nonPersistent.module.ms,1769508781090000000,1769508841089000000,0
jps.artifact.entities.serializer.save.entities.ms,1769508781090000000,1769508841089000000,0
jps.app.storage.content.reader.load.component.ms,1769508781090000000,1769508841089000000,0
workspaceModel.moduleManagerBridge.load.all.modules.ms,1769508781090000000,1769508841089000000,0
jps.facet.change.listener.before.change.events.ms,1769508781090000000,1769508841089000000,0
workspaceModel.mutableEntityStorage.entities.ms,1769508781090000000,1769508841089000000,0
workspaceModel.mutableEntityStorage.instances.count,1769508781090000000,1769508841089000000,0
workspaceModel.mutableEntityStorage.to.snapshot.ms,1769508781090000000,1769508841089000000,0
jps.load.initial.state.ms,1769508781090000000,1769508841089000000,0
workspaceModel.global.updates.ms,1769508781090000000,1769508841089000000,0
jps.apply.loaded.storage.ms,1769508781090000000,1769508841089000000,0
jps.global.get.libraries.ms,1769508781090000000,1769508841089000000,0
workspaceModel.mutableEntityStorage.resolve.ms,1769508781090000000,1769508841089000000,0
workspaceModel.moduleManagerBridge.newModule.ms,1769508781090000000,1769508841089000000,0
jps.facet.change.listener.process.change.events.ms,1769508781090000000,1769508841089000000,0
workspaceModel.moduleBridge.facet.initialization.ms,1769508781090000000,1769508841089000000,0
jps.project.serializers.load.ms,1769508781090000000,1769508841089000000,0
jps.library.entities.serializer.save.entities.ms,1769508781090000000,1769508841089000000,0
workspaceModel.load.cache.metadata.from.file.ms,1769508781090000000,1769508841089000000,0
jps.global.handle.changed.events.ms,1769508781090000000,1769508841089000000,0
workspaceModel.sync.entities.ms,1769508781090000000,1769508841089000000,0
jps.load.project.to.empty.storage.ms,1769508781090000000,1769508841089000000,0
workspaceModel.mutableEntityStorage.apply.changes.from.ms,1769508781090000000,1769508841089000000,0
workspaceModel.orphan.listener.update.ms,1769508781090000000,1769508841089000000,0
workspaceModel.moduleManagerBridge.create.module.instance.ms,1769508781090000000,1769508841089000000,0
workspaceModel.mutableEntityStorage.changeLog.addReplaceEventForRemovedChild.ms,1769508781090000000,1769508841089000000,0
workspaceModel.moduleManagerBridge.set.unloadedModules.ms,1769508781090000000,1769508841089000000,0
workspaceModel.mutableEntityStorage.add.entity.ms,1769508781090000000,1769508841089000000,0
jps.facet.change.listener.init.bridge.ms,1769508781090000000,1769508841089000000,0
workspaceModel.global.apply.state.to.project.builder.ms,1769508781090000000,1769508841089000000,0
workspaceModel.save.cache.to.file.ms,1769508781090000000,1769508841089000000,0
jps.save.changed.project.entities.ms,1769508781090000000,1769508841089000000,0
jps.global.get.library.ms,1769508781090000000,1769508841089000000,0
jps.module.iml.entities.serializer.save.entities.ms,1769508781090000000,1769508841089000000,0
jps.module.iml.entities.serializer.load.entities.ms,1769508781090000000,1769508841089000000,0
workspaceModel.moduleManagerBridge.load.module.ms,1769508781090000000,1769508841089000000,0
workspaceModel.mutableEntityStorage.has.same.entities.ms,1769508781090000000,1769508841089000000,0
FileNameCache.totalMisses,1769508781090000000,1769508841089000000,0
VFS.fileChildByName,1769508781090000000,1769508841089000000,0
VFS.fileByIdCache.hits,1769508781090000000,1769508841089000000,0
VFS.contentStorage.recordsStoredSize,1769508781090000000,1769508841089000000,0
VFS.contentStorage.recordsStoredCompressed,1769508781090000000,1769508841089000000,0
FileNameCache.queries,1769508781090000000,1769508841089000000,0
VFS.contentStorage.recordsRead,1769508781090000000,1769508841089000000,0
VFS.fileByIdCache.misses,1769508781090000000,1769508841089000000,0
VFS.contentStorage.recordsDeduplicated,1769508781090000000,1769508841089000000,0
VFS.contentStorage.recordsStored,1769508781090000000,1769508841089000000,0
VFS.contentStorage.recordsDecompressionTimeUs,1769508781090000000,1769508841089000000,0
VFS.contentStorage.recordsReadDecompressed,1769508781090000000,1769508841089000000,0
VFS.invertedFileNameIndex.requests,1769508781090000000,1769508841089000000,0
VFS.contentStorage.recordsReadSize,1769508781090000000,1769508841089000000,0
VFS.contentStorage.recordsUncompressedSize,1769508781090000000,1769508841089000000,0
cacheStateStorage.get.counter,1769508781090000000,1769508841089000000,1
cacheStateStorage.set.duration,1769508781090000000,1769508841089000000,0
cacheStateStorage.set.counter,1769508781090000000,1769508841089000000,0
cacheStateStorage.get.duration,1769508781090000000,1769508841089000000,0
DiskQueryRelay.tasksExecuted,1769508841089000000,1769508901089000000,126
DiskQueryRelay.taskExecutionTotalTimeUs,1769508841089000000,1769508901089000000,4086
writeAction.count,1769508841089000000,1769508901089000000,6
parser.Python.time.ns,1769508841089000000,1769508901089000000,1903647
writeAction.median.wait.ms,1769508841089000000,1769508901089000000,0
writeAction.wait.ms,1769508841089000000,1769508901089000000,0
lexer.Python.time.ns,1769508841089000000,1769508901089000000,679277
DiskQueryRelay.tasksRequested,1769508841089000000,1769508901089000000,126
lexer.Python.size.bytes,1769508841089000000,1769508901089000000,483
writeAction.max.wait.ms,1769508841089000000,1769508901089000000,2
DiskQueryRelay.taskWaitingTotalTimeUs,1769508841089000000,1769508901089000000,5947
parser.Python.size.bytes,1769508841089000000,1769508901089000000,483
FlushQueue.queueSizeAvg,1769508841089000000,1769508901089000000,2.5042598509052185
WriteAction.executionsCount,1769508841089000000,1769508901089000000,6
FlushQueue.executionTimeAvgNs,1769508841089000000,1769508901089000000,53878.772630457934
FlushQueue.waitingTimeAvgNs,1769508841089000000,1769508901089000000,690046.392971246
NonBlockingReadAction.failedExecutionTimeUs,1769508841089000000,1769508901089000000,0
FlushQueue.queueSize90P,1769508841089000000,1769508901089000000,9
AWTEventQueue.eventsDispatched,1769508841089000000,1769508901089000000,11044
NonBlockingReadAction.finalizedExecutionTimeUs,1769508841089000000,1769508901089000000,26234
AWTEventQueue.dispatchTimeMaxNs,1769508841089000000,1769508901089000000,168820735
FlushQueue.tasksExecuted,1769508841089000000,1769508901089000000,1878
AWTEventQueue.dispatchTimeTotalNS,1769508841089000000,1769508901089000000,878957730
FlushQueue.queueSizeMax,1769508841089000000,1769508901089000000,19
ReadAction.executionsCount,1769508841089000000,1769508901089000000,25750
AWTEventQueue.dispatchTimeAvgNs,1769508841089000000,1769508901089000000,79622.47011952191
NonBlockingReadAction.finalizedExecutionsCount,1769508841089000000,1769508901089000000,136
AWTEventQueue.dispatchTime90PNs,1769508841089000000,1769508901089000000,158719
FlushQueue.executionTimeMaxNs,1769508841089000000,1769508901089000000,4292607
FlushQueue.executionTime90PNs,1769508841089000000,1769508901089000000,73727
FlushQueue.waitingTimeMaxNs,1769508841089000000,1769508901089000000,116916223
NonBlockingReadAction.failedExecutionsCount,1769508841089000000,1769508901089000000,0
FlushQueue.waitingTime90PNs,1769508841089000000,1769508901089000000,1032191
FilePageCacheLockFree.nativeBytesInUse,1769508841089000000,1769508901089000000,0
FilePageCacheLockFree.heapBytesInUse,1769508841089000000,1769508901089000000,0
FilePageCache.pageLoads,1769508841089000000,1769508901089000000,9
MappedFileStorage.totalBytesMapped,1769508841089000000,1769508901089000000,261357568
StorageLockContext.competingThreads.90P,1769508841089000000,1769508901089000000,0
FilePageCacheLockFree.totalPagesHandedOver,1769508841089000000,1769508901089000000,0
StreamlinedBlobStorage.recordsAllocated,1769508841089000000,1769508901089000000,1
FilePageCache.totalPageDisposalsUs,1769508841089000000,1769508901089000000,21
MappedFileStorage.totalTimeSpentOnMappingUs,1769508841089000000,1769508901089000000,12649
FilePageCacheLockFree.totalBytesRequested,1769508841089000000,1769508901089000000,0
FilePageCacheLockFree.totalPagesWritten,1769508841089000000,1769508901089000000,0
FilePageCacheLockFree.totalPagesAllocated,1769508841089000000,1769508901089000000,0
DirectByteBufferAllocator.misses,1769508841089000000,1769508901089000000,9
FilePageCacheLockFree.housekeeperTurnsDone,1769508841089000000,1769508901089000000,0
FilePageCacheLockFree.totalPagesRequested,1769508841089000000,1769508901089000000,0
FileChannelInterruptsRetryer.totalRetriedAttempts,1769508841089000000,1769508901089000000,0
FilePageCacheLockFree.housekeeperTurnsSkipped,1769508841089000000,1769508901089000000,0
FilePageCacheLockFree.totalNativeBytesReclaimed,1769508841089000000,1769508901089000000,0
DirectByteBufferAllocator.totalSizeOfBuffersAllocatedInBytes,1769508841089000000,1769508901089000000,136339456
StreamlinedBlobStorage.totalLiveRecordsCapacityBytes,1769508841089000000,1769508901089000000,70
FilePageCache.disposedBuffers,1769508841089000000,1769508901089000000,0
FilePageCacheLockFree.totalHeapBytesAllocated,1769508841089000000,1769508901089000000,0
DirectByteBufferAllocator.hits,1769508841089000000,1769508901089000000,0
FilePageCacheLockFree.totalPagesWriteMs,1769508841089000000,1769508901089000000,0
FilePageCache.uncachedFileAccess,1769508841089000000,1769508901089000000,11
MappedFileStorage.storages,1769508841089000000,1769508901089000000,16
FilePageCacheLockFree.totalPagesReadMs,1769508841089000000,1769508901089000000,0
DirectByteBufferAllocator.totalSizeOfBuffersCachedInBytes,1769508841089000000,1769508901089000000,0
FilePageCacheLockFree.housekeeperTimeSpentMs,1769508841089000000,1769508901089000000,0
MappedFileStorage.totalPagesMapped,1769508841089000000,1769508901089000000,21
FilePageCache.maxCacheSizeInBytes,1769508841089000000,1769508901089000000,136339456
FilePageCache.maxRegisteredFiles,1769508841089000000,1769508901089000000,252
StorageLockContext.competingThreads.max,1769508841089000000,1769508901089000000,0
FilePageCacheLockFree.totalPagesReclaimed,1769508841089000000,1769508901089000000,0
FilePageCache.capacityInBytes,1769508841089000000,1769508901089000000,503316478
FilePageCache.pageLoadsAboveSizeThreshold,1769508841089000000,1769508901089000000,0
FilePageCacheLockFree.totalPageAllocationsWaited,1769508841089000000,1769508901089000000,0
FilePageCache.pageHits,1769508841089000000,1769508901089000000,0
FilePageCache.totalPageLoadsUs,1769508841089000000,1769508901089000000,20392
FilePageCacheLockFree.totalNativeBytesAllocated,1769508841089000000,1769508901089000000,0
FilePageCache.pageFastCacheHits,1769508841089000000,1769508901089000000,548
DirectByteBufferAllocator.reclaimed,1769508841089000000,1769508901089000000,0
StreamlinedBlobStorage.recordsDeleted,1769508841089000000,1769508901089000000,0
FilePageCacheLockFree.totalClosedStoragesReclaimed,1769508841089000000,1769508901089000000,0
StreamlinedBlobStorage.totalLiveRecordsPayloadBytes,1769508841089000000,1769508901089000000,7
DirectByteBufferAllocator.disposed,1769508841089000000,1769508901089000000,0
FilePageCacheLockFree.totalPagesRequestsMs,1769508841089000000,1769508901089000000,0
FilePageCacheLockFree.totalHeapBytesReclaimed,1769508841089000000,1769508901089000000,0
FilePageCacheLockFree.totalBytesWritten,1769508841089000000,1769508901089000000,0
FilePageCacheLockFree.totalBytesRead,1769508841089000000,1769508901089000000,0
StorageLockContext.competingThreads.avg,1769508841089000000,1769508901089000000,0.0
StreamlinedBlobStorage.recordsRelocated,1769508841089000000,1769508901089000000,0
JVM.usedNativeBytes,1769508841089000000,1769508901089000000,343183608
JVM.totalDirectByteBuffersBytes,1769508841089000000,1769508901089000000,138020036
JVM.totalTimeToSafepointsMs,1769508841089000000,1769508901089000000,1
JVM.totalCpuTimeMs,1769508841089000000,1769508901089000000,6380
JVM.usedHeapBytes,1769508841089000000,1769508901089000000,462325832
JVM.totalTimeAtSafepointsMs,1769508841089000000,1769508901089000000,35
JVM.GC.collectionTimesMs,1769508841089000000,1769508901089000000,33
JVM.totalSafepointCount,1769508841089000000,1769508901089000000,35
JVM.maxHeapBytes,1769508841089000000,1769508901089000000,4196401152
JVM.newThreadsCount,1769508841089000000,1769508901089000000,34
JVM.GC.collections,1769508841089000000,1769508901089000000,5
OS.loadAverage,1769508841089000000,1769508901089000000,1.236328125
JVM.maxThreadCount,1769508841089000000,1769508901089000000,143
JVM.totalBytesAllocated,1769508841089000000,1769508901089000000,232101272
JVM.threadCount,1769508841089000000,1769508901089000000,74
workspaceModel.workspaceFileIndexData.updateDirtyEntities.ms,1769508841089000000,1769508901089000000,0
workspaceModel.updates.precise.ms,1769508841089000000,1769508901089000000,0
workspaceModel.cachedValueWithParameters.calculated.count,1769508841089000000,1769508901089000000,0
workspaceModel.cachedValueWithParameters.total.get.count,1769508841089000000,1769508901089000000,0
workspaceModel.cachedValue.calculated.count,1769508841089000000,1769508901089000000,0
workspaceModel.to.snapshot.ms,1769508841089000000,1769508901089000000,0
workspaceModel.loading.total.ms,1769508841089000000,1769508901089000000,0
workspaceModel.on.changed.ms,1769508841089000000,1769508901089000000,0
workspaceModel.replace.project.model.ms,1769508841089000000,1769508901089000000,0
workspaceModel.workspaceFileIndexContributor.registerFileSets.ms,1769508841089000000,1769508901089000000,0
workspaceModel.update.unloaded.entities.ms,1769508841089000000,1769508901089000000,0
workspaceModel.workspaceFileIndexData.markDirty.ms,1769508841089000000,1769508901089000000,0
workspaceModel.workspaceFileIndexData.init.ms,1769508841089000000,1769508901089000000,0
workspaceModel.workspaceFileIndexData.getPackageName.ms,1769508841089000000,1769508901089000000,0
workspaceModel.cachedValue.clear.count,1769508841089000000,1769508901089000000,0
workspaceModel.collect.changes.ms,1769508841089000000,1769508901089000000,0
workspaceModel.init.bridges.ms,1769508841089000000,1769508901089000000,0
workspaceModel.check.recursive.update.ms,1769508841089000000,1769508901089000000,0
workspaceModel.workspaceFileIndexData.getFileInfo.ms,1769508841089000000,1769508901089000000,10
workspaceModel.workspaceFileIndexData.processFileSets.ms,1769508841089000000,1769508901089000000,0
workspaceModel.entityStorageSnapshotImpl.instances.count,1769508841089000000,1769508901089000000,0
workspaceModel.on.before.changed.ms,1769508841089000000,1769508901089000000,0
workspaceModel.cachedValueWithParameters.clear.count,1769508841089000000,1769508901089000000,0
workspaceModel.workspaceFileIndexData.onEntitiesChanged.ms,1769508841089000000,1769508901089000000,0
workspaceModel.workspaceFileIndexData.visitFileSets.ms,1769508841089000000,1769508901089000000,0
workspaceModel.workspaceFileIndexData.instances.count,1769508841089000000,1769508901089000000,0
workspaceModel.initializing.ms,1769508841089000000,1769508901089000000,0
workspaceModel.full.replace.project.model.ms,1769508841089000000,1769508901089000000,0
workspaceModel.updates.ms,1769508841089000000,1769508901089000000,0
workspaceModel.cachedValue.from.cache.count,1769508841089000000,1769508901089000000,413
workspaceModel.loading.from.cache.ms,1769508841089000000,1769508901089000000,0
workspaceModel.workspaceFileIndexData.getDirectoriesByPackageName.ms,1769508841089000000,1769508901089000000,0
workspaceModel.cachedValueWithParameters.from.cache.count,1769508841089000000,1769508901089000000,0
workspaceModel.cachedValue.total.get.count,1769508841089000000,1769508901089000000,413
workspaceModel.pre.handlers.ms,1769508841089000000,1769508901089000000,0
workspaceModel.updates.count,1769508841089000000,1769508901089000000,0
Indexing.writesQueuedMin,1769508841089000000,1769508901089000000,0
Indexes.stubs.lookups,1769508841089000000,1769508901089000000,2
Indexing.writer_0.totalTimeSpentWritingMs,1769508841089000000,1769508901089000000,0
Indexes.stubs.lookupDurationAvgMs,1769508841089000000,1769508901089000000,13.0
Indexing.totalTimeIndexersSleptMs,1769508841089000000,1769508901089000000,0
IndexesFlusher.totalFlushesRetried,1769508841089000000,1769508901089000000,0
IndexesFlusher.totalFlushes,1769508841089000000,1769508901089000000,60
Indexes.entries.lookupDurationAvgMs,1769508841089000000,1769508901089000000,13.0
Indexes.allKeys.lookupDuration90PMs,1769508841089000000,1769508901089000000,0.0
Indexing.cache.totalCacheEvicted,1769508841089000000,1769508901089000000,395
Indexes.entries.lookupDurationMaxMs,1769508841089000000,1769508901089000000,51.0
Indexing.writesQueuedAvg,1769508841089000000,1769508901089000000,0.0
IndexesFlusher.totalFlushingTimeUs,1769508841089000000,1769508901089000000,41323
Indexes.entries.lookups,1769508841089000000,1769508901089000000,4
Indexes.allKeys.lookupDurationMaxMs,1769508841089000000,1769508901089000000,0.0
Indexes.entries.lookupDuration90PMs,1769508841089000000,1769508901089000000,51.0
Indexing.writer_3.totalTimeSpentWritingMs,1769508841089000000,1769508901089000000,0
IndexesFlusher.totalContentionQuotaSpent,1769508841089000000,1769508901089000000,0
Indexing.writer_1.totalTimeSpentWritingMs,1769508841089000000,1769508901089000000,0
Indexing.cache.totalCacheMisses,1769508841089000000,1769508901089000000,399
Indexes.allKeys.lookups,1769508841089000000,1769508901089000000,0
Indexing.writer_2.totalTimeSpentWritingMs,1769508841089000000,1769508901089000000,0
Indexes.stubs.lookupDuration90PMs,1769508841089000000,1769508901089000000,25.0
Indexes.allKeys.lookupDurationAvgMs,1769508841089000000,1769508901089000000,0.0
Indexing.writesQueuedMax,1769508841089000000,1769508901089000000,0
Indexing.cache.totalCacheAccesses,1769508841089000000,1769508901089000000,410
Indexes.stubs.lookupDurationMaxMs,1769508841089000000,1769508901089000000,25.0
workspaceModel.load.cache.from.file.ms,1769508841089000000,1769508901089000000,0
jps.global.get.library.by.name.ms,1769508841089000000,1769508901089000000,0
workspaceModel.global.updates.count,1769508841089000000,1769508901089000000,0
workspaceModel.mutableEntityStorage.referrers.ms,1769508841089000000,1769508901089000000,0
workspaceModel.do.save.caches.ms,1769508841089000000,1769508901089000000,0
workspaceModel.global.apply.state.to.project.ms,1769508841089000000,1769508901089000000,0
workspaceModel.mutableEntityStorage.changeLog.addReplaceEventForNewChild.ms,1769508841089000000,1769508901089000000,0
jps.artifact.entities.serializer.load.entities.ms,1769508841089000000,1769508901089000000,0
jps.library.entities.serializer.load.entities.ms,1769508841089000000,1769508901089000000,0
workspaceModel.mutableEntityStorage.entities.by.source.ms,1769508841089000000,1769508901089000000,0
jps.global.handle.before.change.events.ms,1769508841089000000,1769508901089000000,0
jps.storage.jps.conf.reader.load.component.ms,1769508841089000000,1769508901089000000,0
workspaceModel.mutableEntityStorage.remove.entity.ms,1769508841089000000,1769508901089000000,0
jps.reload.project.entities.ms,1769508841089000000,1769508901089000000,0
workspaceModel.mutableEntityStorage.mutable.ext.mapping.ms,1769508841089000000,1769508901089000000,0
jps.module.dependency.index.workspace.model.listener.on.changed.ms,1769508841089000000,1769508901089000000,0
jps.project.serializers.save.ms,1769508841089000000,1769508901089000000,0
workspaceModel.mutableEntityStorage.replace.by.source.ms,1769508841089000000,1769508901089000000,0
workspaceModel.moduleManagerBridge.build.module.graph.ms,1769508841089000000,1769508901089000000,0
workspaceModel.delayed.project.synchronizer.sync.ms,1769508841089000000,1769508901089000000,0
jps.save.global.entities.ms,1769508841089000000,1769508901089000000,0
workspaceModel.moduleBridge.update.option.ms,1769508841089000000,1769508901089000000,0
workspaceModel.moduleBridge.before.changed.ms,1769508841089000000,1769508901089000000,0
workspaceModel.mutableEntityStorage.mutable.vfurl.index.ms,1769508841089000000,1769508901089000000,0
workspaceModel.mutableEntityStorage.modify.entity.ms,1769508841089000000,1769508901089000000,0
workspaceModel.moduleBridgeLoader.loading.modules.ms,1769508841089000000,1769508901089000000,0
workspaceModel.moduleManagerBridge.get.modules.ms,1769508841089000000,1769508901089000000,0
jps.global.initialize.library.bridges.after.loading.ms,1769508841089000000,1769508901089000000,0
workspaceModel.mutableEntityStorage.collect.changes.ms,1769508841089000000,1769508901089000000,0
workspaceModel.mutableEntityStorage.changeLog.addReplaceEventForRemovedParent.ms,1769508841089000000,1769508901089000000,0
jps.global.initialize.library.bridges.ms,1769508841089000000,1769508901089000000,0
workspaceModel.mutableEntityStorage.put.entity.ms,1769508841089000000,1769508901089000000,0
workspaceModel.mutableEntityStorage.changeLog.addReplaceEventForNewParent.ms,1769508841089000000,1769508901089000000,0
workspaceModel.moduleManagerBridge.new.nonPersistent.module.ms,1769508841089000000,1769508901089000000,0
jps.artifact.entities.serializer.save.entities.ms,1769508841089000000,1769508901089000000,0
jps.app.storage.content.reader.load.component.ms,1769508841089000000,1769508901089000000,0
workspaceModel.moduleManagerBridge.load.all.modules.ms,1769508841089000000,1769508901089000000,0
jps.facet.change.listener.before.change.events.ms,1769508841089000000,1769508901089000000,0
workspaceModel.mutableEntityStorage.entities.ms,1769508841089000000,1769508901089000000,0
workspaceModel.mutableEntityStorage.instances.count,1769508841089000000,1769508901089000000,0
workspaceModel.mutableEntityStorage.to.snapshot.ms,1769508841089000000,1769508901089000000,0
jps.load.initial.state.ms,1769508841089000000,1769508901089000000,0
workspaceModel.global.updates.ms,1769508841089000000,1769508901089000000,0
jps.apply.loaded.storage.ms,1769508841089000000,1769508901089000000,0
jps.global.get.libraries.ms,1769508841089000000,1769508901089000000,0
workspaceModel.mutableEntityStorage.resolve.ms,1769508841089000000,1769508901089000000,0
workspaceModel.moduleManagerBridge.newModule.ms,1769508841089000000,1769508901089000000,0
jps.facet.change.listener.process.change.events.ms,1769508841089000000,1769508901089000000,0
workspaceModel.moduleBridge.facet.initialization.ms,1769508841089000000,1769508901089000000,0
jps.project.serializers.load.ms,1769508841089000000,1769508901089000000,0
jps.library.entities.serializer.save.entities.ms,1769508841089000000,1769508901089000000,0
workspaceModel.load.cache.metadata.from.file.ms,1769508841089000000,1769508901089000000,0
jps.global.handle.changed.events.ms,1769508841089000000,1769508901089000000,0
workspaceModel.sync.entities.ms,1769508841089000000,1769508901089000000,0
jps.load.project.to.empty.storage.ms,1769508841089000000,1769508901089000000,0
workspaceModel.mutableEntityStorage.apply.changes.from.ms,1769508841089000000,1769508901089000000,0
workspaceModel.orphan.listener.update.ms,1769508841089000000,1769508901089000000,0
workspaceModel.moduleManagerBridge.create.module.instance.ms,1769508841089000000,1769508901089000000,0
workspaceModel.mutableEntityStorage.changeLog.addReplaceEventForRemovedChild.ms,1769508841089000000,1769508901089000000,0
workspaceModel.moduleManagerBridge.set.unloadedModules.ms,1769508841089000000,1769508901089000000,0
workspaceModel.mutableEntityStorage.add.entity.ms,1769508841089000000,1769508901089000000,0
jps.facet.change.listener.init.bridge.ms,1769508841089000000,1769508901089000000,0
workspaceModel.global.apply.state.to.project.builder.ms,1769508841089000000,1769508901089000000,0
workspaceModel.save.cache.to.file.ms,1769508841089000000,1769508901089000000,0
jps.save.changed.project.entities.ms,1769508841089000000,1769508901089000000,0
jps.global.get.library.ms,1769508841089000000,1769508901089000000,0
jps.module.iml.entities.serializer.save.entities.ms,1769508841089000000,1769508901089000000,0
jps.module.iml.entities.serializer.load.entities.ms,1769508841089000000,1769508901089000000,0
workspaceModel.moduleManagerBridge.load.module.ms,1769508841089000000,1769508901089000000,0
workspaceModel.mutableEntityStorage.has.same.entities.ms,1769508841089000000,1769508901089000000,0
FileNameCache.totalMisses,1769508841089000000,1769508901089000000,0
VFS.fileChildByName,1769508841089000000,1769508901089000000,12472
VFS.fileByIdCache.hits,1769508841089000000,1769508901089000000,0
VFS.contentStorage.recordsStoredSize,1769508841089000000,1769508901089000000,0
VFS.contentStorage.recordsStoredCompressed,1769508841089000000,1769508901089000000,0
FileNameCache.queries,1769508841089000000,1769508901089000000,72576
VFS.contentStorage.recordsRead,1769508841089000000,1769508901089000000,3
VFS.fileByIdCache.misses,1769508841089000000,1769508901089000000,112
VFS.contentStorage.recordsDeduplicated,1769508841089000000,1769508901089000000,0
VFS.contentStorage.recordsStored,1769508841089000000,1769508901089000000,0
VFS.contentStorage.recordsDecompressionTimeUs,1769508841089000000,1769508901089000000,0
VFS.contentStorage.recordsReadDecompressed,1769508841089000000,1769508901089000000,0
VFS.invertedFileNameIndex.requests,1769508841089000000,1769508901089000000,0
VFS.contentStorage.recordsReadSize,1769508841089000000,1769508901089000000,0
VFS.contentStorage.recordsUncompressedSize,1769508841089000000,1769508901089000000,0
cacheStateStorage.get.counter,1769508841089000000,1769508901089000000,0
cacheStateStorage.set.duration,1769508841089000000,1769508901089000000,0
cacheStateStorage.set.counter,1769508841089000000,1769508901089000000,0
cacheStateStorage.get.duration,1769508841089000000,1769508901089000000,0
DiskQueryRelay.tasksExecuted,1769508901089000000,1769508961089000000,238
DiskQueryRelay.taskExecutionTotalTimeUs,1769508901089000000,1769508961089000000,4250
writeAction.count,1769508901089000000,1769508961089000000,1
parser.Python.time.ns,1769508901089000000,1769508961089000000,629984
writeAction.median.wait.ms,1769508901089000000,1769508961089000000,0
writeAction.wait.ms,1769508901089000000,1769508961089000000,0
lexer.Python.time.ns,1769508901089000000,1769508961089000000,311089
DiskQueryRelay.tasksRequested,1769508901089000000,1769508961089000000,238
lexer.Python.size.bytes,1769508901089000000,1769508961089000000,304
writeAction.max.wait.ms,1769508901089000000,1769508961089000000,2
DiskQueryRelay.taskWaitingTotalTimeUs,1769508901089000000,1769508961089000000,4381
parser.Python.size.bytes,1769508901089000000,1769508961089000000,304
FlushQueue.queueSizeAvg,1769508901089000000,1769508961089000000,4.277531956735497
WriteAction.executionsCount,1769508901089000000,1769508961089000000,1
FlushQueue.executionTimeAvgNs,1769508901089000000,1769508961089000000,67905.28171091445
FlushQueue.waitingTimeAvgNs,1769508901089000000,1769508961089000000,521238.1764995084
NonBlockingReadAction.failedExecutionTimeUs,1769508901089000000,1769508961089000000,0
FlushQueue.queueSize90P,1769508901089000000,1769508961089000000,12
AWTEventQueue.eventsDispatched,1769508901089000000,1769508961089000000,12183
NonBlockingReadAction.finalizedExecutionTimeUs,1769508901089000000,1769508961089000000,18856
AWTEventQueue.dispatchTimeMaxNs,1769508901089000000,1769508961089000000,30670847
FlushQueue.tasksExecuted,1769508901089000000,1769508961089000000,4068
AWTEventQueue.dispatchTimeTotalNS,1769508901089000000,1769508961089000000,1595452060
FlushQueue.queueSizeMax,1769508901089000000,1769508961089000000,22
ReadAction.executionsCount,1769508901089000000,1769508961089000000,33705
AWTEventQueue.dispatchTimeAvgNs,1769508901089000000,1769508961089000000,130939.274070426
NonBlockingReadAction.finalizedExecutionsCount,1769508901089000000,1769508961089000000,243
AWTEventQueue.dispatchTime90PNs,1769508901089000000,1769508961089000000,228351
FlushQueue.executionTimeMaxNs,1769508901089000000,1769508961089000000,30670847
FlushQueue.executionTime90PNs,1769508901089000000,1769508961089000000,80383
FlushQueue.waitingTimeMaxNs,1769508901089000000,1769508961089000000,25427967
NonBlockingReadAction.failedExecutionsCount,1769508901089000000,1769508961089000000,0
FlushQueue.waitingTime90PNs,1769508901089000000,1769508961089000000,1204223
FilePageCacheLockFree.nativeBytesInUse,1769508901089000000,1769508961089000000,0
FilePageCacheLockFree.heapBytesInUse,1769508901089000000,1769508961089000000,0
FilePageCache.pageLoads,1769508901089000000,1769508961089000000,0
MappedFileStorage.totalBytesMapped,1769508901089000000,1769508961089000000,261357568
StorageLockContext.competingThreads.90P,1769508901089000000,1769508961089000000,0
FilePageCacheLockFree.totalPagesHandedOver,1769508901089000000,1769508961089000000,0
StreamlinedBlobStorage.recordsAllocated,1769508901089000000,1769508961089000000,0
FilePageCache.totalPageDisposalsUs,1769508901089000000,1769508961089000000,0
MappedFileStorage.totalTimeSpentOnMappingUs,1769508901089000000,1769508961089000000,12649
FilePageCacheLockFree.totalBytesRequested,1769508901089000000,1769508961089000000,0
FilePageCacheLockFree.totalPagesWritten,1769508901089000000,1769508961089000000,0
FilePageCacheLockFree.totalPagesAllocated,1769508901089000000,1769508961089000000,0
DirectByteBufferAllocator.misses,1769508901089000000,1769508961089000000,0
FilePageCacheLockFree.housekeeperTurnsDone,1769508901089000000,1769508961089000000,0
FilePageCacheLockFree.totalPagesRequested,1769508901089000000,1769508961089000000,0
FileChannelInterruptsRetryer.totalRetriedAttempts,1769508901089000000,1769508961089000000,0
FilePageCacheLockFree.housekeeperTurnsSkipped,1769508901089000000,1769508961089000000,0
FilePageCacheLockFree.totalNativeBytesReclaimed,1769508901089000000,1769508961089000000,0
DirectByteBufferAllocator.totalSizeOfBuffersAllocatedInBytes,1769508901089000000,1769508961089000000,136339456
StreamlinedBlobStorage.totalLiveRecordsCapacityBytes,1769508901089000000,1769508961089000000,0
FilePageCache.disposedBuffers,1769508901089000000,1769508961089000000,0
FilePageCacheLockFree.totalHeapBytesAllocated,1769508901089000000,1769508961089000000,0
DirectByteBufferAllocator.hits,1769508901089000000,1769508961089000000,0
FilePageCacheLockFree.totalPagesWriteMs,1769508901089000000,1769508961089000000,0
FilePageCache.uncachedFileAccess,1769508901089000000,1769508961089000000,3
MappedFileStorage.storages,1769508901089000000,1769508961089000000,16
FilePageCacheLockFree.totalPagesReadMs,1769508901089000000,1769508961089000000,0
DirectByteBufferAllocator.totalSizeOfBuffersCachedInBytes,1769508901089000000,1769508961089000000,0
FilePageCacheLockFree.housekeeperTimeSpentMs,1769508901089000000,1769508961089000000,0
MappedFileStorage.totalPagesMapped,1769508901089000000,1769508961089000000,21
FilePageCache.maxCacheSizeInBytes,1769508901089000000,1769508961089000000,136339456
FilePageCache.maxRegisteredFiles,1769508901089000000,1769508961089000000,252
StorageLockContext.competingThreads.max,1769508901089000000,1769508961089000000,0
FilePageCacheLockFree.totalPagesReclaimed,1769508901089000000,1769508961089000000,0
FilePageCache.capacityInBytes,1769508901089000000,1769508961089000000,503316478
FilePageCache.pageLoadsAboveSizeThreshold,1769508901089000000,1769508961089000000,0
FilePageCacheLockFree.totalPageAllocationsWaited,1769508901089000000,1769508961089000000,0
FilePageCache.pageHits,1769508901089000000,1769508961089000000,0
FilePageCache.totalPageLoadsUs,1769508901089000000,1769508961089000000,0
FilePageCacheLockFree.totalNativeBytesAllocated,1769508901089000000,1769508961089000000,0
FilePageCache.pageFastCacheHits,1769508901089000000,1769508961089000000,23
DirectByteBufferAllocator.reclaimed,1769508901089000000,1769508961089000000,0
StreamlinedBlobStorage.recordsDeleted,1769508901089000000,1769508961089000000,0
FilePageCacheLockFree.totalClosedStoragesReclaimed,1769508901089000000,1769508961089000000,0
StreamlinedBlobStorage.totalLiveRecordsPayloadBytes,1769508901089000000,1769508961089000000,0
DirectByteBufferAllocator.disposed,1769508901089000000,1769508961089000000,0
FilePageCacheLockFree.totalPagesRequestsMs,1769508901089000000,1769508961089000000,0
FilePageCacheLockFree.totalHeapBytesReclaimed,1769508901089000000,1769508961089000000,0
FilePageCacheLockFree.totalBytesWritten,1769508901089000000,1769508961089000000,0
FilePageCacheLockFree.totalBytesRead,1769508901089000000,1769508961089000000,0
StorageLockContext.competingThreads.avg,1769508901089000000,1769508961089000000,0.0
StreamlinedBlobStorage.recordsRelocated,1769508901089000000,1769508961089000000,0
JVM.usedNativeBytes,1769508901089000000,1769508961089000000,364493480
JVM.totalDirectByteBuffersBytes,1769508901089000000,1769508961089000000,138011963
JVM.totalTimeToSafepointsMs,1769508901089000000,1769508961089000000,1
JVM.totalCpuTimeMs,1769508901089000000,1769508961089000000,9290
JVM.usedHeapBytes,1769508901089000000,1769508961089000000,467347232
JVM.totalTimeAtSafepointsMs,1769508901089000000,1769508961089000000,13
JVM.GC.collectionTimesMs,1769508901089000000,1769508961089000000,11
JVM.totalSafepointCount,1769508901089000000,1769508961089000000,49
JVM.maxHeapBytes,1769508901089000000,1769508961089000000,4196401152
JVM.newThreadsCount,1769508901089000000,1769508961089000000,2
JVM.GC.collections,1769508901089000000,1769508961089000000,2
OS.loadAverage,1769508901089000000,1769508961089000000,1.689453125
JVM.maxThreadCount,1769508901089000000,1769508961089000000,143
JVM.totalBytesAllocated,1769508901089000000,1769508961089000000,252096288
JVM.threadCount,1769508901089000000,1769508961089000000,71
workspaceModel.workspaceFileIndexData.updateDirtyEntities.ms,1769508901089000000,1769508961089000000,0
workspaceModel.updates.precise.ms,1769508901089000000,1769508961089000000,0
workspaceModel.cachedValueWithParameters.calculated.count,1769508901089000000,1769508961089000000,0
workspaceModel.cachedValueWithParameters.total.get.count,1769508901089000000,1769508961089000000,0
workspaceModel.cachedValue.calculated.count,1769508901089000000,1769508961089000000,0
workspaceModel.to.snapshot.ms,1769508901089000000,1769508961089000000,0
workspaceModel.loading.total.ms,1769508901089000000,1769508961089000000,0
workspaceModel.on.changed.ms,1769508901089000000,1769508961089000000,0
workspaceModel.replace.project.model.ms,1769508901089000000,1769508961089000000,0
workspaceModel.workspaceFileIndexContributor.registerFileSets.ms,1769508901089000000,1769508961089000000,0
workspaceModel.update.unloaded.entities.ms,1769508901089000000,1769508961089000000,0
workspaceModel.workspaceFileIndexData.markDirty.ms,1769508901089000000,1769508961089000000,0
workspaceModel.workspaceFileIndexData.init.ms,1769508901089000000,1769508961089000000,0
workspaceModel.workspaceFileIndexData.getPackageName.ms,1769508901089000000,1769508961089000000,0
workspaceModel.cachedValue.clear.count,1769508901089000000,1769508961089000000,0
workspaceModel.collect.changes.ms,1769508901089000000,1769508961089000000,0
workspaceModel.init.bridges.ms,1769508901089000000,1769508961089000000,0
workspaceModel.check.recursive.update.ms,1769508901089000000,1769508961089000000,0
workspaceModel.workspaceFileIndexData.getFileInfo.ms,1769508901089000000,1769508961089000000,0
workspaceModel.workspaceFileIndexData.processFileSets.ms,1769508901089000000,1769508961089000000,0
workspaceModel.entityStorageSnapshotImpl.instances.count,1769508901089000000,1769508961089000000,0
workspaceModel.on.before.changed.ms,1769508901089000000,1769508961089000000,0
workspaceModel.cachedValueWithParameters.clear.count,1769508901089000000,1769508961089000000,0
workspaceModel.workspaceFileIndexData.onEntitiesChanged.ms,1769508901089000000,1769508961089000000,0
workspaceModel.workspaceFileIndexData.visitFileSets.ms,1769508901089000000,1769508961089000000,0
workspaceModel.workspaceFileIndexData.instances.count,1769508901089000000,1769508961089000000,0
workspaceModel.initializing.ms,1769508901089000000,1769508961089000000,0
workspaceModel.full.replace.project.model.ms,1769508901089000000,1769508961089000000,0
workspaceModel.updates.ms,1769508901089000000,1769508961089000000,0
workspaceModel.cachedValue.from.cache.count,1769508901089000000,1769508961089000000,187
workspaceModel.loading.from.cache.ms,1769508901089000000,1769508961089000000,0
workspaceModel.workspaceFileIndexData.getDirectoriesByPackageName.ms,1769508901089000000,1769508961089000000,0
workspaceModel.cachedValueWithParameters.from.cache.count,1769508901089000000,1769508961089000000,0
workspaceModel.cachedValue.total.get.count,1769508901089000000,1769508961089000000,187
workspaceModel.pre.handlers.ms,1769508901089000000,1769508961089000000,0
workspaceModel.updates.count,1769508901089000000,1769508961089000000,0
Indexing.writesQueuedMin,1769508901089000000,1769508961089000000,0
Indexes.stubs.lookups,1769508901089000000,1769508961089000000,0
Indexing.writer_0.totalTimeSpentWritingMs,1769508901089000000,1769508961089000000,0
Indexes.stubs.lookupDurationAvgMs,1769508901089000000,1769508961089000000,0.0
Indexing.totalTimeIndexersSleptMs,1769508901089000000,1769508961089000000,0
IndexesFlusher.totalFlushesRetried,1769508901089000000,1769508961089000000,0
IndexesFlusher.totalFlushes,1769508901089000000,1769508961089000000,60
Indexes.entries.lookupDurationAvgMs,1769508901089000000,1769508961089000000,0.0
Indexes.allKeys.lookupDuration90PMs,1769508901089000000,1769508961089000000,0.0
Indexing.cache.totalCacheEvicted,1769508901089000000,1769508961089000000,3
Indexes.entries.lookupDurationMaxMs,1769508901089000000,1769508961089000000,0.0
Indexing.writesQueuedAvg,1769508901089000000,1769508961089000000,0.0
IndexesFlusher.totalFlushingTimeUs,1769508901089000000,1769508961089000000,34809
Indexes.entries.lookups,1769508901089000000,1769508961089000000,0
Indexes.allKeys.lookupDurationMaxMs,1769508901089000000,1769508961089000000,0.0
Indexes.entries.lookupDuration90PMs,1769508901089000000,1769508961089000000,0.0
Indexing.writer_3.totalTimeSpentWritingMs,1769508901089000000,1769508961089000000,0
IndexesFlusher.totalContentionQuotaSpent,1769508901089000000,1769508961089000000,0
Indexing.writer_1.totalTimeSpentWritingMs,1769508901089000000,1769508961089000000,0
Indexing.cache.totalCacheMisses,1769508901089000000,1769508961089000000,3
Indexes.allKeys.lookups,1769508901089000000,1769508961089000000,0
Indexing.writer_2.totalTimeSpentWritingMs,1769508901089000000,1769508961089000000,0
Indexes.stubs.lookupDuration90PMs,1769508901089000000,1769508961089000000,0.0
Indexes.allKeys.lookupDurationAvgMs,1769508901089000000,1769508961089000000,0.0
Indexing.writesQueuedMax,1769508901089000000,1769508961089000000,0
Indexing.cache.totalCacheAccesses,1769508901089000000,1769508961089000000,3
Indexes.stubs.lookupDurationMaxMs,1769508901089000000,1769508961089000000,0.0
workspaceModel.load.cache.from.file.ms,1769508901089000000,1769508961089000000,0
jps.global.get.library.by.name.ms,1769508901089000000,1769508961089000000,0
workspaceModel.global.updates.count,1769508901089000000,1769508961089000000,0
workspaceModel.mutableEntityStorage.referrers.ms,1769508901089000000,1769508961089000000,0
workspaceModel.do.save.caches.ms,1769508901089000000,1769508961089000000,0
workspaceModel.global.apply.state.to.project.ms,1769508901089000000,1769508961089000000,0
workspaceModel.mutableEntityStorage.changeLog.addReplaceEventForNewChild.ms,1769508901089000000,1769508961089000000,0
jps.artifact.entities.serializer.load.entities.ms,1769508901089000000,1769508961089000000,0
jps.library.entities.serializer.load.entities.ms,1769508901089000000,1769508961089000000,0
workspaceModel.mutableEntityStorage.entities.by.source.ms,1769508901089000000,1769508961089000000,0
jps.global.handle.before.change.events.ms,1769508901089000000,1769508961089000000,0
jps.storage.jps.conf.reader.load.component.ms,1769508901089000000,1769508961089000000,0
workspaceModel.mutableEntityStorage.remove.entity.ms,1769508901089000000,1769508961089000000,0
jps.reload.project.entities.ms,1769508901089000000,1769508961089000000,0
workspaceModel.mutableEntityStorage.mutable.ext.mapping.ms,1769508901089000000,1769508961089000000,0
jps.module.dependency.index.workspace.model.listener.on.changed.ms,1769508901089000000,1769508961089000000,0
jps.project.serializers.save.ms,1769508901089000000,1769508961089000000,0
workspaceModel.mutableEntityStorage.replace.by.source.ms,1769508901089000000,1769508961089000000,0
workspaceModel.moduleManagerBridge.build.module.graph.ms,1769508901089000000,1769508961089000000,0
workspaceModel.delayed.project.synchronizer.sync.ms,1769508901089000000,1769508961089000000,0
jps.save.global.entities.ms,1769508901089000000,1769508961089000000,0
workspaceModel.moduleBridge.update.option.ms,1769508901089000000,1769508961089000000,0
workspaceModel.moduleBridge.before.changed.ms,1769508901089000000,1769508961089000000,0
workspaceModel.mutableEntityStorage.mutable.vfurl.index.ms,1769508901089000000,1769508961089000000,0
workspaceModel.mutableEntityStorage.modify.entity.ms,1769508901089000000,1769508961089000000,0
workspaceModel.moduleBridgeLoader.loading.modules.ms,1769508901089000000,1769508961089000000,0
workspaceModel.moduleManagerBridge.get.modules.ms,1769508901089000000,1769508961089000000,0
jps.global.initialize.library.bridges.after.loading.ms,1769508901089000000,1769508961089000000,0
workspaceModel.mutableEntityStorage.collect.changes.ms,1769508901089000000,1769508961089000000,0
workspaceModel.mutableEntityStorage.changeLog.addReplaceEventForRemovedParent.ms,1769508901089000000,1769508961089000000,0
jps.global.initialize.library.bridges.ms,1769508901089000000,1769508961089000000,0
workspaceModel.mutableEntityStorage.put.entity.ms,1769508901089000000,1769508961089000000,0
workspaceModel.mutableEntityStorage.changeLog.addReplaceEventForNewParent.ms,1769508901089000000,1769508961089000000,0
workspaceModel.moduleManagerBridge.new.nonPersistent.module.ms,1769508901089000000,1769508961089000000,0
jps.artifact.entities.serializer.save.entities.ms,1769508901089000000,1769508961089000000,0
jps.app.storage.content.reader.load.component.ms,1769508901089000000,1769508961089000000,0
workspaceModel.moduleManagerBridge.load.all.modules.ms,1769508901089000000,1769508961089000000,0
jps.facet.change.listener.before.change.events.ms,1769508901089000000,1769508961089000000,0
workspaceModel.mutableEntityStorage.entities.ms,1769508901089000000,1769508961089000000,0
workspaceModel.mutableEntityStorage.instances.count,1769508901089000000,1769508961089000000,0
workspaceModel.mutableEntityStorage.to.snapshot.ms,1769508901089000000,1769508961089000000,0
jps.load.initial.state.ms,1769508901089000000,1769508961089000000,0
workspaceModel.global.updates.ms,1769508901089000000,1769508961089000000,0
jps.apply.loaded.storage.ms,1769508901089000000,1769508961089000000,0
jps.global.get.libraries.ms,1769508901089000000,1769508961089000000,0
workspaceModel.mutableEntityStorage.resolve.ms,1769508901089000000,1769508961089000000,0
workspaceModel.moduleManagerBridge.newModule.ms,1769508901089000000,1769508961089000000,0
jps.facet.change.listener.process.change.events.ms,1769508901089000000,1769508961089000000,0
workspaceModel.moduleBridge.facet.initialization.ms,1769508901089000000,1769508961089000000,0
jps.project.serializers.load.ms,1769508901089000000,1769508961089000000,0
jps.library.entities.serializer.save.entities.ms,1769508901089000000,1769508961089000000,0
workspaceModel.load.cache.metadata.from.file.ms,1769508901089000000,1769508961089000000,0
jps.global.handle.changed.events.ms,1769508901089000000,1769508961089000000,0
workspaceModel.sync.entities.ms,1769508901089000000,1769508961089000000,0
jps.load.project.to.empty.storage.ms,1769508901089000000,1769508961089000000,0
workspaceModel.mutableEntityStorage.apply.changes.from.ms,1769508901089000000,1769508961089000000,0
workspaceModel.orphan.listener.update.ms,1769508901089000000,1769508961089000000,0
workspaceModel.moduleManagerBridge.create.module.instance.ms,1769508901089000000,1769508961089000000,0
workspaceModel.mutableEntityStorage.changeLog.addReplaceEventForRemovedChild.ms,1769508901089000000,1769508961089000000,0
workspaceModel.moduleManagerBridge.set.unloadedModules.ms,1769508901089000000,1769508961089000000,0
workspaceModel.mutableEntityStorage.add.entity.ms,1769508901089000000,1769508961089000000,0
jps.facet.change.listener.init.bridge.ms,1769508901089000000,1769508961089000000,0
workspaceModel.global.apply.state.to.project.builder.ms,1769508901089000000,1769508961089000000,0
workspaceModel.save.cache.to.file.ms,1769508901089000000,1769508961089000000,0
jps.save.changed.project.entities.ms,1769508901089000000,1769508961089000000,0
jps.global.get.library.ms,1769508901089000000,1769508961089000000,0
jps.module.iml.entities.serializer.save.entities.ms,1769508901089000000,1769508961089000000,0
jps.module.iml.entities.serializer.load.entities.ms,1769508901089000000,1769508961089000000,0
workspaceModel.moduleManagerBridge.load.module.ms,1769508901089000000,1769508961089000000,0
workspaceModel.mutableEntityStorage.has.same.entities.ms,1769508901089000000,1769508961089000000,0
FileNameCache.totalMisses,1769508901089000000,1769508961089000000,0
VFS.fileChildByName,1769508901089000000,1769508961089000000,1815
VFS.fileByIdCache.hits,1769508901089000000,1769508961089000000,0
VFS.contentStorage.recordsStoredSize,1769508901089000000,1769508961089000000,322
VFS.contentStorage.recordsStoredCompressed,1769508901089000000,1769508961089000000,0
FileNameCache.queries,1769508901089000000,1769508961089000000,3200
VFS.contentStorage.recordsRead,1769508901089000000,1769508961089000000,1
VFS.fileByIdCache.misses,1769508901089000000,1769508961089000000,0
VFS.contentStorage.recordsDeduplicated,1769508901089000000,1769508961089000000,0
VFS.contentStorage.recordsStored,1769508901089000000,1769508961089000000,1
VFS.contentStorage.recordsDecompressionTimeUs,1769508901089000000,1769508961089000000,0
VFS.contentStorage.recordsReadDecompressed,1769508901089000000,1769508961089000000,0
VFS.invertedFileNameIndex.requests,1769508901089000000,1769508961089000000,0
VFS.contentStorage.recordsReadSize,1769508901089000000,1769508961089000000,0
VFS.contentStorage.recordsUncompressedSize,1769508901089000000,1769508961089000000,322
cacheStateStorage.get.counter,1769508901089000000,1769508961089000000,0
cacheStateStorage.set.duration,1769508901089000000,1769508961089000000,0
cacheStateStorage.set.counter,1769508901089000000,1769508961089000000,0
cacheStateStorage.get.duration,1769508901089000000,1769508961089000000,0
DiskQueryRelay.tasksExecuted,1769508961089000000,1769509021089000000,37
DiskQueryRelay.taskExecutionTotalTimeUs,1769508961089000000,1769509021089000000,833
writeAction.count,1769508961089000000,1769509021089000000,1
parser.Python.time.ns,1769508961089000000,1769509021089000000,14616637
writeAction.median.wait.ms,1769508961089000000,1769509021089000000,0
lexer.PythonStub.size.bytes,1769508961089000000,1769509021089000000,89280
parser.PythonStub.size.bytes,1769508961089000000,1769509021089000000,89280
lexer.PythonStub.time.ns,1769508961089000000,1769509021089000000,14978773
writeAction.wait.ms,1769508961089000000,1769509021089000000,0
lexer.Python.time.ns,1769508961089000000,1769509021089000000,11546692
DiskQueryRelay.tasksRequested,1769508961089000000,1769509021089000000,37
parser.PythonStub.time.ns,1769508961089000000,1769509021089000000,35279295
lexer.Python.size.bytes,1769508961089000000,1769509021089000000,210396
writeAction.max.wait.ms,1769508961089000000,1769509021089000000,2
DiskQueryRelay.taskWaitingTotalTimeUs,1769508961089000000,1769509021089000000,1426
parser.Python.size.bytes,1769508961089000000,1769509021089000000,210396
FlushQueue.queueSizeAvg,1769508961089000000,1769509021089000000,2.13
WriteAction.executionsCount,1769508961089000000,1769509021089000000,1
FlushQueue.executionTimeAvgNs,1769508961089000000,1769509021089000000,69286.4532
FlushQueue.waitingTimeAvgNs,1769508961089000000,1769509021089000000,182085.8416
NonBlockingReadAction.failedExecutionTimeUs,1769508961089000000,1769509021089000000,0
FlushQueue.queueSize90P,1769508961089000000,1769509021089000000,7
AWTEventQueue.eventsDispatched,1769508961089000000,1769509021089000000,7708
NonBlockingReadAction.finalizedExecutionTimeUs,1769508961089000000,1769509021089000000,32522
AWTEventQueue.dispatchTimeMaxNs,1769508961089000000,1769509021089000000,58458111
FlushQueue.tasksExecuted,1769508961089000000,1769509021089000000,2500
AWTEventQueue.dispatchTimeTotalNS,1769508961089000000,1769509021089000000,914407770
FlushQueue.queueSizeMax,1769508961089000000,1769509021089000000,19
ReadAction.executionsCount,1769508961089000000,1769509021089000000,76206
AWTEventQueue.dispatchTimeAvgNs,1769508961089000000,1769509021089000000,118505.97924234561
NonBlockingReadAction.finalizedExecutionsCount,1769508961089000000,1769509021089000000,518
AWTEventQueue.dispatchTime90PNs,1769508961089000000,1769509021089000000,185343
FlushQueue.executionTimeMaxNs,1769508961089000000,1769509021089000000,58458111
FlushQueue.executionTime90PNs,1769508961089000000,1769509021089000000,58367
FlushQueue.waitingTimeMaxNs,1769508961089000000,1769509021089000000,42991615
NonBlockingReadAction.failedExecutionsCount,1769508961089000000,1769509021089000000,0
FlushQueue.waitingTime90PNs,1769508961089000000,1769509021089000000,475135
FilePageCacheLockFree.nativeBytesInUse,1769508961089000000,1769509021089000000,0
FilePageCacheLockFree.heapBytesInUse,1769508961089000000,1769509021089000000,0
FilePageCache.pageLoads,1769508961089000000,1769509021089000000,0
MappedFileStorage.totalBytesMapped,1769508961089000000,1769509021089000000,261357568
StorageLockContext.competingThreads.90P,1769508961089000000,1769509021089000000,0
FilePageCacheLockFree.totalPagesHandedOver,1769508961089000000,1769509021089000000,0
StreamlinedBlobStorage.recordsAllocated,1769508961089000000,1769509021089000000,0
FilePageCache.totalPageDisposalsUs,1769508961089000000,1769509021089000000,0
MappedFileStorage.totalTimeSpentOnMappingUs,1769508961089000000,1769509021089000000,12649
FilePageCacheLockFree.totalBytesRequested,1769508961089000000,1769509021089000000,0
FilePageCacheLockFree.totalPagesWritten,1769508961089000000,1769509021089000000,0
FilePageCacheLockFree.totalPagesAllocated,1769508961089000000,1769509021089000000,0
DirectByteBufferAllocator.misses,1769508961089000000,1769509021089000000,0
FilePageCacheLockFree.housekeeperTurnsDone,1769508961089000000,1769509021089000000,0
FilePageCacheLockFree.totalPagesRequested,1769508961089000000,1769509021089000000,0
FileChannelInterruptsRetryer.totalRetriedAttempts,1769508961089000000,1769509021089000000,0
FilePageCacheLockFree.housekeeperTurnsSkipped,1769508961089000000,1769509021089000000,0
FilePageCacheLockFree.totalNativeBytesReclaimed,1769508961089000000,1769509021089000000,0
DirectByteBufferAllocator.totalSizeOfBuffersAllocatedInBytes,1769508961089000000,1769509021089000000,136339456
StreamlinedBlobStorage.totalLiveRecordsCapacityBytes,1769508961089000000,1769509021089000000,0
FilePageCache.disposedBuffers,1769508961089000000,1769509021089000000,0
FilePageCacheLockFree.totalHeapBytesAllocated,1769508961089000000,1769509021089000000,0
DirectByteBufferAllocator.hits,1769508961089000000,1769509021089000000,0
FilePageCacheLockFree.totalPagesWriteMs,1769508961089000000,1769509021089000000,0
FilePageCache.uncachedFileAccess,1769508961089000000,1769509021089000000,3
MappedFileStorage.storages,1769508961089000000,1769509021089000000,16
FilePageCacheLockFree.totalPagesReadMs,1769508961089000000,1769509021089000000,0
DirectByteBufferAllocator.totalSizeOfBuffersCachedInBytes,1769508961089000000,1769509021089000000,0
FilePageCacheLockFree.housekeeperTimeSpentMs,1769508961089000000,1769509021089000000,0
MappedFileStorage.totalPagesMapped,1769508961089000000,1769509021089000000,21
FilePageCache.maxCacheSizeInBytes,1769508961089000000,1769509021089000000,136339456
FilePageCache.maxRegisteredFiles,1769508961089000000,1769509021089000000,252
StorageLockContext.competingThreads.max,1769508961089000000,1769509021089000000,0
FilePageCacheLockFree.totalPagesReclaimed,1769508961089000000,1769509021089000000,0
FilePageCache.capacityInBytes,1769508961089000000,1769509021089000000,503316478
FilePageCache.pageLoadsAboveSizeThreshold,1769508961089000000,1769509021089000000,0
FilePageCacheLockFree.totalPageAllocationsWaited,1769508961089000000,1769509021089000000,0
FilePageCache.pageHits,1769508961089000000,1769509021089000000,0
FilePageCache.totalPageLoadsUs,1769508961089000000,1769509021089000000,0
FilePageCacheLockFree.totalNativeBytesAllocated,1769508961089000000,1769509021089000000,0
FilePageCache.pageFastCacheHits,1769508961089000000,1769509021089000000,20
DirectByteBufferAllocator.reclaimed,1769508961089000000,1769509021089000000,0
StreamlinedBlobStorage.recordsDeleted,1769508961089000000,1769509021089000000,0
FilePageCacheLockFree.totalClosedStoragesReclaimed,1769508961089000000,1769509021089000000,0
StreamlinedBlobStorage.totalLiveRecordsPayloadBytes,1769508961089000000,1769509021089000000,0
DirectByteBufferAllocator.disposed,1769508961089000000,1769509021089000000,0
FilePageCacheLockFree.totalPagesRequestsMs,1769508961089000000,1769509021089000000,0
FilePageCacheLockFree.totalHeapBytesReclaimed,1769508961089000000,1769509021089000000,0
FilePageCacheLockFree.totalBytesWritten,1769508961089000000,1769509021089000000,0
FilePageCacheLockFree.totalBytesRead,1769508961089000000,1769509021089000000,0
StorageLockContext.competingThreads.avg,1769508961089000000,1769509021089000000,0.0
StreamlinedBlobStorage.recordsRelocated,1769508961089000000,1769509021089000000,0
JVM.usedNativeBytes,1769508961089000000,1769509021089000000,371185088
JVM.totalDirectByteBuffersBytes,1769508961089000000,1769509021089000000,138696832
JVM.totalTimeToSafepointsMs,1769508961089000000,1769509021089000000,0
JVM.totalCpuTimeMs,1769508961089000000,1769509021089000000,5900
JVM.usedHeapBytes,1769508961089000000,1769509021089000000,413471928
JVM.totalTimeAtSafepointsMs,1769508961089000000,1769509021089000000,32
JVM.GC.collectionTimesMs,1769508961089000000,1769509021089000000,32
JVM.totalSafepointCount,1769508961089000000,1769509021089000000,32
JVM.maxHeapBytes,1769508961089000000,1769509021089000000,4196401152
JVM.newThreadsCount,1769508961089000000,1769509021089000000,4
JVM.GC.collections,1769508961089000000,1769509021089000000,4
OS.loadAverage,1769508961089000000,1769509021089000000,1.5107421875
JVM.maxThreadCount,1769508961089000000,1769509021089000000,143
JVM.totalBytesAllocated,1769508961089000000,1769509021089000000,196319560
JVM.threadCount,1769508961089000000,1769509021089000000,75
workspaceModel.workspaceFileIndexData.updateDirtyEntities.ms,1769508961089000000,1769509021089000000,0
workspaceModel.updates.precise.ms,1769508961089000000,1769509021089000000,0
workspaceModel.cachedValueWithParameters.calculated.count,1769508961089000000,1769509021089000000,0
workspaceModel.cachedValueWithParameters.total.get.count,1769508961089000000,1769509021089000000,0
workspaceModel.cachedValue.calculated.count,1769508961089000000,1769509021089000000,0
workspaceModel.to.snapshot.ms,1769508961089000000,1769509021089000000,0
workspaceModel.loading.total.ms,1769508961089000000,1769509021089000000,0
workspaceModel.on.changed.ms,1769508961089000000,1769509021089000000,0
workspaceModel.replace.project.model.ms,1769508961089000000,1769509021089000000,0
workspaceModel.workspaceFileIndexContributor.registerFileSets.ms,1769508961089000000,1769509021089000000,0
workspaceModel.update.unloaded.entities.ms,1769508961089000000,1769509021089000000,0
workspaceModel.workspaceFileIndexData.markDirty.ms,1769508961089000000,1769509021089000000,0
workspaceModel.workspaceFileIndexData.init.ms,1769508961089000000,1769509021089000000,0
workspaceModel.workspaceFileIndexData.getPackageName.ms,1769508961089000000,1769509021089000000,0
workspaceModel.cachedValue.clear.count,1769508961089000000,1769509021089000000,0
workspaceModel.collect.changes.ms,1769508961089000000,1769509021089000000,0
workspaceModel.init.bridges.ms,1769508961089000000,1769509021089000000,0
workspaceModel.check.recursive.update.ms,1769508961089000000,1769509021089000000,0
workspaceModel.workspaceFileIndexData.getFileInfo.ms,1769508961089000000,1769509021089000000,1
workspaceModel.workspaceFileIndexData.processFileSets.ms,1769508961089000000,1769509021089000000,0
workspaceModel.entityStorageSnapshotImpl.instances.count,1769508961089000000,1769509021089000000,0
workspaceModel.on.before.changed.ms,1769508961089000000,1769509021089000000,0
workspaceModel.cachedValueWithParameters.clear.count,1769508961089000000,1769509021089000000,0
workspaceModel.workspaceFileIndexData.onEntitiesChanged.ms,1769508961089000000,1769509021089000000,0
workspaceModel.workspaceFileIndexData.visitFileSets.ms,1769508961089000000,1769509021089000000,0
workspaceModel.workspaceFileIndexData.instances.count,1769508961089000000,1769509021089000000,0
workspaceModel.initializing.ms,1769508961089000000,1769509021089000000,0
workspaceModel.full.replace.project.model.ms,1769508961089000000,1769509021089000000,0
workspaceModel.updates.ms,1769508961089000000,1769509021089000000,0
workspaceModel.cachedValue.from.cache.count,1769508961089000000,1769509021089000000,119
workspaceModel.loading.from.cache.ms,1769508961089000000,1769509021089000000,0
workspaceModel.workspaceFileIndexData.getDirectoriesByPackageName.ms,1769508961089000000,1769509021089000000,0
workspaceModel.cachedValueWithParameters.from.cache.count,1769508961089000000,1769509021089000000,0
workspaceModel.cachedValue.total.get.count,1769508961089000000,1769509021089000000,119
workspaceModel.pre.handlers.ms,1769508961089000000,1769509021089000000,0
workspaceModel.updates.count,1769508961089000000,1769509021089000000,0
Indexing.writesQueuedMin,1769508961089000000,1769509021089000000,0
Indexes.stubs.lookups,1769508961089000000,1769509021089000000,0
Indexing.writer_0.totalTimeSpentWritingMs,1769508961089000000,1769509021089000000,0
Indexes.stubs.lookupDurationAvgMs,1769508961089000000,1769509021089000000,0.0
Indexing.totalTimeIndexersSleptMs,1769508961089000000,1769509021089000000,0
IndexesFlusher.totalFlushesRetried,1769508961089000000,1769509021089000000,0
IndexesFlusher.totalFlushes,1769508961089000000,1769509021089000000,60
Indexes.entries.lookupDurationAvgMs,1769508961089000000,1769509021089000000,0.0
Indexes.allKeys.lookupDuration90PMs,1769508961089000000,1769509021089000000,0.0
Indexing.cache.totalCacheEvicted,1769508961089000000,1769509021089000000,0
Indexes.entries.lookupDurationMaxMs,1769508961089000000,1769509021089000000,0.0
Indexing.writesQueuedAvg,1769508961089000000,1769509021089000000,0.0
IndexesFlusher.totalFlushingTimeUs,1769508961089000000,1769509021089000000,31459
Indexes.entries.lookups,1769508961089000000,1769509021089000000,0
Indexes.allKeys.lookupDurationMaxMs,1769508961089000000,1769509021089000000,0.0
Indexes.entries.lookupDuration90PMs,1769508961089000000,1769509021089000000,0.0
Indexing.writer_3.totalTimeSpentWritingMs,1769508961089000000,1769509021089000000,0
IndexesFlusher.totalContentionQuotaSpent,1769508961089000000,1769509021089000000,0
Indexing.writer_1.totalTimeSpentWritingMs,1769508961089000000,1769509021089000000,0
Indexing.cache.totalCacheMisses,1769508961089000000,1769509021089000000,0
Indexes.allKeys.lookups,1769508961089000000,1769509021089000000,0
Indexing.writer_2.totalTimeSpentWritingMs,1769508961089000000,1769509021089000000,0
Indexes.stubs.lookupDuration90PMs,1769508961089000000,1769509021089000000,0.0
Indexes.allKeys.lookupDurationAvgMs,1769508961089000000,1769509021089000000,0.0
Indexing.writesQueuedMax,1769508961089000000,1769509021089000000,0
Indexing.cache.totalCacheAccesses,1769508961089000000,1769509021089000000,0
Indexes.stubs.lookupDurationMaxMs,1769508961089000000,1769509021089000000,0.0
workspaceModel.load.cache.from.file.ms,1769508961089000000,1769509021089000000,0
jps.global.get.library.by.name.ms,1769508961089000000,1769509021089000000,0
workspaceModel.global.updates.count,1769508961089000000,1769509021089000000,0
workspaceModel.mutableEntityStorage.referrers.ms,1769508961089000000,1769509021089000000,0
workspaceModel.do.save.caches.ms,1769508961089000000,1769509021089000000,0
workspaceModel.global.apply.state.to.project.ms,1769508961089000000,1769509021089000000,0
workspaceModel.mutableEntityStorage.changeLog.addReplaceEventForNewChild.ms,1769508961089000000,1769509021089000000,0
jps.artifact.entities.serializer.load.entities.ms,1769508961089000000,1769509021089000000,0
jps.library.entities.serializer.load.entities.ms,1769508961089000000,1769509021089000000,0
workspaceModel.mutableEntityStorage.entities.by.source.ms,1769508961089000000,1769509021089000000,0
jps.global.handle.before.change.events.ms,1769508961089000000,1769509021089000000,0
jps.storage.jps.conf.reader.load.component.ms,1769508961089000000,1769509021089000000,0
workspaceModel.mutableEntityStorage.remove.entity.ms,1769508961089000000,1769509021089000000,0
jps.reload.project.entities.ms,1769508961089000000,1769509021089000000,1
workspaceModel.mutableEntityStorage.mutable.ext.mapping.ms,1769508961089000000,1769509021089000000,0
jps.module.dependency.index.workspace.model.listener.on.changed.ms,1769508961089000000,1769509021089000000,0
jps.project.serializers.save.ms,1769508961089000000,1769509021089000000,1
workspaceModel.mutableEntityStorage.replace.by.source.ms,1769508961089000000,1769509021089000000,0
workspaceModel.moduleManagerBridge.build.module.graph.ms,1769508961089000000,1769509021089000000,0
workspaceModel.delayed.project.synchronizer.sync.ms,1769508961089000000,1769509021089000000,0
jps.save.global.entities.ms,1769508961089000000,1769509021089000000,28
workspaceModel.moduleBridge.update.option.ms,1769508961089000000,1769509021089000000,0
workspaceModel.moduleBridge.before.changed.ms,1769508961089000000,1769509021089000000,0
jps.app.storage.content.writer.save.component.ms,1769508961089000000,1769509021089000000,10
workspaceModel.mutableEntityStorage.mutable.vfurl.index.ms,1769508961089000000,1769509021089000000,0
workspaceModel.mutableEntityStorage.modify.entity.ms,1769508961089000000,1769509021089000000,0
workspaceModel.moduleBridgeLoader.loading.modules.ms,1769508961089000000,1769509021089000000,0
workspaceModel.moduleManagerBridge.get.modules.ms,1769508961089000000,1769509021089000000,0
jps.global.initialize.library.bridges.after.loading.ms,1769508961089000000,1769509021089000000,0
workspaceModel.mutableEntityStorage.collect.changes.ms,1769508961089000000,1769509021089000000,0
workspaceModel.mutableEntityStorage.changeLog.addReplaceEventForRemovedParent.ms,1769508961089000000,1769509021089000000,0
jps.global.initialize.library.bridges.ms,1769508961089000000,1769509021089000000,0
workspaceModel.mutableEntityStorage.put.entity.ms,1769508961089000000,1769509021089000000,0
workspaceModel.mutableEntityStorage.changeLog.addReplaceEventForNewParent.ms,1769508961089000000,1769509021089000000,0
workspaceModel.moduleManagerBridge.new.nonPersistent.module.ms,1769508961089000000,1769509021089000000,0
jps.artifact.entities.serializer.save.entities.ms,1769508961089000000,1769509021089000000,0
jps.app.storage.content.reader.load.component.ms,1769508961089000000,1769509021089000000,0
workspaceModel.moduleManagerBridge.load.all.modules.ms,1769508961089000000,1769509021089000000,0
jps.facet.change.listener.before.change.events.ms,1769508961089000000,1769509021089000000,0
workspaceModel.mutableEntityStorage.entities.ms,1769508961089000000,1769509021089000000,0
workspaceModel.mutableEntityStorage.instances.count,1769508961089000000,1769509021089000000,3
workspaceModel.mutableEntityStorage.to.snapshot.ms,1769508961089000000,1769509021089000000,0
jps.load.initial.state.ms,1769508961089000000,1769509021089000000,0
workspaceModel.global.updates.ms,1769508961089000000,1769509021089000000,0
jps.apply.loaded.storage.ms,1769508961089000000,1769509021089000000,0
jps.global.get.libraries.ms,1769508961089000000,1769509021089000000,0
workspaceModel.mutableEntityStorage.resolve.ms,1769508961089000000,1769509021089000000,0
workspaceModel.moduleManagerBridge.newModule.ms,1769508961089000000,1769509021089000000,0
jps.facet.change.listener.process.change.events.ms,1769508961089000000,1769509021089000000,0
workspaceModel.moduleBridge.facet.initialization.ms,1769508961089000000,1769509021089000000,0
jps.project.serializers.load.ms,1769508961089000000,1769509021089000000,0
jps.library.entities.serializer.save.entities.ms,1769508961089000000,1769509021089000000,0
workspaceModel.load.cache.metadata.from.file.ms,1769508961089000000,1769509021089000000,0
jps.global.handle.changed.events.ms,1769508961089000000,1769509021089000000,0
workspaceModel.sync.entities.ms,1769508961089000000,1769509021089000000,0
jps.load.project.to.empty.storage.ms,1769508961089000000,1769509021089000000,0
workspaceModel.mutableEntityStorage.apply.changes.from.ms,1769508961089000000,1769509021089000000,0
workspaceModel.orphan.listener.update.ms,1769508961089000000,1769509021089000000,0
workspaceModel.moduleManagerBridge.create.module.instance.ms,1769508961089000000,1769509021089000000,0
workspaceModel.mutableEntityStorage.changeLog.addReplaceEventForRemovedChild.ms,1769508961089000000,1769509021089000000,0
workspaceModel.moduleManagerBridge.set.unloadedModules.ms,1769508961089000000,1769509021089000000,0
workspaceModel.mutableEntityStorage.add.entity.ms,1769508961089000000,1769509021089000000,0
jps.facet.change.listener.init.bridge.ms,1769508961089000000,1769509021089000000,0
workspaceModel.global.apply.state.to.project.builder.ms,1769508961089000000,1769509021089000000,0
workspaceModel.save.cache.to.file.ms,1769508961089000000,1769509021089000000,0
jps.save.changed.project.entities.ms,1769508961089000000,1769509021089000000,1
jps.global.get.library.ms,1769508961089000000,1769509021089000000,0
jps.module.iml.entities.serializer.save.entities.ms,1769508961089000000,1769509021089000000,0
jps.module.iml.entities.serializer.load.entities.ms,1769508961089000000,1769509021089000000,0
workspaceModel.moduleManagerBridge.load.module.ms,1769508961089000000,1769509021089000000,0
workspaceModel.mutableEntityStorage.has.same.entities.ms,1769508961089000000,1769509021089000000,0
FileNameCache.totalMisses,1769508961089000000,1769509021089000000,0
VFS.fileChildByName,1769508961089000000,1769509021089000000,4029
VFS.fileByIdCache.hits,1769508961089000000,1769509021089000000,0
VFS.contentStorage.recordsStoredSize,1769508961089000000,1769509021089000000,48807
VFS.contentStorage.recordsStoredCompressed,1769508961089000000,1769509021089000000,1
FileNameCache.queries,1769508961089000000,1769509021089000000,896
VFS.contentStorage.recordsRead,1769508961089000000,1769509021089000000,1
VFS.fileByIdCache.misses,1769508961089000000,1769509021089000000,0
VFS.contentStorage.recordsDeduplicated,1769508961089000000,1769509021089000000,0
VFS.contentStorage.recordsStored,1769508961089000000,1769509021089000000,1
VFS.contentStorage.recordsDecompressionTimeUs,1769508961089000000,1769509021089000000,858
VFS.contentStorage.recordsReadDecompressed,1769508961089000000,1769509021089000000,1
VFS.invertedFileNameIndex.requests,1769508961089000000,1769509021089000000,0
VFS.contentStorage.recordsReadSize,1769508961089000000,1769509021089000000,89280
VFS.contentStorage.recordsUncompressedSize,1769508961089000000,1769509021089000000,210396
cacheStateStorage.get.counter,1769508961089000000,1769509021089000000,0
cacheStateStorage.set.duration,1769508961089000000,1769509021089000000,0
cacheStateStorage.set.counter,1769508961089000000,1769509021089000000,5
cacheStateStorage.get.duration,1769508961089000000,1769509021089000000,0
DiskQueryRelay.tasksExecuted,1769509021089000000,1769509081089000000,922
DiskQueryRelay.taskExecutionTotalTimeUs,1769509021089000000,1769509081089000000,61428
writeAction.count,1769509021089000000,1769509081089000000,2
parser.Python.time.ns,1769509021089000000,1769509081089000000,3583932
writeAction.median.wait.ms,1769509021089000000,1769509081089000000,0
writeAction.wait.ms,1769509021089000000,1769509081089000000,0
lexer.Python.time.ns,1769509021089000000,1769509081089000000,2413921
DiskQueryRelay.tasksRequested,1769509021089000000,1769509081089000000,922
lexer.Python.size.bytes,1769509021089000000,1769509081089000000,11437
writeAction.max.wait.ms,1769509021089000000,1769509081089000000,2
DiskQueryRelay.taskWaitingTotalTimeUs,1769509021089000000,1769509081089000000,61893
parser.Python.size.bytes,1769509021089000000,1769509081089000000,11437
FlushQueue.queueSizeAvg,1769509021089000000,1769509081089000000,2.2477231329690346
WriteAction.executionsCount,1769509021089000000,1769509081089000000,2
FlushQueue.executionTimeAvgNs,1769509021089000000,1769509081089000000,59287.1548269581
FlushQueue.waitingTimeAvgNs,1769509021089000000,1769509081089000000,200466.32422586522
NonBlockingReadAction.failedExecutionTimeUs,1769509021089000000,1769509081089000000,0
FlushQueue.queueSize90P,1769509021089000000,1769509081089000000,10
AWTEventQueue.eventsDispatched,1769509021089000000,1769509081089000000,3382
NonBlockingReadAction.finalizedExecutionTimeUs,1769509021089000000,1769509081089000000,2888
AWTEventQueue.dispatchTimeMaxNs,1769509021089000000,1769509081089000000,7929855
FlushQueue.tasksExecuted,1769509021089000000,1769509081089000000,549
AWTEventQueue.dispatchTimeTotalNS,1769509021089000000,1769509081089000000,114717875
FlushQueue.queueSizeMax,1769509021089000000,1769509081089000000,16
ReadAction.executionsCount,1769509021089000000,1769509081089000000,36475
AWTEventQueue.dispatchTimeAvgNs,1769509021089000000,1769509081089000000,33920.17504435245
NonBlockingReadAction.finalizedExecutionsCount,1769509021089000000,1769509081089000000,6
AWTEventQueue.dispatchTime90PNs,1769509021089000000,1769509081089000000,38911
FlushQueue.executionTimeMaxNs,1769509021089000000,1769509081089000000,7929855
FlushQueue.executionTime90PNs,1769509021089000000,1769509081089000000,60927
FlushQueue.waitingTimeMaxNs,1769509021089000000,1769509081089000000,3358719
NonBlockingReadAction.failedExecutionsCount,1769509021089000000,1769509081089000000,0
FlushQueue.waitingTime90PNs,1769509021089000000,1769509081089000000,675839
FilePageCacheLockFree.nativeBytesInUse,1769509021089000000,1769509081089000000,0
FilePageCacheLockFree.heapBytesInUse,1769509021089000000,1769509081089000000,0
FilePageCache.pageLoads,1769509021089000000,1769509081089000000,19
MappedFileStorage.totalBytesMapped,1769509021089000000,1769509081089000000,261357568
StorageLockContext.competingThreads.90P,1769509021089000000,1769509081089000000,0
FilePageCacheLockFree.totalPagesHandedOver,1769509021089000000,1769509081089000000,0
StreamlinedBlobStorage.recordsAllocated,1769509021089000000,1769509081089000000,0
FilePageCache.totalPageDisposalsUs,1769509021089000000,1769509081089000000,13
MappedFileStorage.totalTimeSpentOnMappingUs,1769509021089000000,1769509081089000000,12649
FilePageCacheLockFree.totalBytesRequested,1769509021089000000,1769509081089000000,0
FilePageCacheLockFree.totalPagesWritten,1769509021089000000,1769509081089000000,0
FilePageCacheLockFree.totalPagesAllocated,1769509021089000000,1769509081089000000,0
DirectByteBufferAllocator.misses,1769509021089000000,1769509081089000000,19
FilePageCacheLockFree.housekeeperTurnsDone,1769509021089000000,1769509081089000000,0
FilePageCacheLockFree.totalPagesRequested,1769509021089000000,1769509081089000000,0
FileChannelInterruptsRetryer.totalRetriedAttempts,1769509021089000000,1769509081089000000,0
FilePageCacheLockFree.housekeeperTurnsSkipped,1769509021089000000,1769509081089000000,0
FilePageCacheLockFree.totalNativeBytesReclaimed,1769509021089000000,1769509081089000000,0
DirectByteBufferAllocator.totalSizeOfBuffersAllocatedInBytes,1769509021089000000,1769509081089000000,156262400
StreamlinedBlobStorage.totalLiveRecordsCapacityBytes,1769509021089000000,1769509081089000000,0
FilePageCache.disposedBuffers,1769509021089000000,1769509081089000000,0
FilePageCacheLockFree.totalHeapBytesAllocated,1769509021089000000,1769509081089000000,0
DirectByteBufferAllocator.hits,1769509021089000000,1769509081089000000,0
FilePageCacheLockFree.totalPagesWriteMs,1769509021089000000,1769509081089000000,0
FilePageCache.uncachedFileAccess,1769509021089000000,1769509081089000000,67
MappedFileStorage.storages,1769509021089000000,1769509081089000000,16
FilePageCacheLockFree.totalPagesReadMs,1769509021089000000,1769509081089000000,0
DirectByteBufferAllocator.totalSizeOfBuffersCachedInBytes,1769509021089000000,1769509081089000000,0
FilePageCacheLockFree.housekeeperTimeSpentMs,1769509021089000000,1769509081089000000,0
MappedFileStorage.totalPagesMapped,1769509021089000000,1769509081089000000,21
FilePageCache.maxCacheSizeInBytes,1769509021089000000,1769509081089000000,156262400
FilePageCache.maxRegisteredFiles,1769509021089000000,1769509081089000000,252
StorageLockContext.competingThreads.max,1769509021089000000,1769509081089000000,0
FilePageCacheLockFree.totalPagesReclaimed,1769509021089000000,1769509081089000000,0
FilePageCache.capacityInBytes,1769509021089000000,1769509081089000000,503316478
FilePageCache.pageLoadsAboveSizeThreshold,1769509021089000000,1769509081089000000,0
FilePageCacheLockFree.totalPageAllocationsWaited,1769509021089000000,1769509081089000000,0
FilePageCache.pageHits,1769509021089000000,1769509081089000000,66
FilePageCache.totalPageLoadsUs,1769509021089000000,1769509081089000000,9971
FilePageCacheLockFree.totalNativeBytesAllocated,1769509021089000000,1769509081089000000,0
FilePageCache.pageFastCacheHits,1769509021089000000,1769509081089000000,2911
DirectByteBufferAllocator.reclaimed,1769509021089000000,1769509081089000000,0
StreamlinedBlobStorage.recordsDeleted,1769509021089000000,1769509081089000000,0
FilePageCacheLockFree.totalClosedStoragesReclaimed,1769509021089000000,1769509081089000000,0
StreamlinedBlobStorage.totalLiveRecordsPayloadBytes,1769509021089000000,1769509081089000000,0
DirectByteBufferAllocator.disposed,1769509021089000000,1769509081089000000,0
FilePageCacheLockFree.totalPagesRequestsMs,1769509021089000000,1769509081089000000,0
FilePageCacheLockFree.totalHeapBytesReclaimed,1769509021089000000,1769509081089000000,0
FilePageCacheLockFree.totalBytesWritten,1769509021089000000,1769509081089000000,0
FilePageCacheLockFree.totalBytesRead,1769509021089000000,1769509081089000000,0
StorageLockContext.competingThreads.avg,1769509021089000000,1769509081089000000,0.0
StreamlinedBlobStorage.recordsRelocated,1769509021089000000,1769509081089000000,0
JVM.usedNativeBytes,1769509021089000000,1769509081089000000,382834616
JVM.totalDirectByteBuffersBytes,1769509021089000000,1769509081089000000,158581506
JVM.totalTimeToSafepointsMs,1769509021089000000,1769509081089000000,1
JVM.totalCpuTimeMs,1769509021089000000,1769509081089000000,2450
JVM.usedHeapBytes,1769509021089000000,1769509081089000000,553981112
JVM.totalTimeAtSafepointsMs,1769509021089000000,1769509081089000000,1
JVM.GC.collectionTimesMs,1769509021089000000,1769509081089000000,0
JVM.totalSafepointCount,1769509021089000000,1769509081089000000,14
JVM.maxHeapBytes,1769509021089000000,1769509081089000000,4196401152
JVM.newThreadsCount,1769509021089000000,1769509081089000000,5
JVM.GC.collections,1769509021089000000,1769509081089000000,0
OS.loadAverage,1769509021089000000,1769509081089000000,1.43798828125
JVM.maxThreadCount,1769509021089000000,1769509081089000000,143
JVM.totalBytesAllocated,1769509021089000000,1769509081089000000,134599720
JVM.threadCount,1769509021089000000,1769509081089000000,73
workspaceModel.workspaceFileIndexData.updateDirtyEntities.ms,1769509021089000000,1769509081089000000,0
workspaceModel.updates.precise.ms,1769509021089000000,1769509081089000000,0
workspaceModel.cachedValueWithParameters.calculated.count,1769509021089000000,1769509081089000000,0
workspaceModel.cachedValueWithParameters.total.get.count,1769509021089000000,1769509081089000000,0
workspaceModel.cachedValue.calculated.count,1769509021089000000,1769509081089000000,2
workspaceModel.to.snapshot.ms,1769509021089000000,1769509081089000000,0
workspaceModel.loading.total.ms,1769509021089000000,1769509081089000000,0
workspaceModel.on.changed.ms,1769509021089000000,1769509081089000000,0
workspaceModel.replace.project.model.ms,1769509021089000000,1769509081089000000,0
workspaceModel.workspaceFileIndexContributor.registerFileSets.ms,1769509021089000000,1769509081089000000,0
workspaceModel.update.unloaded.entities.ms,1769509021089000000,1769509081089000000,0
workspaceModel.workspaceFileIndexData.markDirty.ms,1769509021089000000,1769509081089000000,0
workspaceModel.workspaceFileIndexData.init.ms,1769509021089000000,1769509081089000000,0
workspaceModel.workspaceFileIndexData.getPackageName.ms,1769509021089000000,1769509081089000000,0
workspaceModel.cachedValue.clear.count,1769509021089000000,1769509081089000000,0
workspaceModel.collect.changes.ms,1769509021089000000,1769509081089000000,0
workspaceModel.init.bridges.ms,1769509021089000000,1769509081089000000,0
workspaceModel.check.recursive.update.ms,1769509021089000000,1769509081089000000,0
workspaceModel.workspaceFileIndexData.getFileInfo.ms,1769509021089000000,1769509081089000000,24
workspaceModel.workspaceFileIndexData.processFileSets.ms,1769509021089000000,1769509081089000000,0
workspaceModel.entityStorageSnapshotImpl.instances.count,1769509021089000000,1769509081089000000,0
workspaceModel.on.before.changed.ms,1769509021089000000,1769509081089000000,0
workspaceModel.cachedValueWithParameters.clear.count,1769509021089000000,1769509081089000000,0
workspaceModel.workspaceFileIndexData.onEntitiesChanged.ms,1769509021089000000,1769509081089000000,0
workspaceModel.workspaceFileIndexData.visitFileSets.ms,1769509021089000000,1769509081089000000,0
workspaceModel.workspaceFileIndexData.instances.count,1769509021089000000,1769509081089000000,0
workspaceModel.initializing.ms,1769509021089000000,1769509081089000000,0
workspaceModel.full.replace.project.model.ms,1769509021089000000,1769509081089000000,0
workspaceModel.updates.ms,1769509021089000000,1769509081089000000,0
workspaceModel.cachedValue.from.cache.count,1769509021089000000,1769509081089000000,126
workspaceModel.loading.from.cache.ms,1769509021089000000,1769509081089000000,0
workspaceModel.workspaceFileIndexData.getDirectoriesByPackageName.ms,1769509021089000000,1769509081089000000,0
workspaceModel.cachedValueWithParameters.from.cache.count,1769509021089000000,1769509081089000000,0
workspaceModel.cachedValue.total.get.count,1769509021089000000,1769509081089000000,128
workspaceModel.pre.handlers.ms,1769509021089000000,1769509081089000000,0
workspaceModel.updates.count,1769509021089000000,1769509081089000000,0
Indexing.writesQueuedMin,1769509021089000000,1769509081089000000,0
Indexes.stubs.lookups,1769509021089000000,1769509081089000000,0
Indexing.writer_0.totalTimeSpentWritingMs,1769509021089000000,1769509081089000000,0
Indexes.stubs.lookupDurationAvgMs,1769509021089000000,1769509081089000000,0.0
Indexing.totalTimeIndexersSleptMs,1769509021089000000,1769509081089000000,0
IndexesFlusher.totalFlushesRetried,1769509021089000000,1769509081089000000,0
IndexesFlusher.totalFlushes,1769509021089000000,1769509081089000000,60
Indexes.entries.lookupDurationAvgMs,1769509021089000000,1769509081089000000,5.25
Indexes.allKeys.lookupDuration90PMs,1769509021089000000,1769509081089000000,0.0
Indexing.cache.totalCacheEvicted,1769509021089000000,1769509081089000000,1056
Indexes.entries.lookupDurationMaxMs,1769509021089000000,1769509081089000000,20.0
Indexing.writesQueuedAvg,1769509021089000000,1769509081089000000,0.0
IndexesFlusher.totalFlushingTimeUs,1769509021089000000,1769509081089000000,63081
Indexes.entries.lookups,1769509021089000000,1769509081089000000,8
Indexes.allKeys.lookupDurationMaxMs,1769509021089000000,1769509081089000000,0.0
Indexes.entries.lookupDuration90PMs,1769509021089000000,1769509081089000000,20.0
Indexing.writer_3.totalTimeSpentWritingMs,1769509021089000000,1769509081089000000,0
IndexesFlusher.totalContentionQuotaSpent,1769509021089000000,1769509081089000000,0
Indexing.writer_1.totalTimeSpentWritingMs,1769509021089000000,1769509081089000000,0
Indexing.cache.totalCacheMisses,1769509021089000000,1769509081089000000,1056
Indexes.allKeys.lookups,1769509021089000000,1769509081089000000,0
Indexing.writer_2.totalTimeSpentWritingMs,1769509021089000000,1769509081089000000,0
Indexes.stubs.lookupDuration90PMs,1769509021089000000,1769509081089000000,0.0
Indexes.allKeys.lookupDurationAvgMs,1769509021089000000,1769509081089000000,0.0
Indexing.writesQueuedMax,1769509021089000000,1769509081089000000,0
Indexing.cache.totalCacheAccesses,1769509021089000000,1769509081089000000,1109
Indexes.stubs.lookupDurationMaxMs,1769509021089000000,1769509081089000000,0.0
workspaceModel.load.cache.from.file.ms,1769509021089000000,1769509081089000000,0
jps.global.get.library.by.name.ms,1769509021089000000,1769509081089000000,0
workspaceModel.global.updates.count,1769509021089000000,1769509081089000000,0
workspaceModel.mutableEntityStorage.referrers.ms,1769509021089000000,1769509081089000000,0
workspaceModel.do.save.caches.ms,1769509021089000000,1769509081089000000,0
workspaceModel.global.apply.state.to.project.ms,1769509021089000000,1769509081089000000,0
workspaceModel.mutableEntityStorage.changeLog.addReplaceEventForNewChild.ms,1769509021089000000,1769509081089000000,0
jps.artifact.entities.serializer.load.entities.ms,1769509021089000000,1769509081089000000,0
jps.library.entities.serializer.load.entities.ms,1769509021089000000,1769509081089000000,0
workspaceModel.mutableEntityStorage.entities.by.source.ms,1769509021089000000,1769509081089000000,0
jps.global.handle.before.change.events.ms,1769509021089000000,1769509081089000000,0
jps.storage.jps.conf.reader.load.component.ms,1769509021089000000,1769509081089000000,0
workspaceModel.mutableEntityStorage.remove.entity.ms,1769509021089000000,1769509081089000000,0
jps.reload.project.entities.ms,1769509021089000000,1769509081089000000,0
workspaceModel.mutableEntityStorage.mutable.ext.mapping.ms,1769509021089000000,1769509081089000000,0
jps.module.dependency.index.workspace.model.listener.on.changed.ms,1769509021089000000,1769509081089000000,0
jps.project.serializers.save.ms,1769509021089000000,1769509081089000000,0
workspaceModel.mutableEntityStorage.replace.by.source.ms,1769509021089000000,1769509081089000000,0
workspaceModel.moduleManagerBridge.build.module.graph.ms,1769509021089000000,1769509081089000000,2
workspaceModel.delayed.project.synchronizer.sync.ms,1769509021089000000,1769509081089000000,0
jps.save.global.entities.ms,1769509021089000000,1769509081089000000,0
workspaceModel.moduleBridge.update.option.ms,1769509021089000000,1769509081089000000,0
workspaceModel.moduleBridge.before.changed.ms,1769509021089000000,1769509081089000000,0
jps.app.storage.content.writer.save.component.ms,1769509021089000000,1769509081089000000,0
workspaceModel.mutableEntityStorage.mutable.vfurl.index.ms,1769509021089000000,1769509081089000000,0
workspaceModel.mutableEntityStorage.modify.entity.ms,1769509021089000000,1769509081089000000,0
workspaceModel.moduleBridgeLoader.loading.modules.ms,1769509021089000000,1769509081089000000,0
workspaceModel.moduleManagerBridge.get.modules.ms,1769509021089000000,1769509081089000000,0
jps.global.initialize.library.bridges.after.loading.ms,1769509021089000000,1769509081089000000,0
workspaceModel.mutableEntityStorage.collect.changes.ms,1769509021089000000,1769509081089000000,0
workspaceModel.mutableEntityStorage.changeLog.addReplaceEventForRemovedParent.ms,1769509021089000000,1769509081089000000,0
jps.global.initialize.library.bridges.ms,1769509021089000000,1769509081089000000,0
workspaceModel.mutableEntityStorage.put.entity.ms,1769509021089000000,1769509081089000000,0
workspaceModel.mutableEntityStorage.changeLog.addReplaceEventForNewParent.ms,1769509021089000000,1769509081089000000,0
workspaceModel.moduleManagerBridge.new.nonPersistent.module.ms,1769509021089000000,1769509081089000000,0
jps.artifact.entities.serializer.save.entities.ms,1769509021089000000,1769509081089000000,0
jps.app.storage.content.reader.load.component.ms,1769509021089000000,1769509081089000000,0
workspaceModel.moduleManagerBridge.load.all.modules.ms,1769509021089000000,1769509081089000000,0
jps.facet.change.listener.before.change.events.ms,1769509021089000000,1769509081089000000,0
workspaceModel.mutableEntityStorage.entities.ms,1769509021089000000,1769509081089000000,0
workspaceModel.mutableEntityStorage.instances.count,1769509021089000000,1769509081089000000,0
workspaceModel.mutableEntityStorage.to.snapshot.ms,1769509021089000000,1769509081089000000,0
jps.load.initial.state.ms,1769509021089000000,1769509081089000000,0
workspaceModel.global.updates.ms,1769509021089000000,1769509081089000000,0
jps.apply.loaded.storage.ms,1769509021089000000,1769509081089000000,0
jps.global.get.libraries.ms,1769509021089000000,1769509081089000000,0
workspaceModel.mutableEntityStorage.resolve.ms,1769509021089000000,1769509081089000000,0
workspaceModel.moduleManagerBridge.newModule.ms,1769509021089000000,1769509081089000000,0
jps.facet.change.listener.process.change.events.ms,1769509021089000000,1769509081089000000,0
workspaceModel.moduleBridge.facet.initialization.ms,1769509021089000000,1769509081089000000,0
jps.project.serializers.load.ms,1769509021089000000,1769509081089000000,0
jps.library.entities.serializer.save.entities.ms,1769509021089000000,1769509081089000000,0
workspaceModel.load.cache.metadata.from.file.ms,1769509021089000000,1769509081089000000,0
jps.global.handle.changed.events.ms,1769509021089000000,1769509081089000000,0
workspaceModel.sync.entities.ms,1769509021089000000,1769509081089000000,0
jps.load.project.to.empty.storage.ms,1769509021089000000,1769509081089000000,0
workspaceModel.mutableEntityStorage.apply.changes.from.ms,1769509021089000000,1769509081089000000,0
workspaceModel.orphan.listener.update.ms,1769509021089000000,1769509081089000000,0
workspaceModel.moduleManagerBridge.create.module.instance.ms,1769509021089000000,1769509081089000000,0
workspaceModel.mutableEntityStorage.changeLog.addReplaceEventForRemovedChild.ms,1769509021089000000,1769509081089000000,0
workspaceModel.moduleManagerBridge.set.unloadedModules.ms,1769509021089000000,1769509081089000000,0
workspaceModel.mutableEntityStorage.add.entity.ms,1769509021089000000,1769509081089000000,0
jps.facet.change.listener.init.bridge.ms,1769509021089000000,1769509081089000000,0
workspaceModel.global.apply.state.to.project.builder.ms,1769509021089000000,1769509081089000000,0
workspaceModel.save.cache.to.file.ms,1769509021089000000,1769509081089000000,0
jps.save.changed.project.entities.ms,1769509021089000000,1769509081089000000,0
jps.global.get.library.ms,1769509021089000000,1769509081089000000,0
jps.module.iml.entities.serializer.save.entities.ms,1769509021089000000,1769509081089000000,0
jps.module.iml.entities.serializer.load.entities.ms,1769509021089000000,1769509081089000000,0
workspaceModel.moduleManagerBridge.load.module.ms,1769509021089000000,1769509081089000000,0
workspaceModel.mutableEntityStorage.has.same.entities.ms,1769509021089000000,1769509081089000000,0
FileNameCache.totalMisses,1769509021089000000,1769509081089000000,4224
VFS.fileChildByName,1769509021089000000,1769509081089000000,1657
VFS.fileByIdCache.hits,1769509021089000000,1769509081089000000,2
VFS.contentStorage.recordsStoredSize,1769509021089000000,1769509081089000000,3896
VFS.contentStorage.recordsStoredCompressed,1769509021089000000,1769509081089000000,0
FileNameCache.queries,1769509021089000000,1769509081089000000,115136
VFS.contentStorage.recordsRead,1769509021089000000,1769509081089000000,4
VFS.fileByIdCache.misses,1769509021089000000,1769509081089000000,387
VFS.contentStorage.recordsDeduplicated,1769509021089000000,1769509081089000000,0
VFS.contentStorage.recordsStored,1769509021089000000,1769509081089000000,1
VFS.contentStorage.recordsDecompressionTimeUs,1769509021089000000,1769509081089000000,0
VFS.contentStorage.recordsReadDecompressed,1769509021089000000,1769509081089000000,0
VFS.invertedFileNameIndex.requests,1769509021089000000,1769509081089000000,0
VFS.contentStorage.recordsReadSize,1769509021089000000,1769509081089000000,4862
VFS.contentStorage.recordsUncompressedSize,1769509021089000000,1769509081089000000,3896
cacheStateStorage.get.counter,1769509021089000000,1769509081089000000,0
cacheStateStorage.set.duration,1769509021089000000,1769509081089000000,0
cacheStateStorage.set.counter,1769509021089000000,1769509081089000000,0
cacheStateStorage.get.duration,1769509021089000000,1769509081089000000,0
DiskQueryRelay.tasksExecuted,1769509081089000000,1769509141089000000,43
DiskQueryRelay.taskExecutionTotalTimeUs,1769509081089000000,1769509141089000000,826
writeAction.count,1769509081089000000,1769509141089000000,4
parser.Python.time.ns,1769509081089000000,1769509141089000000,86834
writeAction.median.wait.ms,1769509081089000000,1769509141089000000,0
writeAction.wait.ms,1769509081089000000,1769509141089000000,2
lexer.Python.time.ns,1769509081089000000,1769509141089000000,115378
DiskQueryRelay.tasksRequested,1769509081089000000,1769509141089000000,43
lexer.Python.size.bytes,1769509081089000000,1769509141089000000,24
writeAction.max.wait.ms,1769509081089000000,1769509141089000000,2
DiskQueryRelay.taskWaitingTotalTimeUs,1769509081089000000,1769509141089000000,923
parser.Python.size.bytes,1769509081089000000,1769509141089000000,24
FlushQueue.queueSizeAvg,1769509081089000000,1769509141089000000,1.9081632653061225
WriteAction.executionsCount,1769509081089000000,1769509141089000000,4
FlushQueue.executionTimeAvgNs,1769509081089000000,1769509141089000000,78055.64897959183
FlushQueue.waitingTimeAvgNs,1769509081089000000,1769509141089000000,868883.0551020408
NonBlockingReadAction.failedExecutionTimeUs,1769509081089000000,1769509141089000000,3822
FlushQueue.queueSize90P,1769509081089000000,1769509141089000000,8
AWTEventQueue.eventsDispatched,1769509081089000000,1769509141089000000,3317
NonBlockingReadAction.finalizedExecutionTimeUs,1769509081089000000,1769509141089000000,14207
AWTEventQueue.dispatchTimeMaxNs,1769509081089000000,1769509141089000000,12713983
FlushQueue.tasksExecuted,1769509081089000000,1769509141089000000,490
AWTEventQueue.dispatchTimeTotalNS,1769509081089000000,1769509141089000000,134422038
FlushQueue.queueSizeMax,1769509081089000000,1769509141089000000,15
ReadAction.executionsCount,1769509081089000000,1769509141089000000,2936
AWTEventQueue.dispatchTimeAvgNs,1769509081089000000,1769509141089000000,40524.6692794694
NonBlockingReadAction.finalizedExecutionsCount,1769509081089000000,1769509141089000000,10
AWTEventQueue.dispatchTime90PNs,1769509081089000000,1769509141089000000,31487
FlushQueue.executionTimeMaxNs,1769509081089000000,1769509141089000000,4947967
FlushQueue.executionTime90PNs,1769509081089000000,1769509141089000000,84991
FlushQueue.waitingTimeMaxNs,1769509081089000000,1769509141089000000,17563647
NonBlockingReadAction.failedExecutionsCount,1769509081089000000,1769509141089000000,1
FlushQueue.waitingTime90PNs,1769509081089000000,1769509141089000000,2375679
FilePageCacheLockFree.nativeBytesInUse,1769509081089000000,1769509141089000000,0
FilePageCacheLockFree.heapBytesInUse,1769509081089000000,1769509141089000000,0
FilePageCache.pageLoads,1769509081089000000,1769509141089000000,0
MappedFileStorage.totalBytesMapped,1769509081089000000,1769509141089000000,261357568
StorageLockContext.competingThreads.90P,1769509081089000000,1769509141089000000,0
FilePageCacheLockFree.totalPagesHandedOver,1769509081089000000,1769509141089000000,0
StreamlinedBlobStorage.recordsAllocated,1769509081089000000,1769509141089000000,1
FilePageCache.totalPageDisposalsUs,1769509081089000000,1769509141089000000,0
MappedFileStorage.totalTimeSpentOnMappingUs,1769509081089000000,1769509141089000000,12649
FilePageCacheLockFree.totalBytesRequested,1769509081089000000,1769509141089000000,0
FilePageCacheLockFree.totalPagesWritten,1769509081089000000,1769509141089000000,0
FilePageCacheLockFree.totalPagesAllocated,1769509081089000000,1769509141089000000,0
DirectByteBufferAllocator.misses,1769509081089000000,1769509141089000000,0
FilePageCacheLockFree.housekeeperTurnsDone,1769509081089000000,1769509141089000000,0
FilePageCacheLockFree.totalPagesRequested,1769509081089000000,1769509141089000000,0
FileChannelInterruptsRetryer.totalRetriedAttempts,1769509081089000000,1769509141089000000,0
FilePageCacheLockFree.housekeeperTurnsSkipped,1769509081089000000,1769509141089000000,0
FilePageCacheLockFree.totalNativeBytesReclaimed,1769509081089000000,1769509141089000000,0
DirectByteBufferAllocator.totalSizeOfBuffersAllocatedInBytes,1769509081089000000,1769509141089000000,156262400
StreamlinedBlobStorage.totalLiveRecordsCapacityBytes,1769509081089000000,1769509141089000000,70
FilePageCache.disposedBuffers,1769509081089000000,1769509141089000000,0
FilePageCacheLockFree.totalHeapBytesAllocated,1769509081089000000,1769509141089000000,0
DirectByteBufferAllocator.hits,1769509081089000000,1769509141089000000,0
FilePageCacheLockFree.totalPagesWriteMs,1769509081089000000,1769509141089000000,0
FilePageCache.uncachedFileAccess,1769509081089000000,1769509141089000000,3
MappedFileStorage.storages,1769509081089000000,1769509141089000000,16
FilePageCacheLockFree.totalPagesReadMs,1769509081089000000,1769509141089000000,0
DirectByteBufferAllocator.totalSizeOfBuffersCachedInBytes,1769509081089000000,1769509141089000000,0
FilePageCacheLockFree.housekeeperTimeSpentMs,1769509081089000000,1769509141089000000,0
MappedFileStorage.totalPagesMapped,1769509081089000000,1769509141089000000,21
FilePageCache.maxCacheSizeInBytes,1769509081089000000,1769509141089000000,156262400
FilePageCache.maxRegisteredFiles,1769509081089000000,1769509141089000000,252
StorageLockContext.competingThreads.max,1769509081089000000,1769509141089000000,0
FilePageCacheLockFree.totalPagesReclaimed,1769509081089000000,1769509141089000000,0
FilePageCache.capacityInBytes,1769509081089000000,1769509141089000000,503316478
FilePageCache.pageLoadsAboveSizeThreshold,1769509081089000000,1769509141089000000,0
FilePageCacheLockFree.totalPageAllocationsWaited,1769509081089000000,1769509141089000000,0
FilePageCache.pageHits,1769509081089000000,1769509141089000000,0
FilePageCache.totalPageLoadsUs,1769509081089000000,1769509141089000000,0
FilePageCacheLockFree.totalNativeBytesAllocated,1769509081089000000,1769509141089000000,0
FilePageCache.pageFastCacheHits,1769509081089000000,1769509141089000000,48
DirectByteBufferAllocator.reclaimed,1769509081089000000,1769509141089000000,0
StreamlinedBlobStorage.recordsDeleted,1769509081089000000,1769509141089000000,0
FilePageCacheLockFree.totalClosedStoragesReclaimed,1769509081089000000,1769509141089000000,0
StreamlinedBlobStorage.totalLiveRecordsPayloadBytes,1769509081089000000,1769509141089000000,9
DirectByteBufferAllocator.disposed,1769509081089000000,1769509141089000000,0
FilePageCacheLockFree.totalPagesRequestsMs,1769509081089000000,1769509141089000000,0
FilePageCacheLockFree.totalHeapBytesReclaimed,1769509081089000000,1769509141089000000,0
FilePageCacheLockFree.totalBytesWritten,1769509081089000000,1769509141089000000,0
FilePageCacheLockFree.totalBytesRead,1769509081089000000,1769509141089000000,0
StorageLockContext.competingThreads.avg,1769509081089000000,1769509141089000000,0.0
StreamlinedBlobStorage.recordsRelocated,1769509081089000000,1769509141089000000,0
JVM.usedNativeBytes,1769509081089000000,1769509141089000000,373123112
JVM.totalDirectByteBuffersBytes,1769509081089000000,1769509141089000000,158442898
JVM.totalTimeToSafepointsMs,1769509081089000000,1769509141089000000,1
JVM.totalCpuTimeMs,1769509081089000000,1769509141089000000,1850
JVM.usedHeapBytes,1769509081089000000,1769509141089000000,449910944
JVM.totalTimeAtSafepointsMs,1769509081089000000,1769509141089000000,27
JVM.GC.collectionTimesMs,1769509081089000000,1769509141089000000,25
JVM.totalSafepointCount,1769509081089000000,1769509141089000000,16
JVM.maxHeapBytes,1769509081089000000,1769509141089000000,4196401152
JVM.newThreadsCount,1769509081089000000,1769509141089000000,14
JVM.GC.collections,1769509081089000000,1769509141089000000,4
OS.loadAverage,1769509081089000000,1769509141089000000,1.92333984375
JVM.maxThreadCount,1769509081089000000,1769509141089000000,143
JVM.totalBytesAllocated,1769509081089000000,1769509141089000000,102619824
JVM.threadCount,1769509081089000000,1769509141089000000,73
workspaceModel.workspaceFileIndexData.updateDirtyEntities.ms,1769509081089000000,1769509141089000000,0
workspaceModel.updates.precise.ms,1769509081089000000,1769509141089000000,0
workspaceModel.cachedValueWithParameters.calculated.count,1769509081089000000,1769509141089000000,0
workspaceModel.cachedValueWithParameters.total.get.count,1769509081089000000,1769509141089000000,0
workspaceModel.cachedValue.calculated.count,1769509081089000000,1769509141089000000,0
workspaceModel.to.snapshot.ms,1769509081089000000,1769509141089000000,0
workspaceModel.loading.total.ms,1769509081089000000,1769509141089000000,0
workspaceModel.on.changed.ms,1769509081089000000,1769509141089000000,0
workspaceModel.replace.project.model.ms,1769509081089000000,1769509141089000000,0
workspaceModel.workspaceFileIndexContributor.registerFileSets.ms,1769509081089000000,1769509141089000000,0
workspaceModel.update.unloaded.entities.ms,1769509081089000000,1769509141089000000,0
workspaceModel.workspaceFileIndexData.markDirty.ms,1769509081089000000,1769509141089000000,0
workspaceModel.workspaceFileIndexData.init.ms,1769509081089000000,1769509141089000000,0
workspaceModel.workspaceFileIndexData.getPackageName.ms,1769509081089000000,1769509141089000000,0
workspaceModel.cachedValue.clear.count,1769509081089000000,1769509141089000000,0
workspaceModel.collect.changes.ms,1769509081089000000,1769509141089000000,0
workspaceModel.init.bridges.ms,1769509081089000000,1769509141089000000,0
workspaceModel.check.recursive.update.ms,1769509081089000000,1769509141089000000,0
workspaceModel.workspaceFileIndexData.getFileInfo.ms,1769509081089000000,1769509141089000000,1
workspaceModel.workspaceFileIndexData.processFileSets.ms,1769509081089000000,1769509141089000000,0
workspaceModel.entityStorageSnapshotImpl.instances.count,1769509081089000000,1769509141089000000,0
workspaceModel.on.before.changed.ms,1769509081089000000,1769509141089000000,0
workspaceModel.cachedValueWithParameters.clear.count,1769509081089000000,1769509141089000000,0
workspaceModel.workspaceFileIndexData.onEntitiesChanged.ms,1769509081089000000,1769509141089000000,0
workspaceModel.workspaceFileIndexData.visitFileSets.ms,1769509081089000000,1769509141089000000,0
workspaceModel.workspaceFileIndexData.instances.count,1769509081089000000,1769509141089000000,0
workspaceModel.initializing.ms,1769509081089000000,1769509141089000000,0
workspaceModel.full.replace.project.model.ms,1769509081089000000,1769509141089000000,0
workspaceModel.updates.ms,1769509081089000000,1769509141089000000,0
workspaceModel.cachedValue.from.cache.count,1769509081089000000,1769509141089000000,222
workspaceModel.loading.from.cache.ms,1769509081089000000,1769509141089000000,0
workspaceModel.workspaceFileIndexData.getDirectoriesByPackageName.ms,1769509081089000000,1769509141089000000,0
workspaceModel.cachedValueWithParameters.from.cache.count,1769509081089000000,1769509141089000000,0
workspaceModel.cachedValue.total.get.count,1769509081089000000,1769509141089000000,222
workspaceModel.pre.handlers.ms,1769509081089000000,1769509141089000000,0
workspaceModel.updates.count,1769509081089000000,1769509141089000000,0
Indexing.writesQueuedMin,1769509081089000000,1769509141089000000,0
Indexes.stubs.lookups,1769509081089000000,1769509141089000000,1
Indexing.writer_0.totalTimeSpentWritingMs,1769509081089000000,1769509141089000000,0
Indexes.stubs.lookupDurationAvgMs,1769509081089000000,1769509141089000000,0.0
Indexing.totalTimeIndexersSleptMs,1769509081089000000,1769509141089000000,0
IndexesFlusher.totalFlushesRetried,1769509081089000000,1769509141089000000,0
IndexesFlusher.totalFlushes,1769509081089000000,1769509141089000000,60
Indexes.entries.lookupDurationAvgMs,1769509081089000000,1769509141089000000,0.75
Indexes.allKeys.lookupDuration90PMs,1769509081089000000,1769509141089000000,0.0
Indexing.cache.totalCacheEvicted,1769509081089000000,1769509141089000000,3
Indexes.entries.lookupDurationMaxMs,1769509081089000000,1769509141089000000,3.0
Indexing.writesQueuedAvg,1769509081089000000,1769509141089000000,0.0
IndexesFlusher.totalFlushingTimeUs,1769509081089000000,1769509141089000000,31596
Indexes.entries.lookups,1769509081089000000,1769509141089000000,4
Indexes.allKeys.lookupDurationMaxMs,1769509081089000000,1769509141089000000,0.0
Indexes.entries.lookupDuration90PMs,1769509081089000000,1769509141089000000,3.0
Indexing.writer_3.totalTimeSpentWritingMs,1769509081089000000,1769509141089000000,0
IndexesFlusher.totalContentionQuotaSpent,1769509081089000000,1769509141089000000,0
Indexing.writer_1.totalTimeSpentWritingMs,1769509081089000000,1769509141089000000,0
Indexing.cache.totalCacheMisses,1769509081089000000,1769509141089000000,3
Indexes.allKeys.lookups,1769509081089000000,1769509141089000000,0
Indexing.writer_2.totalTimeSpentWritingMs,1769509081089000000,1769509141089000000,0
Indexes.stubs.lookupDuration90PMs,1769509081089000000,1769509141089000000,0.0
Indexes.allKeys.lookupDurationAvgMs,1769509081089000000,1769509141089000000,0.0
Indexing.writesQueuedMax,1769509081089000000,1769509141089000000,0
Indexing.cache.totalCacheAccesses,1769509081089000000,1769509141089000000,12
Indexes.stubs.lookupDurationMaxMs,1769509081089000000,1769509141089000000,0.0
workspaceModel.load.cache.from.file.ms,1769509081089000000,1769509141089000000,0
jps.global.get.library.by.name.ms,1769509081089000000,1769509141089000000,0
workspaceModel.global.updates.count,1769509081089000000,1769509141089000000,0
workspaceModel.mutableEntityStorage.referrers.ms,1769509081089000000,1769509141089000000,0
workspaceModel.do.save.caches.ms,1769509081089000000,1769509141089000000,0
workspaceModel.global.apply.state.to.project.ms,1769509081089000000,1769509141089000000,0
workspaceModel.mutableEntityStorage.changeLog.addReplaceEventForNewChild.ms,1769509081089000000,1769509141089000000,0
jps.artifact.entities.serializer.load.entities.ms,1769509081089000000,1769509141089000000,0
jps.library.entities.serializer.load.entities.ms,1769509081089000000,1769509141089000000,0
workspaceModel.mutableEntityStorage.entities.by.source.ms,1769509081089000000,1769509141089000000,0
jps.global.handle.before.change.events.ms,1769509081089000000,1769509141089000000,0
jps.storage.jps.conf.reader.load.component.ms,1769509081089000000,1769509141089000000,0
workspaceModel.mutableEntityStorage.remove.entity.ms,1769509081089000000,1769509141089000000,0
jps.reload.project.entities.ms,1769509081089000000,1769509141089000000,0
workspaceModel.mutableEntityStorage.mutable.ext.mapping.ms,1769509081089000000,1769509141089000000,0
jps.module.dependency.index.workspace.model.listener.on.changed.ms,1769509081089000000,1769509141089000000,0
jps.project.serializers.save.ms,1769509081089000000,1769509141089000000,0
workspaceModel.mutableEntityStorage.replace.by.source.ms,1769509081089000000,1769509141089000000,0
workspaceModel.moduleManagerBridge.build.module.graph.ms,1769509081089000000,1769509141089000000,0
workspaceModel.delayed.project.synchronizer.sync.ms,1769509081089000000,1769509141089000000,0
jps.save.global.entities.ms,1769509081089000000,1769509141089000000,0
workspaceModel.moduleBridge.update.option.ms,1769509081089000000,1769509141089000000,0
workspaceModel.moduleBridge.before.changed.ms,1769509081089000000,1769509141089000000,0
jps.app.storage.content.writer.save.component.ms,1769509081089000000,1769509141089000000,0
workspaceModel.mutableEntityStorage.mutable.vfurl.index.ms,1769509081089000000,1769509141089000000,0
workspaceModel.mutableEntityStorage.modify.entity.ms,1769509081089000000,1769509141089000000,0
workspaceModel.moduleBridgeLoader.loading.modules.ms,1769509081089000000,1769509141089000000,0
workspaceModel.moduleManagerBridge.get.modules.ms,1769509081089000000,1769509141089000000,0
jps.global.initialize.library.bridges.after.loading.ms,1769509081089000000,1769509141089000000,0
workspaceModel.mutableEntityStorage.collect.changes.ms,1769509081089000000,1769509141089000000,0
workspaceModel.mutableEntityStorage.changeLog.addReplaceEventForRemovedParent.ms,1769509081089000000,1769509141089000000,0
jps.global.initialize.library.bridges.ms,1769509081089000000,1769509141089000000,0
workspaceModel.mutableEntityStorage.put.entity.ms,1769509081089000000,1769509141089000000,0
workspaceModel.mutableEntityStorage.changeLog.addReplaceEventForNewParent.ms,1769509081089000000,1769509141089000000,0
workspaceModel.moduleManagerBridge.new.nonPersistent.module.ms,1769509081089000000,1769509141089000000,0
jps.artifact.entities.serializer.save.entities.ms,1769509081089000000,1769509141089000000,0
jps.app.storage.content.reader.load.component.ms,1769509081089000000,1769509141089000000,0
workspaceModel.moduleManagerBridge.load.all.modules.ms,1769509081089000000,1769509141089000000,0
jps.facet.change.listener.before.change.events.ms,1769509081089000000,1769509141089000000,0
workspaceModel.mutableEntityStorage.entities.ms,1769509081089000000,1769509141089000000,0
workspaceModel.mutableEntityStorage.instances.count,1769509081089000000,1769509141089000000,0
workspaceModel.mutableEntityStorage.to.snapshot.ms,1769509081089000000,1769509141089000000,0
jps.load.initial.state.ms,1769509081089000000,1769509141089000000,0
workspaceModel.global.updates.ms,1769509081089000000,1769509141089000000,0
jps.apply.loaded.storage.ms,1769509081089000000,1769509141089000000,0
jps.global.get.libraries.ms,1769509081089000000,1769509141089000000,0
workspaceModel.mutableEntityStorage.resolve.ms,1769509081089000000,1769509141089000000,0
workspaceModel.moduleManagerBridge.newModule.ms,1769509081089000000,1769509141089000000,0
jps.facet.change.listener.process.change.events.ms,1769509081089000000,1769509141089000000,0
workspaceModel.moduleBridge.facet.initialization.ms,1769509081089000000,1769509141089000000,0
jps.project.serializers.load.ms,1769509081089000000,1769509141089000000,0
jps.library.entities.serializer.save.entities.ms,1769509081089000000,1769509141089000000,0
workspaceModel.load.cache.metadata.from.file.ms,1769509081089000000,1769509141089000000,0
jps.global.handle.changed.events.ms,1769509081089000000,1769509141089000000,0
workspaceModel.sync.entities.ms,1769509081089000000,1769509141089000000,0
jps.load.project.to.empty.storage.ms,1769509081089000000,1769509141089000000,0
workspaceModel.mutableEntityStorage.apply.changes.from.ms,1769509081089000000,1769509141089000000,0
workspaceModel.orphan.listener.update.ms,1769509081089000000,1769509141089000000,0
workspaceModel.moduleManagerBridge.create.module.instance.ms,1769509081089000000,1769509141089000000,0
workspaceModel.mutableEntityStorage.changeLog.addReplaceEventForRemovedChild.ms,1769509081089000000,1769509141089000000,0
workspaceModel.moduleManagerBridge.set.unloadedModules.ms,1769509081089000000,1769509141089000000,0
workspaceModel.mutableEntityStorage.add.entity.ms,1769509081089000000,1769509141089000000,0
jps.facet.change.listener.init.bridge.ms,1769509081089000000,1769509141089000000,0
workspaceModel.global.apply.state.to.project.builder.ms,1769509081089000000,1769509141089000000,0
workspaceModel.save.cache.to.file.ms,1769509081089000000,1769509141089000000,0
jps.save.changed.project.entities.ms,1769509081089000000,1769509141089000000,0
jps.global.get.library.ms,1769509081089000000,1769509141089000000,0
jps.module.iml.entities.serializer.save.entities.ms,1769509081089000000,1769509141089000000,0
jps.module.iml.entities.serializer.load.entities.ms,1769509081089000000,1769509141089000000,0
workspaceModel.moduleManagerBridge.load.module.ms,1769509081089000000,1769509141089000000,0
workspaceModel.mutableEntityStorage.has.same.entities.ms,1769509081089000000,1769509141089000000,0
FileNameCache.totalMisses,1769509081089000000,1769509141089000000,0
VFS.fileChildByName,1769509081089000000,1769509141089000000,3458
VFS.fileByIdCache.hits,1769509081089000000,1769509141089000000,1
VFS.contentStorage.recordsStoredSize,1769509081089000000,1769509141089000000,0
VFS.contentStorage.recordsStoredCompressed,1769509081089000000,1769509141089000000,0
FileNameCache.queries,1769509081089000000,1769509141089000000,40704
VFS.contentStorage.recordsRead,1769509081089000000,1769509141089000000,3
VFS.fileByIdCache.misses,1769509081089000000,1769509141089000000,113
VFS.contentStorage.recordsDeduplicated,1769509081089000000,1769509141089000000,0
VFS.contentStorage.recordsStored,1769509081089000000,1769509141089000000,0
VFS.contentStorage.recordsDecompressionTimeUs,1769509081089000000,1769509141089000000,0
VFS.contentStorage.recordsReadDecompressed,1769509081089000000,1769509141089000000,0
VFS.invertedFileNameIndex.requests,1769509081089000000,1769509141089000000,0
VFS.contentStorage.recordsReadSize,1769509081089000000,1769509141089000000,4540
VFS.contentStorage.recordsUncompressedSize,1769509081089000000,1769509141089000000,0
cacheStateStorage.get.counter,1769509081089000000,1769509141089000000,4
cacheStateStorage.set.duration,1769509081089000000,1769509141089000000,0
cacheStateStorage.set.counter,1769509081089000000,1769509141089000000,0
cacheStateStorage.get.duration,1769509081089000000,1769509141089000000,16
DiskQueryRelay.tasksExecuted,1769509141089000000,1769509201089000000,0
DiskQueryRelay.taskExecutionTotalTimeUs,1769509141089000000,1769509201089000000,0
writeAction.count,1769509141089000000,1769509201089000000,0
writeAction.median.wait.ms,1769509141089000000,1769509201089000000,0
writeAction.wait.ms,1769509141089000000,1769509201089000000,0
DiskQueryRelay.tasksRequested,1769509141089000000,1769509201089000000,0
writeAction.max.wait.ms,1769509141089000000,1769509201089000000,2
DiskQueryRelay.taskWaitingTotalTimeUs,1769509141089000000,1769509201089000000,0
FlushQueue.queueSizeAvg,1769509141089000000,1769509201089000000,0.0
WriteAction.executionsCount,1769509141089000000,1769509201089000000,0
FlushQueue.executionTimeAvgNs,1769509141089000000,1769509201089000000,15348.533333333333
FlushQueue.waitingTimeAvgNs,1769509141089000000,1769509201089000000,37024.26666666667
NonBlockingReadAction.failedExecutionTimeUs,1769509141089000000,1769509201089000000,0
FlushQueue.queueSize90P,1769509141089000000,1769509201089000000,0
AWTEventQueue.eventsDispatched,1769509141089000000,1769509201089000000,3122
NonBlockingReadAction.finalizedExecutionTimeUs,1769509141089000000,1769509201089000000,0
AWTEventQueue.dispatchTimeMaxNs,1769509141089000000,1769509201089000000,95743
FlushQueue.tasksExecuted,1769509141089000000,1769509201089000000,120
AWTEventQueue.dispatchTimeTotalNS,1769509141089000000,1769509201089000000,56855546
FlushQueue.queueSizeMax,1769509141089000000,1769509201089000000,0
ReadAction.executionsCount,1769509141089000000,1769509201089000000,0
AWTEventQueue.dispatchTimeAvgNs,1769509141089000000,1769509201089000000,18212.6534272902
NonBlockingReadAction.finalizedExecutionsCount,1769509141089000000,1769509201089000000,0
AWTEventQueue.dispatchTime90PNs,1769509141089000000,1769509201089000000,23551
FlushQueue.executionTimeMaxNs,1769509141089000000,1769509201089000000,31231
FlushQueue.executionTime90PNs,1769509141089000000,1769509201089000000,17919
FlushQueue.waitingTimeMaxNs,1769509141089000000,1769509201089000000,104447
NonBlockingReadAction.failedExecutionsCount,1769509141089000000,1769509201089000000,0
FlushQueue.waitingTime90PNs,1769509141089000000,1769509201089000000,45823
FilePageCacheLockFree.nativeBytesInUse,1769509141089000000,1769509201089000000,0
FilePageCacheLockFree.heapBytesInUse,1769509141089000000,1769509201089000000,0
FilePageCache.pageLoads,1769509141089000000,1769509201089000000,0
MappedFileStorage.totalBytesMapped,1769509141089000000,1769509201089000000,261357568
StorageLockContext.competingThreads.90P,1769509141089000000,1769509201089000000,0
FilePageCacheLockFree.totalPagesHandedOver,1769509141089000000,1769509201089000000,0
StreamlinedBlobStorage.recordsAllocated,1769509141089000000,1769509201089000000,0
FilePageCache.totalPageDisposalsUs,1769509141089000000,1769509201089000000,0
MappedFileStorage.totalTimeSpentOnMappingUs,1769509141089000000,1769509201089000000,12649
FilePageCacheLockFree.totalBytesRequested,1769509141089000000,1769509201089000000,0
FilePageCacheLockFree.totalPagesWritten,1769509141089000000,1769509201089000000,0
FilePageCacheLockFree.totalPagesAllocated,1769509141089000000,1769509201089000000,0
DirectByteBufferAllocator.misses,1769509141089000000,1769509201089000000,0
FilePageCacheLockFree.housekeeperTurnsDone,1769509141089000000,1769509201089000000,0
FilePageCacheLockFree.totalPagesRequested,1769509141089000000,1769509201089000000,0
FileChannelInterruptsRetryer.totalRetriedAttempts,1769509141089000000,1769509201089000000,0
FilePageCacheLockFree.housekeeperTurnsSkipped,1769509141089000000,1769509201089000000,0
FilePageCacheLockFree.totalNativeBytesReclaimed,1769509141089000000,1769509201089000000,0
DirectByteBufferAllocator.totalSizeOfBuffersAllocatedInBytes,1769509141089000000,1769509201089000000,156262400
StreamlinedBlobStorage.totalLiveRecordsCapacityBytes,1769509141089000000,1769509201089000000,0
FilePageCache.disposedBuffers,1769509141089000000,1769509201089000000,0
FilePageCacheLockFree.totalHeapBytesAllocated,1769509141089000000,1769509201089000000,0
DirectByteBufferAllocator.hits,1769509141089000000,1769509201089000000,0
FilePageCacheLockFree.totalPagesWriteMs,1769509141089000000,1769509201089000000,0
FilePageCache.uncachedFileAccess,1769509141089000000,1769509201089000000,0
MappedFileStorage.storages,1769509141089000000,1769509201089000000,16
FilePageCacheLockFree.totalPagesReadMs,1769509141089000000,1769509201089000000,0
DirectByteBufferAllocator.totalSizeOfBuffersCachedInBytes,1769509141089000000,1769509201089000000,0
FilePageCacheLockFree.housekeeperTimeSpentMs,1769509141089000000,1769509201089000000,0
MappedFileStorage.totalPagesMapped,1769509141089000000,1769509201089000000,21
FilePageCache.maxCacheSizeInBytes,1769509141089000000,1769509201089000000,156262400
FilePageCache.maxRegisteredFiles,1769509141089000000,1769509201089000000,252
StorageLockContext.competingThreads.max,1769509141089000000,1769509201089000000,0
FilePageCacheLockFree.totalPagesReclaimed,1769509141089000000,1769509201089000000,0
FilePageCache.capacityInBytes,1769509141089000000,1769509201089000000,503316478
FilePageCache.pageLoadsAboveSizeThreshold,1769509141089000000,1769509201089000000,0
FilePageCacheLockFree.totalPageAllocationsWaited,1769509141089000000,1769509201089000000,0
FilePageCache.pageHits,1769509141089000000,1769509201089000000,0
FilePageCache.totalPageLoadsUs,1769509141089000000,1769509201089000000,0
FilePageCacheLockFree.totalNativeBytesAllocated,1769509141089000000,1769509201089000000,0
FilePageCache.pageFastCacheHits,1769509141089000000,1769509201089000000,0
DirectByteBufferAllocator.reclaimed,1769509141089000000,1769509201089000000,0
StreamlinedBlobStorage.recordsDeleted,1769509141089000000,1769509201089000000,0
FilePageCacheLockFree.totalClosedStoragesReclaimed,1769509141089000000,1769509201089000000,0
StreamlinedBlobStorage.totalLiveRecordsPayloadBytes,1769509141089000000,1769509201089000000,0
DirectByteBufferAllocator.disposed,1769509141089000000,1769509201089000000,0
FilePageCacheLockFree.totalPagesRequestsMs,1769509141089000000,1769509201089000000,0
FilePageCacheLockFree.totalHeapBytesReclaimed,1769509141089000000,1769509201089000000,0
FilePageCacheLockFree.totalBytesWritten,1769509141089000000,1769509201089000000,0
FilePageCacheLockFree.totalBytesRead,1769509141089000000,1769509201089000000,0
StorageLockContext.competingThreads.avg,1769509141089000000,1769509201089000000,0.0
StreamlinedBlobStorage.recordsRelocated,1769509141089000000,1769509201089000000,0
JVM.usedNativeBytes,1769509141089000000,1769509201089000000,373347912
JVM.totalDirectByteBuffersBytes,1769509141089000000,1769509201089000000,157427611
JVM.totalTimeToSafepointsMs,1769509141089000000,1769509201089000000,0
JVM.totalCpuTimeMs,1769509141089000000,1769509201089000000,510
JVM.usedHeapBytes,1769509141089000000,1769509201089000000,477173920
JVM.totalTimeAtSafepointsMs,1769509141089000000,1769509201089000000,0
JVM.GC.collectionTimesMs,1769509141089000000,1769509201089000000,0
JVM.totalSafepointCount,1769509141089000000,1769509201089000000,2
JVM.maxHeapBytes,1769509141089000000,1769509201089000000,4196401152
JVM.newThreadsCount,1769509141089000000,1769509201089000000,0
JVM.GC.collections,1769509141089000000,1769509201089000000,0
OS.loadAverage,1769509141089000000,1769509201089000000,1.8984375
JVM.maxThreadCount,1769509141089000000,1769509201089000000,143
JVM.totalBytesAllocated,1769509141089000000,1769509201089000000,26651456
JVM.threadCount,1769509141089000000,1769509201089000000,49
workspaceModel.workspaceFileIndexData.updateDirtyEntities.ms,1769509141089000000,1769509201089000000,0
workspaceModel.updates.precise.ms,1769509141089000000,1769509201089000000,0
workspaceModel.cachedValueWithParameters.calculated.count,1769509141089000000,1769509201089000000,0
workspaceModel.cachedValueWithParameters.total.get.count,1769509141089000000,1769509201089000000,0
workspaceModel.cachedValue.calculated.count,1769509141089000000,1769509201089000000,0
workspaceModel.to.snapshot.ms,1769509141089000000,1769509201089000000,0
workspaceModel.loading.total.ms,1769509141089000000,1769509201089000000,0
workspaceModel.on.changed.ms,1769509141089000000,1769509201089000000,0
workspaceModel.replace.project.model.ms,1769509141089000000,1769509201089000000,0
workspaceModel.workspaceFileIndexContributor.registerFileSets.ms,1769509141089000000,1769509201089000000,0
workspaceModel.update.unloaded.entities.ms,1769509141089000000,1769509201089000000,0
workspaceModel.workspaceFileIndexData.markDirty.ms,1769509141089000000,1769509201089000000,0
workspaceModel.workspaceFileIndexData.init.ms,1769509141089000000,1769509201089000000,0
workspaceModel.workspaceFileIndexData.getPackageName.ms,1769509141089000000,1769509201089000000,0
workspaceModel.cachedValue.clear.count,1769509141089000000,1769509201089000000,0
workspaceModel.collect.changes.ms,1769509141089000000,1769509201089000000,0
workspaceModel.init.bridges.ms,1769509141089000000,1769509201089000000,0
workspaceModel.check.recursive.update.ms,1769509141089000000,1769509201089000000,0
workspaceModel.workspaceFileIndexData.getFileInfo.ms,1769509141089000000,1769509201089000000,0
workspaceModel.workspaceFileIndexData.processFileSets.ms,1769509141089000000,1769509201089000000,0
workspaceModel.entityStorageSnapshotImpl.instances.count,1769509141089000000,1769509201089000000,0
workspaceModel.on.before.changed.ms,1769509141089000000,1769509201089000000,0
workspaceModel.cachedValueWithParameters.clear.count,1769509141089000000,1769509201089000000,0
workspaceModel.workspaceFileIndexData.onEntitiesChanged.ms,1769509141089000000,1769509201089000000,0
workspaceModel.workspaceFileIndexData.visitFileSets.ms,1769509141089000000,1769509201089000000,0
workspaceModel.workspaceFileIndexData.instances.count,1769509141089000000,1769509201089000000,0
workspaceModel.initializing.ms,1769509141089000000,1769509201089000000,0
workspaceModel.full.replace.project.model.ms,1769509141089000000,1769509201089000000,0
workspaceModel.updates.ms,1769509141089000000,1769509201089000000,0
workspaceModel.cachedValue.from.cache.count,1769509141089000000,1769509201089000000,0
workspaceModel.loading.from.cache.ms,1769509141089000000,1769509201089000000,0
workspaceModel.workspaceFileIndexData.getDirectoriesByPackageName.ms,1769509141089000000,1769509201089000000,0
workspaceModel.cachedValueWithParameters.from.cache.count,1769509141089000000,1769509201089000000,0
workspaceModel.cachedValue.total.get.count,1769509141089000000,1769509201089000000,0
workspaceModel.pre.handlers.ms,1769509141089000000,1769509201089000000,0
workspaceModel.updates.count,1769509141089000000,1769509201089000000,0
Indexing.writesQueuedMin,1769509141089000000,1769509201089000000,0
Indexes.stubs.lookups,1769509141089000000,1769509201089000000,0
Indexing.writer_0.totalTimeSpentWritingMs,1769509141089000000,1769509201089000000,0
Indexes.stubs.lookupDurationAvgMs,1769509141089000000,1769509201089000000,0.0
Indexing.totalTimeIndexersSleptMs,1769509141089000000,1769509201089000000,0
IndexesFlusher.totalFlushesRetried,1769509141089000000,1769509201089000000,0
IndexesFlusher.totalFlushes,1769509141089000000,1769509201089000000,60
Indexes.entries.lookupDurationAvgMs,1769509141089000000,1769509201089000000,0.0
Indexes.allKeys.lookupDuration90PMs,1769509141089000000,1769509201089000000,0.0
Indexing.cache.totalCacheEvicted,1769509141089000000,1769509201089000000,0
Indexes.entries.lookupDurationMaxMs,1769509141089000000,1769509201089000000,0.0
Indexing.writesQueuedAvg,1769509141089000000,1769509201089000000,0.0
IndexesFlusher.totalFlushingTimeUs,1769509141089000000,1769509201089000000,29376
Indexes.entries.lookups,1769509141089000000,1769509201089000000,0
Indexes.allKeys.lookupDurationMaxMs,1769509141089000000,1769509201089000000,0.0
Indexes.entries.lookupDuration90PMs,1769509141089000000,1769509201089000000,0.0
Indexing.writer_3.totalTimeSpentWritingMs,1769509141089000000,1769509201089000000,0
IndexesFlusher.totalContentionQuotaSpent,1769509141089000000,1769509201089000000,0
Indexing.writer_1.totalTimeSpentWritingMs,1769509141089000000,1769509201089000000,0
Indexing.cache.totalCacheMisses,1769509141089000000,1769509201089000000,0
Indexes.allKeys.lookups,1769509141089000000,1769509201089000000,0
Indexing.writer_2.totalTimeSpentWritingMs,1769509141089000000,1769509201089000000,0
Indexes.stubs.lookupDuration90PMs,1769509141089000000,1769509201089000000,0.0
Indexes.allKeys.lookupDurationAvgMs,1769509141089000000,1769509201089000000,0.0
Indexing.writesQueuedMax,1769509141089000000,1769509201089000000,0
Indexing.cache.totalCacheAccesses,1769509141089000000,1769509201089000000,0
Indexes.stubs.lookupDurationMaxMs,1769509141089000000,1769509201089000000,0.0
workspaceModel.load.cache.from.file.ms,1769509141089000000,1769509201089000000,0
jps.global.get.library.by.name.ms,1769509141089000000,1769509201089000000,0
workspaceModel.global.updates.count,1769509141089000000,1769509201089000000,0
workspaceModel.mutableEntityStorage.referrers.ms,1769509141089000000,1769509201089000000,0
workspaceModel.do.save.caches.ms,1769509141089000000,1769509201089000000,0
workspaceModel.global.apply.state.to.project.ms,1769509141089000000,1769509201089000000,0
workspaceModel.mutableEntityStorage.changeLog.addReplaceEventForNewChild.ms,1769509141089000000,1769509201089000000,0
jps.artifact.entities.serializer.load.entities.ms,1769509141089000000,1769509201089000000,0
jps.library.entities.serializer.load.entities.ms,1769509141089000000,1769509201089000000,0
workspaceModel.mutableEntityStorage.entities.by.source.ms,1769509141089000000,1769509201089000000,0
jps.global.handle.before.change.events.ms,1769509141089000000,1769509201089000000,0
jps.storage.jps.conf.reader.load.component.ms,1769509141089000000,1769509201089000000,0
workspaceModel.mutableEntityStorage.remove.entity.ms,1769509141089000000,1769509201089000000,0
jps.reload.project.entities.ms,1769509141089000000,1769509201089000000,0
workspaceModel.mutableEntityStorage.mutable.ext.mapping.ms,1769509141089000000,1769509201089000000,0
jps.module.dependency.index.workspace.model.listener.on.changed.ms,1769509141089000000,1769509201089000000,0
jps.project.serializers.save.ms,1769509141089000000,1769509201089000000,0
workspaceModel.mutableEntityStorage.replace.by.source.ms,1769509141089000000,1769509201089000000,0
workspaceModel.moduleManagerBridge.build.module.graph.ms,1769509141089000000,1769509201089000000,0
workspaceModel.delayed.project.synchronizer.sync.ms,1769509141089000000,1769509201089000000,0
jps.save.global.entities.ms,1769509141089000000,1769509201089000000,0
workspaceModel.moduleBridge.update.option.ms,1769509141089000000,1769509201089000000,0
workspaceModel.moduleBridge.before.changed.ms,1769509141089000000,1769509201089000000,0
jps.app.storage.content.writer.save.component.ms,1769509141089000000,1769509201089000000,0
workspaceModel.mutableEntityStorage.mutable.vfurl.index.ms,1769509141089000000,1769509201089000000,0
workspaceModel.mutableEntityStorage.modify.entity.ms,1769509141089000000,1769509201089000000,0
workspaceModel.moduleBridgeLoader.loading.modules.ms,1769509141089000000,1769509201089000000,0
workspaceModel.moduleManagerBridge.get.modules.ms,1769509141089000000,1769509201089000000,0
jps.global.initialize.library.bridges.after.loading.ms,1769509141089000000,1769509201089000000,0
workspaceModel.mutableEntityStorage.collect.changes.ms,1769509141089000000,1769509201089000000,0
workspaceModel.mutableEntityStorage.changeLog.addReplaceEventForRemovedParent.ms,1769509141089000000,1769509201089000000,0
jps.global.initialize.library.bridges.ms,1769509141089000000,1769509201089000000,0
workspaceModel.mutableEntityStorage.put.entity.ms,1769509141089000000,1769509201089000000,0
workspaceModel.mutableEntityStorage.changeLog.addReplaceEventForNewParent.ms,1769509141089000000,1769509201089000000,0
workspaceModel.moduleManagerBridge.new.nonPersistent.module.ms,1769509141089000000,1769509201089000000,0
jps.artifact.entities.serializer.save.entities.ms,1769509141089000000,1769509201089000000,0
jps.app.storage.content.reader.load.component.ms,1769509141089000000,1769509201089000000,0
workspaceModel.moduleManagerBridge.load.all.modules.ms,1769509141089000000,1769509201089000000,0
jps.facet.change.listener.before.change.events.ms,1769509141089000000,1769509201089000000,0
workspaceModel.mutableEntityStorage.entities.ms,1769509141089000000,1769509201089000000,0
workspaceModel.mutableEntityStorage.instances.count,1769509141089000000,1769509201089000000,0
workspaceModel.mutableEntityStorage.to.snapshot.ms,1769509141089000000,1769509201089000000,0
jps.load.initial.state.ms,1769509141089000000,1769509201089000000,0
workspaceModel.global.updates.ms,1769509141089000000,1769509201089000000,0
jps.apply.loaded.storage.ms,1769509141089000000,1769509201089000000,0
jps.global.get.libraries.ms,1769509141089000000,1769509201089000000,0
workspaceModel.mutableEntityStorage.resolve.ms,1769509141089000000,1769509201089000000,0
workspaceModel.moduleManagerBridge.newModule.ms,1769509141089000000,1769509201089000000,0
jps.facet.change.listener.process.change.events.ms,1769509141089000000,1769509201089000000,0
workspaceModel.moduleBridge.facet.initialization.ms,1769509141089000000,1769509201089000000,0
jps.project.serializers.load.ms,1769509141089000000,1769509201089000000,0
jps.library.entities.serializer.save.entities.ms,1769509141089000000,1769509201089000000,0
workspaceModel.load.cache.metadata.from.file.ms,1769509141089000000,1769509201089000000,0
jps.global.handle.changed.events.ms,1769509141089000000,1769509201089000000,0
workspaceModel.sync.entities.ms,1769509141089000000,1769509201089000000,0
jps.load.project.to.empty.storage.ms,1769509141089000000,1769509201089000000,0
workspaceModel.mutableEntityStorage.apply.changes.from.ms,1769509141089000000,1769509201089000000,0
workspaceModel.orphan.listener.update.ms,1769509141089000000,1769509201089000000,0
workspaceModel.moduleManagerBridge.create.module.instance.ms,1769509141089000000,1769509201089000000,0
workspaceModel.mutableEntityStorage.changeLog.addReplaceEventForRemovedChild.ms,1769509141089000000,1769509201089000000,0
workspaceModel.moduleManagerBridge.set.unloadedModules.ms,1769509141089000000,1769509201089000000,0
workspaceModel.mutableEntityStorage.add.entity.ms,1769509141089000000,1769509201089000000,0
jps.facet.change.listener.init.bridge.ms,1769509141089000000,1769509201089000000,0
workspaceModel.global.apply.state.to.project.builder.ms,1769509141089000000,1769509201089000000,0
workspaceModel.save.cache.to.file.ms,1769509141089000000,1769509201089000000,0
jps.save.changed.project.entities.ms,1769509141089000000,1769509201089000000,0
jps.global.get.library.ms,1769509141089000000,1769509201089000000,0
jps.module.iml.entities.serializer.save.entities.ms,1769509141089000000,1769509201089000000,0
jps.module.iml.entities.serializer.load.entities.ms,1769509141089000000,1769509201089000000,0
workspaceModel.moduleManagerBridge.load.module.ms,1769509141089000000,1769509201089000000,0
workspaceModel.mutableEntityStorage.has.same.entities.ms,1769509141089000000,1769509201089000000,0
FileNameCache.totalMisses,1769509141089000000,1769509201089000000,0
VFS.fileChildByName,1769509141089000000,1769509201089000000,0
VFS.fileByIdCache.hits,1769509141089000000,1769509201089000000,0
VFS.contentStorage.recordsStoredSize,1769509141089000000,1769509201089000000,0
VFS.contentStorage.recordsStoredCompressed,1769509141089000000,1769509201089000000,0
FileNameCache.queries,1769509141089000000,1769509201089000000,0
VFS.contentStorage.recordsRead,1769509141089000000,1769509201089000000,0
VFS.fileByIdCache.misses,1769509141089000000,1769509201089000000,0
VFS.contentStorage.recordsDeduplicated,1769509141089000000,1769509201089000000,0
VFS.contentStorage.recordsStored,1769509141089000000,1769509201089000000,0
VFS.contentStorage.recordsDecompressionTimeUs,1769509141089000000,1769509201089000000,0
VFS.contentStorage.recordsReadDecompressed,1769509141089000000,1769509201089000000,0
VFS.invertedFileNameIndex.requests,1769509141089000000,1769509201089000000,0
VFS.contentStorage.recordsReadSize,1769509141089000000,1769509201089000000,0
VFS.contentStorage.recordsUncompressedSize,1769509141089000000,1769509201089000000,0
cacheStateStorage.get.counter,1769509141089000000,1769509201089000000,0
cacheStateStorage.set.duration,1769509141089000000,1769509201089000000,0
cacheStateStorage.set.counter,1769509141089000000,1769509201089000000,0
cacheStateStorage.get.duration,1769509141089000000,1769509201089000000,0
DiskQueryRelay.tasksExecuted,1769509201089000000,1769509261089000000,0
DiskQueryRelay.taskExecutionTotalTimeUs,1769509201089000000,1769509261089000000,0
writeAction.count,1769509201089000000,1769509261089000000,1
writeAction.median.wait.ms,1769509201089000000,1769509261089000000,0
writeAction.wait.ms,1769509201089000000,1769509261089000000,0
DiskQueryRelay.tasksRequested,1769509201089000000,1769509261089000000,0
writeAction.max.wait.ms,1769509201089000000,1769509261089000000,2
DiskQueryRelay.taskWaitingTotalTimeUs,1769509201089000000,1769509261089000000,0
FlushQueue.queueSizeAvg,1769509201089000000,1769509261089000000,1.2615384615384615
WriteAction.executionsCount,1769509201089000000,1769509261089000000,1
FlushQueue.executionTimeAvgNs,1769509201089000000,1769509261089000000,30578.276923076923
FlushQueue.waitingTimeAvgNs,1769509201089000000,1769509261089000000,91173.89743589744
NonBlockingReadAction.failedExecutionTimeUs,1769509201089000000,1769509261089000000,0
FlushQueue.queueSize90P,1769509201089000000,1769509261089000000,5
AWTEventQueue.eventsDispatched,1769509201089000000,1769509261089000000,3147
NonBlockingReadAction.finalizedExecutionTimeUs,1769509201089000000,1769509261089000000,0
AWTEventQueue.dispatchTimeMaxNs,1769509201089000000,1769509261089000000,1073151
FlushQueue.tasksExecuted,1769509201089000000,1769509261089000000,195
AWTEventQueue.dispatchTimeTotalNS,1769509201089000000,1769509261089000000,69317131
FlushQueue.queueSizeMax,1769509201089000000,1769509261089000000,14
ReadAction.executionsCount,1769509201089000000,1769509261089000000,132
AWTEventQueue.dispatchTimeAvgNs,1769509201089000000,1769509261089000000,22028.013981569748
NonBlockingReadAction.finalizedExecutionsCount,1769509201089000000,1769509261089000000,0
AWTEventQueue.dispatchTime90PNs,1769509201089000000,1769509261089000000,27647
FlushQueue.executionTimeMaxNs,1769509201089000000,1769509261089000000,618495
FlushQueue.executionTime90PNs,1769509201089000000,1769509261089000000,32639
FlushQueue.waitingTimeMaxNs,1769509201089000000,1769509261089000000,1073151
NonBlockingReadAction.failedExecutionsCount,1769509201089000000,1769509261089000000,0
FlushQueue.waitingTime90PNs,1769509201089000000,1769509261089000000,218111
FilePageCacheLockFree.nativeBytesInUse,1769509201089000000,1769509261089000000,0
FilePageCacheLockFree.heapBytesInUse,1769509201089000000,1769509261089000000,0
FilePageCache.pageLoads,1769509201089000000,1769509261089000000,0
MappedFileStorage.totalBytesMapped,1769509201089000000,1769509261089000000,261357568
StorageLockContext.competingThreads.90P,1769509201089000000,1769509261089000000,0
FilePageCacheLockFree.totalPagesHandedOver,1769509201089000000,1769509261089000000,0
StreamlinedBlobStorage.recordsAllocated,1769509201089000000,1769509261089000000,0
FilePageCache.totalPageDisposalsUs,1769509201089000000,1769509261089000000,0
MappedFileStorage.totalTimeSpentOnMappingUs,1769509201089000000,1769509261089000000,12649
FilePageCacheLockFree.totalBytesRequested,1769509201089000000,1769509261089000000,0
FilePageCacheLockFree.totalPagesWritten,1769509201089000000,1769509261089000000,0
FilePageCacheLockFree.totalPagesAllocated,1769509201089000000,1769509261089000000,0
DirectByteBufferAllocator.misses,1769509201089000000,1769509261089000000,0
FilePageCacheLockFree.housekeeperTurnsDone,1769509201089000000,1769509261089000000,0
FilePageCacheLockFree.totalPagesRequested,1769509201089000000,1769509261089000000,0
FileChannelInterruptsRetryer.totalRetriedAttempts,1769509201089000000,1769509261089000000,0
FilePageCacheLockFree.housekeeperTurnsSkipped,1769509201089000000,1769509261089000000,0
FilePageCacheLockFree.totalNativeBytesReclaimed,1769509201089000000,1769509261089000000,0
DirectByteBufferAllocator.totalSizeOfBuffersAllocatedInBytes,1769509201089000000,1769509261089000000,156262400
StreamlinedBlobStorage.totalLiveRecordsCapacityBytes,1769509201089000000,1769509261089000000,0
FilePageCache.disposedBuffers,1769509201089000000,1769509261089000000,0
FilePageCacheLockFree.totalHeapBytesAllocated,1769509201089000000,1769509261089000000,0
DirectByteBufferAllocator.hits,1769509201089000000,1769509261089000000,0
FilePageCacheLockFree.totalPagesWriteMs,1769509201089000000,1769509261089000000,0
FilePageCache.uncachedFileAccess,1769509201089000000,1769509261089000000,0
MappedFileStorage.storages,1769509201089000000,1769509261089000000,16
FilePageCacheLockFree.totalPagesReadMs,1769509201089000000,1769509261089000000,0
DirectByteBufferAllocator.totalSizeOfBuffersCachedInBytes,1769509201089000000,1769509261089000000,0
FilePageCacheLockFree.housekeeperTimeSpentMs,1769509201089000000,1769509261089000000,0
MappedFileStorage.totalPagesMapped,1769509201089000000,1769509261089000000,21
FilePageCache.maxCacheSizeInBytes,1769509201089000000,1769509261089000000,156262400
FilePageCache.maxRegisteredFiles,1769509201089000000,1769509261089000000,252
StorageLockContext.competingThreads.max,1769509201089000000,1769509261089000000,0
FilePageCacheLockFree.totalPagesReclaimed,1769509201089000000,1769509261089000000,0
FilePageCache.capacityInBytes,1769509201089000000,1769509261089000000,503316478
FilePageCache.pageLoadsAboveSizeThreshold,1769509201089000000,1769509261089000000,0
FilePageCacheLockFree.totalPageAllocationsWaited,1769509201089000000,1769509261089000000,0
FilePageCache.pageHits,1769509201089000000,1769509261089000000,0
FilePageCache.totalPageLoadsUs,1769509201089000000,1769509261089000000,0
FilePageCacheLockFree.totalNativeBytesAllocated,1769509201089000000,1769509261089000000,0
FilePageCache.pageFastCacheHits,1769509201089000000,1769509261089000000,0
DirectByteBufferAllocator.reclaimed,1769509201089000000,1769509261089000000,0
StreamlinedBlobStorage.recordsDeleted,1769509201089000000,1769509261089000000,0
FilePageCacheLockFree.totalClosedStoragesReclaimed,1769509201089000000,1769509261089000000,0
StreamlinedBlobStorage.totalLiveRecordsPayloadBytes,1769509201089000000,1769509261089000000,0
DirectByteBufferAllocator.disposed,1769509201089000000,1769509261089000000,0
FilePageCacheLockFree.totalPagesRequestsMs,1769509201089000000,1769509261089000000,0
FilePageCacheLockFree.totalHeapBytesReclaimed,1769509201089000000,1769509261089000000,0
FilePageCacheLockFree.totalBytesWritten,1769509201089000000,1769509261089000000,0
FilePageCacheLockFree.totalBytesRead,1769509201089000000,1769509261089000000,0
StorageLockContext.competingThreads.avg,1769509201089000000,1769509261089000000,0.0
StreamlinedBlobStorage.recordsRelocated,1769509201089000000,1769509261089000000,0
JVM.usedNativeBytes,1769509201089000000,1769509261089000000,373689936
JVM.totalDirectByteBuffersBytes,1769509201089000000,1769509261089000000,157408890
JVM.totalTimeToSafepointsMs,1769509201089000000,1769509261089000000,0
JVM.totalCpuTimeMs,1769509201089000000,1769509261089000000,750
JVM.usedHeapBytes,1769509201089000000,1769509261089000000,506534048
JVM.totalTimeAtSafepointsMs,1769509201089000000,1769509261089000000,0
JVM.GC.collectionTimesMs,1769509201089000000,1769509261089000000,0
JVM.totalSafepointCount,1769509201089000000,1769509261089000000,5
JVM.maxHeapBytes,1769509201089000000,1769509261089000000,4196401152
JVM.newThreadsCount,1769509201089000000,1769509261089000000,3
JVM.GC.collections,1769509201089000000,1769509261089000000,0
OS.loadAverage,1769509201089000000,1769509261089000000,1.3291015625
JVM.maxThreadCount,1769509201089000000,1769509261089000000,143
JVM.totalBytesAllocated,1769509201089000000,1769509261089000000,27836856
JVM.threadCount,1769509201089000000,1769509261089000000,47
workspaceModel.workspaceFileIndexData.updateDirtyEntities.ms,1769509201089000000,1769509261089000000,0
workspaceModel.updates.precise.ms,1769509201089000000,1769509261089000000,0
workspaceModel.cachedValueWithParameters.calculated.count,1769509201089000000,1769509261089000000,0
workspaceModel.cachedValueWithParameters.total.get.count,1769509201089000000,1769509261089000000,0
workspaceModel.cachedValue.calculated.count,1769509201089000000,1769509261089000000,0
workspaceModel.to.snapshot.ms,1769509201089000000,1769509261089000000,0
workspaceModel.loading.total.ms,1769509201089000000,1769509261089000000,0
workspaceModel.on.changed.ms,1769509201089000000,1769509261089000000,0
workspaceModel.replace.project.model.ms,1769509201089000000,1769509261089000000,0
workspaceModel.workspaceFileIndexContributor.registerFileSets.ms,1769509201089000000,1769509261089000000,0
workspaceModel.update.unloaded.entities.ms,1769509201089000000,1769509261089000000,0
workspaceModel.workspaceFileIndexData.markDirty.ms,1769509201089000000,1769509261089000000,0
workspaceModel.workspaceFileIndexData.init.ms,1769509201089000000,1769509261089000000,0
workspaceModel.workspaceFileIndexData.getPackageName.ms,1769509201089000000,1769509261089000000,0
workspaceModel.cachedValue.clear.count,1769509201089000000,1769509261089000000,0
workspaceModel.collect.changes.ms,1769509201089000000,1769509261089000000,0
workspaceModel.init.bridges.ms,1769509201089000000,1769509261089000000,0
workspaceModel.check.recursive.update.ms,1769509201089000000,1769509261089000000,0
workspaceModel.workspaceFileIndexData.getFileInfo.ms,1769509201089000000,1769509261089000000,0
workspaceModel.workspaceFileIndexData.processFileSets.ms,1769509201089000000,1769509261089000000,0
workspaceModel.entityStorageSnapshotImpl.instances.count,1769509201089000000,1769509261089000000,0
workspaceModel.on.before.changed.ms,1769509201089000000,1769509261089000000,0
workspaceModel.cachedValueWithParameters.clear.count,1769509201089000000,1769509261089000000,0
workspaceModel.workspaceFileIndexData.onEntitiesChanged.ms,1769509201089000000,1769509261089000000,0
workspaceModel.workspaceFileIndexData.visitFileSets.ms,1769509201089000000,1769509261089000000,0
workspaceModel.workspaceFileIndexData.instances.count,1769509201089000000,1769509261089000000,0
workspaceModel.initializing.ms,1769509201089000000,1769509261089000000,0
workspaceModel.full.replace.project.model.ms,1769509201089000000,1769509261089000000,0
workspaceModel.updates.ms,1769509201089000000,1769509261089000000,0
workspaceModel.cachedValue.from.cache.count,1769509201089000000,1769509261089000000,0
workspaceModel.loading.from.cache.ms,1769509201089000000,1769509261089000000,0
workspaceModel.workspaceFileIndexData.getDirectoriesByPackageName.ms,1769509201089000000,1769509261089000000,0
workspaceModel.cachedValueWithParameters.from.cache.count,1769509201089000000,1769509261089000000,0
workspaceModel.cachedValue.total.get.count,1769509201089000000,1769509261089000000,0
workspaceModel.pre.handlers.ms,1769509201089000000,1769509261089000000,0
workspaceModel.updates.count,1769509201089000000,1769509261089000000,0
Indexing.writesQueuedMin,1769509201089000000,1769509261089000000,0
Indexes.stubs.lookups,1769509201089000000,1769509261089000000,0
Indexing.writer_0.totalTimeSpentWritingMs,1769509201089000000,1769509261089000000,0
Indexes.stubs.lookupDurationAvgMs,1769509201089000000,1769509261089000000,0.0
Indexing.totalTimeIndexersSleptMs,1769509201089000000,1769509261089000000,0
IndexesFlusher.totalFlushesRetried,1769509201089000000,1769509261089000000,0
IndexesFlusher.totalFlushes,1769509201089000000,1769509261089000000,60
Indexes.entries.lookupDurationAvgMs,1769509201089000000,1769509261089000000,0.0
Indexes.allKeys.lookupDuration90PMs,1769509201089000000,1769509261089000000,0.0
Indexing.cache.totalCacheEvicted,1769509201089000000,1769509261089000000,0
Indexes.entries.lookupDurationMaxMs,1769509201089000000,1769509261089000000,0.0
Indexing.writesQueuedAvg,1769509201089000000,1769509261089000000,0.0
IndexesFlusher.totalFlushingTimeUs,1769509201089000000,1769509261089000000,30389
Indexes.entries.lookups,1769509201089000000,1769509261089000000,0
Indexes.allKeys.lookupDurationMaxMs,1769509201089000000,1769509261089000000,0.0
Indexes.entries.lookupDuration90PMs,1769509201089000000,1769509261089000000,0.0
Indexing.writer_3.totalTimeSpentWritingMs,1769509201089000000,1769509261089000000,0
IndexesFlusher.totalContentionQuotaSpent,1769509201089000000,1769509261089000000,0
Indexing.writer_1.totalTimeSpentWritingMs,1769509201089000000,1769509261089000000,0
Indexing.cache.totalCacheMisses,1769509201089000000,1769509261089000000,0
Indexes.allKeys.lookups,1769509201089000000,1769509261089000000,0
Indexing.writer_2.totalTimeSpentWritingMs,1769509201089000000,1769509261089000000,0
Indexes.stubs.lookupDuration90PMs,1769509201089000000,1769509261089000000,0.0
Indexes.allKeys.lookupDurationAvgMs,1769509201089000000,1769509261089000000,0.0
Indexing.writesQueuedMax,1769509201089000000,1769509261089000000,0
Indexing.cache.totalCacheAccesses,1769509201089000000,1769509261089000000,0
Indexes.stubs.lookupDurationMaxMs,1769509201089000000,1769509261089000000,0.0
workspaceModel.load.cache.from.file.ms,1769509201089000000,1769509261089000000,0
jps.global.get.library.by.name.ms,1769509201089000000,1769509261089000000,0
workspaceModel.global.updates.count,1769509201089000000,1769509261089000000,0
workspaceModel.mutableEntityStorage.referrers.ms,1769509201089000000,1769509261089000000,0
workspaceModel.do.save.caches.ms,1769509201089000000,1769509261089000000,0
workspaceModel.global.apply.state.to.project.ms,1769509201089000000,1769509261089000000,0
workspaceModel.mutableEntityStorage.changeLog.addReplaceEventForNewChild.ms,1769509201089000000,1769509261089000000,0
jps.artifact.entities.serializer.load.entities.ms,1769509201089000000,1769509261089000000,0
jps.library.entities.serializer.load.entities.ms,1769509201089000000,1769509261089000000,0
workspaceModel.mutableEntityStorage.entities.by.source.ms,1769509201089000000,1769509261089000000,0
jps.global.handle.before.change.events.ms,1769509201089000000,1769509261089000000,0
jps.storage.jps.conf.reader.load.component.ms,1769509201089000000,1769509261089000000,0
workspaceModel.mutableEntityStorage.remove.entity.ms,1769509201089000000,1769509261089000000,0
jps.reload.project.entities.ms,1769509201089000000,1769509261089000000,0
workspaceModel.mutableEntityStorage.mutable.ext.mapping.ms,1769509201089000000,1769509261089000000,0
jps.module.dependency.index.workspace.model.listener.on.changed.ms,1769509201089000000,1769509261089000000,0
jps.project.serializers.save.ms,1769509201089000000,1769509261089000000,0
workspaceModel.mutableEntityStorage.replace.by.source.ms,1769509201089000000,1769509261089000000,0
workspaceModel.moduleManagerBridge.build.module.graph.ms,1769509201089000000,1769509261089000000,0
workspaceModel.delayed.project.synchronizer.sync.ms,1769509201089000000,1769509261089000000,0
jps.save.global.entities.ms,1769509201089000000,1769509261089000000,0
workspaceModel.moduleBridge.update.option.ms,1769509201089000000,1769509261089000000,0
workspaceModel.moduleBridge.before.changed.ms,1769509201089000000,1769509261089000000,0
jps.app.storage.content.writer.save.component.ms,1769509201089000000,1769509261089000000,0
workspaceModel.mutableEntityStorage.mutable.vfurl.index.ms,1769509201089000000,1769509261089000000,0
workspaceModel.mutableEntityStorage.modify.entity.ms,1769509201089000000,1769509261089000000,0
workspaceModel.moduleBridgeLoader.loading.modules.ms,1769509201089000000,1769509261089000000,0
workspaceModel.moduleManagerBridge.get.modules.ms,1769509201089000000,1769509261089000000,0
jps.global.initialize.library.bridges.after.loading.ms,1769509201089000000,1769509261089000000,0
workspaceModel.mutableEntityStorage.collect.changes.ms,1769509201089000000,1769509261089000000,0
workspaceModel.mutableEntityStorage.changeLog.addReplaceEventForRemovedParent.ms,1769509201089000000,1769509261089000000,0
jps.global.initialize.library.bridges.ms,1769509201089000000,1769509261089000000,0
workspaceModel.mutableEntityStorage.put.entity.ms,1769509201089000000,1769509261089000000,0
workspaceModel.mutableEntityStorage.changeLog.addReplaceEventForNewParent.ms,1769509201089000000,1769509261089000000,0
workspaceModel.moduleManagerBridge.new.nonPersistent.module.ms,1769509201089000000,1769509261089000000,0
jps.artifact.entities.serializer.save.entities.ms,1769509201089000000,1769509261089000000,0
jps.app.storage.content.reader.load.component.ms,1769509201089000000,1769509261089000000,0
workspaceModel.moduleManagerBridge.load.all.modules.ms,1769509201089000000,1769509261089000000,0
jps.facet.change.listener.before.change.events.ms,1769509201089000000,1769509261089000000,0
workspaceModel.mutableEntityStorage.entities.ms,1769509201089000000,1769509261089000000,0
workspaceModel.mutableEntityStorage.instances.count,1769509201089000000,1769509261089000000,0
workspaceModel.mutableEntityStorage.to.snapshot.ms,1769509201089000000,1769509261089000000,0
jps.load.initial.state.ms,1769509201089000000,1769509261089000000,0
workspaceModel.global.updates.ms,1769509201089000000,1769509261089000000,0
jps.apply.loaded.storage.ms,1769509201089000000,1769509261089000000,0
jps.global.get.libraries.ms,1769509201089000000,1769509261089000000,0
workspaceModel.mutableEntityStorage.resolve.ms,1769509201089000000,1769509261089000000,0
workspaceModel.moduleManagerBridge.newModule.ms,1769509201089000000,1769509261089000000,0
jps.facet.change.listener.process.change.events.ms,1769509201089000000,1769509261089000000,0
workspaceModel.moduleBridge.facet.initialization.ms,1769509201089000000,1769509261089000000,0
jps.project.serializers.load.ms,1769509201089000000,1769509261089000000,0
jps.library.entities.serializer.save.entities.ms,1769509201089000000,1769509261089000000,0
workspaceModel.load.cache.metadata.from.file.ms,1769509201089000000,1769509261089000000,0
jps.global.handle.changed.events.ms,1769509201089000000,1769509261089000000,0
workspaceModel.sync.entities.ms,1769509201089000000,1769509261089000000,0
jps.load.project.to.empty.storage.ms,1769509201089000000,1769509261089000000,0
workspaceModel.mutableEntityStorage.apply.changes.from.ms,1769509201089000000,1769509261089000000,0
workspaceModel.orphan.listener.update.ms,1769509201089000000,1769509261089000000,0
workspaceModel.moduleManagerBridge.create.module.instance.ms,1769509201089000000,1769509261089000000,0
workspaceModel.mutableEntityStorage.changeLog.addReplaceEventForRemovedChild.ms,1769509201089000000,1769509261089000000,0
workspaceModel.moduleManagerBridge.set.unloadedModules.ms,1769509201089000000,1769509261089000000,0
workspaceModel.mutableEntityStorage.add.entity.ms,1769509201089000000,1769509261089000000,0
jps.facet.change.listener.init.bridge.ms,1769509201089000000,1769509261089000000,0
workspaceModel.global.apply.state.to.project.builder.ms,1769509201089000000,1769509261089000000,0
workspaceModel.save.cache.to.file.ms,1769509201089000000,1769509261089000000,0
jps.save.changed.project.entities.ms,1769509201089000000,1769509261089000000,0
jps.global.get.library.ms,1769509201089000000,1769509261089000000,0
jps.module.iml.entities.serializer.save.entities.ms,1769509201089000000,1769509261089000000,0
jps.module.iml.entities.serializer.load.entities.ms,1769509201089000000,1769509261089000000,0
workspaceModel.moduleManagerBridge.load.module.ms,1769509201089000000,1769509261089000000,0
workspaceModel.mutableEntityStorage.has.same.entities.ms,1769509201089000000,1769509261089000000,0
FileNameCache.totalMisses,1769509201089000000,1769509261089000000,0
VFS.fileChildByName,1769509201089000000,1769509261089000000,0
VFS.fileByIdCache.hits,1769509201089000000,1769509261089000000,0
VFS.contentStorage.recordsStoredSize,1769509201089000000,1769509261089000000,0
VFS.contentStorage.recordsStoredCompressed,1769509201089000000,1769509261089000000,0
FileNameCache.queries,1769509201089000000,1769509261089000000,0
VFS.contentStorage.recordsRead,1769509201089000000,1769509261089000000,0
VFS.fileByIdCache.misses,1769509201089000000,1769509261089000000,0
VFS.contentStorage.recordsDeduplicated,1769509201089000000,1769509261089000000,0
VFS.contentStorage.recordsStored,1769509201089000000,1769509261089000000,0
VFS.contentStorage.recordsDecompressionTimeUs,1769509201089000000,1769509261089000000,0
VFS.contentStorage.recordsReadDecompressed,1769509201089000000,1769509261089000000,0
VFS.invertedFileNameIndex.requests,1769509201089000000,1769509261089000000,0
VFS.contentStorage.recordsReadSize,1769509201089000000,1769509261089000000,0
VFS.contentStorage.recordsUncompressedSize,1769509201089000000,1769509261089000000,0
cacheStateStorage.get.counter,1769509201089000000,1769509261089000000,0
cacheStateStorage.set.duration,1769509201089000000,1769509261089000000,0
cacheStateStorage.set.counter,1769509201089000000,1769509261089000000,0
cacheStateStorage.get.duration,1769509201089000000,1769509261089000000,0
DiskQueryRelay.tasksExecuted,1769509261089000000,1769509321089000000,0
DiskQueryRelay.taskExecutionTotalTimeUs,1769509261089000000,1769509321089000000,0
writeAction.count,1769509261089000000,1769509321089000000,0
writeAction.median.wait.ms,1769509261089000000,1769509321089000000,0
writeAction.wait.ms,1769509261089000000,1769509321089000000,0
DiskQueryRelay.tasksRequested,1769509261089000000,1769509321089000000,0
writeAction.max.wait.ms,1769509261089000000,1769509321089000000,2
DiskQueryRelay.taskWaitingTotalTimeUs,1769509261089000000,1769509321089000000,0
FlushQueue.queueSizeAvg,1769509261089000000,1769509321089000000,0.0
WriteAction.executionsCount,1769509261089000000,1769509321089000000,0
FlushQueue.executionTimeAvgNs,1769509261089000000,1769509321089000000,17849.066666666666
FlushQueue.waitingTimeAvgNs,1769509261089000000,1769509321089000000,39846.4
NonBlockingReadAction.failedExecutionTimeUs,1769509261089000000,1769509321089000000,0
FlushQueue.queueSize90P,1769509261089000000,1769509321089000000,0
AWTEventQueue.eventsDispatched,1769509261089000000,1769509321089000000,3121
NonBlockingReadAction.finalizedExecutionTimeUs,1769509261089000000,1769509321089000000,0
AWTEventQueue.dispatchTimeMaxNs,1769509261089000000,1769509321089000000,92159
FlushQueue.tasksExecuted,1769509261089000000,1769509321089000000,120
AWTEventQueue.dispatchTimeTotalNS,1769509261089000000,1769509321089000000,67836126
FlushQueue.queueSizeMax,1769509261089000000,1769509321089000000,0
ReadAction.executionsCount,1769509261089000000,1769509321089000000,0
AWTEventQueue.dispatchTimeAvgNs,1769509261089000000,1769509321089000000,21737.299583466836
NonBlockingReadAction.finalizedExecutionsCount,1769509261089000000,1769509321089000000,0
AWTEventQueue.dispatchTime90PNs,1769509261089000000,1769509321089000000,31615
FlushQueue.executionTimeMaxNs,1769509261089000000,1769509321089000000,64511
FlushQueue.executionTime90PNs,1769509261089000000,1769509321089000000,20863
FlushQueue.waitingTimeMaxNs,1769509261089000000,1769509321089000000,63487
NonBlockingReadAction.failedExecutionsCount,1769509261089000000,1769509321089000000,0
FlushQueue.waitingTime90PNs,1769509261089000000,1769509321089000000,47359
FilePageCacheLockFree.nativeBytesInUse,1769509261089000000,1769509321089000000,0
FilePageCacheLockFree.heapBytesInUse,1769509261089000000,1769509321089000000,0
FilePageCache.pageLoads,1769509261089000000,1769509321089000000,0
MappedFileStorage.totalBytesMapped,1769509261089000000,1769509321089000000,261357568
StorageLockContext.competingThreads.90P,1769509261089000000,1769509321089000000,0
FilePageCacheLockFree.totalPagesHandedOver,1769509261089000000,1769509321089000000,0
StreamlinedBlobStorage.recordsAllocated,1769509261089000000,1769509321089000000,0
FilePageCache.totalPageDisposalsUs,1769509261089000000,1769509321089000000,0
MappedFileStorage.totalTimeSpentOnMappingUs,1769509261089000000,1769509321089000000,12649
FilePageCacheLockFree.totalBytesRequested,1769509261089000000,1769509321089000000,0
FilePageCacheLockFree.totalPagesWritten,1769509261089000000,1769509321089000000,0
FilePageCacheLockFree.totalPagesAllocated,1769509261089000000,1769509321089000000,0
DirectByteBufferAllocator.misses,1769509261089000000,1769509321089000000,0
FilePageCacheLockFree.housekeeperTurnsDone,1769509261089000000,1769509321089000000,0
FilePageCacheLockFree.totalPagesRequested,1769509261089000000,1769509321089000000,0
FileChannelInterruptsRetryer.totalRetriedAttempts,1769509261089000000,1769509321089000000,0
FilePageCacheLockFree.housekeeperTurnsSkipped,1769509261089000000,1769509321089000000,0
FilePageCacheLockFree.totalNativeBytesReclaimed,1769509261089000000,1769509321089000000,0
DirectByteBufferAllocator.totalSizeOfBuffersAllocatedInBytes,1769509261089000000,1769509321089000000,156262400
StreamlinedBlobStorage.totalLiveRecordsCapacityBytes,1769509261089000000,1769509321089000000,0
FilePageCache.disposedBuffers,1769509261089000000,1769509321089000000,0
FilePageCacheLockFree.totalHeapBytesAllocated,1769509261089000000,1769509321089000000,0
DirectByteBufferAllocator.hits,1769509261089000000,1769509321089000000,0
FilePageCacheLockFree.totalPagesWriteMs,1769509261089000000,1769509321089000000,0
FilePageCache.uncachedFileAccess,1769509261089000000,1769509321089000000,0
MappedFileStorage.storages,1769509261089000000,1769509321089000000,16
FilePageCacheLockFree.totalPagesReadMs,1769509261089000000,1769509321089000000,0
DirectByteBufferAllocator.totalSizeOfBuffersCachedInBytes,1769509261089000000,1769509321089000000,0
FilePageCacheLockFree.housekeeperTimeSpentMs,1769509261089000000,1769509321089000000,0
MappedFileStorage.totalPagesMapped,1769509261089000000,1769509321089000000,21
FilePageCache.maxCacheSizeInBytes,1769509261089000000,1769509321089000000,156262400
FilePageCache.maxRegisteredFiles,1769509261089000000,1769509321089000000,252
StorageLockContext.competingThreads.max,1769509261089000000,1769509321089000000,0
FilePageCacheLockFree.totalPagesReclaimed,1769509261089000000,1769509321089000000,0
FilePageCache.capacityInBytes,1769509261089000000,1769509321089000000,503316478
FilePageCache.pageLoadsAboveSizeThreshold,1769509261089000000,1769509321089000000,0
FilePageCacheLockFree.totalPageAllocationsWaited,1769509261089000000,1769509321089000000,0
FilePageCache.pageHits,1769509261089000000,1769509321089000000,0
FilePageCache.totalPageLoadsUs,1769509261089000000,1769509321089000000,0
FilePageCacheLockFree.totalNativeBytesAllocated,1769509261089000000,1769509321089000000,0
FilePageCache.pageFastCacheHits,1769509261089000000,1769509321089000000,0
DirectByteBufferAllocator.reclaimed,1769509261089000000,1769509321089000000,0
StreamlinedBlobStorage.recordsDeleted,1769509261089000000,1769509321089000000,0
FilePageCacheLockFree.totalClosedStoragesReclaimed,1769509261089000000,1769509321089000000,0
StreamlinedBlobStorage.totalLiveRecordsPayloadBytes,1769509261089000000,1769509321089000000,0
DirectByteBufferAllocator.disposed,1769509261089000000,1769509321089000000,0
FilePageCacheLockFree.totalPagesRequestsMs,1769509261089000000,1769509321089000000,0
FilePageCacheLockFree.totalHeapBytesReclaimed,1769509261089000000,1769509321089000000,0
FilePageCacheLockFree.totalBytesWritten,1769509261089000000,1769509321089000000,0
FilePageCacheLockFree.totalBytesRead,1769509261089000000,1769509321089000000,0
StorageLockContext.competingThreads.avg,1769509261089000000,1769509321089000000,0.0
StreamlinedBlobStorage.recordsRelocated,1769509261089000000,1769509321089000000,0
JVM.usedNativeBytes,1769509261089000000,1769509321089000000,373934896
JVM.totalDirectByteBuffersBytes,1769509261089000000,1769509321089000000,157408890
JVM.totalTimeToSafepointsMs,1769509261089000000,1769509321089000000,0
JVM.totalCpuTimeMs,1769509261089000000,1769509321089000000,620
JVM.usedHeapBytes,1769509261089000000,1769509321089000000,535894176
JVM.totalTimeAtSafepointsMs,1769509261089000000,1769509321089000000,0
JVM.GC.collectionTimesMs,1769509261089000000,1769509321089000000,0
JVM.totalSafepointCount,1769509261089000000,1769509321089000000,4
JVM.maxHeapBytes,1769509261089000000,1769509321089000000,4196401152
JVM.newThreadsCount,1769509261089000000,1769509321089000000,0
JVM.GC.collections,1769509261089000000,1769509321089000000,0
OS.loadAverage,1769509261089000000,1769509321089000000,1.46435546875
JVM.maxThreadCount,1769509261089000000,1769509321089000000,143
JVM.totalBytesAllocated,1769509261089000000,1769509321089000000,27097648
JVM.threadCount,1769509261089000000,1769509321089000000,47
workspaceModel.workspaceFileIndexData.updateDirtyEntities.ms,1769509261089000000,1769509321089000000,0
workspaceModel.updates.precise.ms,1769509261089000000,1769509321089000000,0
workspaceModel.cachedValueWithParameters.calculated.count,1769509261089000000,1769509321089000000,0
workspaceModel.cachedValueWithParameters.total.get.count,1769509261089000000,1769509321089000000,0
workspaceModel.cachedValue.calculated.count,1769509261089000000,1769509321089000000,0
workspaceModel.to.snapshot.ms,1769509261089000000,1769509321089000000,0
workspaceModel.loading.total.ms,1769509261089000000,1769509321089000000,0
workspaceModel.on.changed.ms,1769509261089000000,1769509321089000000,0
workspaceModel.replace.project.model.ms,1769509261089000000,1769509321089000000,0
workspaceModel.workspaceFileIndexContributor.registerFileSets.ms,1769509261089000000,1769509321089000000,0
workspaceModel.update.unloaded.entities.ms,1769509261089000000,1769509321089000000,0
workspaceModel.workspaceFileIndexData.markDirty.ms,1769509261089000000,1769509321089000000,0
workspaceModel.workspaceFileIndexData.init.ms,1769509261089000000,1769509321089000000,0
workspaceModel.workspaceFileIndexData.getPackageName.ms,1769509261089000000,1769509321089000000,0
workspaceModel.cachedValue.clear.count,1769509261089000000,1769509321089000000,0
workspaceModel.collect.changes.ms,1769509261089000000,1769509321089000000,0
workspaceModel.init.bridges.ms,1769509261089000000,1769509321089000000,0
workspaceModel.check.recursive.update.ms,1769509261089000000,1769509321089000000,0
workspaceModel.workspaceFileIndexData.getFileInfo.ms,1769509261089000000,1769509321089000000,0
workspaceModel.workspaceFileIndexData.processFileSets.ms,1769509261089000000,1769509321089000000,0
workspaceModel.entityStorageSnapshotImpl.instances.count,1769509261089000000,1769509321089000000,0
workspaceModel.on.before.changed.ms,1769509261089000000,1769509321089000000,0
workspaceModel.cachedValueWithParameters.clear.count,1769509261089000000,1769509321089000000,0
workspaceModel.workspaceFileIndexData.onEntitiesChanged.ms,1769509261089000000,1769509321089000000,0
workspaceModel.workspaceFileIndexData.visitFileSets.ms,1769509261089000000,1769509321089000000,0
workspaceModel.workspaceFileIndexData.instances.count,1769509261089000000,1769509321089000000,0
workspaceModel.initializing.ms,1769509261089000000,1769509321089000000,0
workspaceModel.full.replace.project.model.ms,1769509261089000000,1769509321089000000,0
workspaceModel.updates.ms,1769509261089000000,1769509321089000000,0
workspaceModel.cachedValue.from.cache.count,1769509261089000000,1769509321089000000,0
workspaceModel.loading.from.cache.ms,1769509261089000000,1769509321089000000,0
workspaceModel.workspaceFileIndexData.getDirectoriesByPackageName.ms,1769509261089000000,1769509321089000000,0
workspaceModel.cachedValueWithParameters.from.cache.count,1769509261089000000,1769509321089000000,0
workspaceModel.cachedValue.total.get.count,1769509261089000000,1769509321089000000,0
workspaceModel.pre.handlers.ms,1769509261089000000,1769509321089000000,0
workspaceModel.updates.count,1769509261089000000,1769509321089000000,0
Indexing.writesQueuedMin,1769509261089000000,1769509321089000000,0
Indexes.stubs.lookups,1769509261089000000,1769509321089000000,0
Indexing.writer_0.totalTimeSpentWritingMs,1769509261089000000,1769509321089000000,0
Indexes.stubs.lookupDurationAvgMs,1769509261089000000,1769509321089000000,0.0
Indexing.totalTimeIndexersSleptMs,1769509261089000000,1769509321089000000,0
IndexesFlusher.totalFlushesRetried,1769509261089000000,1769509321089000000,0
IndexesFlusher.totalFlushes,1769509261089000000,1769509321089000000,60
Indexes.entries.lookupDurationAvgMs,1769509261089000000,1769509321089000000,0.0
Indexes.allKeys.lookupDuration90PMs,1769509261089000000,1769509321089000000,0.0
Indexing.cache.totalCacheEvicted,1769509261089000000,1769509321089000000,0
Indexes.entries.lookupDurationMaxMs,1769509261089000000,1769509321089000000,0.0
Indexing.writesQueuedAvg,1769509261089000000,1769509321089000000,0.0
IndexesFlusher.totalFlushingTimeUs,1769509261089000000,1769509321089000000,30313
Indexes.entries.lookups,1769509261089000000,1769509321089000000,0
Indexes.allKeys.lookupDurationMaxMs,1769509261089000000,1769509321089000000,0.0
Indexes.entries.lookupDuration90PMs,1769509261089000000,1769509321089000000,0.0
Indexing.writer_3.totalTimeSpentWritingMs,1769509261089000000,1769509321089000000,0
IndexesFlusher.totalContentionQuotaSpent,1769509261089000000,1769509321089000000,0
Indexing.writer_1.totalTimeSpentWritingMs,1769509261089000000,1769509321089000000,0
Indexing.cache.totalCacheMisses,1769509261089000000,1769509321089000000,0
Indexes.allKeys.lookups,1769509261089000000,1769509321089000000,0
Indexing.writer_2.totalTimeSpentWritingMs,1769509261089000000,1769509321089000000,0
Indexes.stubs.lookupDuration90PMs,1769509261089000000,1769509321089000000,0.0
Indexes.allKeys.lookupDurationAvgMs,1769509261089000000,1769509321089000000,0.0
Indexing.writesQueuedMax,1769509261089000000,1769509321089000000,0
Indexing.cache.totalCacheAccesses,1769509261089000000,1769509321089000000,0
Indexes.stubs.lookupDurationMaxMs,1769509261089000000,1769509321089000000,0.0
workspaceModel.load.cache.from.file.ms,1769509261089000000,1769509321089000000,0
jps.global.get.library.by.name.ms,1769509261089000000,1769509321089000000,0
workspaceModel.global.updates.count,1769509261089000000,1769509321089000000,0
workspaceModel.mutableEntityStorage.referrers.ms,1769509261089000000,1769509321089000000,0
workspaceModel.do.save.caches.ms,1769509261089000000,1769509321089000000,0
workspaceModel.global.apply.state.to.project.ms,1769509261089000000,1769509321089000000,0
workspaceModel.mutableEntityStorage.changeLog.addReplaceEventForNewChild.ms,1769509261089000000,1769509321089000000,0
jps.artifact.entities.serializer.load.entities.ms,1769509261089000000,1769509321089000000,0
jps.library.entities.serializer.load.entities.ms,1769509261089000000,1769509321089000000,0
workspaceModel.mutableEntityStorage.entities.by.source.ms,1769509261089000000,1769509321089000000,0
jps.global.handle.before.change.events.ms,1769509261089000000,1769509321089000000,0
jps.storage.jps.conf.reader.load.component.ms,1769509261089000000,1769509321089000000,0
workspaceModel.mutableEntityStorage.remove.entity.ms,1769509261089000000,1769509321089000000,0
jps.reload.project.entities.ms,1769509261089000000,1769509321089000000,0
workspaceModel.mutableEntityStorage.mutable.ext.mapping.ms,1769509261089000000,1769509321089000000,0
jps.module.dependency.index.workspace.model.listener.on.changed.ms,1769509261089000000,1769509321089000000,0
jps.project.serializers.save.ms,1769509261089000000,1769509321089000000,0
workspaceModel.mutableEntityStorage.replace.by.source.ms,1769509261089000000,1769509321089000000,0
workspaceModel.moduleManagerBridge.build.module.graph.ms,1769509261089000000,1769509321089000000,0
workspaceModel.delayed.project.synchronizer.sync.ms,1769509261089000000,1769509321089000000,0
jps.save.global.entities.ms,1769509261089000000,1769509321089000000,0
workspaceModel.moduleBridge.update.option.ms,1769509261089000000,1769509321089000000,0
workspaceModel.moduleBridge.before.changed.ms,1769509261089000000,1769509321089000000,0
jps.app.storage.content.writer.save.component.ms,1769509261089000000,1769509321089000000,0
workspaceModel.mutableEntityStorage.mutable.vfurl.index.ms,1769509261089000000,1769509321089000000,0
workspaceModel.mutableEntityStorage.modify.entity.ms,1769509261089000000,1769509321089000000,0
workspaceModel.moduleBridgeLoader.loading.modules.ms,1769509261089000000,1769509321089000000,0
workspaceModel.moduleManagerBridge.get.modules.ms,1769509261089000000,1769509321089000000,0
jps.global.initialize.library.bridges.after.loading.ms,1769509261089000000,1769509321089000000,0
workspaceModel.mutableEntityStorage.collect.changes.ms,1769509261089000000,1769509321089000000,0
workspaceModel.mutableEntityStorage.changeLog.addReplaceEventForRemovedParent.ms,1769509261089000000,1769509321089000000,0
jps.global.initialize.library.bridges.ms,1769509261089000000,1769509321089000000,0
workspaceModel.mutableEntityStorage.put.entity.ms,1769509261089000000,1769509321089000000,0
workspaceModel.mutableEntityStorage.changeLog.addReplaceEventForNewParent.ms,1769509261089000000,1769509321089000000,0
workspaceModel.moduleManagerBridge.new.nonPersistent.module.ms,1769509261089000000,1769509321089000000,0
jps.artifact.entities.serializer.save.entities.ms,1769509261089000000,1769509321089000000,0
jps.app.storage.content.reader.load.component.ms,1769509261089000000,1769509321089000000,0
workspaceModel.moduleManagerBridge.load.all.modules.ms,1769509261089000000,1769509321089000000,0
jps.facet.change.listener.before.change.events.ms,1769509261089000000,1769509321089000000,0
workspaceModel.mutableEntityStorage.entities.ms,1769509261089000000,1769509321089000000,0
workspaceModel.mutableEntityStorage.instances.count,1769509261089000000,1769509321089000000,0
workspaceModel.mutableEntityStorage.to.snapshot.ms,1769509261089000000,1769509321089000000,0
jps.load.initial.state.ms,1769509261089000000,1769509321089000000,0
workspaceModel.global.updates.ms,1769509261089000000,1769509321089000000,0
jps.apply.loaded.storage.ms,1769509261089000000,1769509321089000000,0
jps.global.get.libraries.ms,1769509261089000000,1769509321089000000,0
workspaceModel.mutableEntityStorage.resolve.ms,1769509261089000000,1769509321089000000,0
workspaceModel.moduleManagerBridge.newModule.ms,1769509261089000000,1769509321089000000,0
jps.facet.change.listener.process.change.events.ms,1769509261089000000,1769509321089000000,0
workspaceModel.moduleBridge.facet.initialization.ms,1769509261089000000,1769509321089000000,0
jps.project.serializers.load.ms,1769509261089000000,1769509321089000000,0
jps.library.entities.serializer.save.entities.ms,1769509261089000000,1769509321089000000,0
workspaceModel.load.cache.metadata.from.file.ms,1769509261089000000,1769509321089000000,0
jps.global.handle.changed.events.ms,1769509261089000000,1769509321089000000,0
workspaceModel.sync.entities.ms,1769509261089000000,1769509321089000000,0
jps.load.project.to.empty.storage.ms,1769509261089000000,1769509321089000000,0
workspaceModel.mutableEntityStorage.apply.changes.from.ms,1769509261089000000,1769509321089000000,0
workspaceModel.orphan.listener.update.ms,1769509261089000000,1769509321089000000,0
workspaceModel.moduleManagerBridge.create.module.instance.ms,1769509261089000000,1769509321089000000,0
workspaceModel.mutableEntityStorage.changeLog.addReplaceEventForRemovedChild.ms,1769509261089000000,1769509321089000000,0
workspaceModel.moduleManagerBridge.set.unloadedModules.ms,1769509261089000000,1769509321089000000,0
workspaceModel.mutableEntityStorage.add.entity.ms,1769509261089000000,1769509321089000000,0
jps.facet.change.listener.init.bridge.ms,1769509261089000000,1769509321089000000,0
workspaceModel.global.apply.state.to.project.builder.ms,1769509261089000000,1769509321089000000,0
workspaceModel.save.cache.to.file.ms,1769509261089000000,1769509321089000000,0
jps.save.changed.project.entities.ms,1769509261089000000,1769509321089000000,0
jps.global.get.library.ms,1769509261089000000,1769509321089000000,0
jps.module.iml.entities.serializer.save.entities.ms,1769509261089000000,1769509321089000000,0
jps.module.iml.entities.serializer.load.entities.ms,1769509261089000000,1769509321089000000,0
workspaceModel.moduleManagerBridge.load.module.ms,1769509261089000000,1769509321089000000,0
workspaceModel.mutableEntityStorage.has.same.entities.ms,1769509261089000000,1769509321089000000,0
FileNameCache.totalMisses,1769509261089000000,1769509321089000000,0
VFS.fileChildByName,1769509261089000000,1769509321089000000,0
VFS.fileByIdCache.hits,1769509261089000000,1769509321089000000,0
VFS.contentStorage.recordsStoredSize,1769509261089000000,1769509321089000000,0
VFS.contentStorage.recordsStoredCompressed,1769509261089000000,1769509321089000000,0
FileNameCache.queries,1769509261089000000,1769509321089000000,0
VFS.contentStorage.recordsRead,1769509261089000000,1769509321089000000,0
VFS.fileByIdCache.misses,1769509261089000000,1769509321089000000,0
VFS.contentStorage.recordsDeduplicated,1769509261089000000,1769509321089000000,0
VFS.contentStorage.recordsStored,1769509261089000000,1769509321089000000,0
VFS.contentStorage.recordsDecompressionTimeUs,1769509261089000000,1769509321089000000,0
VFS.contentStorage.recordsReadDecompressed,1769509261089000000,1769509321089000000,0
VFS.invertedFileNameIndex.requests,1769509261089000000,1769509321089000000,0
VFS.contentStorage.recordsReadSize,1769509261089000000,1769509321089000000,0
VFS.contentStorage.recordsUncompressedSize,1769509261089000000,1769509321089000000,0
cacheStateStorage.get.counter,1769509261089000000,1769509321089000000,0
cacheStateStorage.set.duration,1769509261089000000,1769509321089000000,0
cacheStateStorage.set.counter,1769509261089000000,1769509321089000000,0
cacheStateStorage.get.duration,1769509261089000000,1769509321089000000,0
DiskQueryRelay.tasksExecuted,1769509321089000000,1769509381089000000,0
DiskQueryRelay.taskExecutionTotalTimeUs,1769509321089000000,1769509381089000000,0
writeAction.count,1769509321089000000,1769509381089000000,0
writeAction.median.wait.ms,1769509321089000000,1769509381089000000,0
writeAction.wait.ms,1769509321089000000,1769509381089000000,0
DiskQueryRelay.tasksRequested,1769509321089000000,1769509381089000000,0
writeAction.max.wait.ms,1769509321089000000,1769509381089000000,2
DiskQueryRelay.taskWaitingTotalTimeUs,1769509321089000000,1769509381089000000,0
FlushQueue.queueSizeAvg,1769509321089000000,1769509381089000000,0.0
WriteAction.executionsCount,1769509321089000000,1769509381089000000,0
FlushQueue.executionTimeAvgNs,1769509321089000000,1769509381089000000,16874.4
FlushQueue.waitingTimeAvgNs,1769509321089000000,1769509381089000000,40601.6
NonBlockingReadAction.failedExecutionTimeUs,1769509321089000000,1769509381089000000,0
FlushQueue.queueSize90P,1769509321089000000,1769509381089000000,0
AWTEventQueue.eventsDispatched,1769509321089000000,1769509381089000000,3122
NonBlockingReadAction.finalizedExecutionTimeUs,1769509321089000000,1769509381089000000,475
AWTEventQueue.dispatchTimeMaxNs,1769509321089000000,1769509381089000000,374783
FlushQueue.tasksExecuted,1769509321089000000,1769509381089000000,120
AWTEventQueue.dispatchTimeTotalNS,1769509321089000000,1769509381089000000,62023439
FlushQueue.queueSizeMax,1769509321089000000,1769509381089000000,0
ReadAction.executionsCount,1769509321089000000,1769509381089000000,10806
AWTEventQueue.dispatchTimeAvgNs,1769509321089000000,1769509381089000000,19867.449071108265
NonBlockingReadAction.finalizedExecutionsCount,1769509321089000000,1769509381089000000,2
AWTEventQueue.dispatchTime90PNs,1769509321089000000,1769509381089000000,28031
FlushQueue.executionTimeMaxNs,1769509321089000000,1769509381089000000,25855
FlushQueue.executionTime90PNs,1769509321089000000,1769509381089000000,19583
FlushQueue.waitingTimeMaxNs,1769509321089000000,1769509381089000000,73215
NonBlockingReadAction.failedExecutionsCount,1769509321089000000,1769509381089000000,0
FlushQueue.waitingTime90PNs,1769509321089000000,1769509381089000000,49919
FilePageCacheLockFree.nativeBytesInUse,1769509321089000000,1769509381089000000,0
FilePageCacheLockFree.heapBytesInUse,1769509321089000000,1769509381089000000,0
FilePageCache.pageLoads,1769509321089000000,1769509381089000000,0
MappedFileStorage.totalBytesMapped,1769509321089000000,1769509381089000000,261357568
StorageLockContext.competingThreads.90P,1769509321089000000,1769509381089000000,0
FilePageCacheLockFree.totalPagesHandedOver,1769509321089000000,1769509381089000000,0
StreamlinedBlobStorage.recordsAllocated,1769509321089000000,1769509381089000000,0
FilePageCache.totalPageDisposalsUs,1769509321089000000,1769509381089000000,0
MappedFileStorage.totalTimeSpentOnMappingUs,1769509321089000000,1769509381089000000,12649
FilePageCacheLockFree.totalBytesRequested,1769509321089000000,1769509381089000000,0
FilePageCacheLockFree.totalPagesWritten,1769509321089000000,1769509381089000000,0
FilePageCacheLockFree.totalPagesAllocated,1769509321089000000,1769509381089000000,0
DirectByteBufferAllocator.misses,1769509321089000000,1769509381089000000,0
FilePageCacheLockFree.housekeeperTurnsDone,1769509321089000000,1769509381089000000,0
FilePageCacheLockFree.totalPagesRequested,1769509321089000000,1769509381089000000,0
FileChannelInterruptsRetryer.totalRetriedAttempts,1769509321089000000,1769509381089000000,0
FilePageCacheLockFree.housekeeperTurnsSkipped,1769509321089000000,1769509381089000000,0
FilePageCacheLockFree.totalNativeBytesReclaimed,1769509321089000000,1769509381089000000,0
DirectByteBufferAllocator.totalSizeOfBuffersAllocatedInBytes,1769509321089000000,1769509381089000000,156262400
StreamlinedBlobStorage.totalLiveRecordsCapacityBytes,1769509321089000000,1769509381089000000,0
FilePageCache.disposedBuffers,1769509321089000000,1769509381089000000,0
FilePageCacheLockFree.totalHeapBytesAllocated,1769509321089000000,1769509381089000000,0
DirectByteBufferAllocator.hits,1769509321089000000,1769509381089000000,0
FilePageCacheLockFree.totalPagesWriteMs,1769509321089000000,1769509381089000000,0
FilePageCache.uncachedFileAccess,1769509321089000000,1769509381089000000,0
MappedFileStorage.storages,1769509321089000000,1769509381089000000,16
FilePageCacheLockFree.totalPagesReadMs,1769509321089000000,1769509381089000000,0
DirectByteBufferAllocator.totalSizeOfBuffersCachedInBytes,1769509321089000000,1769509381089000000,0
FilePageCacheLockFree.housekeeperTimeSpentMs,1769509321089000000,1769509381089000000,0
MappedFileStorage.totalPagesMapped,1769509321089000000,1769509381089000000,21
FilePageCache.maxCacheSizeInBytes,1769509321089000000,1769509381089000000,156262400
FilePageCache.maxRegisteredFiles,1769509321089000000,1769509381089000000,252
StorageLockContext.competingThreads.max,1769509321089000000,1769509381089000000,0
FilePageCacheLockFree.totalPagesReclaimed,1769509321089000000,1769509381089000000,0
FilePageCache.capacityInBytes,1769509321089000000,1769509381089000000,503316478
FilePageCache.pageLoadsAboveSizeThreshold,1769509321089000000,1769509381089000000,0
FilePageCacheLockFree.totalPageAllocationsWaited,1769509321089000000,1769509381089000000,0
FilePageCache.pageHits,1769509321089000000,1769509381089000000,0
FilePageCache.totalPageLoadsUs,1769509321089000000,1769509381089000000,0
FilePageCacheLockFree.totalNativeBytesAllocated,1769509321089000000,1769509381089000000,0
FilePageCache.pageFastCacheHits,1769509321089000000,1769509381089000000,0
DirectByteBufferAllocator.reclaimed,1769509321089000000,1769509381089000000,0
StreamlinedBlobStorage.recordsDeleted,1769509321089000000,1769509381089000000,0
FilePageCacheLockFree.totalClosedStoragesReclaimed,1769509321089000000,1769509381089000000,0
StreamlinedBlobStorage.totalLiveRecordsPayloadBytes,1769509321089000000,1769509381089000000,0
DirectByteBufferAllocator.disposed,1769509321089000000,1769509381089000000,0
FilePageCacheLockFree.totalPagesRequestsMs,1769509321089000000,1769509381089000000,0
FilePageCacheLockFree.totalHeapBytesReclaimed,1769509321089000000,1769509381089000000,0
FilePageCacheLockFree.totalBytesWritten,1769509321089000000,1769509381089000000,0
FilePageCacheLockFree.totalBytesRead,1769509321089000000,1769509381089000000,0
StorageLockContext.competingThreads.avg,1769509321089000000,1769509381089000000,0.0
StreamlinedBlobStorage.recordsRelocated,1769509321089000000,1769509381089000000,0
JVM.usedNativeBytes,1769509321089000000,1769509381089000000,374341752
JVM.totalDirectByteBuffersBytes,1769509321089000000,1769509381089000000,157408890
JVM.totalTimeToSafepointsMs,1769509321089000000,1769509381089000000,0
JVM.totalCpuTimeMs,1769509321089000000,1769509381089000000,900
JVM.usedHeapBytes,1769509321089000000,1769509381089000000,501597680
JVM.totalTimeAtSafepointsMs,1769509321089000000,1769509381089000000,8
JVM.GC.collectionTimesMs,1769509321089000000,1769509381089000000,8
JVM.totalSafepointCount,1769509321089000000,1769509381089000000,6
JVM.maxHeapBytes,1769509321089000000,1769509381089000000,4196401152
JVM.newThreadsCount,1769509321089000000,1769509381089000000,4
JVM.GC.collections,1769509321089000000,1769509381089000000,1
OS.loadAverage,1769509321089000000,1769509381089000000,1.5888671875
JVM.maxThreadCount,1769509321089000000,1769509381089000000,143
JVM.totalBytesAllocated,1769509321089000000,1769509381089000000,100941768
JVM.threadCount,1769509321089000000,1769509381089000000,47
workspaceModel.workspaceFileIndexData.updateDirtyEntities.ms,1769509321089000000,1769509381089000000,0
workspaceModel.updates.precise.ms,1769509321089000000,1769509381089000000,0
workspaceModel.cachedValueWithParameters.calculated.count,1769509321089000000,1769509381089000000,0
workspaceModel.cachedValueWithParameters.total.get.count,1769509321089000000,1769509381089000000,0
workspaceModel.cachedValue.calculated.count,1769509321089000000,1769509381089000000,0
workspaceModel.to.snapshot.ms,1769509321089000000,1769509381089000000,0
workspaceModel.loading.total.ms,1769509321089000000,1769509381089000000,0
workspaceModel.on.changed.ms,1769509321089000000,1769509381089000000,0
workspaceModel.replace.project.model.ms,1769509321089000000,1769509381089000000,0
workspaceModel.workspaceFileIndexContributor.registerFileSets.ms,1769509321089000000,1769509381089000000,0
workspaceModel.update.unloaded.entities.ms,1769509321089000000,1769509381089000000,0
workspaceModel.workspaceFileIndexData.markDirty.ms,1769509321089000000,1769509381089000000,0
workspaceModel.workspaceFileIndexData.init.ms,1769509321089000000,1769509381089000000,0
workspaceModel.workspaceFileIndexData.getPackageName.ms,1769509321089000000,1769509381089000000,0
workspaceModel.cachedValue.clear.count,1769509321089000000,1769509381089000000,0
workspaceModel.collect.changes.ms,1769509321089000000,1769509381089000000,0
workspaceModel.init.bridges.ms,1769509321089000000,1769509381089000000,0
workspaceModel.check.recursive.update.ms,1769509321089000000,1769509381089000000,0
workspaceModel.workspaceFileIndexData.getFileInfo.ms,1769509321089000000,1769509381089000000,1
workspaceModel.workspaceFileIndexData.processFileSets.ms,1769509321089000000,1769509381089000000,0
workspaceModel.entityStorageSnapshotImpl.instances.count,1769509321089000000,1769509381089000000,0
workspaceModel.on.before.changed.ms,1769509321089000000,1769509381089000000,0
workspaceModel.cachedValueWithParameters.clear.count,1769509321089000000,1769509381089000000,0
workspaceModel.workspaceFileIndexData.onEntitiesChanged.ms,1769509321089000000,1769509381089000000,0
workspaceModel.workspaceFileIndexData.visitFileSets.ms,1769509321089000000,1769509381089000000,0
workspaceModel.workspaceFileIndexData.instances.count,1769509321089000000,1769509381089000000,0
workspaceModel.initializing.ms,1769509321089000000,1769509381089000000,0
workspaceModel.full.replace.project.model.ms,1769509321089000000,1769509381089000000,0
workspaceModel.updates.ms,1769509321089000000,1769509381089000000,0
workspaceModel.cachedValue.from.cache.count,1769509321089000000,1769509381089000000,1
workspaceModel.loading.from.cache.ms,1769509321089000000,1769509381089000000,0
workspaceModel.workspaceFileIndexData.getDirectoriesByPackageName.ms,1769509321089000000,1769509381089000000,0
workspaceModel.cachedValueWithParameters.from.cache.count,1769509321089000000,1769509381089000000,0
workspaceModel.cachedValue.total.get.count,1769509321089000000,1769509381089000000,1
workspaceModel.pre.handlers.ms,1769509321089000000,1769509381089000000,0
workspaceModel.updates.count,1769509321089000000,1769509381089000000,0
Indexing.writesQueuedMin,1769509321089000000,1769509381089000000,0
Indexes.stubs.lookups,1769509321089000000,1769509381089000000,0
Indexing.writer_0.totalTimeSpentWritingMs,1769509321089000000,1769509381089000000,0
Indexes.stubs.lookupDurationAvgMs,1769509321089000000,1769509381089000000,0.0
Indexing.totalTimeIndexersSleptMs,1769509321089000000,1769509381089000000,0
IndexesFlusher.totalFlushesRetried,1769509321089000000,1769509381089000000,0
IndexesFlusher.totalFlushes,1769509321089000000,1769509381089000000,60
Indexes.entries.lookupDurationAvgMs,1769509321089000000,1769509381089000000,0.0
Indexes.allKeys.lookupDuration90PMs,1769509321089000000,1769509381089000000,0.0
Indexing.cache.totalCacheEvicted,1769509321089000000,1769509381089000000,0
Indexes.entries.lookupDurationMaxMs,1769509321089000000,1769509381089000000,0.0
Indexing.writesQueuedAvg,1769509321089000000,1769509381089000000,0.0
IndexesFlusher.totalFlushingTimeUs,1769509321089000000,1769509381089000000,28731
Indexes.entries.lookups,1769509321089000000,1769509381089000000,0
Indexes.allKeys.lookupDurationMaxMs,1769509321089000000,1769509381089000000,0.0
Indexes.entries.lookupDuration90PMs,1769509321089000000,1769509381089000000,0.0
Indexing.writer_3.totalTimeSpentWritingMs,1769509321089000000,1769509381089000000,0
IndexesFlusher.totalContentionQuotaSpent,1769509321089000000,1769509381089000000,0
Indexing.writer_1.totalTimeSpentWritingMs,1769509321089000000,1769509381089000000,0
Indexing.cache.totalCacheMisses,1769509321089000000,1769509381089000000,0
Indexes.allKeys.lookups,1769509321089000000,1769509381089000000,0
Indexing.writer_2.totalTimeSpentWritingMs,1769509321089000000,1769509381089000000,0
Indexes.stubs.lookupDuration90PMs,1769509321089000000,1769509381089000000,0.0
Indexes.allKeys.lookupDurationAvgMs,1769509321089000000,1769509381089000000,0.0
Indexing.writesQueuedMax,1769509321089000000,1769509381089000000,0
Indexing.cache.totalCacheAccesses,1769509321089000000,1769509381089000000,0
Indexes.stubs.lookupDurationMaxMs,1769509321089000000,1769509381089000000,0.0
workspaceModel.load.cache.from.file.ms,1769509321089000000,1769509381089000000,0
jps.global.get.library.by.name.ms,1769509321089000000,1769509381089000000,0
workspaceModel.global.updates.count,1769509321089000000,1769509381089000000,0
workspaceModel.mutableEntityStorage.referrers.ms,1769509321089000000,1769509381089000000,0
workspaceModel.do.save.caches.ms,1769509321089000000,1769509381089000000,0
workspaceModel.global.apply.state.to.project.ms,1769509321089000000,1769509381089000000,0
workspaceModel.mutableEntityStorage.changeLog.addReplaceEventForNewChild.ms,1769509321089000000,1769509381089000000,0
jps.artifact.entities.serializer.load.entities.ms,1769509321089000000,1769509381089000000,0
jps.library.entities.serializer.load.entities.ms,1769509321089000000,1769509381089000000,0
workspaceModel.mutableEntityStorage.entities.by.source.ms,1769509321089000000,1769509381089000000,0
jps.global.handle.before.change.events.ms,1769509321089000000,1769509381089000000,0
jps.storage.jps.conf.reader.load.component.ms,1769509321089000000,1769509381089000000,0
workspaceModel.mutableEntityStorage.remove.entity.ms,1769509321089000000,1769509381089000000,0
jps.reload.project.entities.ms,1769509321089000000,1769509381089000000,0
workspaceModel.mutableEntityStorage.mutable.ext.mapping.ms,1769509321089000000,1769509381089000000,0
jps.module.dependency.index.workspace.model.listener.on.changed.ms,1769509321089000000,1769509381089000000,0
jps.project.serializers.save.ms,1769509321089000000,1769509381089000000,0
workspaceModel.mutableEntityStorage.replace.by.source.ms,1769509321089000000,1769509381089000000,0
workspaceModel.moduleManagerBridge.build.module.graph.ms,1769509321089000000,1769509381089000000,0
workspaceModel.delayed.project.synchronizer.sync.ms,1769509321089000000,1769509381089000000,0
jps.save.global.entities.ms,1769509321089000000,1769509381089000000,0
workspaceModel.moduleBridge.update.option.ms,1769509321089000000,1769509381089000000,0
workspaceModel.moduleBridge.before.changed.ms,1769509321089000000,1769509381089000000,0
jps.app.storage.content.writer.save.component.ms,1769509321089000000,1769509381089000000,0
workspaceModel.mutableEntityStorage.mutable.vfurl.index.ms,1769509321089000000,1769509381089000000,0
workspaceModel.mutableEntityStorage.modify.entity.ms,1769509321089000000,1769509381089000000,0
workspaceModel.moduleBridgeLoader.loading.modules.ms,1769509321089000000,1769509381089000000,0
workspaceModel.moduleManagerBridge.get.modules.ms,1769509321089000000,1769509381089000000,0
jps.global.initialize.library.bridges.after.loading.ms,1769509321089000000,1769509381089000000,0
workspaceModel.mutableEntityStorage.collect.changes.ms,1769509321089000000,1769509381089000000,0
workspaceModel.mutableEntityStorage.changeLog.addReplaceEventForRemovedParent.ms,1769509321089000000,1769509381089000000,0
jps.global.initialize.library.bridges.ms,1769509321089000000,1769509381089000000,0
workspaceModel.mutableEntityStorage.put.entity.ms,1769509321089000000,1769509381089000000,0
workspaceModel.mutableEntityStorage.changeLog.addReplaceEventForNewParent.ms,1769509321089000000,1769509381089000000,0
workspaceModel.moduleManagerBridge.new.nonPersistent.module.ms,1769509321089000000,1769509381089000000,0
jps.artifact.entities.serializer.save.entities.ms,1769509321089000000,1769509381089000000,0
jps.app.storage.content.reader.load.component.ms,1769509321089000000,1769509381089000000,0
workspaceModel.moduleManagerBridge.load.all.modules.ms,1769509321089000000,1769509381089000000,0
jps.facet.change.listener.before.change.events.ms,1769509321089000000,1769509381089000000,0
workspaceModel.mutableEntityStorage.entities.ms,1769509321089000000,1769509381089000000,0
workspaceModel.mutableEntityStorage.instances.count,1769509321089000000,1769509381089000000,0
workspaceModel.mutableEntityStorage.to.snapshot.ms,1769509321089000000,1769509381089000000,0
jps.load.initial.state.ms,1769509321089000000,1769509381089000000,0
workspaceModel.global.updates.ms,1769509321089000000,1769509381089000000,0
jps.apply.loaded.storage.ms,1769509321089000000,1769509381089000000,0
jps.global.get.libraries.ms,1769509321089000000,1769509381089000000,0
workspaceModel.mutableEntityStorage.resolve.ms,1769509321089000000,1769509381089000000,0
workspaceModel.moduleManagerBridge.newModule.ms,1769509321089000000,1769509381089000000,0
jps.facet.change.listener.process.change.events.ms,1769509321089000000,1769509381089000000,0
workspaceModel.moduleBridge.facet.initialization.ms,1769509321089000000,1769509381089000000,0
jps.project.serializers.load.ms,1769509321089000000,1769509381089000000,0
jps.library.entities.serializer.save.entities.ms,1769509321089000000,1769509381089000000,0
workspaceModel.load.cache.metadata.from.file.ms,1769509321089000000,1769509381089000000,0
jps.global.handle.changed.events.ms,1769509321089000000,1769509381089000000,0
workspaceModel.sync.entities.ms,1769509321089000000,1769509381089000000,0
jps.load.project.to.empty.storage.ms,1769509321089000000,1769509381089000000,0
workspaceModel.mutableEntityStorage.apply.changes.from.ms,1769509321089000000,1769509381089000000,0
workspaceModel.orphan.listener.update.ms,1769509321089000000,1769509381089000000,0
workspaceModel.moduleManagerBridge.create.module.instance.ms,1769509321089000000,1769509381089000000,0
workspaceModel.mutableEntityStorage.changeLog.addReplaceEventForRemovedChild.ms,1769509321089000000,1769509381089000000,0
workspaceModel.moduleManagerBridge.set.unloadedModules.ms,1769509321089000000,1769509381089000000,0
workspaceModel.mutableEntityStorage.add.entity.ms,1769509321089000000,1769509381089000000,0
jps.facet.change.listener.init.bridge.ms,1769509321089000000,1769509381089000000,0
workspaceModel.global.apply.state.to.project.builder.ms,1769509321089000000,1769509381089000000,0
workspaceModel.save.cache.to.file.ms,1769509321089000000,1769509381089000000,0
jps.save.changed.project.entities.ms,1769509321089000000,1769509381089000000,0
jps.global.get.library.ms,1769509321089000000,1769509381089000000,0
jps.module.iml.entities.serializer.save.entities.ms,1769509321089000000,1769509381089000000,0
jps.module.iml.entities.serializer.load.entities.ms,1769509321089000000,1769509381089000000,0
workspaceModel.moduleManagerBridge.load.module.ms,1769509321089000000,1769509381089000000,0
workspaceModel.mutableEntityStorage.has.same.entities.ms,1769509321089000000,1769509381089000000,0
FileNameCache.totalMisses,1769509321089000000,1769509381089000000,0
VFS.fileChildByName,1769509321089000000,1769509381089000000,77
VFS.fileByIdCache.hits,1769509321089000000,1769509381089000000,0
VFS.contentStorage.recordsStoredSize,1769509321089000000,1769509381089000000,0
VFS.contentStorage.recordsStoredCompressed,1769509321089000000,1769509381089000000,0
FileNameCache.queries,1769509321089000000,1769509381089000000,64
VFS.contentStorage.recordsRead,1769509321089000000,1769509381089000000,0
VFS.fileByIdCache.misses,1769509321089000000,1769509381089000000,0
VFS.contentStorage.recordsDeduplicated,1769509321089000000,1769509381089000000,0
VFS.contentStorage.recordsStored,1769509321089000000,1769509381089000000,0
VFS.contentStorage.recordsDecompressionTimeUs,1769509321089000000,1769509381089000000,0
VFS.contentStorage.recordsReadDecompressed,1769509321089000000,1769509381089000000,0
VFS.invertedFileNameIndex.requests,1769509321089000000,1769509381089000000,0
VFS.contentStorage.recordsReadSize,1769509321089000000,1769509381089000000,0
VFS.contentStorage.recordsUncompressedSize,1769509321089000000,1769509381089000000,0
cacheStateStorage.get.counter,1769509321089000000,1769509381089000000,1
cacheStateStorage.set.duration,1769509321089000000,1769509381089000000,1
cacheStateStorage.set.counter,1769509321089000000,1769509381089000000,1
cacheStateStorage.get.duration,1769509321089000000,1769509381089000000,0
DiskQueryRelay.tasksExecuted,1769509381089000000,1769509441089000000,47
DiskQueryRelay.taskExecutionTotalTimeUs,1769509381089000000,1769509441089000000,837
writeAction.count,1769509381089000000,1769509441089000000,4
parser.Python.time.ns,1769509381089000000,1769509441089000000,609953
writeAction.median.wait.ms,1769509381089000000,1769509441089000000,0
writeAction.wait.ms,1769509381089000000,1769509441089000000,0
lexer.Python.time.ns,1769509381089000000,1769509441089000000,76404
DiskQueryRelay.tasksRequested,1769509381089000000,1769509441089000000,47
lexer.Python.size.bytes,1769509381089000000,1769509441089000000,36
writeAction.max.wait.ms,1769509381089000000,1769509441089000000,2
DiskQueryRelay.taskWaitingTotalTimeUs,1769509381089000000,1769509441089000000,1120
parser.Python.size.bytes,1769509381089000000,1769509441089000000,36
FlushQueue.queueSizeAvg,1769509381089000000,1769509441089000000,2.4406047516198703
WriteAction.executionsCount,1769509381089000000,1769509441089000000,4
FlushQueue.executionTimeAvgNs,1769509381089000000,1769509441089000000,71668.33693304536
FlushQueue.waitingTimeAvgNs,1769509381089000000,1769509441089000000,761650.0518358531
NonBlockingReadAction.failedExecutionTimeUs,1769509381089000000,1769509441089000000,0
FlushQueue.queueSize90P,1769509381089000000,1769509441089000000,10
AWTEventQueue.eventsDispatched,1769509381089000000,1769509441089000000,3272
NonBlockingReadAction.finalizedExecutionTimeUs,1769509381089000000,1769509441089000000,6658
AWTEventQueue.dispatchTimeMaxNs,1769509381089000000,1769509441089000000,9764863
FlushQueue.tasksExecuted,1769509381089000000,1769509441089000000,463
AWTEventQueue.dispatchTimeTotalNS,1769509381089000000,1769509441089000000,123365571
FlushQueue.queueSizeMax,1769509381089000000,1769509441089000000,17
ReadAction.executionsCount,1769509381089000000,1769509441089000000,3091
AWTEventQueue.dispatchTimeAvgNs,1769509381089000000,1769509441089000000,37694.855745721274
NonBlockingReadAction.finalizedExecutionsCount,1769509381089000000,1769509441089000000,9
AWTEventQueue.dispatchTime90PNs,1769509381089000000,1769509441089000000,29951
FlushQueue.executionTimeMaxNs,1769509381089000000,1769509441089000000,3670015
FlushQueue.executionTime90PNs,1769509381089000000,1769509441089000000,102399
FlushQueue.waitingTimeMaxNs,1769509381089000000,1769509441089000000,10944511
NonBlockingReadAction.failedExecutionsCount,1769509381089000000,1769509441089000000,0
FlushQueue.waitingTime90PNs,1769509381089000000,1769509441089000000,2850815
FilePageCacheLockFree.nativeBytesInUse,1769509381089000000,1769509441089000000,0
FilePageCacheLockFree.heapBytesInUse,1769509381089000000,1769509441089000000,0
FilePageCache.pageLoads,1769509381089000000,1769509441089000000,0
MappedFileStorage.totalBytesMapped,1769509381089000000,1769509441089000000,261357568
StorageLockContext.competingThreads.90P,1769509381089000000,1769509441089000000,0
FilePageCacheLockFree.totalPagesHandedOver,1769509381089000000,1769509441089000000,0
StreamlinedBlobStorage.recordsAllocated,1769509381089000000,1769509441089000000,1
FilePageCache.totalPageDisposalsUs,1769509381089000000,1769509441089000000,0
MappedFileStorage.totalTimeSpentOnMappingUs,1769509381089000000,1769509441089000000,12649
FilePageCacheLockFree.totalBytesRequested,1769509381089000000,1769509441089000000,0
FilePageCacheLockFree.totalPagesWritten,1769509381089000000,1769509441089000000,0
FilePageCacheLockFree.totalPagesAllocated,1769509381089000000,1769509441089000000,0
DirectByteBufferAllocator.misses,1769509381089000000,1769509441089000000,0
FilePageCacheLockFree.housekeeperTurnsDone,1769509381089000000,1769509441089000000,0
FilePageCacheLockFree.totalPagesRequested,1769509381089000000,1769509441089000000,0
FileChannelInterruptsRetryer.totalRetriedAttempts,1769509381089000000,1769509441089000000,0
FilePageCacheLockFree.housekeeperTurnsSkipped,1769509381089000000,1769509441089000000,0
FilePageCacheLockFree.totalNativeBytesReclaimed,1769509381089000000,1769509441089000000,0
DirectByteBufferAllocator.totalSizeOfBuffersAllocatedInBytes,1769509381089000000,1769509441089000000,156262400
StreamlinedBlobStorage.totalLiveRecordsCapacityBytes,1769509381089000000,1769509441089000000,70
FilePageCache.disposedBuffers,1769509381089000000,1769509441089000000,0
FilePageCacheLockFree.totalHeapBytesAllocated,1769509381089000000,1769509441089000000,0
DirectByteBufferAllocator.hits,1769509381089000000,1769509441089000000,0
FilePageCacheLockFree.totalPagesWriteMs,1769509381089000000,1769509441089000000,0
FilePageCache.uncachedFileAccess,1769509381089000000,1769509441089000000,3
MappedFileStorage.storages,1769509381089000000,1769509441089000000,16
FilePageCacheLockFree.totalPagesReadMs,1769509381089000000,1769509441089000000,0
DirectByteBufferAllocator.totalSizeOfBuffersCachedInBytes,1769509381089000000,1769509441089000000,0
FilePageCacheLockFree.housekeeperTimeSpentMs,1769509381089000000,1769509441089000000,0
MappedFileStorage.totalPagesMapped,1769509381089000000,1769509441089000000,21
FilePageCache.maxCacheSizeInBytes,1769509381089000000,1769509441089000000,156262400
FilePageCache.maxRegisteredFiles,1769509381089000000,1769509441089000000,252
StorageLockContext.competingThreads.max,1769509381089000000,1769509441089000000,0
FilePageCacheLockFree.totalPagesReclaimed,1769509381089000000,1769509441089000000,0
FilePageCache.capacityInBytes,1769509381089000000,1769509441089000000,503316478
FilePageCache.pageLoadsAboveSizeThreshold,1769509381089000000,1769509441089000000,0
FilePageCacheLockFree.totalPageAllocationsWaited,1769509381089000000,1769509441089000000,0
FilePageCache.pageHits,1769509381089000000,1769509441089000000,0
FilePageCache.totalPageLoadsUs,1769509381089000000,1769509441089000000,0
FilePageCacheLockFree.totalNativeBytesAllocated,1769509381089000000,1769509441089000000,0
FilePageCache.pageFastCacheHits,1769509381089000000,1769509441089000000,22
DirectByteBufferAllocator.reclaimed,1769509381089000000,1769509441089000000,0
StreamlinedBlobStorage.recordsDeleted,1769509381089000000,1769509441089000000,0
FilePageCacheLockFree.totalClosedStoragesReclaimed,1769509381089000000,1769509441089000000,0
StreamlinedBlobStorage.totalLiveRecordsPayloadBytes,1769509381089000000,1769509441089000000,11
DirectByteBufferAllocator.disposed,1769509381089000000,1769509441089000000,0
FilePageCacheLockFree.totalPagesRequestsMs,1769509381089000000,1769509441089000000,0
FilePageCacheLockFree.totalHeapBytesReclaimed,1769509381089000000,1769509441089000000,0
FilePageCacheLockFree.totalBytesWritten,1769509381089000000,1769509441089000000,0
FilePageCacheLockFree.totalBytesRead,1769509381089000000,1769509441089000000,0
StorageLockContext.competingThreads.avg,1769509381089000000,1769509441089000000,0.0
StreamlinedBlobStorage.recordsRelocated,1769509381089000000,1769509441089000000,0
JVM.usedNativeBytes,1769509381089000000,1769509441089000000,375805176
JVM.totalDirectByteBuffersBytes,1769509381089000000,1769509441089000000,157441118
JVM.totalTimeToSafepointsMs,1769509381089000000,1769509441089000000,0
JVM.totalCpuTimeMs,1769509381089000000,1769509441089000000,1300
JVM.usedHeapBytes,1769509381089000000,1769509441089000000,483149752
JVM.totalTimeAtSafepointsMs,1769509381089000000,1769509441089000000,13
JVM.GC.collectionTimesMs,1769509381089000000,1769509441089000000,13
JVM.totalSafepointCount,1769509381089000000,1769509441089000000,11
JVM.maxHeapBytes,1769509381089000000,1769509441089000000,4196401152
JVM.newThreadsCount,1769509381089000000,1769509441089000000,25
JVM.GC.collections,1769509381089000000,1769509441089000000,1
OS.loadAverage,1769509381089000000,1769509441089000000,1.62890625
JVM.maxThreadCount,1769509381089000000,1769509441089000000,143
JVM.totalBytesAllocated,1769509381089000000,1769509441089000000,100251192
JVM.threadCount,1769509381089000000,1769509441089000000,72
workspaceModel.workspaceFileIndexData.updateDirtyEntities.ms,1769509381089000000,1769509441089000000,0
workspaceModel.updates.precise.ms,1769509381089000000,1769509441089000000,0
workspaceModel.cachedValueWithParameters.calculated.count,1769509381089000000,1769509441089000000,0
workspaceModel.cachedValueWithParameters.total.get.count,1769509381089000000,1769509441089000000,0
workspaceModel.cachedValue.calculated.count,1769509381089000000,1769509441089000000,0
workspaceModel.to.snapshot.ms,1769509381089000000,1769509441089000000,0
workspaceModel.loading.total.ms,1769509381089000000,1769509441089000000,0
workspaceModel.on.changed.ms,1769509381089000000,1769509441089000000,0
workspaceModel.replace.project.model.ms,1769509381089000000,1769509441089000000,0
workspaceModel.workspaceFileIndexContributor.registerFileSets.ms,1769509381089000000,1769509441089000000,0
workspaceModel.update.unloaded.entities.ms,1769509381089000000,1769509441089000000,0
workspaceModel.workspaceFileIndexData.markDirty.ms,1769509381089000000,1769509441089000000,0
workspaceModel.workspaceFileIndexData.init.ms,1769509381089000000,1769509441089000000,0
workspaceModel.workspaceFileIndexData.getPackageName.ms,1769509381089000000,1769509441089000000,0
workspaceModel.cachedValue.clear.count,1769509381089000000,1769509441089000000,0
workspaceModel.collect.changes.ms,1769509381089000000,1769509441089000000,0
workspaceModel.init.bridges.ms,1769509381089000000,1769509441089000000,0
workspaceModel.check.recursive.update.ms,1769509381089000000,1769509441089000000,0
workspaceModel.workspaceFileIndexData.getFileInfo.ms,1769509381089000000,1769509441089000000,1
workspaceModel.workspaceFileIndexData.processFileSets.ms,1769509381089000000,1769509441089000000,0
workspaceModel.entityStorageSnapshotImpl.instances.count,1769509381089000000,1769509441089000000,0
workspaceModel.on.before.changed.ms,1769509381089000000,1769509441089000000,0
workspaceModel.cachedValueWithParameters.clear.count,1769509381089000000,1769509441089000000,0
workspaceModel.workspaceFileIndexData.onEntitiesChanged.ms,1769509381089000000,1769509441089000000,0
workspaceModel.workspaceFileIndexData.visitFileSets.ms,1769509381089000000,1769509441089000000,0
workspaceModel.workspaceFileIndexData.instances.count,1769509381089000000,1769509441089000000,0
workspaceModel.initializing.ms,1769509381089000000,1769509441089000000,0
workspaceModel.full.replace.project.model.ms,1769509381089000000,1769509441089000000,0
workspaceModel.updates.ms,1769509381089000000,1769509441089000000,0
workspaceModel.cachedValue.from.cache.count,1769509381089000000,1769509441089000000,276
workspaceModel.loading.from.cache.ms,1769509381089000000,1769509441089000000,0
workspaceModel.workspaceFileIndexData.getDirectoriesByPackageName.ms,1769509381089000000,1769509441089000000,0
workspaceModel.cachedValueWithParameters.from.cache.count,1769509381089000000,1769509441089000000,0
workspaceModel.cachedValue.total.get.count,1769509381089000000,1769509441089000000,276
workspaceModel.pre.handlers.ms,1769509381089000000,1769509441089000000,0
workspaceModel.updates.count,1769509381089000000,1769509441089000000,0
Indexing.writesQueuedMin,1769509381089000000,1769509441089000000,0
Indexes.stubs.lookups,1769509381089000000,1769509441089000000,1
Indexing.writer_0.totalTimeSpentWritingMs,1769509381089000000,1769509441089000000,0
Indexes.stubs.lookupDurationAvgMs,1769509381089000000,1769509441089000000,0.0
Indexing.totalTimeIndexersSleptMs,1769509381089000000,1769509441089000000,0
IndexesFlusher.totalFlushesRetried,1769509381089000000,1769509441089000000,0
IndexesFlusher.totalFlushes,1769509381089000000,1769509441089000000,60
Indexes.entries.lookupDurationAvgMs,1769509381089000000,1769509441089000000,0.5
Indexes.allKeys.lookupDuration90PMs,1769509381089000000,1769509441089000000,0.0
Indexing.cache.totalCacheEvicted,1769509381089000000,1769509441089000000,3
Indexes.entries.lookupDurationMaxMs,1769509381089000000,1769509441089000000,2.0
Indexing.writesQueuedAvg,1769509381089000000,1769509441089000000,0.0
IndexesFlusher.totalFlushingTimeUs,1769509381089000000,1769509441089000000,31860
Indexes.entries.lookups,1769509381089000000,1769509441089000000,4
Indexes.allKeys.lookupDurationMaxMs,1769509381089000000,1769509441089000000,0.0
Indexes.entries.lookupDuration90PMs,1769509381089000000,1769509441089000000,2.0
Indexing.writer_3.totalTimeSpentWritingMs,1769509381089000000,1769509441089000000,0
IndexesFlusher.totalContentionQuotaSpent,1769509381089000000,1769509441089000000,0
Indexing.writer_1.totalTimeSpentWritingMs,1769509381089000000,1769509441089000000,0
Indexing.cache.totalCacheMisses,1769509381089000000,1769509441089000000,3
Indexes.allKeys.lookups,1769509381089000000,1769509441089000000,0
Indexing.writer_2.totalTimeSpentWritingMs,1769509381089000000,1769509441089000000,0
Indexes.stubs.lookupDuration90PMs,1769509381089000000,1769509441089000000,0.0
Indexes.allKeys.lookupDurationAvgMs,1769509381089000000,1769509441089000000,0.0
Indexing.writesQueuedMax,1769509381089000000,1769509441089000000,0
Indexing.cache.totalCacheAccesses,1769509381089000000,1769509441089000000,11
Indexes.stubs.lookupDurationMaxMs,1769509381089000000,1769509441089000000,0.0
workspaceModel.load.cache.from.file.ms,1769509381089000000,1769509441089000000,0
jps.global.get.library.by.name.ms,1769509381089000000,1769509441089000000,0
workspaceModel.global.updates.count,1769509381089000000,1769509441089000000,0
workspaceModel.mutableEntityStorage.referrers.ms,1769509381089000000,1769509441089000000,0
workspaceModel.do.save.caches.ms,1769509381089000000,1769509441089000000,0
workspaceModel.global.apply.state.to.project.ms,1769509381089000000,1769509441089000000,0
workspaceModel.mutableEntityStorage.changeLog.addReplaceEventForNewChild.ms,1769509381089000000,1769509441089000000,0
jps.artifact.entities.serializer.load.entities.ms,1769509381089000000,1769509441089000000,0
jps.library.entities.serializer.load.entities.ms,1769509381089000000,1769509441089000000,0
workspaceModel.mutableEntityStorage.entities.by.source.ms,1769509381089000000,1769509441089000000,0
jps.global.handle.before.change.events.ms,1769509381089000000,1769509441089000000,0
jps.storage.jps.conf.reader.load.component.ms,1769509381089000000,1769509441089000000,0
workspaceModel.mutableEntityStorage.remove.entity.ms,1769509381089000000,1769509441089000000,0
jps.reload.project.entities.ms,1769509381089000000,1769509441089000000,0
workspaceModel.mutableEntityStorage.mutable.ext.mapping.ms,1769509381089000000,1769509441089000000,0
jps.module.dependency.index.workspace.model.listener.on.changed.ms,1769509381089000000,1769509441089000000,0
jps.project.serializers.save.ms,1769509381089000000,1769509441089000000,0
workspaceModel.mutableEntityStorage.replace.by.source.ms,1769509381089000000,1769509441089000000,0
workspaceModel.moduleManagerBridge.build.module.graph.ms,1769509381089000000,1769509441089000000,0
workspaceModel.delayed.project.synchronizer.sync.ms,1769509381089000000,1769509441089000000,0
jps.save.global.entities.ms,1769509381089000000,1769509441089000000,0
workspaceModel.moduleBridge.update.option.ms,1769509381089000000,1769509441089000000,0
workspaceModel.moduleBridge.before.changed.ms,1769509381089000000,1769509441089000000,0
jps.app.storage.content.writer.save.component.ms,1769509381089000000,1769509441089000000,0
workspaceModel.mutableEntityStorage.mutable.vfurl.index.ms,1769509381089000000,1769509441089000000,0
workspaceModel.mutableEntityStorage.modify.entity.ms,1769509381089000000,1769509441089000000,0
workspaceModel.moduleBridgeLoader.loading.modules.ms,1769509381089000000,1769509441089000000,0
workspaceModel.moduleManagerBridge.get.modules.ms,1769509381089000000,1769509441089000000,0
jps.global.initialize.library.bridges.after.loading.ms,1769509381089000000,1769509441089000000,0
workspaceModel.mutableEntityStorage.collect.changes.ms,1769509381089000000,1769509441089000000,0
workspaceModel.mutableEntityStorage.changeLog.addReplaceEventForRemovedParent.ms,1769509381089000000,1769509441089000000,0
jps.global.initialize.library.bridges.ms,1769509381089000000,1769509441089000000,0
workspaceModel.mutableEntityStorage.put.entity.ms,1769509381089000000,1769509441089000000,0
workspaceModel.mutableEntityStorage.changeLog.addReplaceEventForNewParent.ms,1769509381089000000,1769509441089000000,0
workspaceModel.moduleManagerBridge.new.nonPersistent.module.ms,1769509381089000000,1769509441089000000,0
jps.artifact.entities.serializer.save.entities.ms,1769509381089000000,1769509441089000000,0
jps.app.storage.content.reader.load.component.ms,1769509381089000000,1769509441089000000,0
workspaceModel.moduleManagerBridge.load.all.modules.ms,1769509381089000000,1769509441089000000,0
jps.facet.change.listener.before.change.events.ms,1769509381089000000,1769509441089000000,0
workspaceModel.mutableEntityStorage.entities.ms,1769509381089000000,1769509441089000000,0
workspaceModel.mutableEntityStorage.instances.count,1769509381089000000,1769509441089000000,0
workspaceModel.mutableEntityStorage.to.snapshot.ms,1769509381089000000,1769509441089000000,0
jps.load.initial.state.ms,1769509381089000000,1769509441089000000,0
workspaceModel.global.updates.ms,1769509381089000000,1769509441089000000,0
jps.apply.loaded.storage.ms,1769509381089000000,1769509441089000000,0
jps.global.get.libraries.ms,1769509381089000000,1769509441089000000,0
workspaceModel.mutableEntityStorage.resolve.ms,1769509381089000000,1769509441089000000,0
workspaceModel.moduleManagerBridge.newModule.ms,1769509381089000000,1769509441089000000,0
jps.facet.change.listener.process.change.events.ms,1769509381089000000,1769509441089000000,0
workspaceModel.moduleBridge.facet.initialization.ms,1769509381089000000,1769509441089000000,0
jps.project.serializers.load.ms,1769509381089000000,1769509441089000000,0
jps.library.entities.serializer.save.entities.ms,1769509381089000000,1769509441089000000,0
workspaceModel.load.cache.metadata.from.file.ms,1769509381089000000,1769509441089000000,0
jps.global.handle.changed.events.ms,1769509381089000000,1769509441089000000,0
workspaceModel.sync.entities.ms,1769509381089000000,1769509441089000000,0
jps.load.project.to.empty.storage.ms,1769509381089000000,1769509441089000000,0
workspaceModel.mutableEntityStorage.apply.changes.from.ms,1769509381089000000,1769509441089000000,0
workspaceModel.orphan.listener.update.ms,1769509381089000000,1769509441089000000,0
workspaceModel.moduleManagerBridge.create.module.instance.ms,1769509381089000000,1769509441089000000,0
workspaceModel.mutableEntityStorage.changeLog.addReplaceEventForRemovedChild.ms,1769509381089000000,1769509441089000000,0
workspaceModel.moduleManagerBridge.set.unloadedModules.ms,1769509381089000000,1769509441089000000,0
workspaceModel.mutableEntityStorage.add.entity.ms,1769509381089000000,1769509441089000000,0
jps.facet.change.listener.init.bridge.ms,1769509381089000000,1769509441089000000,0
workspaceModel.global.apply.state.to.project.builder.ms,1769509381089000000,1769509441089000000,0
workspaceModel.save.cache.to.file.ms,1769509381089000000,1769509441089000000,0
jps.save.changed.project.entities.ms,1769509381089000000,1769509441089000000,0
jps.global.get.library.ms,1769509381089000000,1769509441089000000,0
jps.module.iml.entities.serializer.save.entities.ms,1769509381089000000,1769509441089000000,0
jps.module.iml.entities.serializer.load.entities.ms,1769509381089000000,1769509441089000000,0
workspaceModel.moduleManagerBridge.load.module.ms,1769509381089000000,1769509441089000000,0
workspaceModel.mutableEntityStorage.has.same.entities.ms,1769509381089000000,1769509441089000000,0
FileNameCache.totalMisses,1769509381089000000,1769509441089000000,0
VFS.fileChildByName,1769509381089000000,1769509441089000000,1887
VFS.fileByIdCache.hits,1769509381089000000,1769509441089000000,1
VFS.contentStorage.recordsStoredSize,1769509381089000000,1769509441089000000,0
VFS.contentStorage.recordsStoredCompressed,1769509381089000000,1769509441089000000,0
FileNameCache.queries,1769509381089000000,1769509441089000000,41472
VFS.contentStorage.recordsRead,1769509381089000000,1769509441089000000,3
VFS.fileByIdCache.misses,1769509381089000000,1769509441089000000,113
VFS.contentStorage.recordsDeduplicated,1769509381089000000,1769509441089000000,0
VFS.contentStorage.recordsStored,1769509381089000000,1769509441089000000,0
VFS.contentStorage.recordsDecompressionTimeUs,1769509381089000000,1769509441089000000,0
VFS.contentStorage.recordsReadDecompressed,1769509381089000000,1769509441089000000,0
VFS.invertedFileNameIndex.requests,1769509381089000000,1769509441089000000,0
VFS.contentStorage.recordsReadSize,1769509381089000000,1769509441089000000,4540
VFS.contentStorage.recordsUncompressedSize,1769509381089000000,1769509441089000000,0
cacheStateStorage.get.counter,1769509381089000000,1769509441089000000,4
cacheStateStorage.set.duration,1769509381089000000,1769509441089000000,0
cacheStateStorage.set.counter,1769509381089000000,1769509441089000000,0
cacheStateStorage.get.duration,1769509381089000000,1769509441089000000,13
DiskQueryRelay.tasksExecuted,1769509441089000000,1769509501089000000,24
DiskQueryRelay.taskExecutionTotalTimeUs,1769509441089000000,1769509501089000000,390
writeAction.count,1769509441089000000,1769509501089000000,0
writeAction.median.wait.ms,1769509441089000000,1769509501089000000,0
writeAction.wait.ms,1769509441089000000,1769509501089000000,0
DiskQueryRelay.tasksRequested,1769509441089000000,1769509501089000000,24
writeAction.max.wait.ms,1769509441089000000,1769509501089000000,2
DiskQueryRelay.taskWaitingTotalTimeUs,1769509441089000000,1769509501089000000,395
FlushQueue.queueSizeAvg,1769509441089000000,1769509501089000000,0.0
WriteAction.executionsCount,1769509441089000000,1769509501089000000,0
FlushQueue.executionTimeAvgNs,1769509441089000000,1769509501089000000,17091.870967741936
FlushQueue.waitingTimeAvgNs,1769509441089000000,1769509501089000000,41065.54838709677
NonBlockingReadAction.failedExecutionTimeUs,1769509441089000000,1769509501089000000,0
FlushQueue.queueSize90P,1769509441089000000,1769509501089000000,0
AWTEventQueue.eventsDispatched,1769509441089000000,1769509501089000000,3125
NonBlockingReadAction.finalizedExecutionTimeUs,1769509441089000000,1769509501089000000,0
AWTEventQueue.dispatchTimeMaxNs,1769509441089000000,1769509501089000000,118271
FlushQueue.tasksExecuted,1769509441089000000,1769509501089000000,124
AWTEventQueue.dispatchTimeTotalNS,1769509441089000000,1769509501089000000,69502516
FlushQueue.queueSizeMax,1769509441089000000,1769509501089000000,0
ReadAction.executionsCount,1769509441089000000,1769509501089000000,15
AWTEventQueue.dispatchTimeAvgNs,1769509441089000000,1769509501089000000,22240.65536
NonBlockingReadAction.finalizedExecutionsCount,1769509441089000000,1769509501089000000,0
AWTEventQueue.dispatchTime90PNs,1769509441089000000,1769509501089000000,32255
FlushQueue.executionTimeMaxNs,1769509441089000000,1769509501089000000,41215
FlushQueue.executionTime90PNs,1769509441089000000,1769509501089000000,20607
FlushQueue.waitingTimeMaxNs,1769509441089000000,1769509501089000000,75263
NonBlockingReadAction.failedExecutionsCount,1769509441089000000,1769509501089000000,0
FlushQueue.waitingTime90PNs,1769509441089000000,1769509501089000000,51455
FilePageCacheLockFree.nativeBytesInUse,1769509441089000000,1769509501089000000,0
FilePageCacheLockFree.heapBytesInUse,1769509441089000000,1769509501089000000,0
FilePageCache.pageLoads,1769509441089000000,1769509501089000000,0
MappedFileStorage.totalBytesMapped,1769509441089000000,1769509501089000000,261357568
StorageLockContext.competingThreads.90P,1769509441089000000,1769509501089000000,0
FilePageCacheLockFree.totalPagesHandedOver,1769509441089000000,1769509501089000000,0
StreamlinedBlobStorage.recordsAllocated,1769509441089000000,1769509501089000000,0
FilePageCache.totalPageDisposalsUs,1769509441089000000,1769509501089000000,0
MappedFileStorage.totalTimeSpentOnMappingUs,1769509441089000000,1769509501089000000,12649
FilePageCacheLockFree.totalBytesRequested,1769509441089000000,1769509501089000000,0
FilePageCacheLockFree.totalPagesWritten,1769509441089000000,1769509501089000000,0
FilePageCacheLockFree.totalPagesAllocated,1769509441089000000,1769509501089000000,0
DirectByteBufferAllocator.misses,1769509441089000000,1769509501089000000,0
FilePageCacheLockFree.housekeeperTurnsDone,1769509441089000000,1769509501089000000,0
FilePageCacheLockFree.totalPagesRequested,1769509441089000000,1769509501089000000,0
FileChannelInterruptsRetryer.totalRetriedAttempts,1769509441089000000,1769509501089000000,0
FilePageCacheLockFree.housekeeperTurnsSkipped,1769509441089000000,1769509501089000000,0
FilePageCacheLockFree.totalNativeBytesReclaimed,1769509441089000000,1769509501089000000,0
DirectByteBufferAllocator.totalSizeOfBuffersAllocatedInBytes,1769509441089000000,1769509501089000000,156262400
StreamlinedBlobStorage.totalLiveRecordsCapacityBytes,1769509441089000000,1769509501089000000,0
FilePageCache.disposedBuffers,1769509441089000000,1769509501089000000,0
FilePageCacheLockFree.totalHeapBytesAllocated,1769509441089000000,1769509501089000000,0
DirectByteBufferAllocator.hits,1769509441089000000,1769509501089000000,0
FilePageCacheLockFree.totalPagesWriteMs,1769509441089000000,1769509501089000000,0
FilePageCache.uncachedFileAccess,1769509441089000000,1769509501089000000,0
MappedFileStorage.storages,1769509441089000000,1769509501089000000,16
FilePageCacheLockFree.totalPagesReadMs,1769509441089000000,1769509501089000000,0
DirectByteBufferAllocator.totalSizeOfBuffersCachedInBytes,1769509441089000000,1769509501089000000,0
FilePageCacheLockFree.housekeeperTimeSpentMs,1769509441089000000,1769509501089000000,0
MappedFileStorage.totalPagesMapped,1769509441089000000,1769509501089000000,21
FilePageCache.maxCacheSizeInBytes,1769509441089000000,1769509501089000000,156262400
FilePageCache.maxRegisteredFiles,1769509441089000000,1769509501089000000,252
StorageLockContext.competingThreads.max,1769509441089000000,1769509501089000000,0
FilePageCacheLockFree.totalPagesReclaimed,1769509441089000000,1769509501089000000,0
FilePageCache.capacityInBytes,1769509441089000000,1769509501089000000,503316478
FilePageCache.pageLoadsAboveSizeThreshold,1769509441089000000,1769509501089000000,0
FilePageCacheLockFree.totalPageAllocationsWaited,1769509441089000000,1769509501089000000,0
FilePageCache.pageHits,1769509441089000000,1769509501089000000,0
FilePageCache.totalPageLoadsUs,1769509441089000000,1769509501089000000,0
FilePageCacheLockFree.totalNativeBytesAllocated,1769509441089000000,1769509501089000000,0
FilePageCache.pageFastCacheHits,1769509441089000000,1769509501089000000,0
DirectByteBufferAllocator.reclaimed,1769509441089000000,1769509501089000000,0
StreamlinedBlobStorage.recordsDeleted,1769509441089000000,1769509501089000000,0
FilePageCacheLockFree.totalClosedStoragesReclaimed,1769509441089000000,1769509501089000000,0
StreamlinedBlobStorage.totalLiveRecordsPayloadBytes,1769509441089000000,1769509501089000000,0
DirectByteBufferAllocator.disposed,1769509441089000000,1769509501089000000,0
FilePageCacheLockFree.totalPagesRequestsMs,1769509441089000000,1769509501089000000,0
FilePageCacheLockFree.totalHeapBytesReclaimed,1769509441089000000,1769509501089000000,0
FilePageCacheLockFree.totalBytesWritten,1769509441089000000,1769509501089000000,0
FilePageCacheLockFree.totalBytesRead,1769509441089000000,1769509501089000000,0
StorageLockContext.competingThreads.avg,1769509441089000000,1769509501089000000,0.0
StreamlinedBlobStorage.recordsRelocated,1769509441089000000,1769509501089000000,0
JVM.usedNativeBytes,1769509441089000000,1769509501089000000,375964328
JVM.totalDirectByteBuffersBytes,1769509441089000000,1769509501089000000,156816218
JVM.totalTimeToSafepointsMs,1769509441089000000,1769509501089000000,0
JVM.totalCpuTimeMs,1769509441089000000,1769509501089000000,610
JVM.usedHeapBytes,1769509441089000000,1769509501089000000,510412728
JVM.totalTimeAtSafepointsMs,1769509441089000000,1769509501089000000,0
JVM.GC.collectionTimesMs,1769509441089000000,1769509501089000000,0
JVM.totalSafepointCount,1769509441089000000,1769509501089000000,4
JVM.maxHeapBytes,1769509441089000000,1769509501089000000,4196401152
JVM.newThreadsCount,1769509441089000000,1769509501089000000,0
JVM.GC.collections,1769509441089000000,1769509501089000000,0
OS.loadAverage,1769509441089000000,1769509501089000000,1.2783203125
JVM.maxThreadCount,1769509441089000000,1769509501089000000,143
JVM.totalBytesAllocated,1769509441089000000,1769509501089000000,27420728
JVM.threadCount,1769509441089000000,1769509501089000000,59
workspaceModel.workspaceFileIndexData.updateDirtyEntities.ms,1769509441089000000,1769509501089000000,0
workspaceModel.updates.precise.ms,1769509441089000000,1769509501089000000,0
workspaceModel.cachedValueWithParameters.calculated.count,1769509441089000000,1769509501089000000,0
workspaceModel.cachedValueWithParameters.total.get.count,1769509441089000000,1769509501089000000,0
workspaceModel.cachedValue.calculated.count,1769509441089000000,1769509501089000000,0
workspaceModel.to.snapshot.ms,1769509441089000000,1769509501089000000,0
workspaceModel.loading.total.ms,1769509441089000000,1769509501089000000,0
workspaceModel.on.changed.ms,1769509441089000000,1769509501089000000,0
workspaceModel.replace.project.model.ms,1769509441089000000,1769509501089000000,0
workspaceModel.workspaceFileIndexContributor.registerFileSets.ms,1769509441089000000,1769509501089000000,0
workspaceModel.update.unloaded.entities.ms,1769509441089000000,1769509501089000000,0
workspaceModel.workspaceFileIndexData.markDirty.ms,1769509441089000000,1769509501089000000,0
workspaceModel.workspaceFileIndexData.init.ms,1769509441089000000,1769509501089000000,0
workspaceModel.workspaceFileIndexData.getPackageName.ms,1769509441089000000,1769509501089000000,0
workspaceModel.cachedValue.clear.count,1769509441089000000,1769509501089000000,0
workspaceModel.collect.changes.ms,1769509441089000000,1769509501089000000,0
workspaceModel.init.bridges.ms,1769509441089000000,1769509501089000000,0
workspaceModel.check.recursive.update.ms,1769509441089000000,1769509501089000000,0
workspaceModel.workspaceFileIndexData.getFileInfo.ms,1769509441089000000,1769509501089000000,0
workspaceModel.workspaceFileIndexData.processFileSets.ms,1769509441089000000,1769509501089000000,0
workspaceModel.entityStorageSnapshotImpl.instances.count,1769509441089000000,1769509501089000000,0
workspaceModel.on.before.changed.ms,1769509441089000000,1769509501089000000,0
workspaceModel.cachedValueWithParameters.clear.count,1769509441089000000,1769509501089000000,0
workspaceModel.workspaceFileIndexData.onEntitiesChanged.ms,1769509441089000000,1769509501089000000,0
workspaceModel.workspaceFileIndexData.visitFileSets.ms,1769509441089000000,1769509501089000000,0
workspaceModel.workspaceFileIndexData.instances.count,1769509441089000000,1769509501089000000,0
workspaceModel.initializing.ms,1769509441089000000,1769509501089000000,0
workspaceModel.full.replace.project.model.ms,1769509441089000000,1769509501089000000,0
workspaceModel.updates.ms,1769509441089000000,1769509501089000000,0
workspaceModel.cachedValue.from.cache.count,1769509441089000000,1769509501089000000,0
workspaceModel.loading.from.cache.ms,1769509441089000000,1769509501089000000,0
workspaceModel.workspaceFileIndexData.getDirectoriesByPackageName.ms,1769509441089000000,1769509501089000000,0
workspaceModel.cachedValueWithParameters.from.cache.count,1769509441089000000,1769509501089000000,0
workspaceModel.cachedValue.total.get.count,1769509441089000000,1769509501089000000,0
workspaceModel.pre.handlers.ms,1769509441089000000,1769509501089000000,0
workspaceModel.updates.count,1769509441089000000,1769509501089000000,0
Indexing.writesQueuedMin,1769509441089000000,1769509501089000000,0
Indexes.stubs.lookups,1769509441089000000,1769509501089000000,0
Indexing.writer_0.totalTimeSpentWritingMs,1769509441089000000,1769509501089000000,0
Indexes.stubs.lookupDurationAvgMs,1769509441089000000,1769509501089000000,0.0
Indexing.totalTimeIndexersSleptMs,1769509441089000000,1769509501089000000,0
IndexesFlusher.totalFlushesRetried,1769509441089000000,1769509501089000000,0
IndexesFlusher.totalFlushes,1769509441089000000,1769509501089000000,60
Indexes.entries.lookupDurationAvgMs,1769509441089000000,1769509501089000000,0.0
Indexes.allKeys.lookupDuration90PMs,1769509441089000000,1769509501089000000,0.0
Indexing.cache.totalCacheEvicted,1769509441089000000,1769509501089000000,0
Indexes.entries.lookupDurationMaxMs,1769509441089000000,1769509501089000000,0.0
Indexing.writesQueuedAvg,1769509441089000000,1769509501089000000,0.0
IndexesFlusher.totalFlushingTimeUs,1769509441089000000,1769509501089000000,30063
Indexes.entries.lookups,1769509441089000000,1769509501089000000,0
Indexes.allKeys.lookupDurationMaxMs,1769509441089000000,1769509501089000000,0.0
Indexes.entries.lookupDuration90PMs,1769509441089000000,1769509501089000000,0.0
Indexing.writer_3.totalTimeSpentWritingMs,1769509441089000000,1769509501089000000,0
IndexesFlusher.totalContentionQuotaSpent,1769509441089000000,1769509501089000000,0
Indexing.writer_1.totalTimeSpentWritingMs,1769509441089000000,1769509501089000000,0
Indexing.cache.totalCacheMisses,1769509441089000000,1769509501089000000,0
Indexes.allKeys.lookups,1769509441089000000,1769509501089000000,0
Indexing.writer_2.totalTimeSpentWritingMs,1769509441089000000,1769509501089000000,0
Indexes.stubs.lookupDuration90PMs,1769509441089000000,1769509501089000000,0.0
Indexes.allKeys.lookupDurationAvgMs,1769509441089000000,1769509501089000000,0.0
Indexing.writesQueuedMax,1769509441089000000,1769509501089000000,0
Indexing.cache.totalCacheAccesses,1769509441089000000,1769509501089000000,0
Indexes.stubs.lookupDurationMaxMs,1769509441089000000,1769509501089000000,0.0
workspaceModel.load.cache.from.file.ms,1769509441089000000,1769509501089000000,0
jps.global.get.library.by.name.ms,1769509441089000000,1769509501089000000,0
workspaceModel.global.updates.count,1769509441089000000,1769509501089000000,0
workspaceModel.mutableEntityStorage.referrers.ms,1769509441089000000,1769509501089000000,0
workspaceModel.do.save.caches.ms,1769509441089000000,1769509501089000000,0
workspaceModel.global.apply.state.to.project.ms,1769509441089000000,1769509501089000000,0
workspaceModel.mutableEntityStorage.changeLog.addReplaceEventForNewChild.ms,1769509441089000000,1769509501089000000,0
jps.artifact.entities.serializer.load.entities.ms,1769509441089000000,1769509501089000000,0
jps.library.entities.serializer.load.entities.ms,1769509441089000000,1769509501089000000,0
workspaceModel.mutableEntityStorage.entities.by.source.ms,1769509441089000000,1769509501089000000,0
jps.global.handle.before.change.events.ms,1769509441089000000,1769509501089000000,0
jps.storage.jps.conf.reader.load.component.ms,1769509441089000000,1769509501089000000,0
workspaceModel.mutableEntityStorage.remove.entity.ms,1769509441089000000,1769509501089000000,0
jps.reload.project.entities.ms,1769509441089000000,1769509501089000000,0
workspaceModel.mutableEntityStorage.mutable.ext.mapping.ms,1769509441089000000,1769509501089000000,0
jps.module.dependency.index.workspace.model.listener.on.changed.ms,1769509441089000000,1769509501089000000,0
jps.project.serializers.save.ms,1769509441089000000,1769509501089000000,0
workspaceModel.mutableEntityStorage.replace.by.source.ms,1769509441089000000,1769509501089000000,0
workspaceModel.moduleManagerBridge.build.module.graph.ms,1769509441089000000,1769509501089000000,0
workspaceModel.delayed.project.synchronizer.sync.ms,1769509441089000000,1769509501089000000,0
jps.save.global.entities.ms,1769509441089000000,1769509501089000000,0
workspaceModel.moduleBridge.update.option.ms,1769509441089000000,1769509501089000000,0
workspaceModel.moduleBridge.before.changed.ms,1769509441089000000,1769509501089000000,0
jps.app.storage.content.writer.save.component.ms,1769509441089000000,1769509501089000000,0
workspaceModel.mutableEntityStorage.mutable.vfurl.index.ms,1769509441089000000,1769509501089000000,0
workspaceModel.mutableEntityStorage.modify.entity.ms,1769509441089000000,1769509501089000000,0
workspaceModel.moduleBridgeLoader.loading.modules.ms,1769509441089000000,1769509501089000000,0
workspaceModel.moduleManagerBridge.get.modules.ms,1769509441089000000,1769509501089000000,0
jps.global.initialize.library.bridges.after.loading.ms,1769509441089000000,1769509501089000000,0
workspaceModel.mutableEntityStorage.collect.changes.ms,1769509441089000000,1769509501089000000,0
workspaceModel.mutableEntityStorage.changeLog.addReplaceEventForRemovedParent.ms,1769509441089000000,1769509501089000000,0
jps.global.initialize.library.bridges.ms,1769509441089000000,1769509501089000000,0
workspaceModel.mutableEntityStorage.put.entity.ms,1769509441089000000,1769509501089000000,0
workspaceModel.mutableEntityStorage.changeLog.addReplaceEventForNewParent.ms,1769509441089000000,1769509501089000000,0
workspaceModel.moduleManagerBridge.new.nonPersistent.module.ms,1769509441089000000,1769509501089000000,0
jps.artifact.entities.serializer.save.entities.ms,1769509441089000000,1769509501089000000,0
jps.app.storage.content.reader.load.component.ms,1769509441089000000,1769509501089000000,0
workspaceModel.moduleManagerBridge.load.all.modules.ms,1769509441089000000,1769509501089000000,0
jps.facet.change.listener.before.change.events.ms,1769509441089000000,1769509501089000000,0
workspaceModel.mutableEntityStorage.entities.ms,1769509441089000000,1769509501089000000,0
workspaceModel.mutableEntityStorage.instances.count,1769509441089000000,1769509501089000000,0
workspaceModel.mutableEntityStorage.to.snapshot.ms,1769509441089000000,1769509501089000000,0
jps.load.initial.state.ms,1769509441089000000,1769509501089000000,0
workspaceModel.global.updates.ms,1769509441089000000,1769509501089000000,0
jps.apply.loaded.storage.ms,1769509441089000000,1769509501089000000,0
jps.global.get.libraries.ms,1769509441089000000,1769509501089000000,0
workspaceModel.mutableEntityStorage.resolve.ms,1769509441089000000,1769509501089000000,0
workspaceModel.moduleManagerBridge.newModule.ms,1769509441089000000,1769509501089000000,0
jps.facet.change.listener.process.change.events.ms,1769509441089000000,1769509501089000000,0
workspaceModel.moduleBridge.facet.initialization.ms,1769509441089000000,1769509501089000000,0
jps.project.serializers.load.ms,1769509441089000000,1769509501089000000,0
jps.library.entities.serializer.save.entities.ms,1769509441089000000,1769509501089000000,0
workspaceModel.load.cache.metadata.from.file.ms,1769509441089000000,1769509501089000000,0
jps.global.handle.changed.events.ms,1769509441089000000,1769509501089000000,0
workspaceModel.sync.entities.ms,1769509441089000000,1769509501089000000,0
jps.load.project.to.empty.storage.ms,1769509441089000000,1769509501089000000,0
workspaceModel.mutableEntityStorage.apply.changes.from.ms,1769509441089000000,1769509501089000000,0
workspaceModel.orphan.listener.update.ms,1769509441089000000,1769509501089000000,0
workspaceModel.moduleManagerBridge.create.module.instance.ms,1769509441089000000,1769509501089000000,0
workspaceModel.mutableEntityStorage.changeLog.addReplaceEventForRemovedChild.ms,1769509441089000000,1769509501089000000,0
workspaceModel.moduleManagerBridge.set.unloadedModules.ms,1769509441089000000,1769509501089000000,0
workspaceModel.mutableEntityStorage.add.entity.ms,1769509441089000000,1769509501089000000,0
jps.facet.change.listener.init.bridge.ms,1769509441089000000,1769509501089000000,0
workspaceModel.global.apply.state.to.project.builder.ms,1769509441089000000,1769509501089000000,0
workspaceModel.save.cache.to.file.ms,1769509441089000000,1769509501089000000,0
jps.save.changed.project.entities.ms,1769509441089000000,1769509501089000000,0
jps.global.get.library.ms,1769509441089000000,1769509501089000000,0
jps.module.iml.entities.serializer.save.entities.ms,1769509441089000000,1769509501089000000,0
jps.module.iml.entities.serializer.load.entities.ms,1769509441089000000,1769509501089000000,0
workspaceModel.moduleManagerBridge.load.module.ms,1769509441089000000,1769509501089000000,0
workspaceModel.mutableEntityStorage.has.same.entities.ms,1769509441089000000,1769509501089000000,0
FileNameCache.totalMisses,1769509441089000000,1769509501089000000,0
VFS.fileChildByName,1769509441089000000,1769509501089000000,0
VFS.fileByIdCache.hits,1769509441089000000,1769509501089000000,0
VFS.contentStorage.recordsStoredSize,1769509441089000000,1769509501089000000,0
VFS.contentStorage.recordsStoredCompressed,1769509441089000000,1769509501089000000,0
FileNameCache.queries,1769509441089000000,1769509501089000000,0
VFS.contentStorage.recordsRead,1769509441089000000,1769509501089000000,0
VFS.fileByIdCache.misses,1769509441089000000,1769509501089000000,0
VFS.contentStorage.recordsDeduplicated,1769509441089000000,1769509501089000000,0
VFS.contentStorage.recordsStored,1769509441089000000,1769509501089000000,0
VFS.contentStorage.recordsDecompressionTimeUs,1769509441089000000,1769509501089000000,0
VFS.contentStorage.recordsReadDecompressed,1769509441089000000,1769509501089000000,0
VFS.invertedFileNameIndex.requests,1769509441089000000,1769509501089000000,0
VFS.contentStorage.recordsReadSize,1769509441089000000,1769509501089000000,0
VFS.contentStorage.recordsUncompressedSize,1769509441089000000,1769509501089000000,0
cacheStateStorage.get.counter,1769509441089000000,1769509501089000000,0
cacheStateStorage.set.duration,1769509441089000000,1769509501089000000,0
cacheStateStorage.set.counter,1769509441089000000,1769509501089000000,0
cacheStateStorage.get.duration,1769509441089000000,1769509501089000000,0
DiskQueryRelay.tasksExecuted,1769509501089000000,1769509561089000000,48
DiskQueryRelay.taskExecutionTotalTimeUs,1769509501089000000,1769509561089000000,716
writeAction.count,1769509501089000000,1769509561089000000,0
writeAction.median.wait.ms,1769509501089000000,1769509561089000000,0
writeAction.wait.ms,1769509501089000000,1769509561089000000,0
DiskQueryRelay.tasksRequested,1769509501089000000,1769509561089000000,48
writeAction.max.wait.ms,1769509501089000000,1769509561089000000,2
DiskQueryRelay.taskWaitingTotalTimeUs,1769509501089000000,1769509561089000000,729
FlushQueue.queueSizeAvg,1769509501089000000,1769509561089000000,0.0
WriteAction.executionsCount,1769509501089000000,1769509561089000000,0
FlushQueue.executionTimeAvgNs,1769509501089000000,1769509561089000000,16988.75
FlushQueue.waitingTimeAvgNs,1769509501089000000,1769509561089000000,37268.4375
NonBlockingReadAction.failedExecutionTimeUs,1769509501089000000,1769509561089000000,0
FlushQueue.queueSize90P,1769509501089000000,1769509561089000000,0
AWTEventQueue.eventsDispatched,1769509501089000000,1769509561089000000,3128
NonBlockingReadAction.finalizedExecutionTimeUs,1769509501089000000,1769509561089000000,0
AWTEventQueue.dispatchTimeMaxNs,1769509501089000000,1769509561089000000,108543
FlushQueue.tasksExecuted,1769509501089000000,1769509561089000000,128
AWTEventQueue.dispatchTimeTotalNS,1769509501089000000,1769509561089000000,59391887
FlushQueue.queueSizeMax,1769509501089000000,1769509561089000000,0
ReadAction.executionsCount,1769509501089000000,1769509561089000000,30
AWTEventQueue.dispatchTimeAvgNs,1769509501089000000,1769509561089000000,18988.194373401533
NonBlockingReadAction.finalizedExecutionsCount,1769509501089000000,1769509561089000000,0
AWTEventQueue.dispatchTime90PNs,1769509501089000000,1769509561089000000,24959
FlushQueue.executionTimeMaxNs,1769509501089000000,1769509561089000000,92159
FlushQueue.executionTime90PNs,1769509501089000000,1769509561089000000,19455
FlushQueue.waitingTimeMaxNs,1769509501089000000,1769509561089000000,59903
NonBlockingReadAction.failedExecutionsCount,1769509501089000000,1769509561089000000,0
FlushQueue.waitingTime90PNs,1769509501089000000,1769509561089000000,45823
FilePageCacheLockFree.nativeBytesInUse,1769509501089000000,1769509561089000000,0
FilePageCacheLockFree.heapBytesInUse,1769509501089000000,1769509561089000000,0
FilePageCache.pageLoads,1769509501089000000,1769509561089000000,0
MappedFileStorage.totalBytesMapped,1769509501089000000,1769509561089000000,261357568
StorageLockContext.competingThreads.90P,1769509501089000000,1769509561089000000,0
FilePageCacheLockFree.totalPagesHandedOver,1769509501089000000,1769509561089000000,0
StreamlinedBlobStorage.recordsAllocated,1769509501089000000,1769509561089000000,0
FilePageCache.totalPageDisposalsUs,1769509501089000000,1769509561089000000,0
MappedFileStorage.totalTimeSpentOnMappingUs,1769509501089000000,1769509561089000000,12649
FilePageCacheLockFree.totalBytesRequested,1769509501089000000,1769509561089000000,0
FilePageCacheLockFree.totalPagesWritten,1769509501089000000,1769509561089000000,0
FilePageCacheLockFree.totalPagesAllocated,1769509501089000000,1769509561089000000,0
DirectByteBufferAllocator.misses,1769509501089000000,1769509561089000000,0
FilePageCacheLockFree.housekeeperTurnsDone,1769509501089000000,1769509561089000000,0
FilePageCacheLockFree.totalPagesRequested,1769509501089000000,1769509561089000000,0
FileChannelInterruptsRetryer.totalRetriedAttempts,1769509501089000000,1769509561089000000,0
FilePageCacheLockFree.housekeeperTurnsSkipped,1769509501089000000,1769509561089000000,0
FilePageCacheLockFree.totalNativeBytesReclaimed,1769509501089000000,1769509561089000000,0
DirectByteBufferAllocator.totalSizeOfBuffersAllocatedInBytes,1769509501089000000,1769509561089000000,156262400
StreamlinedBlobStorage.totalLiveRecordsCapacityBytes,1769509501089000000,1769509561089000000,0
FilePageCache.disposedBuffers,1769509501089000000,1769509561089000000,0
FilePageCacheLockFree.totalHeapBytesAllocated,1769509501089000000,1769509561089000000,0
DirectByteBufferAllocator.hits,1769509501089000000,1769509561089000000,0
FilePageCacheLockFree.totalPagesWriteMs,1769509501089000000,1769509561089000000,0
FilePageCache.uncachedFileAccess,1769509501089000000,1769509561089000000,0
MappedFileStorage.storages,1769509501089000000,1769509561089000000,16
FilePageCacheLockFree.totalPagesReadMs,1769509501089000000,1769509561089000000,0
DirectByteBufferAllocator.totalSizeOfBuffersCachedInBytes,1769509501089000000,1769509561089000000,0
FilePageCacheLockFree.housekeeperTimeSpentMs,1769509501089000000,1769509561089000000,0
MappedFileStorage.totalPagesMapped,1769509501089000000,1769509561089000000,21
FilePageCache.maxCacheSizeInBytes,1769509501089000000,1769509561089000000,156262400
FilePageCache.maxRegisteredFiles,1769509501089000000,1769509561089000000,252
StorageLockContext.competingThreads.max,1769509501089000000,1769509561089000000,0
FilePageCacheLockFree.totalPagesReclaimed,1769509501089000000,1769509561089000000,0
FilePageCache.capacityInBytes,1769509501089000000,1769509561089000000,503316478
FilePageCache.pageLoadsAboveSizeThreshold,1769509501089000000,1769509561089000000,0
FilePageCacheLockFree.totalPageAllocationsWaited,1769509501089000000,1769509561089000000,0
FilePageCache.pageHits,1769509501089000000,1769509561089000000,0
FilePageCache.totalPageLoadsUs,1769509501089000000,1769509561089000000,0
FilePageCacheLockFree.totalNativeBytesAllocated,1769509501089000000,1769509561089000000,0
FilePageCache.pageFastCacheHits,1769509501089000000,1769509561089000000,0
DirectByteBufferAllocator.reclaimed,1769509501089000000,1769509561089000000,0
StreamlinedBlobStorage.recordsDeleted,1769509501089000000,1769509561089000000,0
FilePageCacheLockFree.totalClosedStoragesReclaimed,1769509501089000000,1769509561089000000,0
StreamlinedBlobStorage.totalLiveRecordsPayloadBytes,1769509501089000000,1769509561089000000,0
DirectByteBufferAllocator.disposed,1769509501089000000,1769509561089000000,0
FilePageCacheLockFree.totalPagesRequestsMs,1769509501089000000,1769509561089000000,0
FilePageCacheLockFree.totalHeapBytesReclaimed,1769509501089000000,1769509561089000000,0
FilePageCacheLockFree.totalBytesWritten,1769509501089000000,1769509561089000000,0
FilePageCacheLockFree.totalBytesRead,1769509501089000000,1769509561089000000,0
StorageLockContext.competingThreads.avg,1769509501089000000,1769509561089000000,0.0
StreamlinedBlobStorage.recordsRelocated,1769509501089000000,1769509561089000000,0
JVM.usedNativeBytes,1769509501089000000,1769509561089000000,376113248
JVM.totalDirectByteBuffersBytes,1769509501089000000,1769509561089000000,156589160
JVM.totalTimeToSafepointsMs,1769509501089000000,1769509561089000000,0
JVM.totalCpuTimeMs,1769509501089000000,1769509561089000000,540
JVM.usedHeapBytes,1769509501089000000,1769509561089000000,539772856
JVM.totalTimeAtSafepointsMs,1769509501089000000,1769509561089000000,0
JVM.GC.collectionTimesMs,1769509501089000000,1769509561089000000,0
JVM.totalSafepointCount,1769509501089000000,1769509561089000000,3
JVM.maxHeapBytes,1769509501089000000,1769509561089000000,4196401152
JVM.newThreadsCount,1769509501089000000,1769509561089000000,9
JVM.GC.collections,1769509501089000000,1769509561089000000,0
OS.loadAverage,1769509501089000000,1769509561089000000,1.271484375
JVM.maxThreadCount,1769509501089000000,1769509561089000000,143
JVM.totalBytesAllocated,1769509501089000000,1769509561089000000,27071832
JVM.threadCount,1769509501089000000,1769509561089000000,56
workspaceModel.workspaceFileIndexData.updateDirtyEntities.ms,1769509501089000000,1769509561089000000,0
workspaceModel.updates.precise.ms,1769509501089000000,1769509561089000000,0
workspaceModel.cachedValueWithParameters.calculated.count,1769509501089000000,1769509561089000000,0
workspaceModel.cachedValueWithParameters.total.get.count,1769509501089000000,1769509561089000000,0
workspaceModel.cachedValue.calculated.count,1769509501089000000,1769509561089000000,0
workspaceModel.to.snapshot.ms,1769509501089000000,1769509561089000000,0
workspaceModel.loading.total.ms,1769509501089000000,1769509561089000000,0
workspaceModel.on.changed.ms,1769509501089000000,1769509561089000000,0
workspaceModel.replace.project.model.ms,1769509501089000000,1769509561089000000,0
workspaceModel.workspaceFileIndexContributor.registerFileSets.ms,1769509501089000000,1769509561089000000,0
workspaceModel.update.unloaded.entities.ms,1769509501089000000,1769509561089000000,0
workspaceModel.workspaceFileIndexData.markDirty.ms,1769509501089000000,1769509561089000000,0
workspaceModel.workspaceFileIndexData.init.ms,1769509501089000000,1769509561089000000,0
workspaceModel.workspaceFileIndexData.getPackageName.ms,1769509501089000000,1769509561089000000,0
workspaceModel.cachedValue.clear.count,1769509501089000000,1769509561089000000,0
workspaceModel.collect.changes.ms,1769509501089000000,1769509561089000000,0
workspaceModel.init.bridges.ms,1769509501089000000,1769509561089000000,0
workspaceModel.check.recursive.update.ms,1769509501089000000,1769509561089000000,0
workspaceModel.workspaceFileIndexData.getFileInfo.ms,1769509501089000000,1769509561089000000,0
workspaceModel.workspaceFileIndexData.processFileSets.ms,1769509501089000000,1769509561089000000,0
workspaceModel.entityStorageSnapshotImpl.instances.count,1769509501089000000,1769509561089000000,0
workspaceModel.on.before.changed.ms,1769509501089000000,1769509561089000000,0
workspaceModel.cachedValueWithParameters.clear.count,1769509501089000000,1769509561089000000,0
workspaceModel.workspaceFileIndexData.onEntitiesChanged.ms,1769509501089000000,1769509561089000000,0
workspaceModel.workspaceFileIndexData.visitFileSets.ms,1769509501089000000,1769509561089000000,0
workspaceModel.workspaceFileIndexData.instances.count,1769509501089000000,1769509561089000000,0
workspaceModel.initializing.ms,1769509501089000000,1769509561089000000,0
workspaceModel.full.replace.project.model.ms,1769509501089000000,1769509561089000000,0
workspaceModel.updates.ms,1769509501089000000,1769509561089000000,0
workspaceModel.cachedValue.from.cache.count,1769509501089000000,1769509561089000000,0
workspaceModel.loading.from.cache.ms,1769509501089000000,1769509561089000000,0
workspaceModel.workspaceFileIndexData.getDirectoriesByPackageName.ms,1769509501089000000,1769509561089000000,0
workspaceModel.cachedValueWithParameters.from.cache.count,1769509501089000000,1769509561089000000,0
workspaceModel.cachedValue.total.get.count,1769509501089000000,1769509561089000000,0
workspaceModel.pre.handlers.ms,1769509501089000000,1769509561089000000,0
workspaceModel.updates.count,1769509501089000000,1769509561089000000,0
Indexing.writesQueuedMin,1769509501089000000,1769509561089000000,0
Indexes.stubs.lookups,1769509501089000000,1769509561089000000,0
Indexing.writer_0.totalTimeSpentWritingMs,1769509501089000000,1769509561089000000,0
Indexes.stubs.lookupDurationAvgMs,1769509501089000000,1769509561089000000,0.0
Indexing.totalTimeIndexersSleptMs,1769509501089000000,1769509561089000000,0
IndexesFlusher.totalFlushesRetried,1769509501089000000,1769509561089000000,0
IndexesFlusher.totalFlushes,1769509501089000000,1769509561089000000,60
Indexes.entries.lookupDurationAvgMs,1769509501089000000,1769509561089000000,0.0
Indexes.allKeys.lookupDuration90PMs,1769509501089000000,1769509561089000000,0.0
Indexing.cache.totalCacheEvicted,1769509501089000000,1769509561089000000,0
Indexes.entries.lookupDurationMaxMs,1769509501089000000,1769509561089000000,0.0
Indexing.writesQueuedAvg,1769509501089000000,1769509561089000000,0.0
IndexesFlusher.totalFlushingTimeUs,1769509501089000000,1769509561089000000,29483
Indexes.entries.lookups,1769509501089000000,1769509561089000000,0
Indexes.allKeys.lookupDurationMaxMs,1769509501089000000,1769509561089000000,0.0
Indexes.entries.lookupDuration90PMs,1769509501089000000,1769509561089000000,0.0
Indexing.writer_3.totalTimeSpentWritingMs,1769509501089000000,1769509561089000000,0
IndexesFlusher.totalContentionQuotaSpent,1769509501089000000,1769509561089000000,0
Indexing.writer_1.totalTimeSpentWritingMs,1769509501089000000,1769509561089000000,0
Indexing.cache.totalCacheMisses,1769509501089000000,1769509561089000000,0
Indexes.allKeys.lookups,1769509501089000000,1769509561089000000,0
Indexing.writer_2.totalTimeSpentWritingMs,1769509501089000000,1769509561089000000,0
Indexes.stubs.lookupDuration90PMs,1769509501089000000,1769509561089000000,0.0
Indexes.allKeys.lookupDurationAvgMs,1769509501089000000,1769509561089000000,0.0
Indexing.writesQueuedMax,1769509501089000000,1769509561089000000,0
Indexing.cache.totalCacheAccesses,1769509501089000000,1769509561089000000,0
Indexes.stubs.lookupDurationMaxMs,1769509501089000000,1769509561089000000,0.0
workspaceModel.load.cache.from.file.ms,1769509501089000000,1769509561089000000,0
jps.global.get.library.by.name.ms,1769509501089000000,1769509561089000000,0
workspaceModel.global.updates.count,1769509501089000000,1769509561089000000,0
workspaceModel.mutableEntityStorage.referrers.ms,1769509501089000000,1769509561089000000,0
workspaceModel.do.save.caches.ms,1769509501089000000,1769509561089000000,0
workspaceModel.global.apply.state.to.project.ms,1769509501089000000,1769509561089000000,0
workspaceModel.mutableEntityStorage.changeLog.addReplaceEventForNewChild.ms,1769509501089000000,1769509561089000000,0
jps.artifact.entities.serializer.load.entities.ms,1769509501089000000,1769509561089000000,0
jps.library.entities.serializer.load.entities.ms,1769509501089000000,1769509561089000000,0
workspaceModel.mutableEntityStorage.entities.by.source.ms,1769509501089000000,1769509561089000000,0
jps.global.handle.before.change.events.ms,1769509501089000000,1769509561089000000,0
jps.storage.jps.conf.reader.load.component.ms,1769509501089000000,1769509561089000000,0
workspaceModel.mutableEntityStorage.remove.entity.ms,1769509501089000000,1769509561089000000,0
jps.reload.project.entities.ms,1769509501089000000,1769509561089000000,0
workspaceModel.mutableEntityStorage.mutable.ext.mapping.ms,1769509501089000000,1769509561089000000,0
jps.module.dependency.index.workspace.model.listener.on.changed.ms,1769509501089000000,1769509561089000000,0
jps.project.serializers.save.ms,1769509501089000000,1769509561089000000,0
workspaceModel.mutableEntityStorage.replace.by.source.ms,1769509501089000000,1769509561089000000,0
workspaceModel.moduleManagerBridge.build.module.graph.ms,1769509501089000000,1769509561089000000,0
workspaceModel.delayed.project.synchronizer.sync.ms,1769509501089000000,1769509561089000000,0
jps.save.global.entities.ms,1769509501089000000,1769509561089000000,0
workspaceModel.moduleBridge.update.option.ms,1769509501089000000,1769509561089000000,0
workspaceModel.moduleBridge.before.changed.ms,1769509501089000000,1769509561089000000,0
jps.app.storage.content.writer.save.component.ms,1769509501089000000,1769509561089000000,0
workspaceModel.mutableEntityStorage.mutable.vfurl.index.ms,1769509501089000000,1769509561089000000,0
workspaceModel.mutableEntityStorage.modify.entity.ms,1769509501089000000,1769509561089000000,0
workspaceModel.moduleBridgeLoader.loading.modules.ms,1769509501089000000,1769509561089000000,0
workspaceModel.moduleManagerBridge.get.modules.ms,1769509501089000000,1769509561089000000,0
jps.global.initialize.library.bridges.after.loading.ms,1769509501089000000,1769509561089000000,0
workspaceModel.mutableEntityStorage.collect.changes.ms,1769509501089000000,1769509561089000000,0
workspaceModel.mutableEntityStorage.changeLog.addReplaceEventForRemovedParent.ms,1769509501089000000,1769509561089000000,0
jps.global.initialize.library.bridges.ms,1769509501089000000,1769509561089000000,0
workspaceModel.mutableEntityStorage.put.entity.ms,1769509501089000000,1769509561089000000,0
workspaceModel.mutableEntityStorage.changeLog.addReplaceEventForNewParent.ms,1769509501089000000,1769509561089000000,0
workspaceModel.moduleManagerBridge.new.nonPersistent.module.ms,1769509501089000000,1769509561089000000,0
jps.artifact.entities.serializer.save.entities.ms,1769509501089000000,1769509561089000000,0
jps.app.storage.content.reader.load.component.ms,1769509501089000000,1769509561089000000,0
workspaceModel.moduleManagerBridge.load.all.modules.ms,1769509501089000000,1769509561089000000,0
jps.facet.change.listener.before.change.events.ms,1769509501089000000,1769509561089000000,0
workspaceModel.mutableEntityStorage.entities.ms,1769509501089000000,1769509561089000000,0
workspaceModel.mutableEntityStorage.instances.count,1769509501089000000,1769509561089000000,0
workspaceModel.mutableEntityStorage.to.snapshot.ms,1769509501089000000,1769509561089000000,0
jps.load.initial.state.ms,1769509501089000000,1769509561089000000,0
workspaceModel.global.updates.ms,1769509501089000000,1769509561089000000,0
jps.apply.loaded.storage.ms,1769509501089000000,1769509561089000000,0
jps.global.get.libraries.ms,1769509501089000000,1769509561089000000,0
workspaceModel.mutableEntityStorage.resolve.ms,1769509501089000000,1769509561089000000,0
workspaceModel.moduleManagerBridge.newModule.ms,1769509501089000000,1769509561089000000,0
jps.facet.change.listener.process.change.events.ms,1769509501089000000,1769509561089000000,0
workspaceModel.moduleBridge.facet.initialization.ms,1769509501089000000,1769509561089000000,0
jps.project.serializers.load.ms,1769509501089000000,1769509561089000000,0
jps.library.entities.serializer.save.entities.ms,1769509501089000000,1769509561089000000,0
workspaceModel.load.cache.metadata.from.file.ms,1769509501089000000,1769509561089000000,0
jps.global.handle.changed.events.ms,1769509501089000000,1769509561089000000,0
workspaceModel.sync.entities.ms,1769509501089000000,1769509561089000000,0
jps.load.project.to.empty.storage.ms,1769509501089000000,1769509561089000000,0
workspaceModel.mutableEntityStorage.apply.changes.from.ms,1769509501089000000,1769509561089000000,0
workspaceModel.orphan.listener.update.ms,1769509501089000000,1769509561089000000,0
workspaceModel.moduleManagerBridge.create.module.instance.ms,1769509501089000000,1769509561089000000,0
workspaceModel.mutableEntityStorage.changeLog.addReplaceEventForRemovedChild.ms,1769509501089000000,1769509561089000000,0
workspaceModel.moduleManagerBridge.set.unloadedModules.ms,1769509501089000000,1769509561089000000,0
workspaceModel.mutableEntityStorage.add.entity.ms,1769509501089000000,1769509561089000000,0
jps.facet.change.listener.init.bridge.ms,1769509501089000000,1769509561089000000,0
workspaceModel.global.apply.state.to.project.builder.ms,1769509501089000000,1769509561089000000,0
workspaceModel.save.cache.to.file.ms,1769509501089000000,1769509561089000000,0
jps.save.changed.project.entities.ms,1769509501089000000,1769509561089000000,0
jps.global.get.library.ms,1769509501089000000,1769509561089000000,0
jps.module.iml.entities.serializer.save.entities.ms,1769509501089000000,1769509561089000000,0
jps.module.iml.entities.serializer.load.entities.ms,1769509501089000000,1769509561089000000,0
workspaceModel.moduleManagerBridge.load.module.ms,1769509501089000000,1769509561089000000,0
workspaceModel.mutableEntityStorage.has.same.entities.ms,1769509501089000000,1769509561089000000,0
FileNameCache.totalMisses,1769509501089000000,1769509561089000000,0
VFS.fileChildByName,1769509501089000000,1769509561089000000,0
VFS.fileByIdCache.hits,1769509501089000000,1769509561089000000,0
VFS.contentStorage.recordsStoredSize,1769509501089000000,1769509561089000000,0
VFS.contentStorage.recordsStoredCompressed,1769509501089000000,1769509561089000000,0
FileNameCache.queries,1769509501089000000,1769509561089000000,0
VFS.contentStorage.recordsRead,1769509501089000000,1769509561089000000,0
VFS.fileByIdCache.misses,1769509501089000000,1769509561089000000,0
VFS.contentStorage.recordsDeduplicated,1769509501089000000,1769509561089000000,0
VFS.contentStorage.recordsStored,1769509501089000000,1769509561089000000,0
VFS.contentStorage.recordsDecompressionTimeUs,1769509501089000000,1769509561089000000,0
VFS.contentStorage.recordsReadDecompressed,1769509501089000000,1769509561089000000,0
VFS.invertedFileNameIndex.requests,1769509501089000000,1769509561089000000,0
VFS.contentStorage.recordsReadSize,1769509501089000000,1769509561089000000,0
VFS.contentStorage.recordsUncompressedSize,1769509501089000000,1769509561089000000,0
cacheStateStorage.get.counter,1769509501089000000,1769509561089000000,0
cacheStateStorage.set.duration,1769509501089000000,1769509561089000000,0
cacheStateStorage.set.counter,1769509501089000000,1769509561089000000,0
cacheStateStorage.get.duration,1769509501089000000,1769509561089000000,0
DiskQueryRelay.tasksExecuted,1769509561089000000,1769509621089000000,49
DiskQueryRelay.taskExecutionTotalTimeUs,1769509561089000000,1769509621089000000,774
writeAction.count,1769509561089000000,1769509621089000000,2
writeAction.median.wait.ms,1769509561089000000,1769509621089000000,0
writeAction.wait.ms,1769509561089000000,1769509621089000000,3
DiskQueryRelay.tasksRequested,1769509561089000000,1769509621089000000,49
writeAction.max.wait.ms,1769509561089000000,1769509621089000000,3
DiskQueryRelay.taskWaitingTotalTimeUs,1769509561089000000,1769509621089000000,977
FlushQueue.queueSizeAvg,1769509561089000000,1769509621089000000,1.786610878661088
WriteAction.executionsCount,1769509561089000000,1769509621089000000,2
FlushQueue.executionTimeAvgNs,1769509561089000000,1769509621089000000,77633.03765690376
FlushQueue.waitingTimeAvgNs,1769509561089000000,1769509621089000000,189413.7071129707
NonBlockingReadAction.failedExecutionTimeUs,1769509561089000000,1769509621089000000,0
FlushQueue.queueSize90P,1769509561089000000,1769509621089000000,7
AWTEventQueue.eventsDispatched,1769509561089000000,1769509621089000000,3176
NonBlockingReadAction.finalizedExecutionTimeUs,1769509561089000000,1769509621089000000,414
AWTEventQueue.dispatchTimeMaxNs,1769509561089000000,1769509621089000000,5832703
FlushQueue.tasksExecuted,1769509561089000000,1769509621089000000,239
AWTEventQueue.dispatchTimeTotalNS,1769509561089000000,1769509621089000000,80248429
FlushQueue.queueSizeMax,1769509561089000000,1769509621089000000,16
ReadAction.executionsCount,1769509561089000000,1769509621089000000,736
AWTEventQueue.dispatchTimeAvgNs,1769509561089000000,1769509621089000000,25270.596977329973
NonBlockingReadAction.finalizedExecutionsCount,1769509561089000000,1769509621089000000,2
AWTEventQueue.dispatchTime90PNs,1769509561089000000,1769509621089000000,25087
FlushQueue.executionTimeMaxNs,1769509561089000000,1769509621089000000,5832703
FlushQueue.executionTime90PNs,1769509561089000000,1769509621089000000,54271
FlushQueue.waitingTimeMaxNs,1769509561089000000,1769509621089000000,5308415
NonBlockingReadAction.failedExecutionsCount,1769509561089000000,1769509621089000000,0
FlushQueue.waitingTime90PNs,1769509561089000000,1769509621089000000,712703
FilePageCacheLockFree.nativeBytesInUse,1769509561089000000,1769509621089000000,0
FilePageCacheLockFree.heapBytesInUse,1769509561089000000,1769509621089000000,0
FilePageCache.pageLoads,1769509561089000000,1769509621089000000,0
MappedFileStorage.totalBytesMapped,1769509561089000000,1769509621089000000,261357568
StorageLockContext.competingThreads.90P,1769509561089000000,1769509621089000000,0
FilePageCacheLockFree.totalPagesHandedOver,1769509561089000000,1769509621089000000,0
StreamlinedBlobStorage.recordsAllocated,1769509561089000000,1769509621089000000,0
FilePageCache.totalPageDisposalsUs,1769509561089000000,1769509621089000000,0
MappedFileStorage.totalTimeSpentOnMappingUs,1769509561089000000,1769509621089000000,12649
FilePageCacheLockFree.totalBytesRequested,1769509561089000000,1769509621089000000,0
FilePageCacheLockFree.totalPagesWritten,1769509561089000000,1769509621089000000,0
FilePageCacheLockFree.totalPagesAllocated,1769509561089000000,1769509621089000000,0
DirectByteBufferAllocator.misses,1769509561089000000,1769509621089000000,0
FilePageCacheLockFree.housekeeperTurnsDone,1769509561089000000,1769509621089000000,0
FilePageCacheLockFree.totalPagesRequested,1769509561089000000,1769509621089000000,0
FileChannelInterruptsRetryer.totalRetriedAttempts,1769509561089000000,1769509621089000000,0
FilePageCacheLockFree.housekeeperTurnsSkipped,1769509561089000000,1769509621089000000,0
FilePageCacheLockFree.totalNativeBytesReclaimed,1769509561089000000,1769509621089000000,0
DirectByteBufferAllocator.totalSizeOfBuffersAllocatedInBytes,1769509561089000000,1769509621089000000,156262400
StreamlinedBlobStorage.totalLiveRecordsCapacityBytes,1769509561089000000,1769509621089000000,0
FilePageCache.disposedBuffers,1769509561089000000,1769509621089000000,0
FilePageCacheLockFree.totalHeapBytesAllocated,1769509561089000000,1769509621089000000,0
DirectByteBufferAllocator.hits,1769509561089000000,1769509621089000000,0
FilePageCacheLockFree.totalPagesWriteMs,1769509561089000000,1769509621089000000,0
FilePageCache.uncachedFileAccess,1769509561089000000,1769509621089000000,3
MappedFileStorage.storages,1769509561089000000,1769509621089000000,16
FilePageCacheLockFree.totalPagesReadMs,1769509561089000000,1769509621089000000,0
DirectByteBufferAllocator.totalSizeOfBuffersCachedInBytes,1769509561089000000,1769509621089000000,0
FilePageCacheLockFree.housekeeperTimeSpentMs,1769509561089000000,1769509621089000000,0
MappedFileStorage.totalPagesMapped,1769509561089000000,1769509621089000000,21
FilePageCache.maxCacheSizeInBytes,1769509561089000000,1769509621089000000,156262400
FilePageCache.maxRegisteredFiles,1769509561089000000,1769509621089000000,252
StorageLockContext.competingThreads.max,1769509561089000000,1769509621089000000,0
FilePageCacheLockFree.totalPagesReclaimed,1769509561089000000,1769509621089000000,0
FilePageCache.capacityInBytes,1769509561089000000,1769509621089000000,503316478
FilePageCache.pageLoadsAboveSizeThreshold,1769509561089000000,1769509621089000000,0
FilePageCacheLockFree.totalPageAllocationsWaited,1769509561089000000,1769509621089000000,0
FilePageCache.pageHits,1769509561089000000,1769509621089000000,0
FilePageCache.totalPageLoadsUs,1769509561089000000,1769509621089000000,0
FilePageCacheLockFree.totalNativeBytesAllocated,1769509561089000000,1769509621089000000,0
FilePageCache.pageFastCacheHits,1769509561089000000,1769509621089000000,20
DirectByteBufferAllocator.reclaimed,1769509561089000000,1769509621089000000,0
StreamlinedBlobStorage.recordsDeleted,1769509561089000000,1769509621089000000,0
FilePageCacheLockFree.totalClosedStoragesReclaimed,1769509561089000000,1769509621089000000,0
StreamlinedBlobStorage.totalLiveRecordsPayloadBytes,1769509561089000000,1769509621089000000,0
DirectByteBufferAllocator.disposed,1769509561089000000,1769509621089000000,0
FilePageCacheLockFree.totalPagesRequestsMs,1769509561089000000,1769509621089000000,0
FilePageCacheLockFree.totalHeapBytesReclaimed,1769509561089000000,1769509621089000000,0
FilePageCacheLockFree.totalBytesWritten,1769509561089000000,1769509621089000000,0
FilePageCacheLockFree.totalBytesRead,1769509561089000000,1769509621089000000,0
StorageLockContext.competingThreads.avg,1769509561089000000,1769509621089000000,0.0
StreamlinedBlobStorage.recordsRelocated,1769509561089000000,1769509621089000000,0
JVM.usedNativeBytes,1769509561089000000,1769509621089000000,376711272
JVM.totalDirectByteBuffersBytes,1769509561089000000,1769509621089000000,156593056
JVM.totalTimeToSafepointsMs,1769509561089000000,1769509621089000000,0
JVM.totalCpuTimeMs,1769509561089000000,1769509621089000000,680
JVM.usedHeapBytes,1769509561089000000,1769509621089000000,571230136
JVM.totalTimeAtSafepointsMs,1769509561089000000,1769509621089000000,1
JVM.GC.collectionTimesMs,1769509561089000000,1769509621089000000,0
JVM.totalSafepointCount,1769509561089000000,1769509621089000000,2
JVM.maxHeapBytes,1769509561089000000,1769509621089000000,4196401152
JVM.newThreadsCount,1769509561089000000,1769509621089000000,7
JVM.GC.collections,1769509561089000000,1769509621089000000,0
OS.loadAverage,1769509561089000000,1769509621089000000,1.32958984375
JVM.maxThreadCount,1769509561089000000,1769509621089000000,143
JVM.totalBytesAllocated,1769509561089000000,1769509621089000000,30361872
JVM.threadCount,1769509561089000000,1769509621089000000,58
workspaceModel.workspaceFileIndexData.updateDirtyEntities.ms,1769509561089000000,1769509621089000000,0
workspaceModel.updates.precise.ms,1769509561089000000,1769509621089000000,0
workspaceModel.cachedValueWithParameters.calculated.count,1769509561089000000,1769509621089000000,0
workspaceModel.cachedValueWithParameters.total.get.count,1769509561089000000,1769509621089000000,0
workspaceModel.cachedValue.calculated.count,1769509561089000000,1769509621089000000,0
workspaceModel.to.snapshot.ms,1769509561089000000,1769509621089000000,0
workspaceModel.loading.total.ms,1769509561089000000,1769509621089000000,0
workspaceModel.on.changed.ms,1769509561089000000,1769509621089000000,0
workspaceModel.replace.project.model.ms,1769509561089000000,1769509621089000000,0
workspaceModel.workspaceFileIndexContributor.registerFileSets.ms,1769509561089000000,1769509621089000000,0
workspaceModel.update.unloaded.entities.ms,1769509561089000000,1769509621089000000,0
workspaceModel.workspaceFileIndexData.markDirty.ms,1769509561089000000,1769509621089000000,0
workspaceModel.workspaceFileIndexData.init.ms,1769509561089000000,1769509621089000000,0
workspaceModel.workspaceFileIndexData.getPackageName.ms,1769509561089000000,1769509621089000000,0
workspaceModel.cachedValue.clear.count,1769509561089000000,1769509621089000000,0
workspaceModel.collect.changes.ms,1769509561089000000,1769509621089000000,0
workspaceModel.init.bridges.ms,1769509561089000000,1769509621089000000,0
workspaceModel.check.recursive.update.ms,1769509561089000000,1769509621089000000,0
workspaceModel.workspaceFileIndexData.getFileInfo.ms,1769509561089000000,1769509621089000000,0
workspaceModel.workspaceFileIndexData.processFileSets.ms,1769509561089000000,1769509621089000000,0
workspaceModel.entityStorageSnapshotImpl.instances.count,1769509561089000000,1769509621089000000,0
workspaceModel.on.before.changed.ms,1769509561089000000,1769509621089000000,0
workspaceModel.cachedValueWithParameters.clear.count,1769509561089000000,1769509621089000000,0
workspaceModel.workspaceFileIndexData.onEntitiesChanged.ms,1769509561089000000,1769509621089000000,0
workspaceModel.workspaceFileIndexData.visitFileSets.ms,1769509561089000000,1769509621089000000,0
workspaceModel.workspaceFileIndexData.instances.count,1769509561089000000,1769509621089000000,0
workspaceModel.initializing.ms,1769509561089000000,1769509621089000000,0
workspaceModel.full.replace.project.model.ms,1769509561089000000,1769509621089000000,0
workspaceModel.updates.ms,1769509561089000000,1769509621089000000,0
workspaceModel.cachedValue.from.cache.count,1769509561089000000,1769509621089000000,47
workspaceModel.loading.from.cache.ms,1769509561089000000,1769509621089000000,0
workspaceModel.workspaceFileIndexData.getDirectoriesByPackageName.ms,1769509561089000000,1769509621089000000,0
workspaceModel.cachedValueWithParameters.from.cache.count,1769509561089000000,1769509621089000000,0
workspaceModel.cachedValue.total.get.count,1769509561089000000,1769509621089000000,47
workspaceModel.pre.handlers.ms,1769509561089000000,1769509621089000000,0
workspaceModel.updates.count,1769509561089000000,1769509621089000000,0
Indexing.writesQueuedMin,1769509561089000000,1769509621089000000,0
Indexes.stubs.lookups,1769509561089000000,1769509621089000000,0
Indexing.writer_0.totalTimeSpentWritingMs,1769509561089000000,1769509621089000000,0
Indexes.stubs.lookupDurationAvgMs,1769509561089000000,1769509621089000000,0.0
Indexing.totalTimeIndexersSleptMs,1769509561089000000,1769509621089000000,0
IndexesFlusher.totalFlushesRetried,1769509561089000000,1769509621089000000,0
IndexesFlusher.totalFlushes,1769509561089000000,1769509621089000000,59
Indexes.entries.lookupDurationAvgMs,1769509561089000000,1769509621089000000,0.0
Indexes.allKeys.lookupDuration90PMs,1769509561089000000,1769509621089000000,0.0
Indexing.cache.totalCacheEvicted,1769509561089000000,1769509621089000000,0
Indexes.entries.lookupDurationMaxMs,1769509561089000000,1769509621089000000,0.0
Indexing.writesQueuedAvg,1769509561089000000,1769509621089000000,0.0
IndexesFlusher.totalFlushingTimeUs,1769509561089000000,1769509621089000000,28740
Indexes.entries.lookups,1769509561089000000,1769509621089000000,0
Indexes.allKeys.lookupDurationMaxMs,1769509561089000000,1769509621089000000,0.0
Indexes.entries.lookupDuration90PMs,1769509561089000000,1769509621089000000,0.0
Indexing.writer_3.totalTimeSpentWritingMs,1769509561089000000,1769509621089000000,0
IndexesFlusher.totalContentionQuotaSpent,1769509561089000000,1769509621089000000,0
Indexing.writer_1.totalTimeSpentWritingMs,1769509561089000000,1769509621089000000,0
Indexing.cache.totalCacheMisses,1769509561089000000,1769509621089000000,0
Indexes.allKeys.lookups,1769509561089000000,1769509621089000000,0
Indexing.writer_2.totalTimeSpentWritingMs,1769509561089000000,1769509621089000000,0
Indexes.stubs.lookupDuration90PMs,1769509561089000000,1769509621089000000,0.0
Indexes.allKeys.lookupDurationAvgMs,1769509561089000000,1769509621089000000,0.0
Indexing.writesQueuedMax,1769509561089000000,1769509621089000000,0
Indexing.cache.totalCacheAccesses,1769509561089000000,1769509621089000000,0
Indexes.stubs.lookupDurationMaxMs,1769509561089000000,1769509621089000000,0.0
workspaceModel.load.cache.from.file.ms,1769509561089000000,1769509621089000000,0
jps.global.get.library.by.name.ms,1769509561089000000,1769509621089000000,0
workspaceModel.global.updates.count,1769509561089000000,1769509621089000000,0
workspaceModel.mutableEntityStorage.referrers.ms,1769509561089000000,1769509621089000000,0
workspaceModel.do.save.caches.ms,1769509561089000000,1769509621089000000,0
workspaceModel.global.apply.state.to.project.ms,1769509561089000000,1769509621089000000,0
workspaceModel.mutableEntityStorage.changeLog.addReplaceEventForNewChild.ms,1769509561089000000,1769509621089000000,0
jps.artifact.entities.serializer.load.entities.ms,1769509561089000000,1769509621089000000,0
jps.library.entities.serializer.load.entities.ms,1769509561089000000,1769509621089000000,0
workspaceModel.mutableEntityStorage.entities.by.source.ms,1769509561089000000,1769509621089000000,0
jps.global.handle.before.change.events.ms,1769509561089000000,1769509621089000000,0
jps.storage.jps.conf.reader.load.component.ms,1769509561089000000,1769509621089000000,0
workspaceModel.mutableEntityStorage.remove.entity.ms,1769509561089000000,1769509621089000000,0
jps.reload.project.entities.ms,1769509561089000000,1769509621089000000,0
workspaceModel.mutableEntityStorage.mutable.ext.mapping.ms,1769509561089000000,1769509621089000000,0
jps.module.dependency.index.workspace.model.listener.on.changed.ms,1769509561089000000,1769509621089000000,0
jps.project.serializers.save.ms,1769509561089000000,1769509621089000000,0
workspaceModel.mutableEntityStorage.replace.by.source.ms,1769509561089000000,1769509621089000000,0
workspaceModel.moduleManagerBridge.build.module.graph.ms,1769509561089000000,1769509621089000000,0
workspaceModel.delayed.project.synchronizer.sync.ms,1769509561089000000,1769509621089000000,0
jps.save.global.entities.ms,1769509561089000000,1769509621089000000,0
workspaceModel.moduleBridge.update.option.ms,1769509561089000000,1769509621089000000,0
workspaceModel.moduleBridge.before.changed.ms,1769509561089000000,1769509621089000000,0
jps.app.storage.content.writer.save.component.ms,1769509561089000000,1769509621089000000,0
workspaceModel.mutableEntityStorage.mutable.vfurl.index.ms,1769509561089000000,1769509621089000000,0
workspaceModel.mutableEntityStorage.modify.entity.ms,1769509561089000000,1769509621089000000,0
workspaceModel.moduleBridgeLoader.loading.modules.ms,1769509561089000000,1769509621089000000,0
workspaceModel.moduleManagerBridge.get.modules.ms,1769509561089000000,1769509621089000000,0
jps.global.initialize.library.bridges.after.loading.ms,1769509561089000000,1769509621089000000,0
workspaceModel.mutableEntityStorage.collect.changes.ms,1769509561089000000,1769509621089000000,0
workspaceModel.mutableEntityStorage.changeLog.addReplaceEventForRemovedParent.ms,1769509561089000000,1769509621089000000,0
jps.global.initialize.library.bridges.ms,1769509561089000000,1769509621089000000,0
workspaceModel.mutableEntityStorage.put.entity.ms,1769509561089000000,1769509621089000000,0
workspaceModel.mutableEntityStorage.changeLog.addReplaceEventForNewParent.ms,1769509561089000000,1769509621089000000,0
workspaceModel.moduleManagerBridge.new.nonPersistent.module.ms,1769509561089000000,1769509621089000000,0
jps.artifact.entities.serializer.save.entities.ms,1769509561089000000,1769509621089000000,0
jps.app.storage.content.reader.load.component.ms,1769509561089000000,1769509621089000000,0
workspaceModel.moduleManagerBridge.load.all.modules.ms,1769509561089000000,1769509621089000000,0
jps.facet.change.listener.before.change.events.ms,1769509561089000000,1769509621089000000,0
workspaceModel.mutableEntityStorage.entities.ms,1769509561089000000,1769509621089000000,0
workspaceModel.mutableEntityStorage.instances.count,1769509561089000000,1769509621089000000,0
workspaceModel.mutableEntityStorage.to.snapshot.ms,1769509561089000000,1769509621089000000,0
jps.load.initial.state.ms,1769509561089000000,1769509621089000000,0
workspaceModel.global.updates.ms,1769509561089000000,1769509621089000000,0
jps.apply.loaded.storage.ms,1769509561089000000,1769509621089000000,0
jps.global.get.libraries.ms,1769509561089000000,1769509621089000000,0
workspaceModel.mutableEntityStorage.resolve.ms,1769509561089000000,1769509621089000000,0
workspaceModel.moduleManagerBridge.newModule.ms,1769509561089000000,1769509621089000000,0
jps.facet.change.listener.process.change.events.ms,1769509561089000000,1769509621089000000,0
workspaceModel.moduleBridge.facet.initialization.ms,1769509561089000000,1769509621089000000,0
jps.project.serializers.load.ms,1769509561089000000,1769509621089000000,0
jps.library.entities.serializer.save.entities.ms,1769509561089000000,1769509621089000000,0
workspaceModel.load.cache.metadata.from.file.ms,1769509561089000000,1769509621089000000,0
jps.global.handle.changed.events.ms,1769509561089000000,1769509621089000000,0
workspaceModel.sync.entities.ms,1769509561089000000,1769509621089000000,0
jps.load.project.to.empty.storage.ms,1769509561089000000,1769509621089000000,0
workspaceModel.mutableEntityStorage.apply.changes.from.ms,1769509561089000000,1769509621089000000,0
workspaceModel.orphan.listener.update.ms,1769509561089000000,1769509621089000000,0
workspaceModel.moduleManagerBridge.create.module.instance.ms,1769509561089000000,1769509621089000000,0
workspaceModel.mutableEntityStorage.changeLog.addReplaceEventForRemovedChild.ms,1769509561089000000,1769509621089000000,0
workspaceModel.moduleManagerBridge.set.unloadedModules.ms,1769509561089000000,1769509621089000000,0
workspaceModel.mutableEntityStorage.add.entity.ms,1769509561089000000,1769509621089000000,0
jps.facet.change.listener.init.bridge.ms,1769509561089000000,1769509621089000000,0
workspaceModel.global.apply.state.to.project.builder.ms,1769509561089000000,1769509621089000000,0
workspaceModel.save.cache.to.file.ms,1769509561089000000,1769509621089000000,0
jps.save.changed.project.entities.ms,1769509561089000000,1769509621089000000,0
jps.global.get.library.ms,1769509561089000000,1769509621089000000,0
jps.module.iml.entities.serializer.save.entities.ms,1769509561089000000,1769509621089000000,0
jps.module.iml.entities.serializer.load.entities.ms,1769509561089000000,1769509621089000000,0
workspaceModel.moduleManagerBridge.load.module.ms,1769509561089000000,1769509621089000000,0
workspaceModel.mutableEntityStorage.has.same.entities.ms,1769509561089000000,1769509621089000000,0
FileNameCache.totalMisses,1769509561089000000,1769509621089000000,0
VFS.fileChildByName,1769509561089000000,1769509621089000000,183
VFS.fileByIdCache.hits,1769509561089000000,1769509621089000000,0
VFS.contentStorage.recordsStoredSize,1769509561089000000,1769509621089000000,0
VFS.contentStorage.recordsStoredCompressed,1769509561089000000,1769509621089000000,0
FileNameCache.queries,1769509561089000000,1769509621089000000,1408
VFS.contentStorage.recordsRead,1769509561089000000,1769509621089000000,0
VFS.fileByIdCache.misses,1769509561089000000,1769509621089000000,0
VFS.contentStorage.recordsDeduplicated,1769509561089000000,1769509621089000000,1
VFS.contentStorage.recordsStored,1769509561089000000,1769509621089000000,0
VFS.contentStorage.recordsDecompressionTimeUs,1769509561089000000,1769509621089000000,0
VFS.contentStorage.recordsReadDecompressed,1769509561089000000,1769509621089000000,0
VFS.invertedFileNameIndex.requests,1769509561089000000,1769509621089000000,0
VFS.contentStorage.recordsReadSize,1769509561089000000,1769509621089000000,0
VFS.contentStorage.recordsUncompressedSize,1769509561089000000,1769509621089000000,0
cacheStateStorage.get.counter,1769509561089000000,1769509621089000000,0
cacheStateStorage.set.duration,1769509561089000000,1769509621089000000,0
cacheStateStorage.set.counter,1769509561089000000,1769509621089000000,0
cacheStateStorage.get.duration,1769509561089000000,1769509621089000000,0
DiskQueryRelay.tasksExecuted,1769509621089000000,1769509681089000000,0
DiskQueryRelay.taskExecutionTotalTimeUs,1769509621089000000,1769509681089000000,0
writeAction.count,1769509621089000000,1769509681089000000,0
writeAction.median.wait.ms,1769509621089000000,1769509681089000000,0
writeAction.wait.ms,1769509621089000000,1769509681089000000,0
DiskQueryRelay.tasksRequested,1769509621089000000,1769509681089000000,0
writeAction.max.wait.ms,1769509621089000000,1769509681089000000,3
DiskQueryRelay.taskWaitingTotalTimeUs,1769509621089000000,1769509681089000000,0
FlushQueue.queueSizeAvg,1769509621089000000,1769509681089000000,0.0
WriteAction.executionsCount,1769509621089000000,1769509681089000000,0
FlushQueue.executionTimeAvgNs,1769509621089000000,1769509681089000000,14793.6
FlushQueue.waitingTimeAvgNs,1769509621089000000,1769509681089000000,36040.0
NonBlockingReadAction.failedExecutionTimeUs,1769509621089000000,1769509681089000000,0
FlushQueue.queueSize90P,1769509621089000000,1769509681089000000,0
AWTEventQueue.eventsDispatched,1769509621089000000,1769509681089000000,3121
NonBlockingReadAction.finalizedExecutionTimeUs,1769509621089000000,1769509681089000000,1029
AWTEventQueue.dispatchTimeMaxNs,1769509621089000000,1769509681089000000,202751
FlushQueue.tasksExecuted,1769509621089000000,1769509681089000000,120
AWTEventQueue.dispatchTimeTotalNS,1769509621089000000,1769509681089000000,53785867
FlushQueue.queueSizeMax,1769509621089000000,1769509681089000000,0
ReadAction.executionsCount,1769509621089000000,1769509681089000000,10808
AWTEventQueue.dispatchTimeAvgNs,1769509621089000000,1769509681089000000,17233.009932713874
NonBlockingReadAction.finalizedExecutionsCount,1769509621089000000,1769509681089000000,2
AWTEventQueue.dispatchTime90PNs,1769509621089000000,1769509681089000000,20991
FlushQueue.executionTimeMaxNs,1769509621089000000,1769509681089000000,33023
FlushQueue.executionTime90PNs,1769509621089000000,1769509681089000000,16127
FlushQueue.waitingTimeMaxNs,1769509621089000000,1769509681089000000,51199
NonBlockingReadAction.failedExecutionsCount,1769509621089000000,1769509681089000000,0
FlushQueue.waitingTime90PNs,1769509621089000000,1769509681089000000,43263
FilePageCacheLockFree.nativeBytesInUse,1769509621089000000,1769509681089000000,0
FilePageCacheLockFree.heapBytesInUse,1769509621089000000,1769509681089000000,0
FilePageCache.pageLoads,1769509621089000000,1769509681089000000,0
MappedFileStorage.totalBytesMapped,1769509621089000000,1769509681089000000,261357568
StorageLockContext.competingThreads.90P,1769509621089000000,1769509681089000000,0
FilePageCacheLockFree.totalPagesHandedOver,1769509621089000000,1769509681089000000,0
StreamlinedBlobStorage.recordsAllocated,1769509621089000000,1769509681089000000,0
FilePageCache.totalPageDisposalsUs,1769509621089000000,1769509681089000000,0
MappedFileStorage.totalTimeSpentOnMappingUs,1769509621089000000,1769509681089000000,12649
FilePageCacheLockFree.totalBytesRequested,1769509621089000000,1769509681089000000,0
FilePageCacheLockFree.totalPagesWritten,1769509621089000000,1769509681089000000,0
FilePageCacheLockFree.totalPagesAllocated,1769509621089000000,1769509681089000000,0
DirectByteBufferAllocator.misses,1769509621089000000,1769509681089000000,0
FilePageCacheLockFree.housekeeperTurnsDone,1769509621089000000,1769509681089000000,0
FilePageCacheLockFree.totalPagesRequested,1769509621089000000,1769509681089000000,0
FileChannelInterruptsRetryer.totalRetriedAttempts,1769509621089000000,1769509681089000000,0
FilePageCacheLockFree.housekeeperTurnsSkipped,1769509621089000000,1769509681089000000,0
FilePageCacheLockFree.totalNativeBytesReclaimed,1769509621089000000,1769509681089000000,0
DirectByteBufferAllocator.totalSizeOfBuffersAllocatedInBytes,1769509621089000000,1769509681089000000,156262400
StreamlinedBlobStorage.totalLiveRecordsCapacityBytes,1769509621089000000,1769509681089000000,0
FilePageCache.disposedBuffers,1769509621089000000,1769509681089000000,0
FilePageCacheLockFree.totalHeapBytesAllocated,1769509621089000000,1769509681089000000,0
DirectByteBufferAllocator.hits,1769509621089000000,1769509681089000000,0
FilePageCacheLockFree.totalPagesWriteMs,1769509621089000000,1769509681089000000,0
FilePageCache.uncachedFileAccess,1769509621089000000,1769509681089000000,0
MappedFileStorage.storages,1769509621089000000,1769509681089000000,16
FilePageCacheLockFree.totalPagesReadMs,1769509621089000000,1769509681089000000,0
DirectByteBufferAllocator.totalSizeOfBuffersCachedInBytes,1769509621089000000,1769509681089000000,0
FilePageCacheLockFree.housekeeperTimeSpentMs,1769509621089000000,1769509681089000000,0
MappedFileStorage.totalPagesMapped,1769509621089000000,1769509681089000000,21
FilePageCache.maxCacheSizeInBytes,1769509621089000000,1769509681089000000,156262400
FilePageCache.maxRegisteredFiles,1769509621089000000,1769509681089000000,252
StorageLockContext.competingThreads.max,1769509621089000000,1769509681089000000,0
FilePageCacheLockFree.totalPagesReclaimed,1769509621089000000,1769509681089000000,0
FilePageCache.capacityInBytes,1769509621089000000,1769509681089000000,503316478
FilePageCache.pageLoadsAboveSizeThreshold,1769509621089000000,1769509681089000000,0
FilePageCacheLockFree.totalPageAllocationsWaited,1769509621089000000,1769509681089000000,0
FilePageCache.pageHits,1769509621089000000,1769509681089000000,0
FilePageCache.totalPageLoadsUs,1769509621089000000,1769509681089000000,0
FilePageCacheLockFree.totalNativeBytesAllocated,1769509621089000000,1769509681089000000,0
FilePageCache.pageFastCacheHits,1769509621089000000,1769509681089000000,0
DirectByteBufferAllocator.reclaimed,1769509621089000000,1769509681089000000,0
StreamlinedBlobStorage.recordsDeleted,1769509621089000000,1769509681089000000,0
FilePageCacheLockFree.totalClosedStoragesReclaimed,1769509621089000000,1769509681089000000,0
StreamlinedBlobStorage.totalLiveRecordsPayloadBytes,1769509621089000000,1769509681089000000,0
DirectByteBufferAllocator.disposed,1769509621089000000,1769509681089000000,0
FilePageCacheLockFree.totalPagesRequestsMs,1769509621089000000,1769509681089000000,0
FilePageCacheLockFree.totalHeapBytesReclaimed,1769509621089000000,1769509681089000000,0
FilePageCacheLockFree.totalBytesWritten,1769509621089000000,1769509681089000000,0
FilePageCacheLockFree.totalBytesRead,1769509621089000000,1769509681089000000,0
StorageLockContext.competingThreads.avg,1769509621089000000,1769509681089000000,0.0
StreamlinedBlobStorage.recordsRelocated,1769509621089000000,1769509681089000000,0
JVM.usedNativeBytes,1769509621089000000,1769509681089000000,372339072
JVM.totalDirectByteBuffersBytes,1769509621089000000,1769509681089000000,156581164
JVM.totalTimeToSafepointsMs,1769509621089000000,1769509681089000000,0
JVM.totalCpuTimeMs,1769509621089000000,1769509681089000000,1240
JVM.usedHeapBytes,1769509621089000000,1769509681089000000,509093464
JVM.totalTimeAtSafepointsMs,1769509621089000000,1769509681089000000,21
JVM.GC.collectionTimesMs,1769509621089000000,1769509681089000000,21
JVM.totalSafepointCount,1769509621089000000,1769509681089000000,5
JVM.maxHeapBytes,1769509621089000000,1769509681089000000,4196401152
JVM.newThreadsCount,1769509621089000000,1769509681089000000,0
JVM.GC.collections,1769509621089000000,1769509681089000000,3
OS.loadAverage,1769509621089000000,1769509681089000000,1.31005859375
JVM.maxThreadCount,1769509621089000000,1769509681089000000,143
JVM.totalBytesAllocated,1769509621089000000,1769509681089000000,100642952
JVM.threadCount,1769509621089000000,1769509681089000000,47
workspaceModel.workspaceFileIndexData.updateDirtyEntities.ms,1769509621089000000,1769509681089000000,0
workspaceModel.updates.precise.ms,1769509621089000000,1769509681089000000,0
workspaceModel.cachedValueWithParameters.calculated.count,1769509621089000000,1769509681089000000,0
workspaceModel.cachedValueWithParameters.total.get.count,1769509621089000000,1769509681089000000,0
workspaceModel.cachedValue.calculated.count,1769509621089000000,1769509681089000000,0
workspaceModel.to.snapshot.ms,1769509621089000000,1769509681089000000,0
workspaceModel.loading.total.ms,1769509621089000000,1769509681089000000,0
workspaceModel.on.changed.ms,1769509621089000000,1769509681089000000,0
workspaceModel.replace.project.model.ms,1769509621089000000,1769509681089000000,0
workspaceModel.workspaceFileIndexContributor.registerFileSets.ms,1769509621089000000,1769509681089000000,0
workspaceModel.update.unloaded.entities.ms,1769509621089000000,1769509681089000000,0
workspaceModel.workspaceFileIndexData.markDirty.ms,1769509621089000000,1769509681089000000,0
workspaceModel.workspaceFileIndexData.init.ms,1769509621089000000,1769509681089000000,0
workspaceModel.workspaceFileIndexData.getPackageName.ms,1769509621089000000,1769509681089000000,0
workspaceModel.cachedValue.clear.count,1769509621089000000,1769509681089000000,0
workspaceModel.collect.changes.ms,1769509621089000000,1769509681089000000,0
workspaceModel.init.bridges.ms,1769509621089000000,1769509681089000000,0
workspaceModel.check.recursive.update.ms,1769509621089000000,1769509681089000000,0
workspaceModel.workspaceFileIndexData.getFileInfo.ms,1769509621089000000,1769509681089000000,1
workspaceModel.workspaceFileIndexData.processFileSets.ms,1769509621089000000,1769509681089000000,0
workspaceModel.entityStorageSnapshotImpl.instances.count,1769509621089000000,1769509681089000000,0
workspaceModel.on.before.changed.ms,1769509621089000000,1769509681089000000,0
workspaceModel.cachedValueWithParameters.clear.count,1769509621089000000,1769509681089000000,0
workspaceModel.workspaceFileIndexData.onEntitiesChanged.ms,1769509621089000000,1769509681089000000,0
workspaceModel.workspaceFileIndexData.visitFileSets.ms,1769509621089000000,1769509681089000000,0
workspaceModel.workspaceFileIndexData.instances.count,1769509621089000000,1769509681089000000,0
workspaceModel.initializing.ms,1769509621089000000,1769509681089000000,0
workspaceModel.full.replace.project.model.ms,1769509621089000000,1769509681089000000,0
workspaceModel.updates.ms,1769509621089000000,1769509681089000000,0
workspaceModel.cachedValue.from.cache.count,1769509621089000000,1769509681089000000,1
workspaceModel.loading.from.cache.ms,1769509621089000000,1769509681089000000,0
workspaceModel.workspaceFileIndexData.getDirectoriesByPackageName.ms,1769509621089000000,1769509681089000000,0
workspaceModel.cachedValueWithParameters.from.cache.count,1769509621089000000,1769509681089000000,0
workspaceModel.cachedValue.total.get.count,1769509621089000000,1769509681089000000,1
workspaceModel.pre.handlers.ms,1769509621089000000,1769509681089000000,0
workspaceModel.updates.count,1769509621089000000,1769509681089000000,0
Indexing.writesQueuedMin,1769509621089000000,1769509681089000000,0
Indexes.stubs.lookups,1769509621089000000,1769509681089000000,0
Indexing.writer_0.totalTimeSpentWritingMs,1769509621089000000,1769509681089000000,0
Indexes.stubs.lookupDurationAvgMs,1769509621089000000,1769509681089000000,0.0
Indexing.totalTimeIndexersSleptMs,1769509621089000000,1769509681089000000,0
IndexesFlusher.totalFlushesRetried,1769509621089000000,1769509681089000000,0
IndexesFlusher.totalFlushes,1769509621089000000,1769509681089000000,60
Indexes.entries.lookupDurationAvgMs,1769509621089000000,1769509681089000000,0.0
Indexes.allKeys.lookupDuration90PMs,1769509621089000000,1769509681089000000,0.0
Indexing.cache.totalCacheEvicted,1769509621089000000,1769509681089000000,0
Indexes.entries.lookupDurationMaxMs,1769509621089000000,1769509681089000000,0.0
Indexing.writesQueuedAvg,1769509621089000000,1769509681089000000,0.0
IndexesFlusher.totalFlushingTimeUs,1769509621089000000,1769509681089000000,28050
Indexes.entries.lookups,1769509621089000000,1769509681089000000,0
Indexes.allKeys.lookupDurationMaxMs,1769509621089000000,1769509681089000000,0.0
Indexes.entries.lookupDuration90PMs,1769509621089000000,1769509681089000000,0.0
Indexing.writer_3.totalTimeSpentWritingMs,1769509621089000000,1769509681089000000,0
IndexesFlusher.totalContentionQuotaSpent,1769509621089000000,1769509681089000000,0
Indexing.writer_1.totalTimeSpentWritingMs,1769509621089000000,1769509681089000000,0
Indexing.cache.totalCacheMisses,1769509621089000000,1769509681089000000,0
Indexes.allKeys.lookups,1769509621089000000,1769509681089000000,0
Indexing.writer_2.totalTimeSpentWritingMs,1769509621089000000,1769509681089000000,0
Indexes.stubs.lookupDuration90PMs,1769509621089000000,1769509681089000000,0.0
Indexes.allKeys.lookupDurationAvgMs,1769509621089000000,1769509681089000000,0.0
Indexing.writesQueuedMax,1769509621089000000,1769509681089000000,0
Indexing.cache.totalCacheAccesses,1769509621089000000,1769509681089000000,0
Indexes.stubs.lookupDurationMaxMs,1769509621089000000,1769509681089000000,0.0
workspaceModel.load.cache.from.file.ms,1769509621089000000,1769509681089000000,0
jps.global.get.library.by.name.ms,1769509621089000000,1769509681089000000,0
workspaceModel.global.updates.count,1769509621089000000,1769509681089000000,0
workspaceModel.mutableEntityStorage.referrers.ms,1769509621089000000,1769509681089000000,0
workspaceModel.do.save.caches.ms,1769509621089000000,1769509681089000000,0
workspaceModel.global.apply.state.to.project.ms,1769509621089000000,1769509681089000000,0
workspaceModel.mutableEntityStorage.changeLog.addReplaceEventForNewChild.ms,1769509621089000000,1769509681089000000,0
jps.artifact.entities.serializer.load.entities.ms,1769509621089000000,1769509681089000000,0
jps.library.entities.serializer.load.entities.ms,1769509621089000000,1769509681089000000,0
workspaceModel.mutableEntityStorage.entities.by.source.ms,1769509621089000000,1769509681089000000,0
jps.global.handle.before.change.events.ms,1769509621089000000,1769509681089000000,0
jps.storage.jps.conf.reader.load.component.ms,1769509621089000000,1769509681089000000,0
workspaceModel.mutableEntityStorage.remove.entity.ms,1769509621089000000,1769509681089000000,0
jps.reload.project.entities.ms,1769509621089000000,1769509681089000000,0
workspaceModel.mutableEntityStorage.mutable.ext.mapping.ms,1769509621089000000,1769509681089000000,0
jps.module.dependency.index.workspace.model.listener.on.changed.ms,1769509621089000000,1769509681089000000,0
jps.project.serializers.save.ms,1769509621089000000,1769509681089000000,0
workspaceModel.mutableEntityStorage.replace.by.source.ms,1769509621089000000,1769509681089000000,0
workspaceModel.moduleManagerBridge.build.module.graph.ms,1769509621089000000,1769509681089000000,0
workspaceModel.delayed.project.synchronizer.sync.ms,1769509621089000000,1769509681089000000,0
jps.save.global.entities.ms,1769509621089000000,1769509681089000000,0
workspaceModel.moduleBridge.update.option.ms,1769509621089000000,1769509681089000000,0
workspaceModel.moduleBridge.before.changed.ms,1769509621089000000,1769509681089000000,0
jps.app.storage.content.writer.save.component.ms,1769509621089000000,1769509681089000000,0
workspaceModel.mutableEntityStorage.mutable.vfurl.index.ms,1769509621089000000,1769509681089000000,0
workspaceModel.mutableEntityStorage.modify.entity.ms,1769509621089000000,1769509681089000000,0
workspaceModel.moduleBridgeLoader.loading.modules.ms,1769509621089000000,1769509681089000000,0
workspaceModel.moduleManagerBridge.get.modules.ms,1769509621089000000,1769509681089000000,0
jps.global.initialize.library.bridges.after.loading.ms,1769509621089000000,1769509681089000000,0
workspaceModel.mutableEntityStorage.collect.changes.ms,1769509621089000000,1769509681089000000,0
workspaceModel.mutableEntityStorage.changeLog.addReplaceEventForRemovedParent.ms,1769509621089000000,1769509681089000000,0
jps.global.initialize.library.bridges.ms,1769509621089000000,1769509681089000000,0
workspaceModel.mutableEntityStorage.put.entity.ms,1769509621089000000,1769509681089000000,0
workspaceModel.mutableEntityStorage.changeLog.addReplaceEventForNewParent.ms,1769509621089000000,1769509681089000000,0
workspaceModel.moduleManagerBridge.new.nonPersistent.module.ms,1769509621089000000,1769509681089000000,0
jps.artifact.entities.serializer.save.entities.ms,1769509621089000000,1769509681089000000,0
jps.app.storage.content.reader.load.component.ms,1769509621089000000,1769509681089000000,0
workspaceModel.moduleManagerBridge.load.all.modules.ms,1769509621089000000,1769509681089000000,0
jps.facet.change.listener.before.change.events.ms,1769509621089000000,1769509681089000000,0
workspaceModel.mutableEntityStorage.entities.ms,1769509621089000000,1769509681089000000,0
workspaceModel.mutableEntityStorage.instances.count,1769509621089000000,1769509681089000000,0
workspaceModel.mutableEntityStorage.to.snapshot.ms,1769509621089000000,1769509681089000000,0
jps.load.initial.state.ms,1769509621089000000,1769509681089000000,0
workspaceModel.global.updates.ms,1769509621089000000,1769509681089000000,0
jps.apply.loaded.storage.ms,1769509621089000000,1769509681089000000,0
jps.global.get.libraries.ms,1769509621089000000,1769509681089000000,0
workspaceModel.mutableEntityStorage.resolve.ms,1769509621089000000,1769509681089000000,0
workspaceModel.moduleManagerBridge.newModule.ms,1769509621089000000,1769509681089000000,0
jps.facet.change.listener.process.change.events.ms,1769509621089000000,1769509681089000000,0
workspaceModel.moduleBridge.facet.initialization.ms,1769509621089000000,1769509681089000000,0
jps.project.serializers.load.ms,1769509621089000000,1769509681089000000,0
jps.library.entities.serializer.save.entities.ms,1769509621089000000,1769509681089000000,0
workspaceModel.load.cache.metadata.from.file.ms,1769509621089000000,1769509681089000000,0
jps.global.handle.changed.events.ms,1769509621089000000,1769509681089000000,0
workspaceModel.sync.entities.ms,1769509621089000000,1769509681089000000,0
jps.load.project.to.empty.storage.ms,1769509621089000000,1769509681089000000,0
workspaceModel.mutableEntityStorage.apply.changes.from.ms,1769509621089000000,1769509681089000000,0
workspaceModel.orphan.listener.update.ms,1769509621089000000,1769509681089000000,0
workspaceModel.moduleManagerBridge.create.module.instance.ms,1769509621089000000,1769509681089000000,0
workspaceModel.mutableEntityStorage.changeLog.addReplaceEventForRemovedChild.ms,1769509621089000000,1769509681089000000,0
workspaceModel.moduleManagerBridge.set.unloadedModules.ms,1769509621089000000,1769509681089000000,0
workspaceModel.mutableEntityStorage.add.entity.ms,1769509621089000000,1769509681089000000,0
jps.facet.change.listener.init.bridge.ms,1769509621089000000,1769509681089000000,0
workspaceModel.global.apply.state.to.project.builder.ms,1769509621089000000,1769509681089000000,0
workspaceModel.save.cache.to.file.ms,1769509621089000000,1769509681089000000,0
jps.save.changed.project.entities.ms,1769509621089000000,1769509681089000000,0
jps.global.get.library.ms,1769509621089000000,1769509681089000000,0
jps.module.iml.entities.serializer.save.entities.ms,1769509621089000000,1769509681089000000,0
jps.module.iml.entities.serializer.load.entities.ms,1769509621089000000,1769509681089000000,0
workspaceModel.moduleManagerBridge.load.module.ms,1769509621089000000,1769509681089000000,0
workspaceModel.mutableEntityStorage.has.same.entities.ms,1769509621089000000,1769509681089000000,0
FileNameCache.totalMisses,1769509621089000000,1769509681089000000,0
VFS.fileChildByName,1769509621089000000,1769509681089000000,1444
VFS.fileByIdCache.hits,1769509621089000000,1769509681089000000,0
VFS.contentStorage.recordsStoredSize,1769509621089000000,1769509681089000000,0
VFS.contentStorage.recordsStoredCompressed,1769509621089000000,1769509681089000000,0
FileNameCache.queries,1769509621089000000,1769509681089000000,384
VFS.contentStorage.recordsRead,1769509621089000000,1769509681089000000,0
VFS.fileByIdCache.misses,1769509621089000000,1769509681089000000,0
VFS.contentStorage.recordsDeduplicated,1769509621089000000,1769509681089000000,0
VFS.contentStorage.recordsStored,1769509621089000000,1769509681089000000,0
VFS.contentStorage.recordsDecompressionTimeUs,1769509621089000000,1769509681089000000,0
VFS.contentStorage.recordsReadDecompressed,1769509621089000000,1769509681089000000,0
VFS.invertedFileNameIndex.requests,1769509621089000000,1769509681089000000,0
VFS.contentStorage.recordsReadSize,1769509621089000000,1769509681089000000,0
VFS.contentStorage.recordsUncompressedSize,1769509621089000000,1769509681089000000,0
cacheStateStorage.get.counter,1769509621089000000,1769509681089000000,0
cacheStateStorage.set.duration,1769509621089000000,1769509681089000000,0
cacheStateStorage.set.counter,1769509621089000000,1769509681089000000,0
cacheStateStorage.get.duration,1769509621089000000,1769509681089000000,0
DiskQueryRelay.tasksExecuted,1769509681089000000,1769509741089000000,0
DiskQueryRelay.taskExecutionTotalTimeUs,1769509681089000000,1769509741089000000,0
writeAction.count,1769509681089000000,1769509741089000000,0
writeAction.median.wait.ms,1769509681089000000,1769509741089000000,0
writeAction.wait.ms,1769509681089000000,1769509741089000000,0
DiskQueryRelay.tasksRequested,1769509681089000000,1769509741089000000,0
writeAction.max.wait.ms,1769509681089000000,1769509741089000000,3
DiskQueryRelay.taskWaitingTotalTimeUs,1769509681089000000,1769509741089000000,0
FlushQueue.queueSizeAvg,1769509681089000000,1769509741089000000,0.0
WriteAction.executionsCount,1769509681089000000,1769509741089000000,0
FlushQueue.executionTimeAvgNs,1769509681089000000,1769509741089000000,15253.066666666668
FlushQueue.waitingTimeAvgNs,1769509681089000000,1769509741089000000,37010.13333333333
NonBlockingReadAction.failedExecutionTimeUs,1769509681089000000,1769509741089000000,0
FlushQueue.queueSize90P,1769509681089000000,1769509741089000000,0
AWTEventQueue.eventsDispatched,1769509681089000000,1769509741089000000,3121
NonBlockingReadAction.finalizedExecutionTimeUs,1769509681089000000,1769509741089000000,0
AWTEventQueue.dispatchTimeMaxNs,1769509681089000000,1769509741089000000,93695
FlushQueue.tasksExecuted,1769509681089000000,1769509741089000000,120
AWTEventQueue.dispatchTimeTotalNS,1769509681089000000,1769509741089000000,58240225
FlushQueue.queueSizeMax,1769509681089000000,1769509741089000000,0
ReadAction.executionsCount,1769509681089000000,1769509741089000000,0
AWTEventQueue.dispatchTimeAvgNs,1769509681089000000,1769509741089000000,18648.07433514899
NonBlockingReadAction.finalizedExecutionsCount,1769509681089000000,1769509741089000000,0
AWTEventQueue.dispatchTime90PNs,1769509681089000000,1769509741089000000,25087
FlushQueue.executionTimeMaxNs,1769509681089000000,1769509741089000000,44799
FlushQueue.executionTime90PNs,1769509681089000000,1769509741089000000,18175
FlushQueue.waitingTimeMaxNs,1769509681089000000,1769509741089000000,98815
NonBlockingReadAction.failedExecutionsCount,1769509681089000000,1769509741089000000,0
FlushQueue.waitingTime90PNs,1769509681089000000,1769509741089000000,43263
FilePageCacheLockFree.nativeBytesInUse,1769509681089000000,1769509741089000000,0
FilePageCacheLockFree.heapBytesInUse,1769509681089000000,1769509741089000000,0
FilePageCache.pageLoads,1769509681089000000,1769509741089000000,0
MappedFileStorage.totalBytesMapped,1769509681089000000,1769509741089000000,261357568
StorageLockContext.competingThreads.90P,1769509681089000000,1769509741089000000,0
FilePageCacheLockFree.totalPagesHandedOver,1769509681089000000,1769509741089000000,0
StreamlinedBlobStorage.recordsAllocated,1769509681089000000,1769509741089000000,0
FilePageCache.totalPageDisposalsUs,1769509681089000000,1769509741089000000,0
MappedFileStorage.totalTimeSpentOnMappingUs,1769509681089000000,1769509741089000000,12649
FilePageCacheLockFree.totalBytesRequested,1769509681089000000,1769509741089000000,0
FilePageCacheLockFree.totalPagesWritten,1769509681089000000,1769509741089000000,0
FilePageCacheLockFree.totalPagesAllocated,1769509681089000000,1769509741089000000,0
DirectByteBufferAllocator.misses,1769509681089000000,1769509741089000000,0
FilePageCacheLockFree.housekeeperTurnsDone,1769509681089000000,1769509741089000000,0
FilePageCacheLockFree.totalPagesRequested,1769509681089000000,1769509741089000000,0
FileChannelInterruptsRetryer.totalRetriedAttempts,1769509681089000000,1769509741089000000,0
FilePageCacheLockFree.housekeeperTurnsSkipped,1769509681089000000,1769509741089000000,0
FilePageCacheLockFree.totalNativeBytesReclaimed,1769509681089000000,1769509741089000000,0
DirectByteBufferAllocator.totalSizeOfBuffersAllocatedInBytes,1769509681089000000,1769509741089000000,156262400
StreamlinedBlobStorage.totalLiveRecordsCapacityBytes,1769509681089000000,1769509741089000000,0
FilePageCache.disposedBuffers,1769509681089000000,1769509741089000000,0
FilePageCacheLockFree.totalHeapBytesAllocated,1769509681089000000,1769509741089000000,0
DirectByteBufferAllocator.hits,1769509681089000000,1769509741089000000,0
FilePageCacheLockFree.totalPagesWriteMs,1769509681089000000,1769509741089000000,0
FilePageCache.uncachedFileAccess,1769509681089000000,1769509741089000000,0
MappedFileStorage.storages,1769509681089000000,1769509741089000000,16
FilePageCacheLockFree.totalPagesReadMs,1769509681089000000,1769509741089000000,0
DirectByteBufferAllocator.totalSizeOfBuffersCachedInBytes,1769509681089000000,1769509741089000000,0
FilePageCacheLockFree.housekeeperTimeSpentMs,1769509681089000000,1769509741089000000,0
MappedFileStorage.totalPagesMapped,1769509681089000000,1769509741089000000,21
FilePageCache.maxCacheSizeInBytes,1769509681089000000,1769509741089000000,156262400
FilePageCache.maxRegisteredFiles,1769509681089000000,1769509741089000000,252
StorageLockContext.competingThreads.max,1769509681089000000,1769509741089000000,0
FilePageCacheLockFree.totalPagesReclaimed,1769509681089000000,1769509741089000000,0
FilePageCache.capacityInBytes,1769509681089000000,1769509741089000000,503316478
FilePageCache.pageLoadsAboveSizeThreshold,1769509681089000000,1769509741089000000,0
FilePageCacheLockFree.totalPageAllocationsWaited,1769509681089000000,1769509741089000000,0
FilePageCache.pageHits,1769509681089000000,1769509741089000000,0
FilePageCache.totalPageLoadsUs,1769509681089000000,1769509741089000000,0
FilePageCacheLockFree.totalNativeBytesAllocated,1769509681089000000,1769509741089000000,0
FilePageCache.pageFastCacheHits,1769509681089000000,1769509741089000000,0
DirectByteBufferAllocator.reclaimed,1769509681089000000,1769509741089000000,0
StreamlinedBlobStorage.recordsDeleted,1769509681089000000,1769509741089000000,0
FilePageCacheLockFree.totalClosedStoragesReclaimed,1769509681089000000,1769509741089000000,0
StreamlinedBlobStorage.totalLiveRecordsPayloadBytes,1769509681089000000,1769509741089000000,0
DirectByteBufferAllocator.disposed,1769509681089000000,1769509741089000000,0
FilePageCacheLockFree.totalPagesRequestsMs,1769509681089000000,1769509741089000000,0
FilePageCacheLockFree.totalHeapBytesReclaimed,1769509681089000000,1769509741089000000,0
FilePageCacheLockFree.totalBytesWritten,1769509681089000000,1769509741089000000,0
FilePageCacheLockFree.totalBytesRead,1769509681089000000,1769509741089000000,0
StorageLockContext.competingThreads.avg,1769509681089000000,1769509741089000000,0.0
StreamlinedBlobStorage.recordsRelocated,1769509681089000000,1769509741089000000,0
JVM.usedNativeBytes,1769509681089000000,1769509741089000000,372481000
JVM.totalDirectByteBuffersBytes,1769509681089000000,1769509741089000000,156581164
JVM.totalTimeToSafepointsMs,1769509681089000000,1769509741089000000,0
JVM.totalCpuTimeMs,1769509681089000000,1769509741089000000,530
JVM.usedHeapBytes,1769509681089000000,1769509741089000000,536356440
JVM.totalTimeAtSafepointsMs,1769509681089000000,1769509741089000000,0
JVM.GC.collectionTimesMs,1769509681089000000,1769509741089000000,0
JVM.totalSafepointCount,1769509681089000000,1769509741089000000,2
JVM.maxHeapBytes,1769509681089000000,1769509741089000000,4196401152
JVM.newThreadsCount,1769509681089000000,1769509741089000000,0
JVM.GC.collections,1769509681089000000,1769509741089000000,0
OS.loadAverage,1769509681089000000,1769509741089000000,1.70458984375
JVM.maxThreadCount,1769509681089000000,1769509741089000000,143
JVM.totalBytesAllocated,1769509681089000000,1769509741089000000,26867000
JVM.threadCount,1769509681089000000,1769509741089000000,46
workspaceModel.workspaceFileIndexData.updateDirtyEntities.ms,1769509681089000000,1769509741089000000,0
workspaceModel.updates.precise.ms,1769509681089000000,1769509741089000000,0
workspaceModel.cachedValueWithParameters.calculated.count,1769509681089000000,1769509741089000000,0
workspaceModel.cachedValueWithParameters.total.get.count,1769509681089000000,1769509741089000000,0
workspaceModel.cachedValue.calculated.count,1769509681089000000,1769509741089000000,0
workspaceModel.to.snapshot.ms,1769509681089000000,1769509741089000000,0
workspaceModel.loading.total.ms,1769509681089000000,1769509741089000000,0
workspaceModel.on.changed.ms,1769509681089000000,1769509741089000000,0
workspaceModel.replace.project.model.ms,1769509681089000000,1769509741089000000,0
workspaceModel.workspaceFileIndexContributor.registerFileSets.ms,1769509681089000000,1769509741089000000,0
workspaceModel.update.unloaded.entities.ms,1769509681089000000,1769509741089000000,0
workspaceModel.workspaceFileIndexData.markDirty.ms,1769509681089000000,1769509741089000000,0
workspaceModel.workspaceFileIndexData.init.ms,1769509681089000000,1769509741089000000,0
workspaceModel.workspaceFileIndexData.getPackageName.ms,1769509681089000000,1769509741089000000,0
workspaceModel.cachedValue.clear.count,1769509681089000000,1769509741089000000,0
workspaceModel.collect.changes.ms,1769509681089000000,1769509741089000000,0
workspaceModel.init.bridges.ms,1769509681089000000,1769509741089000000,0
workspaceModel.check.recursive.update.ms,1769509681089000000,1769509741089000000,0
workspaceModel.workspaceFileIndexData.getFileInfo.ms,1769509681089000000,1769509741089000000,0
workspaceModel.workspaceFileIndexData.processFileSets.ms,1769509681089000000,1769509741089000000,0
workspaceModel.entityStorageSnapshotImpl.instances.count,1769509681089000000,1769509741089000000,0
workspaceModel.on.before.changed.ms,1769509681089000000,1769509741089000000,0
workspaceModel.cachedValueWithParameters.clear.count,1769509681089000000,1769509741089000000,0
workspaceModel.workspaceFileIndexData.onEntitiesChanged.ms,1769509681089000000,1769509741089000000,0
workspaceModel.workspaceFileIndexData.visitFileSets.ms,1769509681089000000,1769509741089000000,0
workspaceModel.workspaceFileIndexData.instances.count,1769509681089000000,1769509741089000000,0
workspaceModel.initializing.ms,1769509681089000000,1769509741089000000,0
workspaceModel.full.replace.project.model.ms,1769509681089000000,1769509741089000000,0
workspaceModel.updates.ms,1769509681089000000,1769509741089000000,0
workspaceModel.cachedValue.from.cache.count,1769509681089000000,1769509741089000000,0
workspaceModel.loading.from.cache.ms,1769509681089000000,1769509741089000000,0
workspaceModel.workspaceFileIndexData.getDirectoriesByPackageName.ms,1769509681089000000,1769509741089000000,0
workspaceModel.cachedValueWithParameters.from.cache.count,1769509681089000000,1769509741089000000,0
workspaceModel.cachedValue.total.get.count,1769509681089000000,1769509741089000000,0
workspaceModel.pre.handlers.ms,1769509681089000000,1769509741089000000,0
workspaceModel.updates.count,1769509681089000000,1769509741089000000,0
Indexing.writesQueuedMin,1769509681089000000,1769509741089000000,0
Indexes.stubs.lookups,1769509681089000000,1769509741089000000,0
Indexing.writer_0.totalTimeSpentWritingMs,1769509681089000000,1769509741089000000,0
Indexes.stubs.lookupDurationAvgMs,1769509681089000000,1769509741089000000,0.0
Indexing.totalTimeIndexersSleptMs,1769509681089000000,1769509741089000000,0
IndexesFlusher.totalFlushesRetried,1769509681089000000,1769509741089000000,0
IndexesFlusher.totalFlushes,1769509681089000000,1769509741089000000,60
Indexes.entries.lookupDurationAvgMs,1769509681089000000,1769509741089000000,0.0
Indexes.allKeys.lookupDuration90PMs,1769509681089000000,1769509741089000000,0.0
Indexing.cache.totalCacheEvicted,1769509681089000000,1769509741089000000,0
Indexes.entries.lookupDurationMaxMs,1769509681089000000,1769509741089000000,0.0
Indexing.writesQueuedAvg,1769509681089000000,1769509741089000000,0.0
IndexesFlusher.totalFlushingTimeUs,1769509681089000000,1769509741089000000,29301
Indexes.entries.lookups,1769509681089000000,1769509741089000000,0
Indexes.allKeys.lookupDurationMaxMs,1769509681089000000,1769509741089000000,0.0
Indexes.entries.lookupDuration90PMs,1769509681089000000,1769509741089000000,0.0
Indexing.writer_3.totalTimeSpentWritingMs,1769509681089000000,1769509741089000000,0
IndexesFlusher.totalContentionQuotaSpent,1769509681089000000,1769509741089000000,0
Indexing.writer_1.totalTimeSpentWritingMs,1769509681089000000,1769509741089000000,0
Indexing.cache.totalCacheMisses,1769509681089000000,1769509741089000000,0
Indexes.allKeys.lookups,1769509681089000000,1769509741089000000,0
Indexing.writer_2.totalTimeSpentWritingMs,1769509681089000000,1769509741089000000,0
Indexes.stubs.lookupDuration90PMs,1769509681089000000,1769509741089000000,0.0
Indexes.allKeys.lookupDurationAvgMs,1769509681089000000,1769509741089000000,0.0
Indexing.writesQueuedMax,1769509681089000000,1769509741089000000,0
Indexing.cache.totalCacheAccesses,1769509681089000000,1769509741089000000,0
Indexes.stubs.lookupDurationMaxMs,1769509681089000000,1769509741089000000,0.0
workspaceModel.load.cache.from.file.ms,1769509681089000000,1769509741089000000,0
jps.global.get.library.by.name.ms,1769509681089000000,1769509741089000000,0
workspaceModel.global.updates.count,1769509681089000000,1769509741089000000,0
workspaceModel.mutableEntityStorage.referrers.ms,1769509681089000000,1769509741089000000,0
workspaceModel.do.save.caches.ms,1769509681089000000,1769509741089000000,0
workspaceModel.global.apply.state.to.project.ms,1769509681089000000,1769509741089000000,0
workspaceModel.mutableEntityStorage.changeLog.addReplaceEventForNewChild.ms,1769509681089000000,1769509741089000000,0
jps.artifact.entities.serializer.load.entities.ms,1769509681089000000,1769509741089000000,0
jps.library.entities.serializer.load.entities.ms,1769509681089000000,1769509741089000000,0
workspaceModel.mutableEntityStorage.entities.by.source.ms,1769509681089000000,1769509741089000000,0
jps.global.handle.before.change.events.ms,1769509681089000000,1769509741089000000,0
jps.storage.jps.conf.reader.load.component.ms,1769509681089000000,1769509741089000000,0
workspaceModel.mutableEntityStorage.remove.entity.ms,1769509681089000000,1769509741089000000,0
jps.reload.project.entities.ms,1769509681089000000,1769509741089000000,0
workspaceModel.mutableEntityStorage.mutable.ext.mapping.ms,1769509681089000000,1769509741089000000,0
jps.module.dependency.index.workspace.model.listener.on.changed.ms,1769509681089000000,1769509741089000000,0
jps.project.serializers.save.ms,1769509681089000000,1769509741089000000,0
workspaceModel.mutableEntityStorage.replace.by.source.ms,1769509681089000000,1769509741089000000,0
workspaceModel.moduleManagerBridge.build.module.graph.ms,1769509681089000000,1769509741089000000,0
workspaceModel.delayed.project.synchronizer.sync.ms,1769509681089000000,1769509741089000000,0
jps.save.global.entities.ms,1769509681089000000,1769509741089000000,0
workspaceModel.moduleBridge.update.option.ms,1769509681089000000,1769509741089000000,0
workspaceModel.moduleBridge.before.changed.ms,1769509681089000000,1769509741089000000,0
jps.app.storage.content.writer.save.component.ms,1769509681089000000,1769509741089000000,0
workspaceModel.mutableEntityStorage.mutable.vfurl.index.ms,1769509681089000000,1769509741089000000,0
workspaceModel.mutableEntityStorage.modify.entity.ms,1769509681089000000,1769509741089000000,0
workspaceModel.moduleBridgeLoader.loading.modules.ms,1769509681089000000,1769509741089000000,0
workspaceModel.moduleManagerBridge.get.modules.ms,1769509681089000000,1769509741089000000,0
jps.global.initialize.library.bridges.after.loading.ms,1769509681089000000,1769509741089000000,0
workspaceModel.mutableEntityStorage.collect.changes.ms,1769509681089000000,1769509741089000000,0
workspaceModel.mutableEntityStorage.changeLog.addReplaceEventForRemovedParent.ms,1769509681089000000,1769509741089000000,0
jps.global.initialize.library.bridges.ms,1769509681089000000,1769509741089000000,0
workspaceModel.mutableEntityStorage.put.entity.ms,1769509681089000000,1769509741089000000,0
workspaceModel.mutableEntityStorage.changeLog.addReplaceEventForNewParent.ms,1769509681089000000,1769509741089000000,0
workspaceModel.moduleManagerBridge.new.nonPersistent.module.ms,1769509681089000000,1769509741089000000,0
jps.artifact.entities.serializer.save.entities.ms,1769509681089000000,1769509741089000000,0
jps.app.storage.content.reader.load.component.ms,1769509681089000000,1769509741089000000,0
workspaceModel.moduleManagerBridge.load.all.modules.ms,1769509681089000000,1769509741089000000,0
jps.facet.change.listener.before.change.events.ms,1769509681089000000,1769509741089000000,0
workspaceModel.mutableEntityStorage.entities.ms,1769509681089000000,1769509741089000000,0
workspaceModel.mutableEntityStorage.instances.count,1769509681089000000,1769509741089000000,0
workspaceModel.mutableEntityStorage.to.snapshot.ms,1769509681089000000,1769509741089000000,0
jps.load.initial.state.ms,1769509681089000000,1769509741089000000,0
workspaceModel.global.updates.ms,1769509681089000000,1769509741089000000,0
jps.apply.loaded.storage.ms,1769509681089000000,1769509741089000000,0
jps.global.get.libraries.ms,1769509681089000000,1769509741089000000,0
workspaceModel.mutableEntityStorage.resolve.ms,1769509681089000000,1769509741089000000,0
workspaceModel.moduleManagerBridge.newModule.ms,1769509681089000000,1769509741089000000,0
jps.facet.change.listener.process.change.events.ms,1769509681089000000,1769509741089000000,0
workspaceModel.moduleBridge.facet.initialization.ms,1769509681089000000,1769509741089000000,0
jps.project.serializers.load.ms,1769509681089000000,1769509741089000000,0
jps.library.entities.serializer.save.entities.ms,1769509681089000000,1769509741089000000,0
workspaceModel.load.cache.metadata.from.file.ms,1769509681089000000,1769509741089000000,0
jps.global.handle.changed.events.ms,1769509681089000000,1769509741089000000,0
workspaceModel.sync.entities.ms,1769509681089000000,1769509741089000000,0
jps.load.project.to.empty.storage.ms,1769509681089000000,1769509741089000000,0
workspaceModel.mutableEntityStorage.apply.changes.from.ms,1769509681089000000,1769509741089000000,0
workspaceModel.orphan.listener.update.ms,1769509681089000000,1769509741089000000,0
workspaceModel.moduleManagerBridge.create.module.instance.ms,1769509681089000000,1769509741089000000,0
workspaceModel.mutableEntityStorage.changeLog.addReplaceEventForRemovedChild.ms,1769509681089000000,1769509741089000000,0
workspaceModel.moduleManagerBridge.set.unloadedModules.ms,1769509681089000000,1769509741089000000,0
workspaceModel.mutableEntityStorage.add.entity.ms,1769509681089000000,1769509741089000000,0
jps.facet.change.listener.init.bridge.ms,1769509681089000000,1769509741089000000,0
workspaceModel.global.apply.state.to.project.builder.ms,1769509681089000000,1769509741089000000,0
workspaceModel.save.cache.to.file.ms,1769509681089000000,1769509741089000000,0
jps.save.changed.project.entities.ms,1769509681089000000,1769509741089000000,0
jps.global.get.library.ms,1769509681089000000,1769509741089000000,0
jps.module.iml.entities.serializer.save.entities.ms,1769509681089000000,1769509741089000000,0
jps.module.iml.entities.serializer.load.entities.ms,1769509681089000000,1769509741089000000,0
workspaceModel.moduleManagerBridge.load.module.ms,1769509681089000000,1769509741089000000,0
workspaceModel.mutableEntityStorage.has.same.entities.ms,1769509681089000000,1769509741089000000,0
FileNameCache.totalMisses,1769509681089000000,1769509741089000000,0
VFS.fileChildByName,1769509681089000000,1769509741089000000,0
VFS.fileByIdCache.hits,1769509681089000000,1769509741089000000,0
VFS.contentStorage.recordsStoredSize,1769509681089000000,1769509741089000000,0
VFS.contentStorage.recordsStoredCompressed,1769509681089000000,1769509741089000000,0
FileNameCache.queries,1769509681089000000,1769509741089000000,0
VFS.contentStorage.recordsRead,1769509681089000000,1769509741089000000,0
VFS.fileByIdCache.misses,1769509681089000000,1769509741089000000,0
VFS.contentStorage.recordsDeduplicated,1769509681089000000,1769509741089000000,0
VFS.contentStorage.recordsStored,1769509681089000000,1769509741089000000,0
VFS.contentStorage.recordsDecompressionTimeUs,1769509681089000000,1769509741089000000,0
VFS.contentStorage.recordsReadDecompressed,1769509681089000000,1769509741089000000,0
VFS.invertedFileNameIndex.requests,1769509681089000000,1769509741089000000,0
VFS.contentStorage.recordsReadSize,1769509681089000000,1769509741089000000,0
VFS.contentStorage.recordsUncompressedSize,1769509681089000000,1769509741089000000,0
cacheStateStorage.get.counter,1769509681089000000,1769509741089000000,0
cacheStateStorage.set.duration,1769509681089000000,1769509741089000000,0
cacheStateStorage.set.counter,1769509681089000000,1769509741089000000,0
cacheStateStorage.get.duration,1769509681089000000,1769509741089000000,0
DiskQueryRelay.tasksExecuted,1769509741089000000,1769509801089000000,0
DiskQueryRelay.taskExecutionTotalTimeUs,1769509741089000000,1769509801089000000,0
writeAction.count,1769509741089000000,1769509801089000000,0
writeAction.median.wait.ms,1769509741089000000,1769509801089000000,0
writeAction.wait.ms,1769509741089000000,1769509801089000000,0
DiskQueryRelay.tasksRequested,1769509741089000000,1769509801089000000,0
writeAction.max.wait.ms,1769509741089000000,1769509801089000000,3
DiskQueryRelay.taskWaitingTotalTimeUs,1769509741089000000,1769509801089000000,0
FlushQueue.queueSizeAvg,1769509741089000000,1769509801089000000,0.0
WriteAction.executionsCount,1769509741089000000,1769509801089000000,0
FlushQueue.executionTimeAvgNs,1769509741089000000,1769509801089000000,15687.733333333334
FlushQueue.waitingTimeAvgNs,1769509741089000000,1769509801089000000,37798.4
NonBlockingReadAction.failedExecutionTimeUs,1769509741089000000,1769509801089000000,0
FlushQueue.queueSize90P,1769509741089000000,1769509801089000000,0
AWTEventQueue.eventsDispatched,1769509741089000000,1769509801089000000,3121
NonBlockingReadAction.finalizedExecutionTimeUs,1769509741089000000,1769509801089000000,0
AWTEventQueue.dispatchTimeMaxNs,1769509741089000000,1769509801089000000,113151
FlushQueue.tasksExecuted,1769509741089000000,1769509801089000000,120
AWTEventQueue.dispatchTimeTotalNS,1769509741089000000,1769509801089000000,58812297
FlushQueue.queueSizeMax,1769509741089000000,1769509801089000000,0
ReadAction.executionsCount,1769509741089000000,1769509801089000000,0
AWTEventQueue.dispatchTimeAvgNs,1769509741089000000,1769509801089000000,18845.19064402435
NonBlockingReadAction.finalizedExecutionsCount,1769509741089000000,1769509801089000000,0
AWTEventQueue.dispatchTime90PNs,1769509741089000000,1769509801089000000,25343
FlushQueue.executionTimeMaxNs,1769509741089000000,1769509801089000000,95231
FlushQueue.executionTime90PNs,1769509741089000000,1769509801089000000,17023
FlushQueue.waitingTimeMaxNs,1769509741089000000,1769509801089000000,58879
NonBlockingReadAction.failedExecutionsCount,1769509741089000000,1769509801089000000,0
FlushQueue.waitingTime90PNs,1769509741089000000,1769509801089000000,44287
FilePageCacheLockFree.nativeBytesInUse,1769509741089000000,1769509801089000000,0
FilePageCacheLockFree.heapBytesInUse,1769509741089000000,1769509801089000000,0
FilePageCache.pageLoads,1769509741089000000,1769509801089000000,0
MappedFileStorage.totalBytesMapped,1769509741089000000,1769509801089000000,261357568
StorageLockContext.competingThreads.90P,1769509741089000000,1769509801089000000,0
FilePageCacheLockFree.totalPagesHandedOver,1769509741089000000,1769509801089000000,0
StreamlinedBlobStorage.recordsAllocated,1769509741089000000,1769509801089000000,0
FilePageCache.totalPageDisposalsUs,1769509741089000000,1769509801089000000,0
MappedFileStorage.totalTimeSpentOnMappingUs,1769509741089000000,1769509801089000000,12649
FilePageCacheLockFree.totalBytesRequested,1769509741089000000,1769509801089000000,0
FilePageCacheLockFree.totalPagesWritten,1769509741089000000,1769509801089000000,0
FilePageCacheLockFree.totalPagesAllocated,1769509741089000000,1769509801089000000,0
DirectByteBufferAllocator.misses,1769509741089000000,1769509801089000000,0
FilePageCacheLockFree.housekeeperTurnsDone,1769509741089000000,1769509801089000000,0
FilePageCacheLockFree.totalPagesRequested,1769509741089000000,1769509801089000000,0
FileChannelInterruptsRetryer.totalRetriedAttempts,1769509741089000000,1769509801089000000,0
FilePageCacheLockFree.housekeeperTurnsSkipped,1769509741089000000,1769509801089000000,0
FilePageCacheLockFree.totalNativeBytesReclaimed,1769509741089000000,1769509801089000000,0
DirectByteBufferAllocator.totalSizeOfBuffersAllocatedInBytes,1769509741089000000,1769509801089000000,156262400
StreamlinedBlobStorage.totalLiveRecordsCapacityBytes,1769509741089000000,1769509801089000000,0
FilePageCache.disposedBuffers,1769509741089000000,1769509801089000000,0
FilePageCacheLockFree.totalHeapBytesAllocated,1769509741089000000,1769509801089000000,0
DirectByteBufferAllocator.hits,1769509741089000000,1769509801089000000,0
FilePageCacheLockFree.totalPagesWriteMs,1769509741089000000,1769509801089000000,0
FilePageCache.uncachedFileAccess,1769509741089000000,1769509801089000000,0
MappedFileStorage.storages,1769509741089000000,1769509801089000000,16
FilePageCacheLockFree.totalPagesReadMs,1769509741089000000,1769509801089000000,0
DirectByteBufferAllocator.totalSizeOfBuffersCachedInBytes,1769509741089000000,1769509801089000000,0
FilePageCacheLockFree.housekeeperTimeSpentMs,1769509741089000000,1769509801089000000,0
MappedFileStorage.totalPagesMapped,1769509741089000000,1769509801089000000,21
FilePageCache.maxCacheSizeInBytes,1769509741089000000,1769509801089000000,156262400
FilePageCache.maxRegisteredFiles,1769509741089000000,1769509801089000000,252
StorageLockContext.competingThreads.max,1769509741089000000,1769509801089000000,0
FilePageCacheLockFree.totalPagesReclaimed,1769509741089000000,1769509801089000000,0
FilePageCache.capacityInBytes,1769509741089000000,1769509801089000000,503316478
FilePageCache.pageLoadsAboveSizeThreshold,1769509741089000000,1769509801089000000,0
FilePageCacheLockFree.totalPageAllocationsWaited,1769509741089000000,1769509801089000000,0
FilePageCache.pageHits,1769509741089000000,1769509801089000000,0
FilePageCache.totalPageLoadsUs,1769509741089000000,1769509801089000000,0
FilePageCacheLockFree.totalNativeBytesAllocated,1769509741089000000,1769509801089000000,0
FilePageCache.pageFastCacheHits,1769509741089000000,1769509801089000000,0
DirectByteBufferAllocator.reclaimed,1769509741089000000,1769509801089000000,0
StreamlinedBlobStorage.recordsDeleted,1769509741089000000,1769509801089000000,0
FilePageCacheLockFree.totalClosedStoragesReclaimed,1769509741089000000,1769509801089000000,0
StreamlinedBlobStorage.totalLiveRecordsPayloadBytes,1769509741089000000,1769509801089000000,0
DirectByteBufferAllocator.disposed,1769509741089000000,1769509801089000000,0
FilePageCacheLockFree.totalPagesRequestsMs,1769509741089000000,1769509801089000000,0
FilePageCacheLockFree.totalHeapBytesReclaimed,1769509741089000000,1769509801089000000,0
FilePageCacheLockFree.totalBytesWritten,1769509741089000000,1769509801089000000,0
FilePageCacheLockFree.totalBytesRead,1769509741089000000,1769509801089000000,0
StorageLockContext.competingThreads.avg,1769509741089000000,1769509801089000000,0.0
StreamlinedBlobStorage.recordsRelocated,1769509741089000000,1769509801089000000,0
JVM.usedNativeBytes,1769509741089000000,1769509801089000000,372592560
JVM.totalDirectByteBuffersBytes,1769509741089000000,1769509801089000000,156581164
JVM.totalTimeToSafepointsMs,1769509741089000000,1769509801089000000,0
JVM.totalCpuTimeMs,1769509741089000000,1769509801089000000,540
JVM.usedHeapBytes,1769509741089000000,1769509801089000000,563619416
JVM.totalTimeAtSafepointsMs,1769509741089000000,1769509801089000000,0
JVM.GC.collectionTimesMs,1769509741089000000,1769509801089000000,0
JVM.totalSafepointCount,1769509741089000000,1769509801089000000,2
JVM.maxHeapBytes,1769509741089000000,1769509801089000000,4196401152
JVM.newThreadsCount,1769509741089000000,1769509801089000000,0
JVM.GC.collections,1769509741089000000,1769509801089000000,0
OS.loadAverage,1769509741089000000,1769509801089000000,1.4501953125
JVM.maxThreadCount,1769509741089000000,1769509801089000000,143
JVM.totalBytesAllocated,1769509741089000000,1769509801089000000,26982856
JVM.threadCount,1769509741089000000,1769509801089000000,46
workspaceModel.workspaceFileIndexData.updateDirtyEntities.ms,1769509741089000000,1769509801089000000,0
workspaceModel.updates.precise.ms,1769509741089000000,1769509801089000000,0
workspaceModel.cachedValueWithParameters.calculated.count,1769509741089000000,1769509801089000000,0
workspaceModel.cachedValueWithParameters.total.get.count,1769509741089000000,1769509801089000000,0
workspaceModel.cachedValue.calculated.count,1769509741089000000,1769509801089000000,0
workspaceModel.to.snapshot.ms,1769509741089000000,1769509801089000000,0
workspaceModel.loading.total.ms,1769509741089000000,1769509801089000000,0
workspaceModel.on.changed.ms,1769509741089000000,1769509801089000000,0
workspaceModel.replace.project.model.ms,1769509741089000000,1769509801089000000,0
workspaceModel.workspaceFileIndexContributor.registerFileSets.ms,1769509741089000000,1769509801089000000,0
workspaceModel.update.unloaded.entities.ms,1769509741089000000,1769509801089000000,0
workspaceModel.workspaceFileIndexData.markDirty.ms,1769509741089000000,1769509801089000000,0
workspaceModel.workspaceFileIndexData.init.ms,1769509741089000000,1769509801089000000,0
workspaceModel.workspaceFileIndexData.getPackageName.ms,1769509741089000000,1769509801089000000,0
workspaceModel.cachedValue.clear.count,1769509741089000000,1769509801089000000,0
workspaceModel.collect.changes.ms,1769509741089000000,1769509801089000000,0
workspaceModel.init.bridges.ms,1769509741089000000,1769509801089000000,0
workspaceModel.check.recursive.update.ms,1769509741089000000,1769509801089000000,0
workspaceModel.workspaceFileIndexData.getFileInfo.ms,1769509741089000000,1769509801089000000,0
workspaceModel.workspaceFileIndexData.processFileSets.ms,1769509741089000000,1769509801089000000,0
workspaceModel.entityStorageSnapshotImpl.instances.count,1769509741089000000,1769509801089000000,0
workspaceModel.on.before.changed.ms,1769509741089000000,1769509801089000000,0
workspaceModel.cachedValueWithParameters.clear.count,1769509741089000000,1769509801089000000,0
workspaceModel.workspaceFileIndexData.onEntitiesChanged.ms,1769509741089000000,1769509801089000000,0
workspaceModel.workspaceFileIndexData.visitFileSets.ms,1769509741089000000,1769509801089000000,0
workspaceModel.workspaceFileIndexData.instances.count,1769509741089000000,1769509801089000000,0
workspaceModel.initializing.ms,1769509741089000000,1769509801089000000,0
workspaceModel.full.replace.project.model.ms,1769509741089000000,1769509801089000000,0
workspaceModel.updates.ms,1769509741089000000,1769509801089000000,0
workspaceModel.cachedValue.from.cache.count,1769509741089000000,1769509801089000000,0
workspaceModel.loading.from.cache.ms,1769509741089000000,1769509801089000000,0
workspaceModel.workspaceFileIndexData.getDirectoriesByPackageName.ms,1769509741089000000,1769509801089000000,0
workspaceModel.cachedValueWithParameters.from.cache.count,1769509741089000000,1769509801089000000,0
workspaceModel.cachedValue.total.get.count,1769509741089000000,1769509801089000000,0
workspaceModel.pre.handlers.ms,1769509741089000000,1769509801089000000,0
workspaceModel.updates.count,1769509741089000000,1769509801089000000,0
Indexing.writesQueuedMin,1769509741089000000,1769509801089000000,0
Indexes.stubs.lookups,1769509741089000000,1769509801089000000,0
Indexing.writer_0.totalTimeSpentWritingMs,1769509741089000000,1769509801089000000,0
Indexes.stubs.lookupDurationAvgMs,1769509741089000000,1769509801089000000,0.0
Indexing.totalTimeIndexersSleptMs,1769509741089000000,1769509801089000000,0
IndexesFlusher.totalFlushesRetried,1769509741089000000,1769509801089000000,0
IndexesFlusher.totalFlushes,1769509741089000000,1769509801089000000,60
Indexes.entries.lookupDurationAvgMs,1769509741089000000,1769509801089000000,0.0
Indexes.allKeys.lookupDuration90PMs,1769509741089000000,1769509801089000000,0.0
Indexing.cache.totalCacheEvicted,1769509741089000000,1769509801089000000,0
Indexes.entries.lookupDurationMaxMs,1769509741089000000,1769509801089000000,0.0
Indexing.writesQueuedAvg,1769509741089000000,1769509801089000000,0.0
IndexesFlusher.totalFlushingTimeUs,1769509741089000000,1769509801089000000,27806
Indexes.entries.lookups,1769509741089000000,1769509801089000000,0
Indexes.allKeys.lookupDurationMaxMs,1769509741089000000,1769509801089000000,0.0
Indexes.entries.lookupDuration90PMs,1769509741089000000,1769509801089000000,0.0
Indexing.writer_3.totalTimeSpentWritingMs,1769509741089000000,1769509801089000000,0
IndexesFlusher.totalContentionQuotaSpent,1769509741089000000,1769509801089000000,0
Indexing.writer_1.totalTimeSpentWritingMs,1769509741089000000,1769509801089000000,0
Indexing.cache.totalCacheMisses,1769509741089000000,1769509801089000000,0
Indexes.allKeys.lookups,1769509741089000000,1769509801089000000,0
Indexing.writer_2.totalTimeSpentWritingMs,1769509741089000000,1769509801089000000,0
Indexes.stubs.lookupDuration90PMs,1769509741089000000,1769509801089000000,0.0
Indexes.allKeys.lookupDurationAvgMs,1769509741089000000,1769509801089000000,0.0
Indexing.writesQueuedMax,1769509741089000000,1769509801089000000,0
Indexing.cache.totalCacheAccesses,1769509741089000000,1769509801089000000,0
Indexes.stubs.lookupDurationMaxMs,1769509741089000000,1769509801089000000,0.0
workspaceModel.load.cache.from.file.ms,1769509741089000000,1769509801089000000,0
jps.global.get.library.by.name.ms,1769509741089000000,1769509801089000000,0
workspaceModel.global.updates.count,1769509741089000000,1769509801089000000,0
workspaceModel.mutableEntityStorage.referrers.ms,1769509741089000000,1769509801089000000,0
workspaceModel.do.save.caches.ms,1769509741089000000,1769509801089000000,0
workspaceModel.global.apply.state.to.project.ms,1769509741089000000,1769509801089000000,0
workspaceModel.mutableEntityStorage.changeLog.addReplaceEventForNewChild.ms,1769509741089000000,1769509801089000000,0
jps.artifact.entities.serializer.load.entities.ms,1769509741089000000,1769509801089000000,0
jps.library.entities.serializer.load.entities.ms,1769509741089000000,1769509801089000000,0
workspaceModel.mutableEntityStorage.entities.by.source.ms,1769509741089000000,1769509801089000000,0
jps.global.handle.before.change.events.ms,1769509741089000000,1769509801089000000,0
jps.storage.jps.conf.reader.load.component.ms,1769509741089000000,1769509801089000000,0
workspaceModel.mutableEntityStorage.remove.entity.ms,1769509741089000000,1769509801089000000,0
jps.reload.project.entities.ms,1769509741089000000,1769509801089000000,0
workspaceModel.mutableEntityStorage.mutable.ext.mapping.ms,1769509741089000000,1769509801089000000,0
jps.module.dependency.index.workspace.model.listener.on.changed.ms,1769509741089000000,1769509801089000000,0
jps.project.serializers.save.ms,1769509741089000000,1769509801089000000,0
workspaceModel.mutableEntityStorage.replace.by.source.ms,1769509741089000000,1769509801089000000,0
workspaceModel.moduleManagerBridge.build.module.graph.ms,1769509741089000000,1769509801089000000,0
workspaceModel.delayed.project.synchronizer.sync.ms,1769509741089000000,1769509801089000000,0
jps.save.global.entities.ms,1769509741089000000,1769509801089000000,0
workspaceModel.moduleBridge.update.option.ms,1769509741089000000,1769509801089000000,0
workspaceModel.moduleBridge.before.changed.ms,1769509741089000000,1769509801089000000,0
jps.app.storage.content.writer.save.component.ms,1769509741089000000,1769509801089000000,0
workspaceModel.mutableEntityStorage.mutable.vfurl.index.ms,1769509741089000000,1769509801089000000,0
workspaceModel.mutableEntityStorage.modify.entity.ms,1769509741089000000,1769509801089000000,0
workspaceModel.moduleBridgeLoader.loading.modules.ms,1769509741089000000,1769509801089000000,0
workspaceModel.moduleManagerBridge.get.modules.ms,1769509741089000000,1769509801089000000,0
jps.global.initialize.library.bridges.after.loading.ms,1769509741089000000,1769509801089000000,0
workspaceModel.mutableEntityStorage.collect.changes.ms,1769509741089000000,1769509801089000000,0
workspaceModel.mutableEntityStorage.changeLog.addReplaceEventForRemovedParent.ms,1769509741089000000,1769509801089000000,0
jps.global.initialize.library.bridges.ms,1769509741089000000,1769509801089000000,0
workspaceModel.mutableEntityStorage.put.entity.ms,1769509741089000000,1769509801089000000,0
workspaceModel.mutableEntityStorage.changeLog.addReplaceEventForNewParent.ms,1769509741089000000,1769509801089000000,0
workspaceModel.moduleManagerBridge.new.nonPersistent.module.ms,1769509741089000000,1769509801089000000,0
jps.artifact.entities.serializer.save.entities.ms,1769509741089000000,1769509801089000000,0
jps.app.storage.content.reader.load.component.ms,1769509741089000000,1769509801089000000,0
workspaceModel.moduleManagerBridge.load.all.modules.ms,1769509741089000000,1769509801089000000,0
jps.facet.change.listener.before.change.events.ms,1769509741089000000,1769509801089000000,0
workspaceModel.mutableEntityStorage.entities.ms,1769509741089000000,1769509801089000000,0
workspaceModel.mutableEntityStorage.instances.count,1769509741089000000,1769509801089000000,0
workspaceModel.mutableEntityStorage.to.snapshot.ms,1769509741089000000,1769509801089000000,0
jps.load.initial.state.ms,1769509741089000000,1769509801089000000,0
workspaceModel.global.updates.ms,1769509741089000000,1769509801089000000,0
jps.apply.loaded.storage.ms,1769509741089000000,1769509801089000000,0
jps.global.get.libraries.ms,1769509741089000000,1769509801089000000,0
workspaceModel.mutableEntityStorage.resolve.ms,1769509741089000000,1769509801089000000,0
workspaceModel.moduleManagerBridge.newModule.ms,1769509741089000000,1769509801089000000,0
jps.facet.change.listener.process.change.events.ms,1769509741089000000,1769509801089000000,0
workspaceModel.moduleBridge.facet.initialization.ms,1769509741089000000,1769509801089000000,0
jps.project.serializers.load.ms,1769509741089000000,1769509801089000000,0
jps.library.entities.serializer.save.entities.ms,1769509741089000000,1769509801089000000,0
workspaceModel.load.cache.metadata.from.file.ms,1769509741089000000,1769509801089000000,0
jps.global.handle.changed.events.ms,1769509741089000000,1769509801089000000,0
workspaceModel.sync.entities.ms,1769509741089000000,1769509801089000000,0
jps.load.project.to.empty.storage.ms,1769509741089000000,1769509801089000000,0
workspaceModel.mutableEntityStorage.apply.changes.from.ms,1769509741089000000,1769509801089000000,0
workspaceModel.orphan.listener.update.ms,1769509741089000000,1769509801089000000,0
workspaceModel.moduleManagerBridge.create.module.instance.ms,1769509741089000000,1769509801089000000,0
workspaceModel.mutableEntityStorage.changeLog.addReplaceEventForRemovedChild.ms,1769509741089000000,1769509801089000000,0
workspaceModel.moduleManagerBridge.set.unloadedModules.ms,1769509741089000000,1769509801089000000,0
workspaceModel.mutableEntityStorage.add.entity.ms,1769509741089000000,1769509801089000000,0
jps.facet.change.listener.init.bridge.ms,1769509741089000000,1769509801089000000,0
workspaceModel.global.apply.state.to.project.builder.ms,1769509741089000000,1769509801089000000,0
workspaceModel.save.cache.to.file.ms,1769509741089000000,1769509801089000000,0
jps.save.changed.project.entities.ms,1769509741089000000,1769509801089000000,0
jps.global.get.library.ms,1769509741089000000,1769509801089000000,0
jps.module.iml.entities.serializer.save.entities.ms,1769509741089000000,1769509801089000000,0
jps.module.iml.entities.serializer.load.entities.ms,1769509741089000000,1769509801089000000,0
workspaceModel.moduleManagerBridge.load.module.ms,1769509741089000000,1769509801089000000,0
workspaceModel.mutableEntityStorage.has.same.entities.ms,1769509741089000000,1769509801089000000,0
FileNameCache.totalMisses,1769509741089000000,1769509801089000000,0
VFS.fileChildByName,1769509741089000000,1769509801089000000,0
VFS.fileByIdCache.hits,1769509741089000000,1769509801089000000,0
VFS.contentStorage.recordsStoredSize,1769509741089000000,1769509801089000000,0
VFS.contentStorage.recordsStoredCompressed,1769509741089000000,1769509801089000000,0
FileNameCache.queries,1769509741089000000,1769509801089000000,0
VFS.contentStorage.recordsRead,1769509741089000000,1769509801089000000,0
VFS.fileByIdCache.misses,1769509741089000000,1769509801089000000,0
VFS.contentStorage.recordsDeduplicated,1769509741089000000,1769509801089000000,0
VFS.contentStorage.recordsStored,1769509741089000000,1769509801089000000,0
VFS.contentStorage.recordsDecompressionTimeUs,1769509741089000000,1769509801089000000,0
VFS.contentStorage.recordsReadDecompressed,1769509741089000000,1769509801089000000,0
VFS.invertedFileNameIndex.requests,1769509741089000000,1769509801089000000,0
VFS.contentStorage.recordsReadSize,1769509741089000000,1769509801089000000,0
VFS.contentStorage.recordsUncompressedSize,1769509741089000000,1769509801089000000,0
cacheStateStorage.get.counter,1769509741089000000,1769509801089000000,0
cacheStateStorage.set.duration,1769509741089000000,1769509801089000000,0
cacheStateStorage.set.counter,1769509741089000000,1769509801089000000,0
cacheStateStorage.get.duration,1769509741089000000,1769509801089000000,0
DiskQueryRelay.tasksExecuted,1769509801089000000,1769509861089000000,0
DiskQueryRelay.taskExecutionTotalTimeUs,1769509801089000000,1769509861089000000,0
writeAction.count,1769509801089000000,1769509861089000000,0
writeAction.median.wait.ms,1769509801089000000,1769509861089000000,0
writeAction.wait.ms,1769509801089000000,1769509861089000000,0
DiskQueryRelay.tasksRequested,1769509801089000000,1769509861089000000,0
writeAction.max.wait.ms,1769509801089000000,1769509861089000000,3
DiskQueryRelay.taskWaitingTotalTimeUs,1769509801089000000,1769509861089000000,0
FlushQueue.queueSizeAvg,1769509801089000000,1769509861089000000,0.0
WriteAction.executionsCount,1769509801089000000,1769509861089000000,0
FlushQueue.executionTimeAvgNs,1769509801089000000,1769509861089000000,15629.066666666668
FlushQueue.waitingTimeAvgNs,1769509801089000000,1769509861089000000,41149.86666666667
NonBlockingReadAction.failedExecutionTimeUs,1769509801089000000,1769509861089000000,0
FlushQueue.queueSize90P,1769509801089000000,1769509861089000000,0
AWTEventQueue.eventsDispatched,1769509801089000000,1769509861089000000,3121
NonBlockingReadAction.finalizedExecutionTimeUs,1769509801089000000,1769509861089000000,0
AWTEventQueue.dispatchTimeMaxNs,1769509801089000000,1769509861089000000,311295
FlushQueue.tasksExecuted,1769509801089000000,1769509861089000000,120
AWTEventQueue.dispatchTimeTotalNS,1769509801089000000,1769509861089000000,67148338
FlushQueue.queueSizeMax,1769509801089000000,1769509861089000000,0
ReadAction.executionsCount,1769509801089000000,1769509861089000000,0
AWTEventQueue.dispatchTimeAvgNs,1769509801089000000,1769509861089000000,21516.22685036847
NonBlockingReadAction.finalizedExecutionsCount,1769509801089000000,1769509861089000000,0
AWTEventQueue.dispatchTime90PNs,1769509801089000000,1769509861089000000,34047
FlushQueue.executionTimeMaxNs,1769509801089000000,1769509861089000000,23423
FlushQueue.executionTime90PNs,1769509801089000000,1769509861089000000,18687
FlushQueue.waitingTimeMaxNs,1769509801089000000,1769509861089000000,79871
NonBlockingReadAction.failedExecutionsCount,1769509801089000000,1769509861089000000,0
FlushQueue.waitingTime90PNs,1769509801089000000,1769509861089000000,52223
FilePageCacheLockFree.nativeBytesInUse,1769509801089000000,1769509861089000000,0
FilePageCacheLockFree.heapBytesInUse,1769509801089000000,1769509861089000000,0
FilePageCache.pageLoads,1769509801089000000,1769509861089000000,0
MappedFileStorage.totalBytesMapped,1769509801089000000,1769509861089000000,261357568
StorageLockContext.competingThreads.90P,1769509801089000000,1769509861089000000,0
FilePageCacheLockFree.totalPagesHandedOver,1769509801089000000,1769509861089000000,0
StreamlinedBlobStorage.recordsAllocated,1769509801089000000,1769509861089000000,0
FilePageCache.totalPageDisposalsUs,1769509801089000000,1769509861089000000,0
MappedFileStorage.totalTimeSpentOnMappingUs,1769509801089000000,1769509861089000000,12649
FilePageCacheLockFree.totalBytesRequested,1769509801089000000,1769509861089000000,0
FilePageCacheLockFree.totalPagesWritten,1769509801089000000,1769509861089000000,0
FilePageCacheLockFree.totalPagesAllocated,1769509801089000000,1769509861089000000,0
DirectByteBufferAllocator.misses,1769509801089000000,1769509861089000000,0
FilePageCacheLockFree.housekeeperTurnsDone,1769509801089000000,1769509861089000000,0
FilePageCacheLockFree.totalPagesRequested,1769509801089000000,1769509861089000000,0
FileChannelInterruptsRetryer.totalRetriedAttempts,1769509801089000000,1769509861089000000,0
FilePageCacheLockFree.housekeeperTurnsSkipped,1769509801089000000,1769509861089000000,0
FilePageCacheLockFree.totalNativeBytesReclaimed,1769509801089000000,1769509861089000000,0
DirectByteBufferAllocator.totalSizeOfBuffersAllocatedInBytes,1769509801089000000,1769509861089000000,156262400
StreamlinedBlobStorage.totalLiveRecordsCapacityBytes,1769509801089000000,1769509861089000000,0
FilePageCache.disposedBuffers,1769509801089000000,1769509861089000000,0
FilePageCacheLockFree.totalHeapBytesAllocated,1769509801089000000,1769509861089000000,0
DirectByteBufferAllocator.hits,1769509801089000000,1769509861089000000,0
FilePageCacheLockFree.totalPagesWriteMs,1769509801089000000,1769509861089000000,0
FilePageCache.uncachedFileAccess,1769509801089000000,1769509861089000000,0
MappedFileStorage.storages,1769509801089000000,1769509861089000000,16
FilePageCacheLockFree.totalPagesReadMs,1769509801089000000,1769509861089000000,0
DirectByteBufferAllocator.totalSizeOfBuffersCachedInBytes,1769509801089000000,1769509861089000000,0
FilePageCacheLockFree.housekeeperTimeSpentMs,1769509801089000000,1769509861089000000,0
MappedFileStorage.totalPagesMapped,1769509801089000000,1769509861089000000,21
FilePageCache.maxCacheSizeInBytes,1769509801089000000,1769509861089000000,156262400
FilePageCache.maxRegisteredFiles,1769509801089000000,1769509861089000000,252
StorageLockContext.competingThreads.max,1769509801089000000,1769509861089000000,0
FilePageCacheLockFree.totalPagesReclaimed,1769509801089000000,1769509861089000000,0
FilePageCache.capacityInBytes,1769509801089000000,1769509861089000000,503316478
FilePageCache.pageLoadsAboveSizeThreshold,1769509801089000000,1769509861089000000,0
FilePageCacheLockFree.totalPageAllocationsWaited,1769509801089000000,1769509861089000000,0
FilePageCache.pageHits,1769509801089000000,1769509861089000000,0
FilePageCache.totalPageLoadsUs,1769509801089000000,1769509861089000000,0
FilePageCacheLockFree.totalNativeBytesAllocated,1769509801089000000,1769509861089000000,0
FilePageCache.pageFastCacheHits,1769509801089000000,1769509861089000000,0
DirectByteBufferAllocator.reclaimed,1769509801089000000,1769509861089000000,0
StreamlinedBlobStorage.recordsDeleted,1769509801089000000,1769509861089000000,0
FilePageCacheLockFree.totalClosedStoragesReclaimed,1769509801089000000,1769509861089000000,0
StreamlinedBlobStorage.totalLiveRecordsPayloadBytes,1769509801089000000,1769509861089000000,0
DirectByteBufferAllocator.disposed,1769509801089000000,1769509861089000000,0
FilePageCacheLockFree.totalPagesRequestsMs,1769509801089000000,1769509861089000000,0
FilePageCacheLockFree.totalHeapBytesReclaimed,1769509801089000000,1769509861089000000,0
FilePageCacheLockFree.totalBytesWritten,1769509801089000000,1769509861089000000,0
FilePageCacheLockFree.totalBytesRead,1769509801089000000,1769509861089000000,0
StorageLockContext.competingThreads.avg,1769509801089000000,1769509861089000000,0.0
StreamlinedBlobStorage.recordsRelocated,1769509801089000000,1769509861089000000,0
JVM.usedNativeBytes,1769509801089000000,1769509861089000000,372688520
JVM.totalDirectByteBuffersBytes,1769509801089000000,1769509861089000000,156581164
JVM.totalTimeToSafepointsMs,1769509801089000000,1769509861089000000,0
JVM.totalCpuTimeMs,1769509801089000000,1769509861089000000,540
JVM.usedHeapBytes,1769509801089000000,1769509861089000000,447347144
JVM.totalTimeAtSafepointsMs,1769509801089000000,1769509861089000000,2
JVM.GC.collectionTimesMs,1769509801089000000,1769509861089000000,2
JVM.totalSafepointCount,1769509801089000000,1769509861089000000,3
JVM.maxHeapBytes,1769509801089000000,1769509861089000000,4196401152
JVM.newThreadsCount,1769509801089000000,1769509861089000000,1
JVM.GC.collections,1769509801089000000,1769509861089000000,1
OS.loadAverage,1769509801089000000,1769509861089000000,1.61767578125
JVM.maxThreadCount,1769509801089000000,1769509861089000000,143
JVM.totalBytesAllocated,1769509801089000000,1769509861089000000,27124096
JVM.threadCount,1769509801089000000,1769509861089000000,47
workspaceModel.workspaceFileIndexData.updateDirtyEntities.ms,1769509801089000000,1769509861089000000,0
workspaceModel.updates.precise.ms,1769509801089000000,1769509861089000000,0
workspaceModel.cachedValueWithParameters.calculated.count,1769509801089000000,1769509861089000000,0
workspaceModel.cachedValueWithParameters.total.get.count,1769509801089000000,1769509861089000000,0
workspaceModel.cachedValue.calculated.count,1769509801089000000,1769509861089000000,0
workspaceModel.to.snapshot.ms,1769509801089000000,1769509861089000000,0
workspaceModel.loading.total.ms,1769509801089000000,1769509861089000000,0
workspaceModel.on.changed.ms,1769509801089000000,1769509861089000000,0
workspaceModel.replace.project.model.ms,1769509801089000000,1769509861089000000,0
workspaceModel.workspaceFileIndexContributor.registerFileSets.ms,1769509801089000000,1769509861089000000,0
workspaceModel.update.unloaded.entities.ms,1769509801089000000,1769509861089000000,0
workspaceModel.workspaceFileIndexData.markDirty.ms,1769509801089000000,1769509861089000000,0
workspaceModel.workspaceFileIndexData.init.ms,1769509801089000000,1769509861089000000,0
workspaceModel.workspaceFileIndexData.getPackageName.ms,1769509801089000000,1769509861089000000,0
workspaceModel.cachedValue.clear.count,1769509801089000000,1769509861089000000,0
workspaceModel.collect.changes.ms,1769509801089000000,1769509861089000000,0
workspaceModel.init.bridges.ms,1769509801089000000,1769509861089000000,0
workspaceModel.check.recursive.update.ms,1769509801089000000,1769509861089000000,0
workspaceModel.workspaceFileIndexData.getFileInfo.ms,1769509801089000000,1769509861089000000,0
workspaceModel.workspaceFileIndexData.processFileSets.ms,1769509801089000000,1769509861089000000,0
workspaceModel.entityStorageSnapshotImpl.instances.count,1769509801089000000,1769509861089000000,0
workspaceModel.on.before.changed.ms,1769509801089000000,1769509861089000000,0
workspaceModel.cachedValueWithParameters.clear.count,1769509801089000000,1769509861089000000,0
workspaceModel.workspaceFileIndexData.onEntitiesChanged.ms,1769509801089000000,1769509861089000000,0
workspaceModel.workspaceFileIndexData.visitFileSets.ms,1769509801089000000,1769509861089000000,0
workspaceModel.workspaceFileIndexData.instances.count,1769509801089000000,1769509861089000000,0
workspaceModel.initializing.ms,1769509801089000000,1769509861089000000,0
workspaceModel.full.replace.project.model.ms,1769509801089000000,1769509861089000000,0
workspaceModel.updates.ms,1769509801089000000,1769509861089000000,0
workspaceModel.cachedValue.from.cache.count,1769509801089000000,1769509861089000000,0
workspaceModel.loading.from.cache.ms,1769509801089000000,1769509861089000000,0
workspaceModel.workspaceFileIndexData.getDirectoriesByPackageName.ms,1769509801089000000,1769509861089000000,0
workspaceModel.cachedValueWithParameters.from.cache.count,1769509801089000000,1769509861089000000,0
workspaceModel.cachedValue.total.get.count,1769509801089000000,1769509861089000000,0
workspaceModel.pre.handlers.ms,1769509801089000000,1769509861089000000,0
workspaceModel.updates.count,1769509801089000000,1769509861089000000,0
Indexing.writesQueuedMin,1769509801089000000,1769509861089000000,0
Indexes.stubs.lookups,1769509801089000000,1769509861089000000,0
Indexing.writer_0.totalTimeSpentWritingMs,1769509801089000000,1769509861089000000,0
Indexes.stubs.lookupDurationAvgMs,1769509801089000000,1769509861089000000,0.0
Indexing.totalTimeIndexersSleptMs,1769509801089000000,1769509861089000000,0
IndexesFlusher.totalFlushesRetried,1769509801089000000,1769509861089000000,0
IndexesFlusher.totalFlushes,1769509801089000000,1769509861089000000,60
Indexes.entries.lookupDurationAvgMs,1769509801089000000,1769509861089000000,0.0
Indexes.allKeys.lookupDuration90PMs,1769509801089000000,1769509861089000000,0.0
Indexing.cache.totalCacheEvicted,1769509801089000000,1769509861089000000,0
Indexes.entries.lookupDurationMaxMs,1769509801089000000,1769509861089000000,0.0
Indexing.writesQueuedAvg,1769509801089000000,1769509861089000000,0.0
IndexesFlusher.totalFlushingTimeUs,1769509801089000000,1769509861089000000,29428
Indexes.entries.lookups,1769509801089000000,1769509861089000000,0
Indexes.allKeys.lookupDurationMaxMs,1769509801089000000,1769509861089000000,0.0
Indexes.entries.lookupDuration90PMs,1769509801089000000,1769509861089000000,0.0
Indexing.writer_3.totalTimeSpentWritingMs,1769509801089000000,1769509861089000000,0
IndexesFlusher.totalContentionQuotaSpent,1769509801089000000,1769509861089000000,0
Indexing.writer_1.totalTimeSpentWritingMs,1769509801089000000,1769509861089000000,0
Indexing.cache.totalCacheMisses,1769509801089000000,1769509861089000000,0
Indexes.allKeys.lookups,1769509801089000000,1769509861089000000,0
Indexing.writer_2.totalTimeSpentWritingMs,1769509801089000000,1769509861089000000,0
Indexes.stubs.lookupDuration90PMs,1769509801089000000,1769509861089000000,0.0
Indexes.allKeys.lookupDurationAvgMs,1769509801089000000,1769509861089000000,0.0
Indexing.writesQueuedMax,1769509801089000000,1769509861089000000,0
Indexing.cache.totalCacheAccesses,1769509801089000000,1769509861089000000,0
Indexes.stubs.lookupDurationMaxMs,1769509801089000000,1769509861089000000,0.0
workspaceModel.load.cache.from.file.ms,1769509801089000000,1769509861089000000,0
jps.global.get.library.by.name.ms,1769509801089000000,1769509861089000000,0
workspaceModel.global.updates.count,1769509801089000000,1769509861089000000,0
workspaceModel.mutableEntityStorage.referrers.ms,1769509801089000000,1769509861089000000,0
workspaceModel.do.save.caches.ms,1769509801089000000,1769509861089000000,0
workspaceModel.global.apply.state.to.project.ms,1769509801089000000,1769509861089000000,0
workspaceModel.mutableEntityStorage.changeLog.addReplaceEventForNewChild.ms,1769509801089000000,1769509861089000000,0
jps.artifact.entities.serializer.load.entities.ms,1769509801089000000,1769509861089000000,0
jps.library.entities.serializer.load.entities.ms,1769509801089000000,1769509861089000000,0
workspaceModel.mutableEntityStorage.entities.by.source.ms,1769509801089000000,1769509861089000000,0
jps.global.handle.before.change.events.ms,1769509801089000000,1769509861089000000,0
jps.storage.jps.conf.reader.load.component.ms,1769509801089000000,1769509861089000000,0
workspaceModel.mutableEntityStorage.remove.entity.ms,1769509801089000000,1769509861089000000,0
jps.reload.project.entities.ms,1769509801089000000,1769509861089000000,0
workspaceModel.mutableEntityStorage.mutable.ext.mapping.ms,1769509801089000000,1769509861089000000,0
jps.module.dependency.index.workspace.model.listener.on.changed.ms,1769509801089000000,1769509861089000000,0
jps.project.serializers.save.ms,1769509801089000000,1769509861089000000,0
workspaceModel.mutableEntityStorage.replace.by.source.ms,1769509801089000000,1769509861089000000,0
workspaceModel.moduleManagerBridge.build.module.graph.ms,1769509801089000000,1769509861089000000,0
workspaceModel.delayed.project.synchronizer.sync.ms,1769509801089000000,1769509861089000000,0
jps.save.global.entities.ms,1769509801089000000,1769509861089000000,0
workspaceModel.moduleBridge.update.option.ms,1769509801089000000,1769509861089000000,0
workspaceModel.moduleBridge.before.changed.ms,1769509801089000000,1769509861089000000,0
jps.app.storage.content.writer.save.component.ms,1769509801089000000,1769509861089000000,0
workspaceModel.mutableEntityStorage.mutable.vfurl.index.ms,1769509801089000000,1769509861089000000,0
workspaceModel.mutableEntityStorage.modify.entity.ms,1769509801089000000,1769509861089000000,0
workspaceModel.moduleBridgeLoader.loading.modules.ms,1769509801089000000,1769509861089000000,0
workspaceModel.moduleManagerBridge.get.modules.ms,1769509801089000000,1769509861089000000,0
jps.global.initialize.library.bridges.after.loading.ms,1769509801089000000,1769509861089000000,0
workspaceModel.mutableEntityStorage.collect.changes.ms,1769509801089000000,1769509861089000000,0
workspaceModel.mutableEntityStorage.changeLog.addReplaceEventForRemovedParent.ms,1769509801089000000,1769509861089000000,0
jps.global.initialize.library.bridges.ms,1769509801089000000,1769509861089000000,0
workspaceModel.mutableEntityStorage.put.entity.ms,1769509801089000000,1769509861089000000,0
workspaceModel.mutableEntityStorage.changeLog.addReplaceEventForNewParent.ms,1769509801089000000,1769509861089000000,0
workspaceModel.moduleManagerBridge.new.nonPersistent.module.ms,1769509801089000000,1769509861089000000,0
jps.artifact.entities.serializer.save.entities.ms,1769509801089000000,1769509861089000000,0
jps.app.storage.content.reader.load.component.ms,1769509801089000000,1769509861089000000,0
workspaceModel.moduleManagerBridge.load.all.modules.ms,1769509801089000000,1769509861089000000,0
jps.facet.change.listener.before.change.events.ms,1769509801089000000,1769509861089000000,0
workspaceModel.mutableEntityStorage.entities.ms,1769509801089000000,1769509861089000000,0
workspaceModel.mutableEntityStorage.instances.count,1769509801089000000,1769509861089000000,0
workspaceModel.mutableEntityStorage.to.snapshot.ms,1769509801089000000,1769509861089000000,0
jps.load.initial.state.ms,1769509801089000000,1769509861089000000,0
workspaceModel.global.updates.ms,1769509801089000000,1769509861089000000,0
jps.apply.loaded.storage.ms,1769509801089000000,1769509861089000000,0
jps.global.get.libraries.ms,1769509801089000000,1769509861089000000,0
workspaceModel.mutableEntityStorage.resolve.ms,1769509801089000000,1769509861089000000,0
workspaceModel.moduleManagerBridge.newModule.ms,1769509801089000000,1769509861089000000,0
jps.facet.change.listener.process.change.events.ms,1769509801089000000,1769509861089000000,0
workspaceModel.moduleBridge.facet.initialization.ms,1769509801089000000,1769509861089000000,0
jps.project.serializers.load.ms,1769509801089000000,1769509861089000000,0
jps.library.entities.serializer.save.entities.ms,1769509801089000000,1769509861089000000,0
workspaceModel.load.cache.metadata.from.file.ms,1769509801089000000,1769509861089000000,0
jps.global.handle.changed.events.ms,1769509801089000000,1769509861089000000,0
workspaceModel.sync.entities.ms,1769509801089000000,1769509861089000000,0
jps.load.project.to.empty.storage.ms,1769509801089000000,1769509861089000000,0
workspaceModel.mutableEntityStorage.apply.changes.from.ms,1769509801089000000,1769509861089000000,0
workspaceModel.orphan.listener.update.ms,1769509801089000000,1769509861089000000,0
workspaceModel.moduleManagerBridge.create.module.instance.ms,1769509801089000000,1769509861089000000,0
workspaceModel.mutableEntityStorage.changeLog.addReplaceEventForRemovedChild.ms,1769509801089000000,1769509861089000000,0
workspaceModel.moduleManagerBridge.set.unloadedModules.ms,1769509801089000000,1769509861089000000,0
workspaceModel.mutableEntityStorage.add.entity.ms,1769509801089000000,1769509861089000000,0
jps.facet.change.listener.init.bridge.ms,1769509801089000000,1769509861089000000,0
workspaceModel.global.apply.state.to.project.builder.ms,1769509801089000000,1769509861089000000,0
workspaceModel.save.cache.to.file.ms,1769509801089000000,1769509861089000000,0
jps.save.changed.project.entities.ms,1769509801089000000,1769509861089000000,0
jps.global.get.library.ms,1769509801089000000,1769509861089000000,0
jps.module.iml.entities.serializer.save.entities.ms,1769509801089000000,1769509861089000000,0
jps.module.iml.entities.serializer.load.entities.ms,1769509801089000000,1769509861089000000,0
workspaceModel.moduleManagerBridge.load.module.ms,1769509801089000000,1769509861089000000,0
workspaceModel.mutableEntityStorage.has.same.entities.ms,1769509801089000000,1769509861089000000,0
FileNameCache.totalMisses,1769509801089000000,1769509861089000000,0
VFS.fileChildByName,1769509801089000000,1769509861089000000,0
VFS.fileByIdCache.hits,1769509801089000000,1769509861089000000,0
VFS.contentStorage.recordsStoredSize,1769509801089000000,1769509861089000000,0
VFS.contentStorage.recordsStoredCompressed,1769509801089000000,1769509861089000000,0
FileNameCache.queries,1769509801089000000,1769509861089000000,0
VFS.contentStorage.recordsRead,1769509801089000000,1769509861089000000,0
VFS.fileByIdCache.misses,1769509801089000000,1769509861089000000,0
VFS.contentStorage.recordsDeduplicated,1769509801089000000,1769509861089000000,0
VFS.contentStorage.recordsStored,1769509801089000000,1769509861089000000,0
VFS.contentStorage.recordsDecompressionTimeUs,1769509801089000000,1769509861089000000,0
VFS.contentStorage.recordsReadDecompressed,1769509801089000000,1769509861089000000,0
VFS.invertedFileNameIndex.requests,1769509801089000000,1769509861089000000,0
VFS.contentStorage.recordsReadSize,1769509801089000000,1769509861089000000,0
VFS.contentStorage.recordsUncompressedSize,1769509801089000000,1769509861089000000,0
cacheStateStorage.get.counter,1769509801089000000,1769509861089000000,0
cacheStateStorage.set.duration,1769509801089000000,1769509861089000000,0
cacheStateStorage.set.counter,1769509801089000000,1769509861089000000,0
cacheStateStorage.get.duration,1769509801089000000,1769509861089000000,0
DiskQueryRelay.tasksExecuted,1769509861089000000,1769509921089000000,0
DiskQueryRelay.taskExecutionTotalTimeUs,1769509861089000000,1769509921089000000,0
writeAction.count,1769509861089000000,1769509921089000000,0
writeAction.median.wait.ms,1769509861089000000,1769509921089000000,0
writeAction.wait.ms,1769509861089000000,1769509921089000000,0
DiskQueryRelay.tasksRequested,1769509861089000000,1769509921089000000,0
writeAction.max.wait.ms,1769509861089000000,1769509921089000000,3
DiskQueryRelay.taskWaitingTotalTimeUs,1769509861089000000,1769509921089000000,0
FlushQueue.queueSizeAvg,1769509861089000000,1769509921089000000,0.0
WriteAction.executionsCount,1769509861089000000,1769509921089000000,0
FlushQueue.executionTimeAvgNs,1769509861089000000,1769509921089000000,17259.733333333334
FlushQueue.waitingTimeAvgNs,1769509861089000000,1769509921089000000,48112.53333333333
NonBlockingReadAction.failedExecutionTimeUs,1769509861089000000,1769509921089000000,0
FlushQueue.queueSize90P,1769509861089000000,1769509921089000000,0
AWTEventQueue.eventsDispatched,1769509861089000000,1769509921089000000,3119
NonBlockingReadAction.finalizedExecutionTimeUs,1769509861089000000,1769509921089000000,0
AWTEventQueue.dispatchTimeMaxNs,1769509861089000000,1769509921089000000,108031
FlushQueue.tasksExecuted,1769509861089000000,1769509921089000000,120
AWTEventQueue.dispatchTimeTotalNS,1769509861089000000,1769509921089000000,97555928
FlushQueue.queueSizeMax,1769509861089000000,1769509921089000000,0
ReadAction.executionsCount,1769509861089000000,1769509921089000000,0
AWTEventQueue.dispatchTimeAvgNs,1769509861089000000,1769509921089000000,31261.358127605003
NonBlockingReadAction.finalizedExecutionsCount,1769509861089000000,1769509921089000000,0
AWTEventQueue.dispatchTime90PNs,1769509861089000000,1769509921089000000,54271
FlushQueue.executionTimeMaxNs,1769509861089000000,1769509921089000000,31871
FlushQueue.executionTime90PNs,1769509861089000000,1769509921089000000,21247
FlushQueue.waitingTimeMaxNs,1769509861089000000,1769509921089000000,88575
NonBlockingReadAction.failedExecutionsCount,1769509861089000000,1769509921089000000,0
FlushQueue.waitingTime90PNs,1769509861089000000,1769509921089000000,68095
FilePageCacheLockFree.nativeBytesInUse,1769509861089000000,1769509921089000000,0
FilePageCacheLockFree.heapBytesInUse,1769509861089000000,1769509921089000000,0
FilePageCache.pageLoads,1769509861089000000,1769509921089000000,0
MappedFileStorage.totalBytesMapped,1769509861089000000,1769509921089000000,261357568
StorageLockContext.competingThreads.90P,1769509861089000000,1769509921089000000,0
FilePageCacheLockFree.totalPagesHandedOver,1769509861089000000,1769509921089000000,0
StreamlinedBlobStorage.recordsAllocated,1769509861089000000,1769509921089000000,0
FilePageCache.totalPageDisposalsUs,1769509861089000000,1769509921089000000,0
MappedFileStorage.totalTimeSpentOnMappingUs,1769509861089000000,1769509921089000000,12649
FilePageCacheLockFree.totalBytesRequested,1769509861089000000,1769509921089000000,0
FilePageCacheLockFree.totalPagesWritten,1769509861089000000,1769509921089000000,0
FilePageCacheLockFree.totalPagesAllocated,1769509861089000000,1769509921089000000,0
DirectByteBufferAllocator.misses,1769509861089000000,1769509921089000000,0
FilePageCacheLockFree.housekeeperTurnsDone,1769509861089000000,1769509921089000000,0
FilePageCacheLockFree.totalPagesRequested,1769509861089000000,1769509921089000000,0
FileChannelInterruptsRetryer.totalRetriedAttempts,1769509861089000000,1769509921089000000,0
FilePageCacheLockFree.housekeeperTurnsSkipped,1769509861089000000,1769509921089000000,0
FilePageCacheLockFree.totalNativeBytesReclaimed,1769509861089000000,1769509921089000000,0
DirectByteBufferAllocator.totalSizeOfBuffersAllocatedInBytes,1769509861089000000,1769509921089000000,156262400
StreamlinedBlobStorage.totalLiveRecordsCapacityBytes,1769509861089000000,1769509921089000000,0
FilePageCache.disposedBuffers,1769509861089000000,1769509921089000000,0
FilePageCacheLockFree.totalHeapBytesAllocated,1769509861089000000,1769509921089000000,0
DirectByteBufferAllocator.hits,1769509861089000000,1769509921089000000,0
FilePageCacheLockFree.totalPagesWriteMs,1769509861089000000,1769509921089000000,0
FilePageCache.uncachedFileAccess,1769509861089000000,1769509921089000000,0
MappedFileStorage.storages,1769509861089000000,1769509921089000000,16
FilePageCacheLockFree.totalPagesReadMs,1769509861089000000,1769509921089000000,0
DirectByteBufferAllocator.totalSizeOfBuffersCachedInBytes,1769509861089000000,1769509921089000000,0
FilePageCacheLockFree.housekeeperTimeSpentMs,1769509861089000000,1769509921089000000,0
MappedFileStorage.totalPagesMapped,1769509861089000000,1769509921089000000,21
FilePageCache.maxCacheSizeInBytes,1769509861089000000,1769509921089000000,156262400
FilePageCache.maxRegisteredFiles,1769509861089000000,1769509921089000000,252
StorageLockContext.competingThreads.max,1769509861089000000,1769509921089000000,0
FilePageCacheLockFree.totalPagesReclaimed,1769509861089000000,1769509921089000000,0
FilePageCache.capacityInBytes,1769509861089000000,1769509921089000000,503316478
FilePageCache.pageLoadsAboveSizeThreshold,1769509861089000000,1769509921089000000,0
FilePageCacheLockFree.totalPageAllocationsWaited,1769509861089000000,1769509921089000000,0
FilePageCache.pageHits,1769509861089000000,1769509921089000000,0
FilePageCache.totalPageLoadsUs,1769509861089000000,1769509921089000000,0
FilePageCacheLockFree.totalNativeBytesAllocated,1769509861089000000,1769509921089000000,0
FilePageCache.pageFastCacheHits,1769509861089000000,1769509921089000000,0
DirectByteBufferAllocator.reclaimed,1769509861089000000,1769509921089000000,0
StreamlinedBlobStorage.recordsDeleted,1769509861089000000,1769509921089000000,0
FilePageCacheLockFree.totalClosedStoragesReclaimed,1769509861089000000,1769509921089000000,0
StreamlinedBlobStorage.totalLiveRecordsPayloadBytes,1769509861089000000,1769509921089000000,0
DirectByteBufferAllocator.disposed,1769509861089000000,1769509921089000000,0
FilePageCacheLockFree.totalPagesRequestsMs,1769509861089000000,1769509921089000000,0
FilePageCacheLockFree.totalHeapBytesReclaimed,1769509861089000000,1769509921089000000,0
FilePageCacheLockFree.totalBytesWritten,1769509861089000000,1769509921089000000,0
FilePageCacheLockFree.totalBytesRead,1769509861089000000,1769509921089000000,0
StorageLockContext.competingThreads.avg,1769509861089000000,1769509921089000000,0.0
StreamlinedBlobStorage.recordsRelocated,1769509861089000000,1769509921089000000,0
JVM.usedNativeBytes,1769509861089000000,1769509921089000000,372815096
JVM.totalDirectByteBuffersBytes,1769509861089000000,1769509921089000000,156580936
JVM.totalTimeToSafepointsMs,1769509861089000000,1769509921089000000,0
JVM.totalCpuTimeMs,1769509861089000000,1769509921089000000,650
JVM.usedHeapBytes,1769509861089000000,1769509921089000000,474610120
JVM.totalTimeAtSafepointsMs,1769509861089000000,1769509921089000000,0
JVM.GC.collectionTimesMs,1769509861089000000,1769509921089000000,0
JVM.totalSafepointCount,1769509861089000000,1769509921089000000,1
JVM.maxHeapBytes,1769509861089000000,1769509921089000000,4196401152
JVM.newThreadsCount,1769509861089000000,1769509921089000000,0
JVM.GC.collections,1769509861089000000,1769509921089000000,0
OS.loadAverage,1769509861089000000,1769509921089000000,1.92578125
JVM.maxThreadCount,1769509861089000000,1769509921089000000,143
JVM.totalBytesAllocated,1769509861089000000,1769509921089000000,27453136
JVM.threadCount,1769509861089000000,1769509921089000000,46
workspaceModel.workspaceFileIndexData.updateDirtyEntities.ms,1769509861089000000,1769509921089000000,0
workspaceModel.updates.precise.ms,1769509861089000000,1769509921089000000,0
workspaceModel.cachedValueWithParameters.calculated.count,1769509861089000000,1769509921089000000,0
workspaceModel.cachedValueWithParameters.total.get.count,1769509861089000000,1769509921089000000,0
workspaceModel.cachedValue.calculated.count,1769509861089000000,1769509921089000000,0
workspaceModel.to.snapshot.ms,1769509861089000000,1769509921089000000,0
workspaceModel.loading.total.ms,1769509861089000000,1769509921089000000,0
workspaceModel.on.changed.ms,1769509861089000000,1769509921089000000,0
workspaceModel.replace.project.model.ms,1769509861089000000,1769509921089000000,0
workspaceModel.workspaceFileIndexContributor.registerFileSets.ms,1769509861089000000,1769509921089000000,0
workspaceModel.update.unloaded.entities.ms,1769509861089000000,1769509921089000000,0
workspaceModel.workspaceFileIndexData.markDirty.ms,1769509861089000000,1769509921089000000,0
workspaceModel.workspaceFileIndexData.init.ms,1769509861089000000,1769509921089000000,0
workspaceModel.workspaceFileIndexData.getPackageName.ms,1769509861089000000,1769509921089000000,0
workspaceModel.cachedValue.clear.count,1769509861089000000,1769509921089000000,0
workspaceModel.collect.changes.ms,1769509861089000000,1769509921089000000,0
workspaceModel.init.bridges.ms,1769509861089000000,1769509921089000000,0
workspaceModel.check.recursive.update.ms,1769509861089000000,1769509921089000000,0
workspaceModel.workspaceFileIndexData.getFileInfo.ms,1769509861089000000,1769509921089000000,0
workspaceModel.workspaceFileIndexData.processFileSets.ms,1769509861089000000,1769509921089000000,0
workspaceModel.entityStorageSnapshotImpl.instances.count,1769509861089000000,1769509921089000000,0
workspaceModel.on.before.changed.ms,1769509861089000000,1769509921089000000,0
workspaceModel.cachedValueWithParameters.clear.count,1769509861089000000,1769509921089000000,0
workspaceModel.workspaceFileIndexData.onEntitiesChanged.ms,1769509861089000000,1769509921089000000,0
workspaceModel.workspaceFileIndexData.visitFileSets.ms,1769509861089000000,1769509921089000000,0
workspaceModel.workspaceFileIndexData.instances.count,1769509861089000000,1769509921089000000,0
workspaceModel.initializing.ms,1769509861089000000,1769509921089000000,0
workspaceModel.full.replace.project.model.ms,1769509861089000000,1769509921089000000,0
workspaceModel.updates.ms,1769509861089000000,1769509921089000000,0
workspaceModel.cachedValue.from.cache.count,1769509861089000000,1769509921089000000,0
workspaceModel.loading.from.cache.ms,1769509861089000000,1769509921089000000,0
workspaceModel.workspaceFileIndexData.getDirectoriesByPackageName.ms,1769509861089000000,1769509921089000000,0
workspaceModel.cachedValueWithParameters.from.cache.count,1769509861089000000,1769509921089000000,0
workspaceModel.cachedValue.total.get.count,1769509861089000000,1769509921089000000,0
workspaceModel.pre.handlers.ms,1769509861089000000,1769509921089000000,0
workspaceModel.updates.count,1769509861089000000,1769509921089000000,0
Indexing.writesQueuedMin,1769509861089000000,1769509921089000000,0
Indexes.stubs.lookups,1769509861089000000,1769509921089000000,0
Indexing.writer_0.totalTimeSpentWritingMs,1769509861089000000,1769509921089000000,0
Indexes.stubs.lookupDurationAvgMs,1769509861089000000,1769509921089000000,0.0
Indexing.totalTimeIndexersSleptMs,1769509861089000000,1769509921089000000,0
IndexesFlusher.totalFlushesRetried,1769509861089000000,1769509921089000000,0
IndexesFlusher.totalFlushes,1769509861089000000,1769509921089000000,60
Indexes.entries.lookupDurationAvgMs,1769509861089000000,1769509921089000000,0.0
Indexes.allKeys.lookupDuration90PMs,1769509861089000000,1769509921089000000,0.0
Indexing.cache.totalCacheEvicted,1769509861089000000,1769509921089000000,0
Indexes.entries.lookupDurationMaxMs,1769509861089000000,1769509921089000000,0.0
Indexing.writesQueuedAvg,1769509861089000000,1769509921089000000,0.0
IndexesFlusher.totalFlushingTimeUs,1769509861089000000,1769509921089000000,29153
Indexes.entries.lookups,1769509861089000000,1769509921089000000,0
Indexes.allKeys.lookupDurationMaxMs,1769509861089000000,1769509921089000000,0.0
Indexes.entries.lookupDuration90PMs,1769509861089000000,1769509921089000000,0.0
Indexing.writer_3.totalTimeSpentWritingMs,1769509861089000000,1769509921089000000,0
IndexesFlusher.totalContentionQuotaSpent,1769509861089000000,1769509921089000000,0
Indexing.writer_1.totalTimeSpentWritingMs,1769509861089000000,1769509921089000000,0
Indexing.cache.totalCacheMisses,1769509861089000000,1769509921089000000,0
Indexes.allKeys.lookups,1769509861089000000,1769509921089000000,0
Indexing.writer_2.totalTimeSpentWritingMs,1769509861089000000,1769509921089000000,0
Indexes.stubs.lookupDuration90PMs,1769509861089000000,1769509921089000000,0.0
Indexes.allKeys.lookupDurationAvgMs,1769509861089000000,1769509921089000000,0.0
Indexing.writesQueuedMax,1769509861089000000,1769509921089000000,0
Indexing.cache.totalCacheAccesses,1769509861089000000,1769509921089000000,0
Indexes.stubs.lookupDurationMaxMs,1769509861089000000,1769509921089000000,0.0
workspaceModel.load.cache.from.file.ms,1769509861089000000,1769509921089000000,0
jps.global.get.library.by.name.ms,1769509861089000000,1769509921089000000,0
workspaceModel.global.updates.count,1769509861089000000,1769509921089000000,0
workspaceModel.mutableEntityStorage.referrers.ms,1769509861089000000,1769509921089000000,0
workspaceModel.do.save.caches.ms,1769509861089000000,1769509921089000000,0
workspaceModel.global.apply.state.to.project.ms,1769509861089000000,1769509921089000000,0
workspaceModel.mutableEntityStorage.changeLog.addReplaceEventForNewChild.ms,1769509861089000000,1769509921089000000,0
jps.artifact.entities.serializer.load.entities.ms,1769509861089000000,1769509921089000000,0
jps.library.entities.serializer.load.entities.ms,1769509861089000000,1769509921089000000,0
workspaceModel.mutableEntityStorage.entities.by.source.ms,1769509861089000000,1769509921089000000,0
jps.global.handle.before.change.events.ms,1769509861089000000,1769509921089000000,0
jps.storage.jps.conf.reader.load.component.ms,1769509861089000000,1769509921089000000,0
workspaceModel.mutableEntityStorage.remove.entity.ms,1769509861089000000,1769509921089000000,0
jps.reload.project.entities.ms,1769509861089000000,1769509921089000000,0
workspaceModel.mutableEntityStorage.mutable.ext.mapping.ms,1769509861089000000,1769509921089000000,0
jps.module.dependency.index.workspace.model.listener.on.changed.ms,1769509861089000000,1769509921089000000,0
jps.project.serializers.save.ms,1769509861089000000,1769509921089000000,0
workspaceModel.mutableEntityStorage.replace.by.source.ms,1769509861089000000,1769509921089000000,0
workspaceModel.moduleManagerBridge.build.module.graph.ms,1769509861089000000,1769509921089000000,0
workspaceModel.delayed.project.synchronizer.sync.ms,1769509861089000000,1769509921089000000,0
jps.save.global.entities.ms,1769509861089000000,1769509921089000000,0
workspaceModel.moduleBridge.update.option.ms,1769509861089000000,1769509921089000000,0
workspaceModel.moduleBridge.before.changed.ms,1769509861089000000,1769509921089000000,0
jps.app.storage.content.writer.save.component.ms,1769509861089000000,1769509921089000000,0
workspaceModel.mutableEntityStorage.mutable.vfurl.index.ms,1769509861089000000,1769509921089000000,0
workspaceModel.mutableEntityStorage.modify.entity.ms,1769509861089000000,1769509921089000000,0
workspaceModel.moduleBridgeLoader.loading.modules.ms,1769509861089000000,1769509921089000000,0
workspaceModel.moduleManagerBridge.get.modules.ms,1769509861089000000,1769509921089000000,0
jps.global.initialize.library.bridges.after.loading.ms,1769509861089000000,1769509921089000000,0
workspaceModel.mutableEntityStorage.collect.changes.ms,1769509861089000000,1769509921089000000,0
workspaceModel.mutableEntityStorage.changeLog.addReplaceEventForRemovedParent.ms,1769509861089000000,1769509921089000000,0
jps.global.initialize.library.bridges.ms,1769509861089000000,1769509921089000000,0
workspaceModel.mutableEntityStorage.put.entity.ms,1769509861089000000,1769509921089000000,0
workspaceModel.mutableEntityStorage.changeLog.addReplaceEventForNewParent.ms,1769509861089000000,1769509921089000000,0
workspaceModel.moduleManagerBridge.new.nonPersistent.module.ms,1769509861089000000,1769509921089000000,0
jps.artifact.entities.serializer.save.entities.ms,1769509861089000000,1769509921089000000,0
jps.app.storage.content.reader.load.component.ms,1769509861089000000,1769509921089000000,0
workspaceModel.moduleManagerBridge.load.all.modules.ms,1769509861089000000,1769509921089000000,0
jps.facet.change.listener.before.change.events.ms,1769509861089000000,1769509921089000000,0
workspaceModel.mutableEntityStorage.entities.ms,1769509861089000000,1769509921089000000,0
workspaceModel.mutableEntityStorage.instances.count,1769509861089000000,1769509921089000000,0
workspaceModel.mutableEntityStorage.to.snapshot.ms,1769509861089000000,1769509921089000000,0
jps.load.initial.state.ms,1769509861089000000,1769509921089000000,0
workspaceModel.global.updates.ms,1769509861089000000,1769509921089000000,0
jps.apply.loaded.storage.ms,1769509861089000000,1769509921089000000,0
jps.global.get.libraries.ms,1769509861089000000,1769509921089000000,0
workspaceModel.mutableEntityStorage.resolve.ms,1769509861089000000,1769509921089000000,0
workspaceModel.moduleManagerBridge.newModule.ms,1769509861089000000,1769509921089000000,0
jps.facet.change.listener.process.change.events.ms,1769509861089000000,1769509921089000000,0
workspaceModel.moduleBridge.facet.initialization.ms,1769509861089000000,1769509921089000000,0
jps.project.serializers.load.ms,1769509861089000000,1769509921089000000,0
jps.library.entities.serializer.save.entities.ms,1769509861089000000,1769509921089000000,0
workspaceModel.load.cache.metadata.from.file.ms,1769509861089000000,1769509921089000000,0
jps.global.handle.changed.events.ms,1769509861089000000,1769509921089000000,0
workspaceModel.sync.entities.ms,1769509861089000000,1769509921089000000,0
jps.load.project.to.empty.storage.ms,1769509861089000000,1769509921089000000,0
workspaceModel.mutableEntityStorage.apply.changes.from.ms,1769509861089000000,1769509921089000000,0
workspaceModel.orphan.listener.update.ms,1769509861089000000,1769509921089000000,0
workspaceModel.moduleManagerBridge.create.module.instance.ms,1769509861089000000,1769509921089000000,0
workspaceModel.mutableEntityStorage.changeLog.addReplaceEventForRemovedChild.ms,1769509861089000000,1769509921089000000,0
workspaceModel.moduleManagerBridge.set.unloadedModules.ms,1769509861089000000,1769509921089000000,0
workspaceModel.mutableEntityStorage.add.entity.ms,1769509861089000000,1769509921089000000,0
jps.facet.change.listener.init.bridge.ms,1769509861089000000,1769509921089000000,0
workspaceModel.global.apply.state.to.project.builder.ms,1769509861089000000,1769509921089000000,0
workspaceModel.save.cache.to.file.ms,1769509861089000000,1769509921089000000,0
jps.save.changed.project.entities.ms,1769509861089000000,1769509921089000000,0
jps.global.get.library.ms,1769509861089000000,1769509921089000000,0
jps.module.iml.entities.serializer.save.entities.ms,1769509861089000000,1769509921089000000,0
jps.module.iml.entities.serializer.load.entities.ms,1769509861089000000,1769509921089000000,0
workspaceModel.moduleManagerBridge.load.module.ms,1769509861089000000,1769509921089000000,0
workspaceModel.mutableEntityStorage.has.same.entities.ms,1769509861089000000,1769509921089000000,0
FileNameCache.totalMisses,1769509861089000000,1769509921089000000,0
VFS.fileChildByName,1769509861089000000,1769509921089000000,0
VFS.fileByIdCache.hits,1769509861089000000,1769509921089000000,0
VFS.contentStorage.recordsStoredSize,1769509861089000000,1769509921089000000,0
VFS.contentStorage.recordsStoredCompressed,1769509861089000000,1769509921089000000,0
FileNameCache.queries,1769509861089000000,1769509921089000000,0
VFS.contentStorage.recordsRead,1769509861089000000,1769509921089000000,0
VFS.fileByIdCache.misses,1769509861089000000,1769509921089000000,0
VFS.contentStorage.recordsDeduplicated,1769509861089000000,1769509921089000000,0
VFS.contentStorage.recordsStored,1769509861089000000,1769509921089000000,0
VFS.contentStorage.recordsDecompressionTimeUs,1769509861089000000,1769509921089000000,0
VFS.contentStorage.recordsReadDecompressed,1769509861089000000,1769509921089000000,0
VFS.invertedFileNameIndex.requests,1769509861089000000,1769509921089000000,0
VFS.contentStorage.recordsReadSize,1769509861089000000,1769509921089000000,0
VFS.contentStorage.recordsUncompressedSize,1769509861089000000,1769509921089000000,0
cacheStateStorage.get.counter,1769509861089000000,1769509921089000000,0
cacheStateStorage.set.duration,1769509861089000000,1769509921089000000,0
cacheStateStorage.set.counter,1769509861089000000,1769509921089000000,0
cacheStateStorage.get.duration,1769509861089000000,1769509921089000000,0
DiskQueryRelay.tasksExecuted,1769509921089000000,1769509981089000000,24
DiskQueryRelay.taskExecutionTotalTimeUs,1769509921089000000,1769509981089000000,486
writeAction.count,1769509921089000000,1769509981089000000,0
writeAction.median.wait.ms,1769509921089000000,1769509981089000000,0
writeAction.wait.ms,1769509921089000000,1769509981089000000,0
DiskQueryRelay.tasksRequested,1769509921089000000,1769509981089000000,24
writeAction.max.wait.ms,1769509921089000000,1769509981089000000,3
DiskQueryRelay.taskWaitingTotalTimeUs,1769509921089000000,1769509981089000000,497
FlushQueue.queueSizeAvg,1769509921089000000,1769509981089000000,0.0
WriteAction.executionsCount,1769509921089000000,1769509981089000000,0
FlushQueue.executionTimeAvgNs,1769509921089000000,1769509981089000000,16572.129032258064
FlushQueue.waitingTimeAvgNs,1769509921089000000,1769509981089000000,40886.45161290323
NonBlockingReadAction.failedExecutionTimeUs,1769509921089000000,1769509981089000000,0
FlushQueue.queueSize90P,1769509921089000000,1769509981089000000,0
AWTEventQueue.eventsDispatched,1769509921089000000,1769509981089000000,3126
NonBlockingReadAction.finalizedExecutionTimeUs,1769509921089000000,1769509981089000000,549
AWTEventQueue.dispatchTimeMaxNs,1769509921089000000,1769509981089000000,93695
FlushQueue.tasksExecuted,1769509921089000000,1769509981089000000,124
AWTEventQueue.dispatchTimeTotalNS,1769509921089000000,1769509981089000000,65711179
FlushQueue.queueSizeMax,1769509921089000000,1769509981089000000,0
ReadAction.executionsCount,1769509921089000000,1769509981089000000,10823
AWTEventQueue.dispatchTimeAvgNs,1769509921089000000,1769509981089000000,21015.047984644913
NonBlockingReadAction.finalizedExecutionsCount,1769509921089000000,1769509981089000000,2
AWTEventQueue.dispatchTime90PNs,1769509921089000000,1769509981089000000,29567
FlushQueue.executionTimeMaxNs,1769509921089000000,1769509981089000000,73215
FlushQueue.executionTime90PNs,1769509921089000000,1769509981089000000,18943
FlushQueue.waitingTimeMaxNs,1769509921089000000,1769509981089000000,111103
NonBlockingReadAction.failedExecutionsCount,1769509921089000000,1769509981089000000,0
FlushQueue.waitingTime90PNs,1769509921089000000,1769509981089000000,48639
FilePageCacheLockFree.nativeBytesInUse,1769509921089000000,1769509981089000000,0
FilePageCacheLockFree.heapBytesInUse,1769509921089000000,1769509981089000000,0
FilePageCache.pageLoads,1769509921089000000,1769509981089000000,0
MappedFileStorage.totalBytesMapped,1769509921089000000,1769509981089000000,261357568
StorageLockContext.competingThreads.90P,1769509921089000000,1769509981089000000,0
FilePageCacheLockFree.totalPagesHandedOver,1769509921089000000,1769509981089000000,0
StreamlinedBlobStorage.recordsAllocated,1769509921089000000,1769509981089000000,0
FilePageCache.totalPageDisposalsUs,1769509921089000000,1769509981089000000,0
MappedFileStorage.totalTimeSpentOnMappingUs,1769509921089000000,1769509981089000000,12649
FilePageCacheLockFree.totalBytesRequested,1769509921089000000,1769509981089000000,0
FilePageCacheLockFree.totalPagesWritten,1769509921089000000,1769509981089000000,0
FilePageCacheLockFree.totalPagesAllocated,1769509921089000000,1769509981089000000,0
DirectByteBufferAllocator.misses,1769509921089000000,1769509981089000000,0
FilePageCacheLockFree.housekeeperTurnsDone,1769509921089000000,1769509981089000000,0
FilePageCacheLockFree.totalPagesRequested,1769509921089000000,1769509981089000000,0
FileChannelInterruptsRetryer.totalRetriedAttempts,1769509921089000000,1769509981089000000,0
FilePageCacheLockFree.housekeeperTurnsSkipped,1769509921089000000,1769509981089000000,0
FilePageCacheLockFree.totalNativeBytesReclaimed,1769509921089000000,1769509981089000000,0
DirectByteBufferAllocator.totalSizeOfBuffersAllocatedInBytes,1769509921089000000,1769509981089000000,156262400
StreamlinedBlobStorage.totalLiveRecordsCapacityBytes,1769509921089000000,1769509981089000000,0
FilePageCache.disposedBuffers,1769509921089000000,1769509981089000000,0
FilePageCacheLockFree.totalHeapBytesAllocated,1769509921089000000,1769509981089000000,0
DirectByteBufferAllocator.hits,1769509921089000000,1769509981089000000,0
FilePageCacheLockFree.totalPagesWriteMs,1769509921089000000,1769509981089000000,0
FilePageCache.uncachedFileAccess,1769509921089000000,1769509981089000000,0
MappedFileStorage.storages,1769509921089000000,1769509981089000000,16
FilePageCacheLockFree.totalPagesReadMs,1769509921089000000,1769509981089000000,0
DirectByteBufferAllocator.totalSizeOfBuffersCachedInBytes,1769509921089000000,1769509981089000000,0
FilePageCacheLockFree.housekeeperTimeSpentMs,1769509921089000000,1769509981089000000,0
MappedFileStorage.totalPagesMapped,1769509921089000000,1769509981089000000,21
FilePageCache.maxCacheSizeInBytes,1769509921089000000,1769509981089000000,156262400
FilePageCache.maxRegisteredFiles,1769509921089000000,1769509981089000000,252
StorageLockContext.competingThreads.max,1769509921089000000,1769509981089000000,0
FilePageCacheLockFree.totalPagesReclaimed,1769509921089000000,1769509981089000000,0
FilePageCache.capacityInBytes,1769509921089000000,1769509981089000000,503316478
FilePageCache.pageLoadsAboveSizeThreshold,1769509921089000000,1769509981089000000,0
FilePageCacheLockFree.totalPageAllocationsWaited,1769509921089000000,1769509981089000000,0
FilePageCache.pageHits,1769509921089000000,1769509981089000000,0
FilePageCache.totalPageLoadsUs,1769509921089000000,1769509981089000000,0
FilePageCacheLockFree.totalNativeBytesAllocated,1769509921089000000,1769509981089000000,0
FilePageCache.pageFastCacheHits,1769509921089000000,1769509981089000000,0
DirectByteBufferAllocator.reclaimed,1769509921089000000,1769509981089000000,0
StreamlinedBlobStorage.recordsDeleted,1769509921089000000,1769509981089000000,0
FilePageCacheLockFree.totalClosedStoragesReclaimed,1769509921089000000,1769509981089000000,0
StreamlinedBlobStorage.totalLiveRecordsPayloadBytes,1769509921089000000,1769509981089000000,0
DirectByteBufferAllocator.disposed,1769509921089000000,1769509981089000000,0
FilePageCacheLockFree.totalPagesRequestsMs,1769509921089000000,1769509981089000000,0
FilePageCacheLockFree.totalHeapBytesReclaimed,1769509921089000000,1769509981089000000,0
FilePageCacheLockFree.totalBytesWritten,1769509921089000000,1769509981089000000,0
FilePageCacheLockFree.totalBytesRead,1769509921089000000,1769509981089000000,0
StorageLockContext.competingThreads.avg,1769509921089000000,1769509981089000000,0.0
StreamlinedBlobStorage.recordsRelocated,1769509921089000000,1769509981089000000,0
JVM.usedNativeBytes,1769509921089000000,1769509981089000000,372993840
JVM.totalDirectByteBuffersBytes,1769509921089000000,1769509981089000000,156580936
JVM.totalTimeToSafepointsMs,1769509921089000000,1769509981089000000,0
JVM.totalCpuTimeMs,1769509921089000000,1769509981089000000,620
JVM.usedHeapBytes,1769509921089000000,1769509981089000000,577370568
JVM.totalTimeAtSafepointsMs,1769509921089000000,1769509981089000000,0
JVM.GC.collectionTimesMs,1769509921089000000,1769509981089000000,0
JVM.totalSafepointCount,1769509921089000000,1769509981089000000,4
JVM.maxHeapBytes,1769509921089000000,1769509981089000000,4196401152
JVM.newThreadsCount,1769509921089000000,1769509981089000000,10
JVM.GC.collections,1769509921089000000,1769509981089000000,0
OS.loadAverage,1769509921089000000,1769509981089000000,1.80615234375
JVM.maxThreadCount,1769509921089000000,1769509981089000000,143
JVM.totalBytesAllocated,1769509921089000000,1769509981089000000,100927616
JVM.threadCount,1769509921089000000,1769509981089000000,52
workspaceModel.workspaceFileIndexData.updateDirtyEntities.ms,1769509921089000000,1769509981089000000,0
workspaceModel.updates.precise.ms,1769509921089000000,1769509981089000000,0
workspaceModel.cachedValueWithParameters.calculated.count,1769509921089000000,1769509981089000000,0
workspaceModel.cachedValueWithParameters.total.get.count,1769509921089000000,1769509981089000000,0
workspaceModel.cachedValue.calculated.count,1769509921089000000,1769509981089000000,0
workspaceModel.to.snapshot.ms,1769509921089000000,1769509981089000000,0
workspaceModel.loading.total.ms,1769509921089000000,1769509981089000000,0
workspaceModel.on.changed.ms,1769509921089000000,1769509981089000000,0
workspaceModel.replace.project.model.ms,1769509921089000000,1769509981089000000,0
workspaceModel.workspaceFileIndexContributor.registerFileSets.ms,1769509921089000000,1769509981089000000,0
workspaceModel.update.unloaded.entities.ms,1769509921089000000,1769509981089000000,0
workspaceModel.workspaceFileIndexData.markDirty.ms,1769509921089000000,1769509981089000000,0
workspaceModel.workspaceFileIndexData.init.ms,1769509921089000000,1769509981089000000,0
workspaceModel.workspaceFileIndexData.getPackageName.ms,1769509921089000000,1769509981089000000,0
workspaceModel.cachedValue.clear.count,1769509921089000000,1769509981089000000,0
workspaceModel.collect.changes.ms,1769509921089000000,1769509981089000000,0
workspaceModel.init.bridges.ms,1769509921089000000,1769509981089000000,0
workspaceModel.check.recursive.update.ms,1769509921089000000,1769509981089000000,0
workspaceModel.workspaceFileIndexData.getFileInfo.ms,1769509921089000000,1769509981089000000,2
workspaceModel.workspaceFileIndexData.processFileSets.ms,1769509921089000000,1769509981089000000,0
workspaceModel.entityStorageSnapshotImpl.instances.count,1769509921089000000,1769509981089000000,0
workspaceModel.on.before.changed.ms,1769509921089000000,1769509981089000000,0
workspaceModel.cachedValueWithParameters.clear.count,1769509921089000000,1769509981089000000,0
workspaceModel.workspaceFileIndexData.onEntitiesChanged.ms,1769509921089000000,1769509981089000000,0
workspaceModel.workspaceFileIndexData.visitFileSets.ms,1769509921089000000,1769509981089000000,0
workspaceModel.workspaceFileIndexData.instances.count,1769509921089000000,1769509981089000000,0
workspaceModel.initializing.ms,1769509921089000000,1769509981089000000,0
workspaceModel.full.replace.project.model.ms,1769509921089000000,1769509981089000000,0
workspaceModel.updates.ms,1769509921089000000,1769509981089000000,0
workspaceModel.cachedValue.from.cache.count,1769509921089000000,1769509981089000000,1
workspaceModel.loading.from.cache.ms,1769509921089000000,1769509981089000000,0
workspaceModel.workspaceFileIndexData.getDirectoriesByPackageName.ms,1769509921089000000,1769509981089000000,0
workspaceModel.cachedValueWithParameters.from.cache.count,1769509921089000000,1769509981089000000,0
workspaceModel.cachedValue.total.get.count,1769509921089000000,1769509981089000000,1
workspaceModel.pre.handlers.ms,1769509921089000000,1769509981089000000,0
workspaceModel.updates.count,1769509921089000000,1769509981089000000,0
Indexing.writesQueuedMin,1769509921089000000,1769509981089000000,0
Indexes.stubs.lookups,1769509921089000000,1769509981089000000,0
Indexing.writer_0.totalTimeSpentWritingMs,1769509921089000000,1769509981089000000,0
Indexes.stubs.lookupDurationAvgMs,1769509921089000000,1769509981089000000,0.0
Indexing.totalTimeIndexersSleptMs,1769509921089000000,1769509981089000000,0
IndexesFlusher.totalFlushesRetried,1769509921089000000,1769509981089000000,0
IndexesFlusher.totalFlushes,1769509921089000000,1769509981089000000,60
Indexes.entries.lookupDurationAvgMs,1769509921089000000,1769509981089000000,0.0
Indexes.allKeys.lookupDuration90PMs,1769509921089000000,1769509981089000000,0.0
Indexing.cache.totalCacheEvicted,1769509921089000000,1769509981089000000,0
Indexes.entries.lookupDurationMaxMs,1769509921089000000,1769509981089000000,0.0
Indexing.writesQueuedAvg,1769509921089000000,1769509981089000000,0.0
IndexesFlusher.totalFlushingTimeUs,1769509921089000000,1769509981089000000,28750
Indexes.entries.lookups,1769509921089000000,1769509981089000000,0
Indexes.allKeys.lookupDurationMaxMs,1769509921089000000,1769509981089000000,0.0
Indexes.entries.lookupDuration90PMs,1769509921089000000,1769509981089000000,0.0
Indexing.writer_3.totalTimeSpentWritingMs,1769509921089000000,1769509981089000000,0
IndexesFlusher.totalContentionQuotaSpent,1769509921089000000,1769509981089000000,0
Indexing.writer_1.totalTimeSpentWritingMs,1769509921089000000,1769509981089000000,0
Indexing.cache.totalCacheMisses,1769509921089000000,1769509981089000000,0
Indexes.allKeys.lookups,1769509921089000000,1769509981089000000,0
Indexing.writer_2.totalTimeSpentWritingMs,1769509921089000000,1769509981089000000,0
Indexes.stubs.lookupDuration90PMs,1769509921089000000,1769509981089000000,0.0
Indexes.allKeys.lookupDurationAvgMs,1769509921089000000,1769509981089000000,0.0
Indexing.writesQueuedMax,1769509921089000000,1769509981089000000,0
Indexing.cache.totalCacheAccesses,1769509921089000000,1769509981089000000,0
Indexes.stubs.lookupDurationMaxMs,1769509921089000000,1769509981089000000,0.0
workspaceModel.load.cache.from.file.ms,1769509921089000000,1769509981089000000,0
jps.global.get.library.by.name.ms,1769509921089000000,1769509981089000000,0
workspaceModel.global.updates.count,1769509921089000000,1769509981089000000,0
workspaceModel.mutableEntityStorage.referrers.ms,1769509921089000000,1769509981089000000,0
workspaceModel.do.save.caches.ms,1769509921089000000,1769509981089000000,0
workspaceModel.global.apply.state.to.project.ms,1769509921089000000,1769509981089000000,0
workspaceModel.mutableEntityStorage.changeLog.addReplaceEventForNewChild.ms,1769509921089000000,1769509981089000000,0
jps.artifact.entities.serializer.load.entities.ms,1769509921089000000,1769509981089000000,0
jps.library.entities.serializer.load.entities.ms,1769509921089000000,1769509981089000000,0
workspaceModel.mutableEntityStorage.entities.by.source.ms,1769509921089000000,1769509981089000000,0
jps.global.handle.before.change.events.ms,1769509921089000000,1769509981089000000,0
jps.storage.jps.conf.reader.load.component.ms,1769509921089000000,1769509981089000000,0
workspaceModel.mutableEntityStorage.remove.entity.ms,1769509921089000000,1769509981089000000,0
jps.reload.project.entities.ms,1769509921089000000,1769509981089000000,0
workspaceModel.mutableEntityStorage.mutable.ext.mapping.ms,1769509921089000000,1769509981089000000,0
jps.module.dependency.index.workspace.model.listener.on.changed.ms,1769509921089000000,1769509981089000000,0
jps.project.serializers.save.ms,1769509921089000000,1769509981089000000,0
workspaceModel.mutableEntityStorage.replace.by.source.ms,1769509921089000000,1769509981089000000,0
workspaceModel.moduleManagerBridge.build.module.graph.ms,1769509921089000000,1769509981089000000,0
workspaceModel.delayed.project.synchronizer.sync.ms,1769509921089000000,1769509981089000000,0
jps.save.global.entities.ms,1769509921089000000,1769509981089000000,0
workspaceModel.moduleBridge.update.option.ms,1769509921089000000,1769509981089000000,0
workspaceModel.moduleBridge.before.changed.ms,1769509921089000000,1769509981089000000,0
jps.app.storage.content.writer.save.component.ms,1769509921089000000,1769509981089000000,0
workspaceModel.mutableEntityStorage.mutable.vfurl.index.ms,1769509921089000000,1769509981089000000,0
workspaceModel.mutableEntityStorage.modify.entity.ms,1769509921089000000,1769509981089000000,0
workspaceModel.moduleBridgeLoader.loading.modules.ms,1769509921089000000,1769509981089000000,0
workspaceModel.moduleManagerBridge.get.modules.ms,1769509921089000000,1769509981089000000,0
jps.global.initialize.library.bridges.after.loading.ms,1769509921089000000,1769509981089000000,0
workspaceModel.mutableEntityStorage.collect.changes.ms,1769509921089000000,1769509981089000000,0
workspaceModel.mutableEntityStorage.changeLog.addReplaceEventForRemovedParent.ms,1769509921089000000,1769509981089000000,0
jps.global.initialize.library.bridges.ms,1769509921089000000,1769509981089000000,0
workspaceModel.mutableEntityStorage.put.entity.ms,1769509921089000000,1769509981089000000,0
workspaceModel.mutableEntityStorage.changeLog.addReplaceEventForNewParent.ms,1769509921089000000,1769509981089000000,0
workspaceModel.moduleManagerBridge.new.nonPersistent.module.ms,1769509921089000000,1769509981089000000,0
jps.artifact.entities.serializer.save.entities.ms,1769509921089000000,1769509981089000000,0
jps.app.storage.content.reader.load.component.ms,1769509921089000000,1769509981089000000,0
workspaceModel.moduleManagerBridge.load.all.modules.ms,1769509921089000000,1769509981089000000,0
jps.facet.change.listener.before.change.events.ms,1769509921089000000,1769509981089000000,0
workspaceModel.mutableEntityStorage.entities.ms,1769509921089000000,1769509981089000000,0
workspaceModel.mutableEntityStorage.instances.count,1769509921089000000,1769509981089000000,0
workspaceModel.mutableEntityStorage.to.snapshot.ms,1769509921089000000,1769509981089000000,0
jps.load.initial.state.ms,1769509921089000000,1769509981089000000,0
workspaceModel.global.updates.ms,1769509921089000000,1769509981089000000,0
jps.apply.loaded.storage.ms,1769509921089000000,1769509981089000000,0
jps.global.get.libraries.ms,1769509921089000000,1769509981089000000,0
workspaceModel.mutableEntityStorage.resolve.ms,1769509921089000000,1769509981089000000,0
workspaceModel.moduleManagerBridge.newModule.ms,1769509921089000000,1769509981089000000,0
jps.facet.change.listener.process.change.events.ms,1769509921089000000,1769509981089000000,0
workspaceModel.moduleBridge.facet.initialization.ms,1769509921089000000,1769509981089000000,0
jps.project.serializers.load.ms,1769509921089000000,1769509981089000000,0
jps.library.entities.serializer.save.entities.ms,1769509921089000000,1769509981089000000,0
workspaceModel.load.cache.metadata.from.file.ms,1769509921089000000,1769509981089000000,0
jps.global.handle.changed.events.ms,1769509921089000000,1769509981089000000,0
workspaceModel.sync.entities.ms,1769509921089000000,1769509981089000000,0
jps.load.project.to.empty.storage.ms,1769509921089000000,1769509981089000000,0
workspaceModel.mutableEntityStorage.apply.changes.from.ms,1769509921089000000,1769509981089000000,0
workspaceModel.orphan.listener.update.ms,1769509921089000000,1769509981089000000,0
workspaceModel.moduleManagerBridge.create.module.instance.ms,1769509921089000000,1769509981089000000,0
workspaceModel.mutableEntityStorage.changeLog.addReplaceEventForRemovedChild.ms,1769509921089000000,1769509981089000000,0
workspaceModel.moduleManagerBridge.set.unloadedModules.ms,1769509921089000000,1769509981089000000,0
workspaceModel.mutableEntityStorage.add.entity.ms,1769509921089000000,1769509981089000000,0
jps.facet.change.listener.init.bridge.ms,1769509921089000000,1769509981089000000,0
workspaceModel.global.apply.state.to.project.builder.ms,1769509921089000000,1769509981089000000,0
workspaceModel.save.cache.to.file.ms,1769509921089000000,1769509981089000000,0
jps.save.changed.project.entities.ms,1769509921089000000,1769509981089000000,0
jps.global.get.library.ms,1769509921089000000,1769509981089000000,0
jps.module.iml.entities.serializer.save.entities.ms,1769509921089000000,1769509981089000000,0
jps.module.iml.entities.serializer.load.entities.ms,1769509921089000000,1769509981089000000,0
workspaceModel.moduleManagerBridge.load.module.ms,1769509921089000000,1769509981089000000,0
workspaceModel.mutableEntityStorage.has.same.entities.ms,1769509921089000000,1769509981089000000,0
FileNameCache.totalMisses,1769509921089000000,1769509981089000000,0
VFS.fileChildByName,1769509921089000000,1769509981089000000,9
VFS.fileByIdCache.hits,1769509921089000000,1769509981089000000,0
VFS.contentStorage.recordsStoredSize,1769509921089000000,1769509981089000000,0
VFS.contentStorage.recordsStoredCompressed,1769509921089000000,1769509981089000000,0
FileNameCache.queries,1769509921089000000,1769509981089000000,0
VFS.contentStorage.recordsRead,1769509921089000000,1769509981089000000,0
VFS.fileByIdCache.misses,1769509921089000000,1769509981089000000,0
VFS.contentStorage.recordsDeduplicated,1769509921089000000,1769509981089000000,0
VFS.contentStorage.recordsStored,1769509921089000000,1769509981089000000,0
VFS.contentStorage.recordsDecompressionTimeUs,1769509921089000000,1769509981089000000,0
VFS.contentStorage.recordsReadDecompressed,1769509921089000000,1769509981089000000,0
VFS.invertedFileNameIndex.requests,1769509921089000000,1769509981089000000,0
VFS.contentStorage.recordsReadSize,1769509921089000000,1769509981089000000,0
VFS.contentStorage.recordsUncompressedSize,1769509921089000000,1769509981089000000,0
cacheStateStorage.get.counter,1769509921089000000,1769509981089000000,0
cacheStateStorage.set.duration,1769509921089000000,1769509981089000000,0
cacheStateStorage.set.counter,1769509921089000000,1769509981089000000,0
cacheStateStorage.get.duration,1769509921089000000,1769509981089000000,0
DiskQueryRelay.tasksExecuted,1769509981089000000,1769510041089000000,0
DiskQueryRelay.taskExecutionTotalTimeUs,1769509981089000000,1769510041089000000,0
writeAction.count,1769509981089000000,1769510041089000000,0
writeAction.median.wait.ms,1769509981089000000,1769510041089000000,0
writeAction.wait.ms,1769509981089000000,1769510041089000000,0
DiskQueryRelay.tasksRequested,1769509981089000000,1769510041089000000,0
writeAction.max.wait.ms,1769509981089000000,1769510041089000000,3
DiskQueryRelay.taskWaitingTotalTimeUs,1769509981089000000,1769510041089000000,0
FlushQueue.queueSizeAvg,1769509981089000000,1769510041089000000,0.0
WriteAction.executionsCount,1769509981089000000,1769510041089000000,0
FlushQueue.executionTimeAvgNs,1769509981089000000,1769510041089000000,16208.0
FlushQueue.waitingTimeAvgNs,1769509981089000000,1769510041089000000,40044.8
NonBlockingReadAction.failedExecutionTimeUs,1769509981089000000,1769510041089000000,0
FlushQueue.queueSize90P,1769509981089000000,1769510041089000000,0
AWTEventQueue.eventsDispatched,1769509981089000000,1769510041089000000,3121
NonBlockingReadAction.finalizedExecutionTimeUs,1769509981089000000,1769510041089000000,0
AWTEventQueue.dispatchTimeMaxNs,1769509981089000000,1769510041089000000,104959
FlushQueue.tasksExecuted,1769509981089000000,1769510041089000000,120
AWTEventQueue.dispatchTimeTotalNS,1769509981089000000,1769510041089000000,67375125
FlushQueue.queueSizeMax,1769509981089000000,1769510041089000000,0
ReadAction.executionsCount,1769509981089000000,1769510041089000000,0
AWTEventQueue.dispatchTimeAvgNs,1769509981089000000,1769510041089000000,21587.52194809356
NonBlockingReadAction.finalizedExecutionsCount,1769509981089000000,1769510041089000000,0
AWTEventQueue.dispatchTime90PNs,1769509981089000000,1769510041089000000,33535
FlushQueue.executionTimeMaxNs,1769509981089000000,1769510041089000000,39167
FlushQueue.executionTime90PNs,1769509981089000000,1769510041089000000,20223
FlushQueue.waitingTimeMaxNs,1769509981089000000,1769510041089000000,82943
NonBlockingReadAction.failedExecutionsCount,1769509981089000000,1769510041089000000,0
FlushQueue.waitingTime90PNs,1769509981089000000,1769510041089000000,51711
FilePageCacheLockFree.nativeBytesInUse,1769509981089000000,1769510041089000000,0
FilePageCacheLockFree.heapBytesInUse,1769509981089000000,1769510041089000000,0
FilePageCache.pageLoads,1769509981089000000,1769510041089000000,0
MappedFileStorage.totalBytesMapped,1769509981089000000,1769510041089000000,261357568
StorageLockContext.competingThreads.90P,1769509981089000000,1769510041089000000,0
FilePageCacheLockFree.totalPagesHandedOver,1769509981089000000,1769510041089000000,0
StreamlinedBlobStorage.recordsAllocated,1769509981089000000,1769510041089000000,0
FilePageCache.totalPageDisposalsUs,1769509981089000000,1769510041089000000,0
MappedFileStorage.totalTimeSpentOnMappingUs,1769509981089000000,1769510041089000000,12649
FilePageCacheLockFree.totalBytesRequested,1769509981089000000,1769510041089000000,0
FilePageCacheLockFree.totalPagesWritten,1769509981089000000,1769510041089000000,0
FilePageCacheLockFree.totalPagesAllocated,1769509981089000000,1769510041089000000,0
DirectByteBufferAllocator.misses,1769509981089000000,1769510041089000000,0
FilePageCacheLockFree.housekeeperTurnsDone,1769509981089000000,1769510041089000000,0
FilePageCacheLockFree.totalPagesRequested,1769509981089000000,1769510041089000000,0
FileChannelInterruptsRetryer.totalRetriedAttempts,1769509981089000000,1769510041089000000,0
FilePageCacheLockFree.housekeeperTurnsSkipped,1769509981089000000,1769510041089000000,0
FilePageCacheLockFree.totalNativeBytesReclaimed,1769509981089000000,1769510041089000000,0
DirectByteBufferAllocator.totalSizeOfBuffersAllocatedInBytes,1769509981089000000,1769510041089000000,156262400
StreamlinedBlobStorage.totalLiveRecordsCapacityBytes,1769509981089000000,1769510041089000000,0
FilePageCache.disposedBuffers,1769509981089000000,1769510041089000000,0
FilePageCacheLockFree.totalHeapBytesAllocated,1769509981089000000,1769510041089000000,0
DirectByteBufferAllocator.hits,1769509981089000000,1769510041089000000,0
FilePageCacheLockFree.totalPagesWriteMs,1769509981089000000,1769510041089000000,0
FilePageCache.uncachedFileAccess,1769509981089000000,1769510041089000000,0
MappedFileStorage.storages,1769509981089000000,1769510041089000000,16
FilePageCacheLockFree.totalPagesReadMs,1769509981089000000,1769510041089000000,0
DirectByteBufferAllocator.totalSizeOfBuffersCachedInBytes,1769509981089000000,1769510041089000000,0
FilePageCacheLockFree.housekeeperTimeSpentMs,1769509981089000000,1769510041089000000,0
MappedFileStorage.totalPagesMapped,1769509981089000000,1769510041089000000,21
FilePageCache.maxCacheSizeInBytes,1769509981089000000,1769510041089000000,156262400
FilePageCache.maxRegisteredFiles,1769509981089000000,1769510041089000000,252
StorageLockContext.competingThreads.max,1769509981089000000,1769510041089000000,0
FilePageCacheLockFree.totalPagesReclaimed,1769509981089000000,1769510041089000000,0
FilePageCache.capacityInBytes,1769509981089000000,1769510041089000000,503316478
FilePageCache.pageLoadsAboveSizeThreshold,1769509981089000000,1769510041089000000,0
FilePageCacheLockFree.totalPageAllocationsWaited,1769509981089000000,1769510041089000000,0
FilePageCache.pageHits,1769509981089000000,1769510041089000000,0
FilePageCache.totalPageLoadsUs,1769509981089000000,1769510041089000000,0
FilePageCacheLockFree.totalNativeBytesAllocated,1769509981089000000,1769510041089000000,0
FilePageCache.pageFastCacheHits,1769509981089000000,1769510041089000000,0
DirectByteBufferAllocator.reclaimed,1769509981089000000,1769510041089000000,0
StreamlinedBlobStorage.recordsDeleted,1769509981089000000,1769510041089000000,0
FilePageCacheLockFree.totalClosedStoragesReclaimed,1769509981089000000,1769510041089000000,0
StreamlinedBlobStorage.totalLiveRecordsPayloadBytes,1769509981089000000,1769510041089000000,0
DirectByteBufferAllocator.disposed,1769509981089000000,1769510041089000000,0
FilePageCacheLockFree.totalPagesRequestsMs,1769509981089000000,1769510041089000000,0
FilePageCacheLockFree.totalHeapBytesReclaimed,1769509981089000000,1769510041089000000,0
FilePageCacheLockFree.totalBytesWritten,1769509981089000000,1769510041089000000,0
FilePageCacheLockFree.totalBytesRead,1769509981089000000,1769510041089000000,0
StorageLockContext.competingThreads.avg,1769509981089000000,1769510041089000000,0.0
StreamlinedBlobStorage.recordsRelocated,1769509981089000000,1769510041089000000,0
JVM.usedNativeBytes,1769509981089000000,1769510041089000000,373095008
JVM.totalDirectByteBuffersBytes,1769509981089000000,1769510041089000000,156478532
JVM.totalTimeToSafepointsMs,1769509981089000000,1769510041089000000,0
JVM.totalCpuTimeMs,1769509981089000000,1769510041089000000,520
JVM.usedHeapBytes,1769509981089000000,1769510041089000000,604633544
JVM.totalTimeAtSafepointsMs,1769509981089000000,1769510041089000000,0
JVM.GC.collectionTimesMs,1769509981089000000,1769510041089000000,0
JVM.totalSafepointCount,1769509981089000000,1769510041089000000,1
JVM.maxHeapBytes,1769509981089000000,1769510041089000000,4196401152
JVM.newThreadsCount,1769509981089000000,1769510041089000000,0
JVM.GC.collections,1769509981089000000,1769510041089000000,0
OS.loadAverage,1769509981089000000,1769510041089000000,1.833984375
JVM.maxThreadCount,1769509981089000000,1769510041089000000,143
JVM.totalBytesAllocated,1769509981089000000,1769510041089000000,27103064
JVM.threadCount,1769509981089000000,1769510041089000000,46
workspaceModel.workspaceFileIndexData.updateDirtyEntities.ms,1769509981089000000,1769510041089000000,0
workspaceModel.updates.precise.ms,1769509981089000000,1769510041089000000,0
workspaceModel.cachedValueWithParameters.calculated.count,1769509981089000000,1769510041089000000,0
workspaceModel.cachedValueWithParameters.total.get.count,1769509981089000000,1769510041089000000,0
workspaceModel.cachedValue.calculated.count,1769509981089000000,1769510041089000000,0
workspaceModel.to.snapshot.ms,1769509981089000000,1769510041089000000,0
workspaceModel.loading.total.ms,1769509981089000000,1769510041089000000,0
workspaceModel.on.changed.ms,1769509981089000000,1769510041089000000,0
workspaceModel.replace.project.model.ms,1769509981089000000,1769510041089000000,0
workspaceModel.workspaceFileIndexContributor.registerFileSets.ms,1769509981089000000,1769510041089000000,0
workspaceModel.update.unloaded.entities.ms,1769509981089000000,1769510041089000000,0
workspaceModel.workspaceFileIndexData.markDirty.ms,1769509981089000000,1769510041089000000,0
workspaceModel.workspaceFileIndexData.init.ms,1769509981089000000,1769510041089000000,0
workspaceModel.workspaceFileIndexData.getPackageName.ms,1769509981089000000,1769510041089000000,0
workspaceModel.cachedValue.clear.count,1769509981089000000,1769510041089000000,0
workspaceModel.collect.changes.ms,1769509981089000000,1769510041089000000,0
workspaceModel.init.bridges.ms,1769509981089000000,1769510041089000000,0
workspaceModel.check.recursive.update.ms,1769509981089000000,1769510041089000000,0
workspaceModel.workspaceFileIndexData.getFileInfo.ms,1769509981089000000,1769510041089000000,0
workspaceModel.workspaceFileIndexData.processFileSets.ms,1769509981089000000,1769510041089000000,0
workspaceModel.entityStorageSnapshotImpl.instances.count,1769509981089000000,1769510041089000000,0
workspaceModel.on.before.changed.ms,1769509981089000000,1769510041089000000,0
workspaceModel.cachedValueWithParameters.clear.count,1769509981089000000,1769510041089000000,0
workspaceModel.workspaceFileIndexData.onEntitiesChanged.ms,1769509981089000000,1769510041089000000,0
workspaceModel.workspaceFileIndexData.visitFileSets.ms,1769509981089000000,1769510041089000000,0
workspaceModel.workspaceFileIndexData.instances.count,1769509981089000000,1769510041089000000,0
workspaceModel.initializing.ms,1769509981089000000,1769510041089000000,0
workspaceModel.full.replace.project.model.ms,1769509981089000000,1769510041089000000,0
workspaceModel.updates.ms,1769509981089000000,1769510041089000000,0
workspaceModel.cachedValue.from.cache.count,1769509981089000000,1769510041089000000,0
workspaceModel.loading.from.cache.ms,1769509981089000000,1769510041089000000,0
workspaceModel.workspaceFileIndexData.getDirectoriesByPackageName.ms,1769509981089000000,1769510041089000000,0
workspaceModel.cachedValueWithParameters.from.cache.count,1769509981089000000,1769510041089000000,0
workspaceModel.cachedValue.total.get.count,1769509981089000000,1769510041089000000,0
workspaceModel.pre.handlers.ms,1769509981089000000,1769510041089000000,0
workspaceModel.updates.count,1769509981089000000,1769510041089000000,0
Indexing.writesQueuedMin,1769509981089000000,1769510041089000000,0
Indexes.stubs.lookups,1769509981089000000,1769510041089000000,0
Indexing.writer_0.totalTimeSpentWritingMs,1769509981089000000,1769510041089000000,0
Indexes.stubs.lookupDurationAvgMs,1769509981089000000,1769510041089000000,0.0
Indexing.totalTimeIndexersSleptMs,1769509981089000000,1769510041089000000,0
IndexesFlusher.totalFlushesRetried,1769509981089000000,1769510041089000000,0
IndexesFlusher.totalFlushes,1769509981089000000,1769510041089000000,60
Indexes.entries.lookupDurationAvgMs,1769509981089000000,1769510041089000000,0.0
Indexes.allKeys.lookupDuration90PMs,1769509981089000000,1769510041089000000,0.0
Indexing.cache.totalCacheEvicted,1769509981089000000,1769510041089000000,0
Indexes.entries.lookupDurationMaxMs,1769509981089000000,1769510041089000000,0.0
Indexing.writesQueuedAvg,1769509981089000000,1769510041089000000,0.0
IndexesFlusher.totalFlushingTimeUs,1769509981089000000,1769510041089000000,28273
Indexes.entries.lookups,1769509981089000000,1769510041089000000,0
Indexes.allKeys.lookupDurationMaxMs,1769509981089000000,1769510041089000000,0.0
Indexes.entries.lookupDuration90PMs,1769509981089000000,1769510041089000000,0.0
Indexing.writer_3.totalTimeSpentWritingMs,1769509981089000000,1769510041089000000,0
IndexesFlusher.totalContentionQuotaSpent,1769509981089000000,1769510041089000000,0
Indexing.writer_1.totalTimeSpentWritingMs,1769509981089000000,1769510041089000000,0
Indexing.cache.totalCacheMisses,1769509981089000000,1769510041089000000,0
Indexes.allKeys.lookups,1769509981089000000,1769510041089000000,0
Indexing.writer_2.totalTimeSpentWritingMs,1769509981089000000,1769510041089000000,0
Indexes.stubs.lookupDuration90PMs,1769509981089000000,1769510041089000000,0.0
Indexes.allKeys.lookupDurationAvgMs,1769509981089000000,1769510041089000000,0.0
Indexing.writesQueuedMax,1769509981089000000,1769510041089000000,0
Indexing.cache.totalCacheAccesses,1769509981089000000,1769510041089000000,0
Indexes.stubs.lookupDurationMaxMs,1769509981089000000,1769510041089000000,0.0
workspaceModel.load.cache.from.file.ms,1769509981089000000,1769510041089000000,0
jps.global.get.library.by.name.ms,1769509981089000000,1769510041089000000,0
workspaceModel.global.updates.count,1769509981089000000,1769510041089000000,0
workspaceModel.mutableEntityStorage.referrers.ms,1769509981089000000,1769510041089000000,0
workspaceModel.do.save.caches.ms,1769509981089000000,1769510041089000000,0
workspaceModel.global.apply.state.to.project.ms,1769509981089000000,1769510041089000000,0
workspaceModel.mutableEntityStorage.changeLog.addReplaceEventForNewChild.ms,1769509981089000000,1769510041089000000,0
jps.artifact.entities.serializer.load.entities.ms,1769509981089000000,1769510041089000000,0
jps.library.entities.serializer.load.entities.ms,1769509981089000000,1769510041089000000,0
workspaceModel.mutableEntityStorage.entities.by.source.ms,1769509981089000000,1769510041089000000,0
jps.global.handle.before.change.events.ms,1769509981089000000,1769510041089000000,0
jps.storage.jps.conf.reader.load.component.ms,1769509981089000000,1769510041089000000,0
workspaceModel.mutableEntityStorage.remove.entity.ms,1769509981089000000,1769510041089000000,0
jps.reload.project.entities.ms,1769509981089000000,1769510041089000000,0
workspaceModel.mutableEntityStorage.mutable.ext.mapping.ms,1769509981089000000,1769510041089000000,0
jps.module.dependency.index.workspace.model.listener.on.changed.ms,1769509981089000000,1769510041089000000,0
jps.project.serializers.save.ms,1769509981089000000,1769510041089000000,0
workspaceModel.mutableEntityStorage.replace.by.source.ms,1769509981089000000,1769510041089000000,0
workspaceModel.moduleManagerBridge.build.module.graph.ms,1769509981089000000,1769510041089000000,0
workspaceModel.delayed.project.synchronizer.sync.ms,1769509981089000000,1769510041089000000,0
jps.save.global.entities.ms,1769509981089000000,1769510041089000000,0
workspaceModel.moduleBridge.update.option.ms,1769509981089000000,1769510041089000000,0
workspaceModel.moduleBridge.before.changed.ms,1769509981089000000,1769510041089000000,0
jps.app.storage.content.writer.save.component.ms,1769509981089000000,1769510041089000000,0
workspaceModel.mutableEntityStorage.mutable.vfurl.index.ms,1769509981089000000,1769510041089000000,0
workspaceModel.mutableEntityStorage.modify.entity.ms,1769509981089000000,1769510041089000000,0
workspaceModel.moduleBridgeLoader.loading.modules.ms,1769509981089000000,1769510041089000000,0
workspaceModel.moduleManagerBridge.get.modules.ms,1769509981089000000,1769510041089000000,0
jps.global.initialize.library.bridges.after.loading.ms,1769509981089000000,1769510041089000000,0
workspaceModel.mutableEntityStorage.collect.changes.ms,1769509981089000000,1769510041089000000,0
workspaceModel.mutableEntityStorage.changeLog.addReplaceEventForRemovedParent.ms,1769509981089000000,1769510041089000000,0
jps.global.initialize.library.bridges.ms,1769509981089000000,1769510041089000000,0
workspaceModel.mutableEntityStorage.put.entity.ms,1769509981089000000,1769510041089000000,0
workspaceModel.mutableEntityStorage.changeLog.addReplaceEventForNewParent.ms,1769509981089000000,1769510041089000000,0
workspaceModel.moduleManagerBridge.new.nonPersistent.module.ms,1769509981089000000,1769510041089000000,0
jps.artifact.entities.serializer.save.entities.ms,1769509981089000000,1769510041089000000,0
jps.app.storage.content.reader.load.component.ms,1769509981089000000,1769510041089000000,0
workspaceModel.moduleManagerBridge.load.all.modules.ms,1769509981089000000,1769510041089000000,0
jps.facet.change.listener.before.change.events.ms,1769509981089000000,1769510041089000000,0
workspaceModel.mutableEntityStorage.entities.ms,1769509981089000000,1769510041089000000,0
workspaceModel.mutableEntityStorage.instances.count,1769509981089000000,1769510041089000000,0
workspaceModel.mutableEntityStorage.to.snapshot.ms,1769509981089000000,1769510041089000000,0
jps.load.initial.state.ms,1769509981089000000,1769510041089000000,0
workspaceModel.global.updates.ms,1769509981089000000,1769510041089000000,0
jps.apply.loaded.storage.ms,1769509981089000000,1769510041089000000,0
jps.global.get.libraries.ms,1769509981089000000,1769510041089000000,0
workspaceModel.mutableEntityStorage.resolve.ms,1769509981089000000,1769510041089000000,0
workspaceModel.moduleManagerBridge.newModule.ms,1769509981089000000,1769510041089000000,0
jps.facet.change.listener.process.change.events.ms,1769509981089000000,1769510041089000000,0
workspaceModel.moduleBridge.facet.initialization.ms,1769509981089000000,1769510041089000000,0
jps.project.serializers.load.ms,1769509981089000000,1769510041089000000,0
jps.library.entities.serializer.save.entities.ms,1769509981089000000,1769510041089000000,0
workspaceModel.load.cache.metadata.from.file.ms,1769509981089000000,1769510041089000000,0
jps.global.handle.changed.events.ms,1769509981089000000,1769510041089000000,0
workspaceModel.sync.entities.ms,1769509981089000000,1769510041089000000,0
jps.load.project.to.empty.storage.ms,1769509981089000000,1769510041089000000,0
workspaceModel.mutableEntityStorage.apply.changes.from.ms,1769509981089000000,1769510041089000000,0
workspaceModel.orphan.listener.update.ms,1769509981089000000,1769510041089000000,0
workspaceModel.moduleManagerBridge.create.module.instance.ms,1769509981089000000,1769510041089000000,0
workspaceModel.mutableEntityStorage.changeLog.addReplaceEventForRemovedChild.ms,1769509981089000000,1769510041089000000,0
workspaceModel.moduleManagerBridge.set.unloadedModules.ms,1769509981089000000,1769510041089000000,0
workspaceModel.mutableEntityStorage.add.entity.ms,1769509981089000000,1769510041089000000,0
jps.facet.change.listener.init.bridge.ms,1769509981089000000,1769510041089000000,0
workspaceModel.global.apply.state.to.project.builder.ms,1769509981089000000,1769510041089000000,0
workspaceModel.save.cache.to.file.ms,1769509981089000000,1769510041089000000,0
jps.save.changed.project.entities.ms,1769509981089000000,1769510041089000000,0
jps.global.get.library.ms,1769509981089000000,1769510041089000000,0
jps.module.iml.entities.serializer.save.entities.ms,1769509981089000000,1769510041089000000,0
jps.module.iml.entities.serializer.load.entities.ms,1769509981089000000,1769510041089000000,0
workspaceModel.moduleManagerBridge.load.module.ms,1769509981089000000,1769510041089000000,0
workspaceModel.mutableEntityStorage.has.same.entities.ms,1769509981089000000,1769510041089000000,0
FileNameCache.totalMisses,1769509981089000000,1769510041089000000,0
VFS.fileChildByName,1769509981089000000,1769510041089000000,0
VFS.fileByIdCache.hits,1769509981089000000,1769510041089000000,0
VFS.contentStorage.recordsStoredSize,1769509981089000000,1769510041089000000,0
VFS.contentStorage.recordsStoredCompressed,1769509981089000000,1769510041089000000,0
FileNameCache.queries,1769509981089000000,1769510041089000000,0
VFS.contentStorage.recordsRead,1769509981089000000,1769510041089000000,0
VFS.fileByIdCache.misses,1769509981089000000,1769510041089000000,0
VFS.contentStorage.recordsDeduplicated,1769509981089000000,1769510041089000000,0
VFS.contentStorage.recordsStored,1769509981089000000,1769510041089000000,0
VFS.contentStorage.recordsDecompressionTimeUs,1769509981089000000,1769510041089000000,0
VFS.contentStorage.recordsReadDecompressed,1769509981089000000,1769510041089000000,0
VFS.invertedFileNameIndex.requests,1769509981089000000,1769510041089000000,0
VFS.contentStorage.recordsReadSize,1769509981089000000,1769510041089000000,0
VFS.contentStorage.recordsUncompressedSize,1769509981089000000,1769510041089000000,0
cacheStateStorage.get.counter,1769509981089000000,1769510041089000000,0
cacheStateStorage.set.duration,1769509981089000000,1769510041089000000,0
cacheStateStorage.set.counter,1769509981089000000,1769510041089000000,0
cacheStateStorage.get.duration,1769509981089000000,1769510041089000000,0
DiskQueryRelay.tasksExecuted,1769510041089000000,1769510101089000000,0
DiskQueryRelay.taskExecutionTotalTimeUs,1769510041089000000,1769510101089000000,0
writeAction.count,1769510041089000000,1769510101089000000,0
writeAction.median.wait.ms,1769510041089000000,1769510101089000000,0
writeAction.wait.ms,1769510041089000000,1769510101089000000,0
DiskQueryRelay.tasksRequested,1769510041089000000,1769510101089000000,0
writeAction.max.wait.ms,1769510041089000000,1769510101089000000,3
DiskQueryRelay.taskWaitingTotalTimeUs,1769510041089000000,1769510101089000000,0
FlushQueue.queueSizeAvg,1769510041089000000,1769510101089000000,0.0
WriteAction.executionsCount,1769510041089000000,1769510101089000000,0
FlushQueue.executionTimeAvgNs,1769510041089000000,1769510101089000000,17402.666666666668
FlushQueue.waitingTimeAvgNs,1769510041089000000,1769510101089000000,45715.73333333333
NonBlockingReadAction.failedExecutionTimeUs,1769510041089000000,1769510101089000000,0
FlushQueue.queueSize90P,1769510041089000000,1769510101089000000,0
AWTEventQueue.eventsDispatched,1769510041089000000,1769510101089000000,3121
NonBlockingReadAction.finalizedExecutionTimeUs,1769510041089000000,1769510101089000000,0
AWTEventQueue.dispatchTimeMaxNs,1769510041089000000,1769510101089000000,214015
FlushQueue.tasksExecuted,1769510041089000000,1769510101089000000,120
AWTEventQueue.dispatchTimeTotalNS,1769510041089000000,1769510101089000000,90581067
FlushQueue.queueSizeMax,1769510041089000000,1769510101089000000,0
ReadAction.executionsCount,1769510041089000000,1769510101089000000,0
AWTEventQueue.dispatchTimeAvgNs,1769510041089000000,1769510101089000000,29025.722524831785
NonBlockingReadAction.finalizedExecutionsCount,1769510041089000000,1769510101089000000,0
AWTEventQueue.dispatchTime90PNs,1769510041089000000,1769510101089000000,51967
FlushQueue.executionTimeMaxNs,1769510041089000000,1769510101089000000,39679
FlushQueue.executionTime90PNs,1769510041089000000,1769510101089000000,21119
FlushQueue.waitingTimeMaxNs,1769510041089000000,1769510101089000000,168959
NonBlockingReadAction.failedExecutionsCount,1769510041089000000,1769510101089000000,0
FlushQueue.waitingTime90PNs,1769510041089000000,1769510101089000000,57087
FilePageCacheLockFree.nativeBytesInUse,1769510041089000000,1769510101089000000,0
FilePageCacheLockFree.heapBytesInUse,1769510041089000000,1769510101089000000,0
FilePageCache.pageLoads,1769510041089000000,1769510101089000000,0
MappedFileStorage.totalBytesMapped,1769510041089000000,1769510101089000000,261357568
StorageLockContext.competingThreads.90P,1769510041089000000,1769510101089000000,0
FilePageCacheLockFree.totalPagesHandedOver,1769510041089000000,1769510101089000000,0
StreamlinedBlobStorage.recordsAllocated,1769510041089000000,1769510101089000000,0
FilePageCache.totalPageDisposalsUs,1769510041089000000,1769510101089000000,0
MappedFileStorage.totalTimeSpentOnMappingUs,1769510041089000000,1769510101089000000,12649
FilePageCacheLockFree.totalBytesRequested,1769510041089000000,1769510101089000000,0
FilePageCacheLockFree.totalPagesWritten,1769510041089000000,1769510101089000000,0
FilePageCacheLockFree.totalPagesAllocated,1769510041089000000,1769510101089000000,0
DirectByteBufferAllocator.misses,1769510041089000000,1769510101089000000,0
FilePageCacheLockFree.housekeeperTurnsDone,1769510041089000000,1769510101089000000,0
FilePageCacheLockFree.totalPagesRequested,1769510041089000000,1769510101089000000,0
FileChannelInterruptsRetryer.totalRetriedAttempts,1769510041089000000,1769510101089000000,0
FilePageCacheLockFree.housekeeperTurnsSkipped,1769510041089000000,1769510101089000000,0
FilePageCacheLockFree.totalNativeBytesReclaimed,1769510041089000000,1769510101089000000,0
DirectByteBufferAllocator.totalSizeOfBuffersAllocatedInBytes,1769510041089000000,1769510101089000000,156262400
StreamlinedBlobStorage.totalLiveRecordsCapacityBytes,1769510041089000000,1769510101089000000,0
FilePageCache.disposedBuffers,1769510041089000000,1769510101089000000,0
FilePageCacheLockFree.totalHeapBytesAllocated,1769510041089000000,1769510101089000000,0
DirectByteBufferAllocator.hits,1769510041089000000,1769510101089000000,0
FilePageCacheLockFree.totalPagesWriteMs,1769510041089000000,1769510101089000000,0
FilePageCache.uncachedFileAccess,1769510041089000000,1769510101089000000,0
MappedFileStorage.storages,1769510041089000000,1769510101089000000,16
FilePageCacheLockFree.totalPagesReadMs,1769510041089000000,1769510101089000000,0
DirectByteBufferAllocator.totalSizeOfBuffersCachedInBytes,1769510041089000000,1769510101089000000,0
FilePageCacheLockFree.housekeeperTimeSpentMs,1769510041089000000,1769510101089000000,0
MappedFileStorage.totalPagesMapped,1769510041089000000,1769510101089000000,21
FilePageCache.maxCacheSizeInBytes,1769510041089000000,1769510101089000000,156262400
FilePageCache.maxRegisteredFiles,1769510041089000000,1769510101089000000,252
StorageLockContext.competingThreads.max,1769510041089000000,1769510101089000000,0
FilePageCacheLockFree.totalPagesReclaimed,1769510041089000000,1769510101089000000,0
FilePageCache.capacityInBytes,1769510041089000000,1769510101089000000,503316478
FilePageCache.pageLoadsAboveSizeThreshold,1769510041089000000,1769510101089000000,0
FilePageCacheLockFree.totalPageAllocationsWaited,1769510041089000000,1769510101089000000,0
FilePageCache.pageHits,1769510041089000000,1769510101089000000,0
FilePageCache.totalPageLoadsUs,1769510041089000000,1769510101089000000,0
FilePageCacheLockFree.totalNativeBytesAllocated,1769510041089000000,1769510101089000000,0
FilePageCache.pageFastCacheHits,1769510041089000000,1769510101089000000,0
DirectByteBufferAllocator.reclaimed,1769510041089000000,1769510101089000000,0
StreamlinedBlobStorage.recordsDeleted,1769510041089000000,1769510101089000000,0
FilePageCacheLockFree.totalClosedStoragesReclaimed,1769510041089000000,1769510101089000000,0
StreamlinedBlobStorage.totalLiveRecordsPayloadBytes,1769510041089000000,1769510101089000000,0
DirectByteBufferAllocator.disposed,1769510041089000000,1769510101089000000,0
FilePageCacheLockFree.totalPagesRequestsMs,1769510041089000000,1769510101089000000,0
FilePageCacheLockFree.totalHeapBytesReclaimed,1769510041089000000,1769510101089000000,0
FilePageCacheLockFree.totalBytesWritten,1769510041089000000,1769510101089000000,0
FilePageCacheLockFree.totalBytesRead,1769510041089000000,1769510101089000000,0
StorageLockContext.competingThreads.avg,1769510041089000000,1769510101089000000,0.0
StreamlinedBlobStorage.recordsRelocated,1769510041089000000,1769510101089000000,0
JVM.usedNativeBytes,1769510041089000000,1769510101089000000,373272376
JVM.totalDirectByteBuffersBytes,1769510041089000000,1769510101089000000,156478532
JVM.totalTimeToSafepointsMs,1769510041089000000,1769510101089000000,0
JVM.totalCpuTimeMs,1769510041089000000,1769510101089000000,640
JVM.usedHeapBytes,1769510041089000000,1769510101089000000,417338296
JVM.totalTimeAtSafepointsMs,1769510041089000000,1769510101089000000,2
JVM.GC.collectionTimesMs,1769510041089000000,1769510101089000000,2
JVM.totalSafepointCount,1769510041089000000,1769510101089000000,5
JVM.maxHeapBytes,1769510041089000000,1769510101089000000,4196401152
JVM.newThreadsCount,1769510041089000000,1769510101089000000,0
JVM.GC.collections,1769510041089000000,1769510101089000000,1
OS.loadAverage,1769510041089000000,1769510101089000000,2.23828125
JVM.maxThreadCount,1769510041089000000,1769510101089000000,143
JVM.totalBytesAllocated,1769510041089000000,1769510101089000000,27641664
JVM.threadCount,1769510041089000000,1769510101089000000,46
workspaceModel.workspaceFileIndexData.updateDirtyEntities.ms,1769510041089000000,1769510101089000000,0
workspaceModel.updates.precise.ms,1769510041089000000,1769510101089000000,0
workspaceModel.cachedValueWithParameters.calculated.count,1769510041089000000,1769510101089000000,0
workspaceModel.cachedValueWithParameters.total.get.count,1769510041089000000,1769510101089000000,0
workspaceModel.cachedValue.calculated.count,1769510041089000000,1769510101089000000,0
workspaceModel.to.snapshot.ms,1769510041089000000,1769510101089000000,0
workspaceModel.loading.total.ms,1769510041089000000,1769510101089000000,0
workspaceModel.on.changed.ms,1769510041089000000,1769510101089000000,0
workspaceModel.replace.project.model.ms,1769510041089000000,1769510101089000000,0
workspaceModel.workspaceFileIndexContributor.registerFileSets.ms,1769510041089000000,1769510101089000000,0
workspaceModel.update.unloaded.entities.ms,1769510041089000000,1769510101089000000,0
workspaceModel.workspaceFileIndexData.markDirty.ms,1769510041089000000,1769510101089000000,0
workspaceModel.workspaceFileIndexData.init.ms,1769510041089000000,1769510101089000000,0
workspaceModel.workspaceFileIndexData.getPackageName.ms,1769510041089000000,1769510101089000000,0
workspaceModel.cachedValue.clear.count,1769510041089000000,1769510101089000000,0
workspaceModel.collect.changes.ms,1769510041089000000,1769510101089000000,0
workspaceModel.init.bridges.ms,1769510041089000000,1769510101089000000,0
workspaceModel.check.recursive.update.ms,1769510041089000000,1769510101089000000,0
workspaceModel.workspaceFileIndexData.getFileInfo.ms,1769510041089000000,1769510101089000000,0
workspaceModel.workspaceFileIndexData.processFileSets.ms,1769510041089000000,1769510101089000000,0
workspaceModel.entityStorageSnapshotImpl.instances.count,1769510041089000000,1769510101089000000,0
workspaceModel.on.before.changed.ms,1769510041089000000,1769510101089000000,0
workspaceModel.cachedValueWithParameters.clear.count,1769510041089000000,1769510101089000000,0
workspaceModel.workspaceFileIndexData.onEntitiesChanged.ms,1769510041089000000,1769510101089000000,0
workspaceModel.workspaceFileIndexData.visitFileSets.ms,1769510041089000000,1769510101089000000,0
workspaceModel.workspaceFileIndexData.instances.count,1769510041089000000,1769510101089000000,0
workspaceModel.initializing.ms,1769510041089000000,1769510101089000000,0
workspaceModel.full.replace.project.model.ms,1769510041089000000,1769510101089000000,0
workspaceModel.updates.ms,1769510041089000000,1769510101089000000,0
workspaceModel.cachedValue.from.cache.count,1769510041089000000,1769510101089000000,0
workspaceModel.loading.from.cache.ms,1769510041089000000,1769510101089000000,0
workspaceModel.workspaceFileIndexData.getDirectoriesByPackageName.ms,1769510041089000000,1769510101089000000,0
workspaceModel.cachedValueWithParameters.from.cache.count,1769510041089000000,1769510101089000000,0
workspaceModel.cachedValue.total.get.count,1769510041089000000,1769510101089000000,0
workspaceModel.pre.handlers.ms,1769510041089000000,1769510101089000000,0
workspaceModel.updates.count,1769510041089000000,1769510101089000000,0
Indexing.writesQueuedMin,1769510041089000000,1769510101089000000,0
Indexes.stubs.lookups,1769510041089000000,1769510101089000000,0
Indexing.writer_0.totalTimeSpentWritingMs,1769510041089000000,1769510101089000000,0
Indexes.stubs.lookupDurationAvgMs,1769510041089000000,1769510101089000000,0.0
Indexing.totalTimeIndexersSleptMs,1769510041089000000,1769510101089000000,0
IndexesFlusher.totalFlushesRetried,1769510041089000000,1769510101089000000,0
IndexesFlusher.totalFlushes,1769510041089000000,1769510101089000000,60
Indexes.entries.lookupDurationAvgMs,1769510041089000000,1769510101089000000,0.0
Indexes.allKeys.lookupDuration90PMs,1769510041089000000,1769510101089000000,0.0
Indexing.cache.totalCacheEvicted,1769510041089000000,1769510101089000000,0
Indexes.entries.lookupDurationMaxMs,1769510041089000000,1769510101089000000,0.0
Indexing.writesQueuedAvg,1769510041089000000,1769510101089000000,0.0
IndexesFlusher.totalFlushingTimeUs,1769510041089000000,1769510101089000000,29317
Indexes.entries.lookups,1769510041089000000,1769510101089000000,0
Indexes.allKeys.lookupDurationMaxMs,1769510041089000000,1769510101089000000,0.0
Indexes.entries.lookupDuration90PMs,1769510041089000000,1769510101089000000,0.0
Indexing.writer_3.totalTimeSpentWritingMs,1769510041089000000,1769510101089000000,0
IndexesFlusher.totalContentionQuotaSpent,1769510041089000000,1769510101089000000,0
Indexing.writer_1.totalTimeSpentWritingMs,1769510041089000000,1769510101089000000,0
Indexing.cache.totalCacheMisses,1769510041089000000,1769510101089000000,0
Indexes.allKeys.lookups,1769510041089000000,1769510101089000000,0
Indexing.writer_2.totalTimeSpentWritingMs,1769510041089000000,1769510101089000000,0
Indexes.stubs.lookupDuration90PMs,1769510041089000000,1769510101089000000,0.0
Indexes.allKeys.lookupDurationAvgMs,1769510041089000000,1769510101089000000,0.0
Indexing.writesQueuedMax,1769510041089000000,1769510101089000000,0
Indexing.cache.totalCacheAccesses,1769510041089000000,1769510101089000000,0
Indexes.stubs.lookupDurationMaxMs,1769510041089000000,1769510101089000000,0.0
workspaceModel.load.cache.from.file.ms,1769510041089000000,1769510101089000000,0
jps.global.get.library.by.name.ms,1769510041089000000,1769510101089000000,0
workspaceModel.global.updates.count,1769510041089000000,1769510101089000000,0
workspaceModel.mutableEntityStorage.referrers.ms,1769510041089000000,1769510101089000000,0
workspaceModel.do.save.caches.ms,1769510041089000000,1769510101089000000,0
workspaceModel.global.apply.state.to.project.ms,1769510041089000000,1769510101089000000,0
workspaceModel.mutableEntityStorage.changeLog.addReplaceEventForNewChild.ms,1769510041089000000,1769510101089000000,0
jps.artifact.entities.serializer.load.entities.ms,1769510041089000000,1769510101089000000,0
jps.library.entities.serializer.load.entities.ms,1769510041089000000,1769510101089000000,0
workspaceModel.mutableEntityStorage.entities.by.source.ms,1769510041089000000,1769510101089000000,0
jps.global.handle.before.change.events.ms,1769510041089000000,1769510101089000000,0
jps.storage.jps.conf.reader.load.component.ms,1769510041089000000,1769510101089000000,0
workspaceModel.mutableEntityStorage.remove.entity.ms,1769510041089000000,1769510101089000000,0
jps.reload.project.entities.ms,1769510041089000000,1769510101089000000,0
workspaceModel.mutableEntityStorage.mutable.ext.mapping.ms,1769510041089000000,1769510101089000000,0
jps.module.dependency.index.workspace.model.listener.on.changed.ms,1769510041089000000,1769510101089000000,0
jps.project.serializers.save.ms,1769510041089000000,1769510101089000000,0
workspaceModel.mutableEntityStorage.replace.by.source.ms,1769510041089000000,1769510101089000000,0
workspaceModel.moduleManagerBridge.build.module.graph.ms,1769510041089000000,1769510101089000000,0
workspaceModel.delayed.project.synchronizer.sync.ms,1769510041089000000,1769510101089000000,0
jps.save.global.entities.ms,1769510041089000000,1769510101089000000,0
workspaceModel.moduleBridge.update.option.ms,1769510041089000000,1769510101089000000,0
workspaceModel.moduleBridge.before.changed.ms,1769510041089000000,1769510101089000000,0
jps.app.storage.content.writer.save.component.ms,1769510041089000000,1769510101089000000,0
workspaceModel.mutableEntityStorage.mutable.vfurl.index.ms,1769510041089000000,1769510101089000000,0
workspaceModel.mutableEntityStorage.modify.entity.ms,1769510041089000000,1769510101089000000,0
workspaceModel.moduleBridgeLoader.loading.modules.ms,1769510041089000000,1769510101089000000,0
workspaceModel.moduleManagerBridge.get.modules.ms,1769510041089000000,1769510101089000000,0
jps.global.initialize.library.bridges.after.loading.ms,1769510041089000000,1769510101089000000,0
workspaceModel.mutableEntityStorage.collect.changes.ms,1769510041089000000,1769510101089000000,0
workspaceModel.mutableEntityStorage.changeLog.addReplaceEventForRemovedParent.ms,1769510041089000000,1769510101089000000,0
jps.global.initialize.library.bridges.ms,1769510041089000000,1769510101089000000,0
workspaceModel.mutableEntityStorage.put.entity.ms,1769510041089000000,1769510101089000000,0
workspaceModel.mutableEntityStorage.changeLog.addReplaceEventForNewParent.ms,1769510041089000000,1769510101089000000,0
workspaceModel.moduleManagerBridge.new.nonPersistent.module.ms,1769510041089000000,1769510101089000000,0
jps.artifact.entities.serializer.save.entities.ms,1769510041089000000,1769510101089000000,0
jps.app.storage.content.reader.load.component.ms,1769510041089000000,1769510101089000000,0
workspaceModel.moduleManagerBridge.load.all.modules.ms,1769510041089000000,1769510101089000000,0
jps.facet.change.listener.before.change.events.ms,1769510041089000000,1769510101089000000,0
workspaceModel.mutableEntityStorage.entities.ms,1769510041089000000,1769510101089000000,0
workspaceModel.mutableEntityStorage.instances.count,1769510041089000000,1769510101089000000,0
workspaceModel.mutableEntityStorage.to.snapshot.ms,1769510041089000000,1769510101089000000,0
jps.load.initial.state.ms,1769510041089000000,1769510101089000000,0
workspaceModel.global.updates.ms,1769510041089000000,1769510101089000000,0
jps.apply.loaded.storage.ms,1769510041089000000,1769510101089000000,0
jps.global.get.libraries.ms,1769510041089000000,1769510101089000000,0
workspaceModel.mutableEntityStorage.resolve.ms,1769510041089000000,1769510101089000000,0
workspaceModel.moduleManagerBridge.newModule.ms,1769510041089000000,1769510101089000000,0
jps.facet.change.listener.process.change.events.ms,1769510041089000000,1769510101089000000,0
workspaceModel.moduleBridge.facet.initialization.ms,1769510041089000000,1769510101089000000,0
jps.project.serializers.load.ms,1769510041089000000,1769510101089000000,0
jps.library.entities.serializer.save.entities.ms,1769510041089000000,1769510101089000000,0
workspaceModel.load.cache.metadata.from.file.ms,1769510041089000000,1769510101089000000,0
jps.global.handle.changed.events.ms,1769510041089000000,1769510101089000000,0
workspaceModel.sync.entities.ms,1769510041089000000,1769510101089000000,0
jps.load.project.to.empty.storage.ms,1769510041089000000,1769510101089000000,0
workspaceModel.mutableEntityStorage.apply.changes.from.ms,1769510041089000000,1769510101089000000,0
workspaceModel.orphan.listener.update.ms,1769510041089000000,1769510101089000000,0
workspaceModel.moduleManagerBridge.create.module.instance.ms,1769510041089000000,1769510101089000000,0
workspaceModel.mutableEntityStorage.changeLog.addReplaceEventForRemovedChild.ms,1769510041089000000,1769510101089000000,0
workspaceModel.moduleManagerBridge.set.unloadedModules.ms,1769510041089000000,1769510101089000000,0
workspaceModel.mutableEntityStorage.add.entity.ms,1769510041089000000,1769510101089000000,0
jps.facet.change.listener.init.bridge.ms,1769510041089000000,1769510101089000000,0
workspaceModel.global.apply.state.to.project.builder.ms,1769510041089000000,1769510101089000000,0
workspaceModel.save.cache.to.file.ms,1769510041089000000,1769510101089000000,0
jps.save.changed.project.entities.ms,1769510041089000000,1769510101089000000,0
jps.global.get.library.ms,1769510041089000000,1769510101089000000,0
jps.module.iml.entities.serializer.save.entities.ms,1769510041089000000,1769510101089000000,0
jps.module.iml.entities.serializer.load.entities.ms,1769510041089000000,1769510101089000000,0
workspaceModel.moduleManagerBridge.load.module.ms,1769510041089000000,1769510101089000000,0
workspaceModel.mutableEntityStorage.has.same.entities.ms,1769510041089000000,1769510101089000000,0
FileNameCache.totalMisses,1769510041089000000,1769510101089000000,0
VFS.fileChildByName,1769510041089000000,1769510101089000000,0
VFS.fileByIdCache.hits,1769510041089000000,1769510101089000000,0
VFS.contentStorage.recordsStoredSize,1769510041089000000,1769510101089000000,0
VFS.contentStorage.recordsStoredCompressed,1769510041089000000,1769510101089000000,0
FileNameCache.queries,1769510041089000000,1769510101089000000,0
VFS.contentStorage.recordsRead,1769510041089000000,1769510101089000000,0
VFS.fileByIdCache.misses,1769510041089000000,1769510101089000000,0
VFS.contentStorage.recordsDeduplicated,1769510041089000000,1769510101089000000,0
VFS.contentStorage.recordsStored,1769510041089000000,1769510101089000000,0
VFS.contentStorage.recordsDecompressionTimeUs,1769510041089000000,1769510101089000000,0
VFS.contentStorage.recordsReadDecompressed,1769510041089000000,1769510101089000000,0
VFS.invertedFileNameIndex.requests,1769510041089000000,1769510101089000000,0
VFS.contentStorage.recordsReadSize,1769510041089000000,1769510101089000000,0
VFS.contentStorage.recordsUncompressedSize,1769510041089000000,1769510101089000000,0
cacheStateStorage.get.counter,1769510041089000000,1769510101089000000,0
cacheStateStorage.set.duration,1769510041089000000,1769510101089000000,0
cacheStateStorage.set.counter,1769510041089000000,1769510101089000000,0
cacheStateStorage.get.duration,1769510041089000000,1769510101089000000,0
DiskQueryRelay.tasksExecuted,1769510101089000000,1769510161089000000,80
DiskQueryRelay.taskExecutionTotalTimeUs,1769510101089000000,1769510161089000000,1144
writeAction.count,1769510101089000000,1769510161089000000,1
writeAction.median.wait.ms,1769510101089000000,1769510161089000000,0
writeAction.wait.ms,1769510101089000000,1769510161089000000,0
DiskQueryRelay.tasksRequested,1769510101089000000,1769510161089000000,80
writeAction.max.wait.ms,1769510101089000000,1769510161089000000,3
DiskQueryRelay.taskWaitingTotalTimeUs,1769510101089000000,1769510161089000000,1186
FlushQueue.queueSizeAvg,1769510101089000000,1769510161089000000,1.8286014721345951
WriteAction.executionsCount,1769510101089000000,1769510161089000000,1
FlushQueue.executionTimeAvgNs,1769510101089000000,1769510161089000000,41332.39642481598
FlushQueue.waitingTimeAvgNs,1769510101089000000,1769510161089000000,166615.48054679285
NonBlockingReadAction.failedExecutionTimeUs,1769510101089000000,1769510161089000000,0
FlushQueue.queueSize90P,1769510101089000000,1769510161089000000,6
AWTEventQueue.eventsDispatched,1769510101089000000,1769510161089000000,4239
NonBlockingReadAction.finalizedExecutionTimeUs,1769510101089000000,1769510161089000000,562
AWTEventQueue.dispatchTimeMaxNs,1769510101089000000,1769510161089000000,5111807
FlushQueue.tasksExecuted,1769510101089000000,1769510161089000000,951
AWTEventQueue.dispatchTimeTotalNS,1769510101089000000,1769510161089000000,249763119
FlushQueue.queueSizeMax,1769510101089000000,1769510161089000000,20
ReadAction.executionsCount,1769510101089000000,1769510161089000000,7968
AWTEventQueue.dispatchTimeAvgNs,1769510101089000000,1769510161089000000,58916.52937013446
NonBlockingReadAction.finalizedExecutionsCount,1769510101089000000,1769510161089000000,17
AWTEventQueue.dispatchTime90PNs,1769510101089000000,1769510161089000000,88063
FlushQueue.executionTimeMaxNs,1769510101089000000,1769510161089000000,4849663
FlushQueue.executionTime90PNs,1769510101089000000,1769510161089000000,43775
FlushQueue.waitingTimeMaxNs,1769510101089000000,1769510161089000000,3997695
NonBlockingReadAction.failedExecutionsCount,1769510101089000000,1769510161089000000,0
FlushQueue.waitingTime90PNs,1769510101089000000,1769510161089000000,516095
FilePageCacheLockFree.nativeBytesInUse,1769510101089000000,1769510161089000000,0
FilePageCacheLockFree.heapBytesInUse,1769510101089000000,1769510161089000000,0
FilePageCache.pageLoads,1769510101089000000,1769510161089000000,0
MappedFileStorage.totalBytesMapped,1769510101089000000,1769510161089000000,261357568
StorageLockContext.competingThreads.90P,1769510101089000000,1769510161089000000,0
FilePageCacheLockFree.totalPagesHandedOver,1769510101089000000,1769510161089000000,0
StreamlinedBlobStorage.recordsAllocated,1769510101089000000,1769510161089000000,0
FilePageCache.totalPageDisposalsUs,1769510101089000000,1769510161089000000,0
MappedFileStorage.totalTimeSpentOnMappingUs,1769510101089000000,1769510161089000000,12649
FilePageCacheLockFree.totalBytesRequested,1769510101089000000,1769510161089000000,0
FilePageCacheLockFree.totalPagesWritten,1769510101089000000,1769510161089000000,0
FilePageCacheLockFree.totalPagesAllocated,1769510101089000000,1769510161089000000,0
DirectByteBufferAllocator.misses,1769510101089000000,1769510161089000000,0
FilePageCacheLockFree.housekeeperTurnsDone,1769510101089000000,1769510161089000000,0
FilePageCacheLockFree.totalPagesRequested,1769510101089000000,1769510161089000000,0
FileChannelInterruptsRetryer.totalRetriedAttempts,1769510101089000000,1769510161089000000,0
FilePageCacheLockFree.housekeeperTurnsSkipped,1769510101089000000,1769510161089000000,0
FilePageCacheLockFree.totalNativeBytesReclaimed,1769510101089000000,1769510161089000000,0
DirectByteBufferAllocator.totalSizeOfBuffersAllocatedInBytes,1769510101089000000,1769510161089000000,156262400
StreamlinedBlobStorage.totalLiveRecordsCapacityBytes,1769510101089000000,1769510161089000000,0
FilePageCache.disposedBuffers,1769510101089000000,1769510161089000000,0
FilePageCacheLockFree.totalHeapBytesAllocated,1769510101089000000,1769510161089000000,0
DirectByteBufferAllocator.hits,1769510101089000000,1769510161089000000,0
FilePageCacheLockFree.totalPagesWriteMs,1769510101089000000,1769510161089000000,0
FilePageCache.uncachedFileAccess,1769510101089000000,1769510161089000000,3
MappedFileStorage.storages,1769510101089000000,1769510161089000000,16
FilePageCacheLockFree.totalPagesReadMs,1769510101089000000,1769510161089000000,0
DirectByteBufferAllocator.totalSizeOfBuffersCachedInBytes,1769510101089000000,1769510161089000000,0
FilePageCacheLockFree.housekeeperTimeSpentMs,1769510101089000000,1769510161089000000,0
MappedFileStorage.totalPagesMapped,1769510101089000000,1769510161089000000,21
FilePageCache.maxCacheSizeInBytes,1769510101089000000,1769510161089000000,156262400
FilePageCache.maxRegisteredFiles,1769510101089000000,1769510161089000000,252
StorageLockContext.competingThreads.max,1769510101089000000,1769510161089000000,0
FilePageCacheLockFree.totalPagesReclaimed,1769510101089000000,1769510161089000000,0
FilePageCache.capacityInBytes,1769510101089000000,1769510161089000000,503316478
FilePageCache.pageLoadsAboveSizeThreshold,1769510101089000000,1769510161089000000,0
FilePageCacheLockFree.totalPageAllocationsWaited,1769510101089000000,1769510161089000000,0
FilePageCache.pageHits,1769510101089000000,1769510161089000000,0
FilePageCache.totalPageLoadsUs,1769510101089000000,1769510161089000000,0
FilePageCacheLockFree.totalNativeBytesAllocated,1769510101089000000,1769510161089000000,0
FilePageCache.pageFastCacheHits,1769510101089000000,1769510161089000000,20
DirectByteBufferAllocator.reclaimed,1769510101089000000,1769510161089000000,0
StreamlinedBlobStorage.recordsDeleted,1769510101089000000,1769510161089000000,0
FilePageCacheLockFree.totalClosedStoragesReclaimed,1769510101089000000,1769510161089000000,0
StreamlinedBlobStorage.totalLiveRecordsPayloadBytes,1769510101089000000,1769510161089000000,0
DirectByteBufferAllocator.disposed,1769510101089000000,1769510161089000000,0
FilePageCacheLockFree.totalPagesRequestsMs,1769510101089000000,1769510161089000000,0
FilePageCacheLockFree.totalHeapBytesReclaimed,1769510101089000000,1769510161089000000,0
FilePageCacheLockFree.totalBytesWritten,1769510101089000000,1769510161089000000,0
FilePageCacheLockFree.totalBytesRead,1769510101089000000,1769510161089000000,0
StorageLockContext.competingThreads.avg,1769510101089000000,1769510161089000000,0.0
StreamlinedBlobStorage.recordsRelocated,1769510101089000000,1769510161089000000,0
JVM.usedNativeBytes,1769510101089000000,1769510161089000000,376379496
JVM.totalDirectByteBuffersBytes,1769510101089000000,1769510161089000000,156537545
JVM.totalTimeToSafepointsMs,1769510101089000000,1769510161089000000,1
JVM.totalCpuTimeMs,1769510101089000000,1769510161089000000,1520
JVM.usedHeapBytes,1769510101089000000,1769510161089000000,480252856
JVM.totalTimeAtSafepointsMs,1769510101089000000,1769510161089000000,0
JVM.GC.collectionTimesMs,1769510101089000000,1769510161089000000,0
JVM.totalSafepointCount,1769510101089000000,1769510161089000000,14
JVM.maxHeapBytes,1769510101089000000,1769510161089000000,4196401152
JVM.newThreadsCount,1769510101089000000,1769510161089000000,16
JVM.GC.collections,1769510101089000000,1769510161089000000,0
OS.loadAverage,1769510101089000000,1769510161089000000,1.6865234375
JVM.maxThreadCount,1769510101089000000,1769510161089000000,143
JVM.totalBytesAllocated,1769510101089000000,1769510161089000000,60611048
JVM.threadCount,1769510101089000000,1769510161089000000,61
workspaceModel.workspaceFileIndexData.updateDirtyEntities.ms,1769510101089000000,1769510161089000000,0
workspaceModel.updates.precise.ms,1769510101089000000,1769510161089000000,0
workspaceModel.cachedValueWithParameters.calculated.count,1769510101089000000,1769510161089000000,0
workspaceModel.cachedValueWithParameters.total.get.count,1769510101089000000,1769510161089000000,0
workspaceModel.cachedValue.calculated.count,1769510101089000000,1769510161089000000,0
workspaceModel.to.snapshot.ms,1769510101089000000,1769510161089000000,0
workspaceModel.loading.total.ms,1769510101089000000,1769510161089000000,0
workspaceModel.on.changed.ms,1769510101089000000,1769510161089000000,0
workspaceModel.replace.project.model.ms,1769510101089000000,1769510161089000000,0
workspaceModel.workspaceFileIndexContributor.registerFileSets.ms,1769510101089000000,1769510161089000000,0
workspaceModel.update.unloaded.entities.ms,1769510101089000000,1769510161089000000,0
workspaceModel.workspaceFileIndexData.markDirty.ms,1769510101089000000,1769510161089000000,0
workspaceModel.workspaceFileIndexData.init.ms,1769510101089000000,1769510161089000000,0
workspaceModel.workspaceFileIndexData.getPackageName.ms,1769510101089000000,1769510161089000000,0
workspaceModel.cachedValue.clear.count,1769510101089000000,1769510161089000000,0
workspaceModel.collect.changes.ms,1769510101089000000,1769510161089000000,0
workspaceModel.init.bridges.ms,1769510101089000000,1769510161089000000,0
workspaceModel.check.recursive.update.ms,1769510101089000000,1769510161089000000,0
workspaceModel.workspaceFileIndexData.getFileInfo.ms,1769510101089000000,1769510161089000000,0
workspaceModel.workspaceFileIndexData.processFileSets.ms,1769510101089000000,1769510161089000000,0
workspaceModel.entityStorageSnapshotImpl.instances.count,1769510101089000000,1769510161089000000,0
workspaceModel.on.before.changed.ms,1769510101089000000,1769510161089000000,0
workspaceModel.cachedValueWithParameters.clear.count,1769510101089000000,1769510161089000000,0
workspaceModel.workspaceFileIndexData.onEntitiesChanged.ms,1769510101089000000,1769510161089000000,0
workspaceModel.workspaceFileIndexData.visitFileSets.ms,1769510101089000000,1769510161089000000,0
workspaceModel.workspaceFileIndexData.instances.count,1769510101089000000,1769510161089000000,0
workspaceModel.initializing.ms,1769510101089000000,1769510161089000000,0
workspaceModel.full.replace.project.model.ms,1769510101089000000,1769510161089000000,0
workspaceModel.updates.ms,1769510101089000000,1769510161089000000,0
workspaceModel.cachedValue.from.cache.count,1769510101089000000,1769510161089000000,22
workspaceModel.loading.from.cache.ms,1769510101089000000,1769510161089000000,0
workspaceModel.workspaceFileIndexData.getDirectoriesByPackageName.ms,1769510101089000000,1769510161089000000,0
workspaceModel.cachedValueWithParameters.from.cache.count,1769510101089000000,1769510161089000000,0
workspaceModel.cachedValue.total.get.count,1769510101089000000,1769510161089000000,22
workspaceModel.pre.handlers.ms,1769510101089000000,1769510161089000000,0
workspaceModel.updates.count,1769510101089000000,1769510161089000000,0
Indexing.writesQueuedMin,1769510101089000000,1769510161089000000,0
Indexes.stubs.lookups,1769510101089000000,1769510161089000000,0
Indexing.writer_0.totalTimeSpentWritingMs,1769510101089000000,1769510161089000000,0
Indexes.stubs.lookupDurationAvgMs,1769510101089000000,1769510161089000000,0.0
Indexing.totalTimeIndexersSleptMs,1769510101089000000,1769510161089000000,0
IndexesFlusher.totalFlushesRetried,1769510101089000000,1769510161089000000,0
IndexesFlusher.totalFlushes,1769510101089000000,1769510161089000000,60
Indexes.entries.lookupDurationAvgMs,1769510101089000000,1769510161089000000,0.0
Indexes.allKeys.lookupDuration90PMs,1769510101089000000,1769510161089000000,0.0
Indexing.cache.totalCacheEvicted,1769510101089000000,1769510161089000000,0
Indexes.entries.lookupDurationMaxMs,1769510101089000000,1769510161089000000,0.0
Indexing.writesQueuedAvg,1769510101089000000,1769510161089000000,0.0
IndexesFlusher.totalFlushingTimeUs,1769510101089000000,1769510161089000000,28670
Indexes.entries.lookups,1769510101089000000,1769510161089000000,0
Indexes.allKeys.lookupDurationMaxMs,1769510101089000000,1769510161089000000,0.0
Indexes.entries.lookupDuration90PMs,1769510101089000000,1769510161089000000,0.0
Indexing.writer_3.totalTimeSpentWritingMs,1769510101089000000,1769510161089000000,0
IndexesFlusher.totalContentionQuotaSpent,1769510101089000000,1769510161089000000,0
Indexing.writer_1.totalTimeSpentWritingMs,1769510101089000000,1769510161089000000,0
Indexing.cache.totalCacheMisses,1769510101089000000,1769510161089000000,0
Indexes.allKeys.lookups,1769510101089000000,1769510161089000000,0
Indexing.writer_2.totalTimeSpentWritingMs,1769510101089000000,1769510161089000000,0
Indexes.stubs.lookupDuration90PMs,1769510101089000000,1769510161089000000,0.0
Indexes.allKeys.lookupDurationAvgMs,1769510101089000000,1769510161089000000,0.0
Indexing.writesQueuedMax,1769510101089000000,1769510161089000000,0
Indexing.cache.totalCacheAccesses,1769510101089000000,1769510161089000000,0
Indexes.stubs.lookupDurationMaxMs,1769510101089000000,1769510161089000000,0.0
workspaceModel.load.cache.from.file.ms,1769510101089000000,1769510161089000000,0
jps.global.get.library.by.name.ms,1769510101089000000,1769510161089000000,0
workspaceModel.global.updates.count,1769510101089000000,1769510161089000000,0
workspaceModel.mutableEntityStorage.referrers.ms,1769510101089000000,1769510161089000000,0
workspaceModel.do.save.caches.ms,1769510101089000000,1769510161089000000,0
workspaceModel.global.apply.state.to.project.ms,1769510101089000000,1769510161089000000,0
workspaceModel.mutableEntityStorage.changeLog.addReplaceEventForNewChild.ms,1769510101089000000,1769510161089000000,0
jps.artifact.entities.serializer.load.entities.ms,1769510101089000000,1769510161089000000,0
jps.library.entities.serializer.load.entities.ms,1769510101089000000,1769510161089000000,0
workspaceModel.mutableEntityStorage.entities.by.source.ms,1769510101089000000,1769510161089000000,0
jps.global.handle.before.change.events.ms,1769510101089000000,1769510161089000000,0
jps.storage.jps.conf.reader.load.component.ms,1769510101089000000,1769510161089000000,0
workspaceModel.mutableEntityStorage.remove.entity.ms,1769510101089000000,1769510161089000000,0
jps.reload.project.entities.ms,1769510101089000000,1769510161089000000,0
workspaceModel.mutableEntityStorage.mutable.ext.mapping.ms,1769510101089000000,1769510161089000000,0
jps.module.dependency.index.workspace.model.listener.on.changed.ms,1769510101089000000,1769510161089000000,0
jps.project.serializers.save.ms,1769510101089000000,1769510161089000000,0
workspaceModel.mutableEntityStorage.replace.by.source.ms,1769510101089000000,1769510161089000000,0
workspaceModel.moduleManagerBridge.build.module.graph.ms,1769510101089000000,1769510161089000000,0
workspaceModel.delayed.project.synchronizer.sync.ms,1769510101089000000,1769510161089000000,0
jps.save.global.entities.ms,1769510101089000000,1769510161089000000,3
workspaceModel.moduleBridge.update.option.ms,1769510101089000000,1769510161089000000,0
workspaceModel.moduleBridge.before.changed.ms,1769510101089000000,1769510161089000000,0
jps.app.storage.content.writer.save.component.ms,1769510101089000000,1769510161089000000,1
workspaceModel.mutableEntityStorage.mutable.vfurl.index.ms,1769510101089000000,1769510161089000000,0
workspaceModel.mutableEntityStorage.modify.entity.ms,1769510101089000000,1769510161089000000,0
workspaceModel.moduleBridgeLoader.loading.modules.ms,1769510101089000000,1769510161089000000,0
workspaceModel.moduleManagerBridge.get.modules.ms,1769510101089000000,1769510161089000000,0
jps.global.initialize.library.bridges.after.loading.ms,1769510101089000000,1769510161089000000,0
workspaceModel.mutableEntityStorage.collect.changes.ms,1769510101089000000,1769510161089000000,0
workspaceModel.mutableEntityStorage.changeLog.addReplaceEventForRemovedParent.ms,1769510101089000000,1769510161089000000,0
jps.global.initialize.library.bridges.ms,1769510101089000000,1769510161089000000,0
workspaceModel.mutableEntityStorage.put.entity.ms,1769510101089000000,1769510161089000000,0
workspaceModel.mutableEntityStorage.changeLog.addReplaceEventForNewParent.ms,1769510101089000000,1769510161089000000,0
workspaceModel.moduleManagerBridge.new.nonPersistent.module.ms,1769510101089000000,1769510161089000000,0
jps.artifact.entities.serializer.save.entities.ms,1769510101089000000,1769510161089000000,0
jps.app.storage.content.reader.load.component.ms,1769510101089000000,1769510161089000000,0
workspaceModel.moduleManagerBridge.load.all.modules.ms,1769510101089000000,1769510161089000000,0
jps.facet.change.listener.before.change.events.ms,1769510101089000000,1769510161089000000,0
workspaceModel.mutableEntityStorage.entities.ms,1769510101089000000,1769510161089000000,0
workspaceModel.mutableEntityStorage.instances.count,1769510101089000000,1769510161089000000,0
workspaceModel.mutableEntityStorage.to.snapshot.ms,1769510101089000000,1769510161089000000,0
jps.load.initial.state.ms,1769510101089000000,1769510161089000000,0
workspaceModel.global.updates.ms,1769510101089000000,1769510161089000000,0
jps.apply.loaded.storage.ms,1769510101089000000,1769510161089000000,0
jps.global.get.libraries.ms,1769510101089000000,1769510161089000000,0
workspaceModel.mutableEntityStorage.resolve.ms,1769510101089000000,1769510161089000000,0
workspaceModel.moduleManagerBridge.newModule.ms,1769510101089000000,1769510161089000000,0
jps.facet.change.listener.process.change.events.ms,1769510101089000000,1769510161089000000,0
workspaceModel.moduleBridge.facet.initialization.ms,1769510101089000000,1769510161089000000,0
jps.project.serializers.load.ms,1769510101089000000,1769510161089000000,0
jps.library.entities.serializer.save.entities.ms,1769510101089000000,1769510161089000000,0
workspaceModel.load.cache.metadata.from.file.ms,1769510101089000000,1769510161089000000,0
jps.global.handle.changed.events.ms,1769510101089000000,1769510161089000000,0
workspaceModel.sync.entities.ms,1769510101089000000,1769510161089000000,0
jps.load.project.to.empty.storage.ms,1769510101089000000,1769510161089000000,0
workspaceModel.mutableEntityStorage.apply.changes.from.ms,1769510101089000000,1769510161089000000,0
workspaceModel.orphan.listener.update.ms,1769510101089000000,1769510161089000000,0
workspaceModel.moduleManagerBridge.create.module.instance.ms,1769510101089000000,1769510161089000000,0
workspaceModel.mutableEntityStorage.changeLog.addReplaceEventForRemovedChild.ms,1769510101089000000,1769510161089000000,0
workspaceModel.moduleManagerBridge.set.unloadedModules.ms,1769510101089000000,1769510161089000000,0
workspaceModel.mutableEntityStorage.add.entity.ms,1769510101089000000,1769510161089000000,0
jps.facet.change.listener.init.bridge.ms,1769510101089000000,1769510161089000000,0
workspaceModel.global.apply.state.to.project.builder.ms,1769510101089000000,1769510161089000000,0
workspaceModel.save.cache.to.file.ms,1769510101089000000,1769510161089000000,0
jps.save.changed.project.entities.ms,1769510101089000000,1769510161089000000,0
jps.global.get.library.ms,1769510101089000000,1769510161089000000,0
jps.module.iml.entities.serializer.save.entities.ms,1769510101089000000,1769510161089000000,0
jps.module.iml.entities.serializer.load.entities.ms,1769510101089000000,1769510161089000000,0
workspaceModel.moduleManagerBridge.load.module.ms,1769510101089000000,1769510161089000000,0
workspaceModel.mutableEntityStorage.has.same.entities.ms,1769510101089000000,1769510161089000000,0
FileNameCache.totalMisses,1769510101089000000,1769510161089000000,0
VFS.fileChildByName,1769510101089000000,1769510161089000000,286
VFS.fileByIdCache.hits,1769510101089000000,1769510161089000000,0
VFS.contentStorage.recordsStoredSize,1769510101089000000,1769510161089000000,0
VFS.contentStorage.recordsStoredCompressed,1769510101089000000,1769510161089000000,0
FileNameCache.queries,1769510101089000000,1769510161089000000,384
VFS.contentStorage.recordsRead,1769510101089000000,1769510161089000000,0
VFS.fileByIdCache.misses,1769510101089000000,1769510161089000000,0
VFS.contentStorage.recordsDeduplicated,1769510101089000000,1769510161089000000,0
VFS.contentStorage.recordsStored,1769510101089000000,1769510161089000000,0
VFS.contentStorage.recordsDecompressionTimeUs,1769510101089000000,1769510161089000000,0
VFS.contentStorage.recordsReadDecompressed,1769510101089000000,1769510161089000000,0
VFS.invertedFileNameIndex.requests,1769510101089000000,1769510161089000000,0
VFS.contentStorage.recordsReadSize,1769510101089000000,1769510161089000000,0
VFS.contentStorage.recordsUncompressedSize,1769510101089000000,1769510161089000000,0
cacheStateStorage.get.counter,1769510101089000000,1769510161089000000,0
cacheStateStorage.set.duration,1769510101089000000,1769510161089000000,0
cacheStateStorage.set.counter,1769510101089000000,1769510161089000000,4
cacheStateStorage.get.duration,1769510101089000000,1769510161089000000,0
DiskQueryRelay.tasksExecuted,1769510161089000000,1769510221089000000,48
DiskQueryRelay.taskExecutionTotalTimeUs,1769510161089000000,1769510221089000000,610
writeAction.count,1769510161089000000,1769510221089000000,0
writeAction.median.wait.ms,1769510161089000000,1769510221089000000,0
writeAction.wait.ms,1769510161089000000,1769510221089000000,0
DiskQueryRelay.tasksRequested,1769510161089000000,1769510221089000000,48
writeAction.max.wait.ms,1769510161089000000,1769510221089000000,3
DiskQueryRelay.taskWaitingTotalTimeUs,1769510161089000000,1769510221089000000,622
FlushQueue.queueSizeAvg,1769510161089000000,1769510221089000000,2.28602383531961
WriteAction.executionsCount,1769510161089000000,1769510221089000000,0
FlushQueue.executionTimeAvgNs,1769510161089000000,1769510221089000000,21336.330444203682
FlushQueue.waitingTimeAvgNs,1769510161089000000,1769510221089000000,148333.47887323942
NonBlockingReadAction.failedExecutionTimeUs,1769510161089000000,1769510221089000000,357
FlushQueue.queueSize90P,1769510161089000000,1769510221089000000,9
AWTEventQueue.eventsDispatched,1769510161089000000,1769510221089000000,5513
NonBlockingReadAction.finalizedExecutionTimeUs,1769510161089000000,1769510221089000000,676
AWTEventQueue.dispatchTimeMaxNs,1769510161089000000,1769510221089000000,3981311
FlushQueue.tasksExecuted,1769510161089000000,1769510221089000000,923
AWTEventQueue.dispatchTimeTotalNS,1769510161089000000,1769510221089000000,222449393
FlushQueue.queueSizeMax,1769510161089000000,1769510221089000000,17
ReadAction.executionsCount,1769510161089000000,1769510221089000000,6834
AWTEventQueue.dispatchTimeAvgNs,1769510161089000000,1769510221089000000,40357.13259568293
NonBlockingReadAction.finalizedExecutionsCount,1769510161089000000,1769510221089000000,28
AWTEventQueue.dispatchTime90PNs,1769510161089000000,1769510221089000000,55551
FlushQueue.executionTimeMaxNs,1769510161089000000,1769510221089000000,753663
FlushQueue.executionTime90PNs,1769510161089000000,1769510221089000000,38143
FlushQueue.waitingTimeMaxNs,1769510161089000000,1769510221089000000,2752511
NonBlockingReadAction.failedExecutionsCount,1769510161089000000,1769510221089000000,2
FlushQueue.waitingTime90PNs,1769510161089000000,1769510221089000000,454655
FilePageCacheLockFree.nativeBytesInUse,1769510161089000000,1769510221089000000,0
FilePageCacheLockFree.heapBytesInUse,1769510161089000000,1769510221089000000,0
FilePageCache.pageLoads,1769510161089000000,1769510221089000000,0
MappedFileStorage.totalBytesMapped,1769510161089000000,1769510221089000000,261357568
StorageLockContext.competingThreads.90P,1769510161089000000,1769510221089000000,0
FilePageCacheLockFree.totalPagesHandedOver,1769510161089000000,1769510221089000000,0
StreamlinedBlobStorage.recordsAllocated,1769510161089000000,1769510221089000000,0
FilePageCache.totalPageDisposalsUs,1769510161089000000,1769510221089000000,0
MappedFileStorage.totalTimeSpentOnMappingUs,1769510161089000000,1769510221089000000,12649
FilePageCacheLockFree.totalBytesRequested,1769510161089000000,1769510221089000000,0
FilePageCacheLockFree.totalPagesWritten,1769510161089000000,1769510221089000000,0
FilePageCacheLockFree.totalPagesAllocated,1769510161089000000,1769510221089000000,0
DirectByteBufferAllocator.misses,1769510161089000000,1769510221089000000,0
FilePageCacheLockFree.housekeeperTurnsDone,1769510161089000000,1769510221089000000,0
FilePageCacheLockFree.totalPagesRequested,1769510161089000000,1769510221089000000,0
FileChannelInterruptsRetryer.totalRetriedAttempts,1769510161089000000,1769510221089000000,0
FilePageCacheLockFree.housekeeperTurnsSkipped,1769510161089000000,1769510221089000000,0
FilePageCacheLockFree.totalNativeBytesReclaimed,1769510161089000000,1769510221089000000,0
DirectByteBufferAllocator.totalSizeOfBuffersAllocatedInBytes,1769510161089000000,1769510221089000000,156262400
StreamlinedBlobStorage.totalLiveRecordsCapacityBytes,1769510161089000000,1769510221089000000,0
FilePageCache.disposedBuffers,1769510161089000000,1769510221089000000,0
FilePageCacheLockFree.totalHeapBytesAllocated,1769510161089000000,1769510221089000000,0
DirectByteBufferAllocator.hits,1769510161089000000,1769510221089000000,0
FilePageCacheLockFree.totalPagesWriteMs,1769510161089000000,1769510221089000000,0
FilePageCache.uncachedFileAccess,1769510161089000000,1769510221089000000,0
MappedFileStorage.storages,1769510161089000000,1769510221089000000,16
FilePageCacheLockFree.totalPagesReadMs,1769510161089000000,1769510221089000000,0
DirectByteBufferAllocator.totalSizeOfBuffersCachedInBytes,1769510161089000000,1769510221089000000,0
FilePageCacheLockFree.housekeeperTimeSpentMs,1769510161089000000,1769510221089000000,0
MappedFileStorage.totalPagesMapped,1769510161089000000,1769510221089000000,21
FilePageCache.maxCacheSizeInBytes,1769510161089000000,1769510221089000000,156262400
FilePageCache.maxRegisteredFiles,1769510161089000000,1769510221089000000,252
StorageLockContext.competingThreads.max,1769510161089000000,1769510221089000000,0
FilePageCacheLockFree.totalPagesReclaimed,1769510161089000000,1769510221089000000,0
FilePageCache.capacityInBytes,1769510161089000000,1769510221089000000,503316478
FilePageCache.pageLoadsAboveSizeThreshold,1769510161089000000,1769510221089000000,0
FilePageCacheLockFree.totalPageAllocationsWaited,1769510161089000000,1769510221089000000,0
FilePageCache.pageHits,1769510161089000000,1769510221089000000,0
FilePageCache.totalPageLoadsUs,1769510161089000000,1769510221089000000,0
FilePageCacheLockFree.totalNativeBytesAllocated,1769510161089000000,1769510221089000000,0
FilePageCache.pageFastCacheHits,1769510161089000000,1769510221089000000,0
DirectByteBufferAllocator.reclaimed,1769510161089000000,1769510221089000000,0
StreamlinedBlobStorage.recordsDeleted,1769510161089000000,1769510221089000000,0
FilePageCacheLockFree.totalClosedStoragesReclaimed,1769510161089000000,1769510221089000000,0
StreamlinedBlobStorage.totalLiveRecordsPayloadBytes,1769510161089000000,1769510221089000000,0
DirectByteBufferAllocator.disposed,1769510161089000000,1769510221089000000,0
FilePageCacheLockFree.totalPagesRequestsMs,1769510161089000000,1769510221089000000,0
FilePageCacheLockFree.totalHeapBytesReclaimed,1769510161089000000,1769510221089000000,0
FilePageCacheLockFree.totalBytesWritten,1769510161089000000,1769510221089000000,0
FilePageCacheLockFree.totalBytesRead,1769510161089000000,1769510221089000000,0
StorageLockContext.competingThreads.avg,1769510161089000000,1769510221089000000,0.0
StreamlinedBlobStorage.recordsRelocated,1769510161089000000,1769510221089000000,0
JVM.usedNativeBytes,1769510161089000000,1769510221089000000,377483816
JVM.totalDirectByteBuffersBytes,1769510161089000000,1769510221089000000,156537727
JVM.totalTimeToSafepointsMs,1769510161089000000,1769510221089000000,0
JVM.totalCpuTimeMs,1769510161089000000,1769510221089000000,1340
JVM.usedHeapBytes,1769510161089000000,1769510221089000000,541070264
JVM.totalTimeAtSafepointsMs,1769510161089000000,1769510221089000000,0
JVM.GC.collectionTimesMs,1769510161089000000,1769510221089000000,0
JVM.totalSafepointCount,1769510161089000000,1769510221089000000,12
JVM.maxHeapBytes,1769510161089000000,1769510221089000000,4196401152
JVM.newThreadsCount,1769510161089000000,1769510221089000000,1
JVM.GC.collections,1769510161089000000,1769510221089000000,0
OS.loadAverage,1769510161089000000,1769510221089000000,1.365234375
JVM.maxThreadCount,1769510161089000000,1769510221089000000,143
JVM.totalBytesAllocated,1769510161089000000,1769510221089000000,59116248
JVM.threadCount,1769510161089000000,1769510221089000000,58
workspaceModel.workspaceFileIndexData.updateDirtyEntities.ms,1769510161089000000,1769510221089000000,0
workspaceModel.updates.precise.ms,1769510161089000000,1769510221089000000,0
workspaceModel.cachedValueWithParameters.calculated.count,1769510161089000000,1769510221089000000,0
workspaceModel.cachedValueWithParameters.total.get.count,1769510161089000000,1769510221089000000,0
workspaceModel.cachedValue.calculated.count,1769510161089000000,1769510221089000000,0
workspaceModel.to.snapshot.ms,1769510161089000000,1769510221089000000,0
workspaceModel.loading.total.ms,1769510161089000000,1769510221089000000,0
workspaceModel.on.changed.ms,1769510161089000000,1769510221089000000,0
workspaceModel.replace.project.model.ms,1769510161089000000,1769510221089000000,0
workspaceModel.workspaceFileIndexContributor.registerFileSets.ms,1769510161089000000,1769510221089000000,0
workspaceModel.update.unloaded.entities.ms,1769510161089000000,1769510221089000000,0
workspaceModel.workspaceFileIndexData.markDirty.ms,1769510161089000000,1769510221089000000,0
workspaceModel.workspaceFileIndexData.init.ms,1769510161089000000,1769510221089000000,0
workspaceModel.workspaceFileIndexData.getPackageName.ms,1769510161089000000,1769510221089000000,0
workspaceModel.cachedValue.clear.count,1769510161089000000,1769510221089000000,0
workspaceModel.collect.changes.ms,1769510161089000000,1769510221089000000,0
workspaceModel.init.bridges.ms,1769510161089000000,1769510221089000000,0
workspaceModel.check.recursive.update.ms,1769510161089000000,1769510221089000000,0
workspaceModel.workspaceFileIndexData.getFileInfo.ms,1769510161089000000,1769510221089000000,0
workspaceModel.workspaceFileIndexData.processFileSets.ms,1769510161089000000,1769510221089000000,0
workspaceModel.entityStorageSnapshotImpl.instances.count,1769510161089000000,1769510221089000000,0
workspaceModel.on.before.changed.ms,1769510161089000000,1769510221089000000,0
workspaceModel.cachedValueWithParameters.clear.count,1769510161089000000,1769510221089000000,0
workspaceModel.workspaceFileIndexData.onEntitiesChanged.ms,1769510161089000000,1769510221089000000,0
workspaceModel.workspaceFileIndexData.visitFileSets.ms,1769510161089000000,1769510221089000000,0
workspaceModel.workspaceFileIndexData.instances.count,1769510161089000000,1769510221089000000,0
workspaceModel.initializing.ms,1769510161089000000,1769510221089000000,0
workspaceModel.full.replace.project.model.ms,1769510161089000000,1769510221089000000,0
workspaceModel.updates.ms,1769510161089000000,1769510221089000000,0
workspaceModel.cachedValue.from.cache.count,1769510161089000000,1769510221089000000,26
workspaceModel.loading.from.cache.ms,1769510161089000000,1769510221089000000,0
workspaceModel.workspaceFileIndexData.getDirectoriesByPackageName.ms,1769510161089000000,1769510221089000000,0
workspaceModel.cachedValueWithParameters.from.cache.count,1769510161089000000,1769510221089000000,0
workspaceModel.cachedValue.total.get.count,1769510161089000000,1769510221089000000,26
workspaceModel.pre.handlers.ms,1769510161089000000,1769510221089000000,0
workspaceModel.updates.count,1769510161089000000,1769510221089000000,0
Indexing.writesQueuedMin,1769510161089000000,1769510221089000000,0
Indexes.stubs.lookups,1769510161089000000,1769510221089000000,0
Indexing.writer_0.totalTimeSpentWritingMs,1769510161089000000,1769510221089000000,0
Indexes.stubs.lookupDurationAvgMs,1769510161089000000,1769510221089000000,0.0
Indexing.totalTimeIndexersSleptMs,1769510161089000000,1769510221089000000,0
IndexesFlusher.totalFlushesRetried,1769510161089000000,1769510221089000000,0
IndexesFlusher.totalFlushes,1769510161089000000,1769510221089000000,60
Indexes.entries.lookupDurationAvgMs,1769510161089000000,1769510221089000000,0.0
Indexes.allKeys.lookupDuration90PMs,1769510161089000000,1769510221089000000,0.0
Indexing.cache.totalCacheEvicted,1769510161089000000,1769510221089000000,0
Indexes.entries.lookupDurationMaxMs,1769510161089000000,1769510221089000000,0.0
Indexing.writesQueuedAvg,1769510161089000000,1769510221089000000,0.0
IndexesFlusher.totalFlushingTimeUs,1769510161089000000,1769510221089000000,29429
Indexes.entries.lookups,1769510161089000000,1769510221089000000,0
Indexes.allKeys.lookupDurationMaxMs,1769510161089000000,1769510221089000000,0.0
Indexes.entries.lookupDuration90PMs,1769510161089000000,1769510221089000000,0.0
Indexing.writer_3.totalTimeSpentWritingMs,1769510161089000000,1769510221089000000,0
IndexesFlusher.totalContentionQuotaSpent,1769510161089000000,1769510221089000000,0
Indexing.writer_1.totalTimeSpentWritingMs,1769510161089000000,1769510221089000000,0
Indexing.cache.totalCacheMisses,1769510161089000000,1769510221089000000,0
Indexes.allKeys.lookups,1769510161089000000,1769510221089000000,0
Indexing.writer_2.totalTimeSpentWritingMs,1769510161089000000,1769510221089000000,0
Indexes.stubs.lookupDuration90PMs,1769510161089000000,1769510221089000000,0.0
Indexes.allKeys.lookupDurationAvgMs,1769510161089000000,1769510221089000000,0.0
Indexing.writesQueuedMax,1769510161089000000,1769510221089000000,0
Indexing.cache.totalCacheAccesses,1769510161089000000,1769510221089000000,0
Indexes.stubs.lookupDurationMaxMs,1769510161089000000,1769510221089000000,0.0
workspaceModel.load.cache.from.file.ms,1769510161089000000,1769510221089000000,0
jps.global.get.library.by.name.ms,1769510161089000000,1769510221089000000,0
workspaceModel.global.updates.count,1769510161089000000,1769510221089000000,0
workspaceModel.mutableEntityStorage.referrers.ms,1769510161089000000,1769510221089000000,0
workspaceModel.do.save.caches.ms,1769510161089000000,1769510221089000000,0
workspaceModel.global.apply.state.to.project.ms,1769510161089000000,1769510221089000000,0
workspaceModel.mutableEntityStorage.changeLog.addReplaceEventForNewChild.ms,1769510161089000000,1769510221089000000,0
jps.artifact.entities.serializer.load.entities.ms,1769510161089000000,1769510221089000000,0
jps.library.entities.serializer.load.entities.ms,1769510161089000000,1769510221089000000,0
workspaceModel.mutableEntityStorage.entities.by.source.ms,1769510161089000000,1769510221089000000,0
jps.global.handle.before.change.events.ms,1769510161089000000,1769510221089000000,0
jps.storage.jps.conf.reader.load.component.ms,1769510161089000000,1769510221089000000,0
workspaceModel.mutableEntityStorage.remove.entity.ms,1769510161089000000,1769510221089000000,0
jps.reload.project.entities.ms,1769510161089000000,1769510221089000000,0
workspaceModel.mutableEntityStorage.mutable.ext.mapping.ms,1769510161089000000,1769510221089000000,0
jps.module.dependency.index.workspace.model.listener.on.changed.ms,1769510161089000000,1769510221089000000,0
jps.project.serializers.save.ms,1769510161089000000,1769510221089000000,0
workspaceModel.mutableEntityStorage.replace.by.source.ms,1769510161089000000,1769510221089000000,0
workspaceModel.moduleManagerBridge.build.module.graph.ms,1769510161089000000,1769510221089000000,0
workspaceModel.delayed.project.synchronizer.sync.ms,1769510161089000000,1769510221089000000,0
jps.save.global.entities.ms,1769510161089000000,1769510221089000000,2
workspaceModel.moduleBridge.update.option.ms,1769510161089000000,1769510221089000000,0
workspaceModel.moduleBridge.before.changed.ms,1769510161089000000,1769510221089000000,0
jps.app.storage.content.writer.save.component.ms,1769510161089000000,1769510221089000000,0
workspaceModel.mutableEntityStorage.mutable.vfurl.index.ms,1769510161089000000,1769510221089000000,0
workspaceModel.mutableEntityStorage.modify.entity.ms,1769510161089000000,1769510221089000000,0
workspaceModel.moduleBridgeLoader.loading.modules.ms,1769510161089000000,1769510221089000000,0
workspaceModel.moduleManagerBridge.get.modules.ms,1769510161089000000,1769510221089000000,0
jps.global.initialize.library.bridges.after.loading.ms,1769510161089000000,1769510221089000000,0
workspaceModel.mutableEntityStorage.collect.changes.ms,1769510161089000000,1769510221089000000,0
workspaceModel.mutableEntityStorage.changeLog.addReplaceEventForRemovedParent.ms,1769510161089000000,1769510221089000000,0
jps.global.initialize.library.bridges.ms,1769510161089000000,1769510221089000000,0
workspaceModel.mutableEntityStorage.put.entity.ms,1769510161089000000,1769510221089000000,0
workspaceModel.mutableEntityStorage.changeLog.addReplaceEventForNewParent.ms,1769510161089000000,1769510221089000000,0
workspaceModel.moduleManagerBridge.new.nonPersistent.module.ms,1769510161089000000,1769510221089000000,0
jps.artifact.entities.serializer.save.entities.ms,1769510161089000000,1769510221089000000,0
jps.app.storage.content.reader.load.component.ms,1769510161089000000,1769510221089000000,0
workspaceModel.moduleManagerBridge.load.all.modules.ms,1769510161089000000,1769510221089000000,0
jps.facet.change.listener.before.change.events.ms,1769510161089000000,1769510221089000000,0
workspaceModel.mutableEntityStorage.entities.ms,1769510161089000000,1769510221089000000,0
workspaceModel.mutableEntityStorage.instances.count,1769510161089000000,1769510221089000000,0
workspaceModel.mutableEntityStorage.to.snapshot.ms,1769510161089000000,1769510221089000000,0
jps.load.initial.state.ms,1769510161089000000,1769510221089000000,0
workspaceModel.global.updates.ms,1769510161089000000,1769510221089000000,0
jps.apply.loaded.storage.ms,1769510161089000000,1769510221089000000,0
jps.global.get.libraries.ms,1769510161089000000,1769510221089000000,0
workspaceModel.mutableEntityStorage.resolve.ms,1769510161089000000,1769510221089000000,0
workspaceModel.moduleManagerBridge.newModule.ms,1769510161089000000,1769510221089000000,0
jps.facet.change.listener.process.change.events.ms,1769510161089000000,1769510221089000000,0
workspaceModel.moduleBridge.facet.initialization.ms,1769510161089000000,1769510221089000000,0
jps.project.serializers.load.ms,1769510161089000000,1769510221089000000,0
jps.library.entities.serializer.save.entities.ms,1769510161089000000,1769510221089000000,0
workspaceModel.load.cache.metadata.from.file.ms,1769510161089000000,1769510221089000000,0
jps.global.handle.changed.events.ms,1769510161089000000,1769510221089000000,0
workspaceModel.sync.entities.ms,1769510161089000000,1769510221089000000,0
jps.load.project.to.empty.storage.ms,1769510161089000000,1769510221089000000,0
workspaceModel.mutableEntityStorage.apply.changes.from.ms,1769510161089000000,1769510221089000000,0
workspaceModel.orphan.listener.update.ms,1769510161089000000,1769510221089000000,0
workspaceModel.moduleManagerBridge.create.module.instance.ms,1769510161089000000,1769510221089000000,0
workspaceModel.mutableEntityStorage.changeLog.addReplaceEventForRemovedChild.ms,1769510161089000000,1769510221089000000,0
workspaceModel.moduleManagerBridge.set.unloadedModules.ms,1769510161089000000,1769510221089000000,0
workspaceModel.mutableEntityStorage.add.entity.ms,1769510161089000000,1769510221089000000,0
jps.facet.change.listener.init.bridge.ms,1769510161089000000,1769510221089000000,0
workspaceModel.global.apply.state.to.project.builder.ms,1769510161089000000,1769510221089000000,0
workspaceModel.save.cache.to.file.ms,1769510161089000000,1769510221089000000,0
jps.save.changed.project.entities.ms,1769510161089000000,1769510221089000000,0
jps.global.get.library.ms,1769510161089000000,1769510221089000000,0
jps.module.iml.entities.serializer.save.entities.ms,1769510161089000000,1769510221089000000,0
jps.module.iml.entities.serializer.load.entities.ms,1769510161089000000,1769510221089000000,0
workspaceModel.moduleManagerBridge.load.module.ms,1769510161089000000,1769510221089000000,0
workspaceModel.mutableEntityStorage.has.same.entities.ms,1769510161089000000,1769510221089000000,0
FileNameCache.totalMisses,1769510161089000000,1769510221089000000,0
VFS.fileChildByName,1769510161089000000,1769510221089000000,360
VFS.fileByIdCache.hits,1769510161089000000,1769510221089000000,0
VFS.contentStorage.recordsStoredSize,1769510161089000000,1769510221089000000,0
VFS.contentStorage.recordsStoredCompressed,1769510161089000000,1769510221089000000,0
FileNameCache.queries,1769510161089000000,1769510221089000000,0
VFS.contentStorage.recordsRead,1769510161089000000,1769510221089000000,0
VFS.fileByIdCache.misses,1769510161089000000,1769510221089000000,0
VFS.contentStorage.recordsDeduplicated,1769510161089000000,1769510221089000000,0
VFS.contentStorage.recordsStored,1769510161089000000,1769510221089000000,0
VFS.contentStorage.recordsDecompressionTimeUs,1769510161089000000,1769510221089000000,0
VFS.contentStorage.recordsReadDecompressed,1769510161089000000,1769510221089000000,0
VFS.invertedFileNameIndex.requests,1769510161089000000,1769510221089000000,0
VFS.contentStorage.recordsReadSize,1769510161089000000,1769510221089000000,0
VFS.contentStorage.recordsUncompressedSize,1769510161089000000,1769510221089000000,0
cacheStateStorage.get.counter,1769510161089000000,1769510221089000000,0
cacheStateStorage.set.duration,1769510161089000000,1769510221089000000,0
cacheStateStorage.set.counter,1769510161089000000,1769510221089000000,0
cacheStateStorage.get.duration,1769510161089000000,1769510221089000000,0
DiskQueryRelay.tasksExecuted,1769510221089000000,1769510281089000000,127
DiskQueryRelay.taskExecutionTotalTimeUs,1769510221089000000,1769510281089000000,1737
writeAction.count,1769510221089000000,1769510281089000000,4
parser.Python.time.ns,1769510221089000000,1769510281089000000,3470125
writeAction.median.wait.ms,1769510221089000000,1769510281089000000,0
writeAction.wait.ms,1769510221089000000,1769510281089000000,0
lexer.Python.time.ns,1769510221089000000,1769510281089000000,1659820
DiskQueryRelay.tasksRequested,1769510221089000000,1769510281089000000,127
lexer.Python.size.bytes,1769510221089000000,1769510281089000000,10473
writeAction.max.wait.ms,1769510221089000000,1769510281089000000,3
DiskQueryRelay.taskWaitingTotalTimeUs,1769510221089000000,1769510281089000000,1769
parser.Python.size.bytes,1769510221089000000,1769510281089000000,10473
FlushQueue.queueSizeAvg,1769510221089000000,1769510281089000000,3.0619012527634486
WriteAction.executionsCount,1769510221089000000,1769510281089000000,4
FlushQueue.executionTimeAvgNs,1769510221089000000,1769510281089000000,31286.419675755344
FlushQueue.waitingTimeAvgNs,1769510221089000000,1769510281089000000,208858.702284451
NonBlockingReadAction.failedExecutionTimeUs,1769510221089000000,1769510281089000000,0
FlushQueue.queueSize90P,1769510221089000000,1769510281089000000,9
AWTEventQueue.eventsDispatched,1769510221089000000,1769510281089000000,13989
NonBlockingReadAction.finalizedExecutionTimeUs,1769510221089000000,1769510281089000000,12376
AWTEventQueue.dispatchTimeMaxNs,1769510221089000000,1769510281089000000,8191999
FlushQueue.tasksExecuted,1769510221089000000,1769510281089000000,2714
AWTEventQueue.dispatchTimeTotalNS,1769510221089000000,1769510281089000000,652917406
FlushQueue.queueSizeMax,1769510221089000000,1769510281089000000,18
ReadAction.executionsCount,1769510221089000000,1769510281089000000,693466
AWTEventQueue.dispatchTimeAvgNs,1769510221089000000,1769510281089000000,46668.34970333834
NonBlockingReadAction.finalizedExecutionsCount,1769510221089000000,1769510281089000000,152
AWTEventQueue.dispatchTime90PNs,1769510221089000000,1769510281089000000,86015
FlushQueue.executionTimeMaxNs,1769510221089000000,1769510281089000000,3932159
FlushQueue.executionTime90PNs,1769510221089000000,1769510281089000000,49151
FlushQueue.waitingTimeMaxNs,1769510221089000000,1769510281089000000,8323071
NonBlockingReadAction.failedExecutionsCount,1769510221089000000,1769510281089000000,0
FlushQueue.waitingTime90PNs,1769510221089000000,1769510281089000000,561151
FilePageCacheLockFree.nativeBytesInUse,1769510221089000000,1769510281089000000,0
FilePageCacheLockFree.heapBytesInUse,1769510221089000000,1769510281089000000,0
FilePageCache.pageLoads,1769510221089000000,1769510281089000000,0
MappedFileStorage.totalBytesMapped,1769510221089000000,1769510281089000000,278134784
StorageLockContext.competingThreads.90P,1769510221089000000,1769510281089000000,0
FilePageCacheLockFree.totalPagesHandedOver,1769510221089000000,1769510281089000000,0
StreamlinedBlobStorage.recordsAllocated,1769510221089000000,1769510281089000000,6
FilePageCache.totalPageDisposalsUs,1769510221089000000,1769510281089000000,0
MappedFileStorage.totalTimeSpentOnMappingUs,1769510221089000000,1769510281089000000,12927
FilePageCacheLockFree.totalBytesRequested,1769510221089000000,1769510281089000000,0
FilePageCacheLockFree.totalPagesWritten,1769510221089000000,1769510281089000000,0
FilePageCacheLockFree.totalPagesAllocated,1769510221089000000,1769510281089000000,0
DirectByteBufferAllocator.misses,1769510221089000000,1769510281089000000,0
FilePageCacheLockFree.housekeeperTurnsDone,1769510221089000000,1769510281089000000,0
FilePageCacheLockFree.totalPagesRequested,1769510221089000000,1769510281089000000,0
FileChannelInterruptsRetryer.totalRetriedAttempts,1769510221089000000,1769510281089000000,0
FilePageCacheLockFree.housekeeperTurnsSkipped,1769510221089000000,1769510281089000000,0
FilePageCacheLockFree.totalNativeBytesReclaimed,1769510221089000000,1769510281089000000,0
DirectByteBufferAllocator.totalSizeOfBuffersAllocatedInBytes,1769510221089000000,1769510281089000000,156262400
StreamlinedBlobStorage.totalLiveRecordsCapacityBytes,1769510221089000000,1769510281089000000,420
FilePageCache.disposedBuffers,1769510221089000000,1769510281089000000,0
FilePageCacheLockFree.totalHeapBytesAllocated,1769510221089000000,1769510281089000000,0
DirectByteBufferAllocator.hits,1769510221089000000,1769510281089000000,0
FilePageCacheLockFree.totalPagesWriteMs,1769510221089000000,1769510281089000000,0
FilePageCache.uncachedFileAccess,1769510221089000000,1769510281089000000,3
MappedFileStorage.storages,1769510221089000000,1769510281089000000,16
FilePageCacheLockFree.totalPagesReadMs,1769510221089000000,1769510281089000000,0
DirectByteBufferAllocator.totalSizeOfBuffersCachedInBytes,1769510221089000000,1769510281089000000,0
FilePageCacheLockFree.housekeeperTimeSpentMs,1769510221089000000,1769510281089000000,0
MappedFileStorage.totalPagesMapped,1769510221089000000,1769510281089000000,22
FilePageCache.maxCacheSizeInBytes,1769510221089000000,1769510281089000000,156262400
FilePageCache.maxRegisteredFiles,1769510221089000000,1769510281089000000,252
StorageLockContext.competingThreads.max,1769510221089000000,1769510281089000000,0
FilePageCacheLockFree.totalPagesReclaimed,1769510221089000000,1769510281089000000,0
FilePageCache.capacityInBytes,1769510221089000000,1769510281089000000,503316478
FilePageCache.pageLoadsAboveSizeThreshold,1769510221089000000,1769510281089000000,0
FilePageCacheLockFree.totalPageAllocationsWaited,1769510221089000000,1769510281089000000,0
FilePageCache.pageHits,1769510221089000000,1769510281089000000,0
FilePageCache.totalPageLoadsUs,1769510221089000000,1769510281089000000,0
FilePageCacheLockFree.totalNativeBytesAllocated,1769510221089000000,1769510281089000000,0
FilePageCache.pageFastCacheHits,1769510221089000000,1769510281089000000,30
DirectByteBufferAllocator.reclaimed,1769510221089000000,1769510281089000000,0
StreamlinedBlobStorage.recordsDeleted,1769510221089000000,1769510281089000000,0
FilePageCacheLockFree.totalClosedStoragesReclaimed,1769510221089000000,1769510281089000000,0
StreamlinedBlobStorage.totalLiveRecordsPayloadBytes,1769510221089000000,1769510281089000000,70
DirectByteBufferAllocator.disposed,1769510221089000000,1769510281089000000,0
FilePageCacheLockFree.totalPagesRequestsMs,1769510221089000000,1769510281089000000,0
FilePageCacheLockFree.totalHeapBytesReclaimed,1769510221089000000,1769510281089000000,0
FilePageCacheLockFree.totalBytesWritten,1769510221089000000,1769510281089000000,0
FilePageCacheLockFree.totalBytesRead,1769510221089000000,1769510281089000000,0
StorageLockContext.competingThreads.avg,1769510221089000000,1769510281089000000,0.0
StreamlinedBlobStorage.recordsRelocated,1769510221089000000,1769510281089000000,0
JVM.usedNativeBytes,1769510221089000000,1769510281089000000,365828792
JVM.totalDirectByteBuffersBytes,1769510221089000000,1769510281089000000,156529561
JVM.totalTimeToSafepointsMs,1769510221089000000,1769510281089000000,0
JVM.totalCpuTimeMs,1769510221089000000,1769510281089000000,19280
JVM.usedHeapBytes,1769510221089000000,1769510281089000000,592456288
JVM.totalTimeAtSafepointsMs,1769510221089000000,1769510281089000000,40
JVM.GC.collectionTimesMs,1769510221089000000,1769510281089000000,40
JVM.totalSafepointCount,1769510221089000000,1769510281089000000,40
JVM.maxHeapBytes,1769510221089000000,1769510281089000000,4196401152
JVM.newThreadsCount,1769510221089000000,1769510281089000000,26
JVM.GC.collections,1769510221089000000,1769510281089000000,10
OS.loadAverage,1769510221089000000,1769510281089000000,1.70166015625
JVM.maxThreadCount,1769510221089000000,1769510281089000000,143
JVM.totalBytesAllocated,1769510221089000000,1769510281089000000,1470541064
JVM.threadCount,1769510221089000000,1769510281089000000,73
workspaceModel.workspaceFileIndexData.updateDirtyEntities.ms,1769510221089000000,1769510281089000000,0
workspaceModel.updates.precise.ms,1769510221089000000,1769510281089000000,0
workspaceModel.cachedValueWithParameters.calculated.count,1769510221089000000,1769510281089000000,0
workspaceModel.cachedValueWithParameters.total.get.count,1769510221089000000,1769510281089000000,0
workspaceModel.cachedValue.calculated.count,1769510221089000000,1769510281089000000,0
workspaceModel.to.snapshot.ms,1769510221089000000,1769510281089000000,0
workspaceModel.loading.total.ms,1769510221089000000,1769510281089000000,0
workspaceModel.on.changed.ms,1769510221089000000,1769510281089000000,0
workspaceModel.replace.project.model.ms,1769510221089000000,1769510281089000000,0
workspaceModel.workspaceFileIndexContributor.registerFileSets.ms,1769510221089000000,1769510281089000000,0
workspaceModel.update.unloaded.entities.ms,1769510221089000000,1769510281089000000,0
workspaceModel.workspaceFileIndexData.markDirty.ms,1769510221089000000,1769510281089000000,0
workspaceModel.workspaceFileIndexData.init.ms,1769510221089000000,1769510281089000000,0
workspaceModel.workspaceFileIndexData.getPackageName.ms,1769510221089000000,1769510281089000000,0
workspaceModel.cachedValue.clear.count,1769510221089000000,1769510281089000000,0
workspaceModel.collect.changes.ms,1769510221089000000,1769510281089000000,0
workspaceModel.init.bridges.ms,1769510221089000000,1769510281089000000,0
workspaceModel.check.recursive.update.ms,1769510221089000000,1769510281089000000,0
workspaceModel.workspaceFileIndexData.getFileInfo.ms,1769510221089000000,1769510281089000000,2
workspaceModel.workspaceFileIndexData.processFileSets.ms,1769510221089000000,1769510281089000000,0
workspaceModel.entityStorageSnapshotImpl.instances.count,1769510221089000000,1769510281089000000,0
workspaceModel.on.before.changed.ms,1769510221089000000,1769510281089000000,0
workspaceModel.cachedValueWithParameters.clear.count,1769510221089000000,1769510281089000000,0
workspaceModel.workspaceFileIndexData.onEntitiesChanged.ms,1769510221089000000,1769510281089000000,0
workspaceModel.workspaceFileIndexData.visitFileSets.ms,1769510221089000000,1769510281089000000,0
workspaceModel.workspaceFileIndexData.instances.count,1769510221089000000,1769510281089000000,0
workspaceModel.initializing.ms,1769510221089000000,1769510281089000000,0
workspaceModel.full.replace.project.model.ms,1769510221089000000,1769510281089000000,0
workspaceModel.updates.ms,1769510221089000000,1769510281089000000,0
workspaceModel.cachedValue.from.cache.count,1769510221089000000,1769510281089000000,379
workspaceModel.loading.from.cache.ms,1769510221089000000,1769510281089000000,0
workspaceModel.workspaceFileIndexData.getDirectoriesByPackageName.ms,1769510221089000000,1769510281089000000,0
workspaceModel.cachedValueWithParameters.from.cache.count,1769510221089000000,1769510281089000000,0
workspaceModel.cachedValue.total.get.count,1769510221089000000,1769510281089000000,379
workspaceModel.pre.handlers.ms,1769510221089000000,1769510281089000000,0
workspaceModel.updates.count,1769510221089000000,1769510281089000000,0
Indexing.writesQueuedMin,1769510221089000000,1769510281089000000,0
Indexes.stubs.lookups,1769510221089000000,1769510281089000000,1
Indexing.writer_0.totalTimeSpentWritingMs,1769510221089000000,1769510281089000000,0
Indexes.stubs.lookupDurationAvgMs,1769510221089000000,1769510281089000000,17.0
Indexing.totalTimeIndexersSleptMs,1769510221089000000,1769510281089000000,0
IndexesFlusher.totalFlushesRetried,1769510221089000000,1769510281089000000,0
IndexesFlusher.totalFlushes,1769510221089000000,1769510281089000000,60
Indexes.entries.lookupDurationAvgMs,1769510221089000000,1769510281089000000,5.25
Indexes.allKeys.lookupDuration90PMs,1769510221089000000,1769510281089000000,0.0
Indexing.cache.totalCacheEvicted,1769510221089000000,1769510281089000000,4
Indexes.entries.lookupDurationMaxMs,1769510221089000000,1769510281089000000,20.0
Indexing.writesQueuedAvg,1769510221089000000,1769510281089000000,0.0
IndexesFlusher.totalFlushingTimeUs,1769510221089000000,1769510281089000000,30552
Indexes.entries.lookups,1769510221089000000,1769510281089000000,4
Indexes.allKeys.lookupDurationMaxMs,1769510221089000000,1769510281089000000,0.0
Indexes.entries.lookupDuration90PMs,1769510221089000000,1769510281089000000,20.0
Indexing.writer_3.totalTimeSpentWritingMs,1769510221089000000,1769510281089000000,0
IndexesFlusher.totalContentionQuotaSpent,1769510221089000000,1769510281089000000,0
Indexing.writer_1.totalTimeSpentWritingMs,1769510221089000000,1769510281089000000,0
Indexing.cache.totalCacheMisses,1769510221089000000,1769510281089000000,4
Indexes.allKeys.lookups,1769510221089000000,1769510281089000000,0
Indexing.writer_2.totalTimeSpentWritingMs,1769510221089000000,1769510281089000000,0
Indexes.stubs.lookupDuration90PMs,1769510221089000000,1769510281089000000,17.0
Indexes.allKeys.lookupDurationAvgMs,1769510221089000000,1769510281089000000,0.0
Indexing.writesQueuedMax,1769510221089000000,1769510281089000000,0
Indexing.cache.totalCacheAccesses,1769510221089000000,1769510281089000000,13
Indexes.stubs.lookupDurationMaxMs,1769510221089000000,1769510281089000000,17.0
workspaceModel.load.cache.from.file.ms,1769510221089000000,1769510281089000000,0
jps.global.get.library.by.name.ms,1769510221089000000,1769510281089000000,0
workspaceModel.global.updates.count,1769510221089000000,1769510281089000000,0
workspaceModel.mutableEntityStorage.referrers.ms,1769510221089000000,1769510281089000000,0
workspaceModel.do.save.caches.ms,1769510221089000000,1769510281089000000,0
workspaceModel.global.apply.state.to.project.ms,1769510221089000000,1769510281089000000,0
workspaceModel.mutableEntityStorage.changeLog.addReplaceEventForNewChild.ms,1769510221089000000,1769510281089000000,0
jps.artifact.entities.serializer.load.entities.ms,1769510221089000000,1769510281089000000,0
jps.library.entities.serializer.load.entities.ms,1769510221089000000,1769510281089000000,0
workspaceModel.mutableEntityStorage.entities.by.source.ms,1769510221089000000,1769510281089000000,0
jps.global.handle.before.change.events.ms,1769510221089000000,1769510281089000000,0
jps.storage.jps.conf.reader.load.component.ms,1769510221089000000,1769510281089000000,0
workspaceModel.mutableEntityStorage.remove.entity.ms,1769510221089000000,1769510281089000000,0
jps.reload.project.entities.ms,1769510221089000000,1769510281089000000,0
workspaceModel.mutableEntityStorage.mutable.ext.mapping.ms,1769510221089000000,1769510281089000000,0
jps.module.dependency.index.workspace.model.listener.on.changed.ms,1769510221089000000,1769510281089000000,0
jps.project.serializers.save.ms,1769510221089000000,1769510281089000000,0
workspaceModel.mutableEntityStorage.replace.by.source.ms,1769510221089000000,1769510281089000000,0
workspaceModel.moduleManagerBridge.build.module.graph.ms,1769510221089000000,1769510281089000000,0
workspaceModel.delayed.project.synchronizer.sync.ms,1769510221089000000,1769510281089000000,0
jps.save.global.entities.ms,1769510221089000000,1769510281089000000,5
workspaceModel.moduleBridge.update.option.ms,1769510221089000000,1769510281089000000,0
workspaceModel.moduleBridge.before.changed.ms,1769510221089000000,1769510281089000000,0
jps.app.storage.content.writer.save.component.ms,1769510221089000000,1769510281089000000,3
workspaceModel.mutableEntityStorage.mutable.vfurl.index.ms,1769510221089000000,1769510281089000000,0
workspaceModel.mutableEntityStorage.modify.entity.ms,1769510221089000000,1769510281089000000,0
workspaceModel.moduleBridgeLoader.loading.modules.ms,1769510221089000000,1769510281089000000,0
workspaceModel.moduleManagerBridge.get.modules.ms,1769510221089000000,1769510281089000000,0
jps.global.initialize.library.bridges.after.loading.ms,1769510221089000000,1769510281089000000,0
workspaceModel.mutableEntityStorage.collect.changes.ms,1769510221089000000,1769510281089000000,0
workspaceModel.mutableEntityStorage.changeLog.addReplaceEventForRemovedParent.ms,1769510221089000000,1769510281089000000,0
jps.global.initialize.library.bridges.ms,1769510221089000000,1769510281089000000,0
workspaceModel.mutableEntityStorage.put.entity.ms,1769510221089000000,1769510281089000000,0
workspaceModel.mutableEntityStorage.changeLog.addReplaceEventForNewParent.ms,1769510221089000000,1769510281089000000,0
workspaceModel.moduleManagerBridge.new.nonPersistent.module.ms,1769510221089000000,1769510281089000000,0
jps.artifact.entities.serializer.save.entities.ms,1769510221089000000,1769510281089000000,0
jps.app.storage.content.reader.load.component.ms,1769510221089000000,1769510281089000000,0
workspaceModel.moduleManagerBridge.load.all.modules.ms,1769510221089000000,1769510281089000000,0
jps.facet.change.listener.before.change.events.ms,1769510221089000000,1769510281089000000,0
workspaceModel.mutableEntityStorage.entities.ms,1769510221089000000,1769510281089000000,0
workspaceModel.mutableEntityStorage.instances.count,1769510221089000000,1769510281089000000,0
workspaceModel.mutableEntityStorage.to.snapshot.ms,1769510221089000000,1769510281089000000,0
jps.load.initial.state.ms,1769510221089000000,1769510281089000000,0
workspaceModel.global.updates.ms,1769510221089000000,1769510281089000000,0
jps.apply.loaded.storage.ms,1769510221089000000,1769510281089000000,0
jps.global.get.libraries.ms,1769510221089000000,1769510281089000000,0
workspaceModel.mutableEntityStorage.resolve.ms,1769510221089000000,1769510281089000000,0
workspaceModel.moduleManagerBridge.newModule.ms,1769510221089000000,1769510281089000000,0
jps.facet.change.listener.process.change.events.ms,1769510221089000000,1769510281089000000,0
workspaceModel.moduleBridge.facet.initialization.ms,1769510221089000000,1769510281089000000,0
jps.project.serializers.load.ms,1769510221089000000,1769510281089000000,0
jps.library.entities.serializer.save.entities.ms,1769510221089000000,1769510281089000000,0
workspaceModel.load.cache.metadata.from.file.ms,1769510221089000000,1769510281089000000,0
jps.global.handle.changed.events.ms,1769510221089000000,1769510281089000000,0
workspaceModel.sync.entities.ms,1769510221089000000,1769510281089000000,0
jps.load.project.to.empty.storage.ms,1769510221089000000,1769510281089000000,0
workspaceModel.mutableEntityStorage.apply.changes.from.ms,1769510221089000000,1769510281089000000,0
workspaceModel.orphan.listener.update.ms,1769510221089000000,1769510281089000000,0
workspaceModel.moduleManagerBridge.create.module.instance.ms,1769510221089000000,1769510281089000000,0
workspaceModel.mutableEntityStorage.changeLog.addReplaceEventForRemovedChild.ms,1769510221089000000,1769510281089000000,0
workspaceModel.moduleManagerBridge.set.unloadedModules.ms,1769510221089000000,1769510281089000000,0
workspaceModel.mutableEntityStorage.add.entity.ms,1769510221089000000,1769510281089000000,0
jps.facet.change.listener.init.bridge.ms,1769510221089000000,1769510281089000000,0
workspaceModel.global.apply.state.to.project.builder.ms,1769510221089000000,1769510281089000000,0
workspaceModel.save.cache.to.file.ms,1769510221089000000,1769510281089000000,0
jps.save.changed.project.entities.ms,1769510221089000000,1769510281089000000,0
jps.global.get.library.ms,1769510221089000000,1769510281089000000,0
jps.module.iml.entities.serializer.save.entities.ms,1769510221089000000,1769510281089000000,0
jps.module.iml.entities.serializer.load.entities.ms,1769510221089000000,1769510281089000000,0
workspaceModel.moduleManagerBridge.load.module.ms,1769510221089000000,1769510281089000000,0
workspaceModel.mutableEntityStorage.has.same.entities.ms,1769510221089000000,1769510281089000000,0
FileNameCache.totalMisses,1769510221089000000,1769510281089000000,0
VFS.fileChildByName,1769510221089000000,1769510281089000000,6436
VFS.fileByIdCache.hits,1769510221089000000,1769510281089000000,1
VFS.contentStorage.recordsStoredSize,1769510221089000000,1769510281089000000,0
VFS.contentStorage.recordsStoredCompressed,1769510221089000000,1769510281089000000,0
FileNameCache.queries,1769510221089000000,1769510281089000000,30144
VFS.contentStorage.recordsRead,1769510221089000000,1769510281089000000,4
VFS.fileByIdCache.misses,1769510221089000000,1769510281089000000,113
VFS.contentStorage.recordsDeduplicated,1769510221089000000,1769510281089000000,0
VFS.contentStorage.recordsStored,1769510221089000000,1769510281089000000,0
VFS.contentStorage.recordsDecompressionTimeUs,1769510221089000000,1769510281089000000,0
VFS.contentStorage.recordsReadDecompressed,1769510221089000000,1769510281089000000,0
VFS.invertedFileNameIndex.requests,1769510221089000000,1769510281089000000,0
VFS.contentStorage.recordsReadSize,1769510221089000000,1769510281089000000,8436
VFS.contentStorage.recordsUncompressedSize,1769510221089000000,1769510281089000000,0
cacheStateStorage.get.counter,1769510221089000000,1769510281089000000,4
cacheStateStorage.set.duration,1769510221089000000,1769510281089000000,0
cacheStateStorage.set.counter,1769510221089000000,1769510281089000000,0
cacheStateStorage.get.duration,1769510221089000000,1769510281089000000,12
DiskQueryRelay.tasksExecuted,1769510281089000000,1769510339098000000,1704
DiskQueryRelay.taskExecutionTotalTimeUs,1769510281089000000,1769510339098000000,107361
writeAction.count,1769510281089000000,1769510339098000000,13
parser.Python.time.ns,1769510281089000000,1769510339098000000,2714890
lexer.HTML.size.bytes,1769510281089000000,1769510339098000000,788
writeAction.median.wait.ms,1769510281089000000,1769510339098000000,0
parser.HTML.time.ns,1769510281089000000,1769510339098000000,851626
writeAction.wait.ms,1769510281089000000,1769510339098000000,2
lexer.Python.time.ns,1769510281089000000,1769510339098000000,973598
DiskQueryRelay.tasksRequested,1769510281089000000,1769510339098000000,1704
lexer.Python.size.bytes,1769510281089000000,1769510339098000000,3950
parser.HTML.size.bytes,1769510281089000000,1769510339098000000,788
lexer.HTML.time.ns,1769510281089000000,1769510339098000000,344249
writeAction.max.wait.ms,1769510281089000000,1769510339098000000,3
DiskQueryRelay.taskWaitingTotalTimeUs,1769510281089000000,1769510339098000000,108744
parser.Python.size.bytes,1769510281089000000,1769510339098000000,3950
NonBlockingReadAction.failedExecutionTimeUs,1769510281089000000,1769510339098000000,144
NonBlockingReadAction.finalizedExecutionTimeUs,1769510281089000000,1769510339098000000,15353
AWTEventQueue.dispatchTimeTotalNS,1769510281089000000,1769510339098000000,2204610556
NonBlockingReadAction.finalizedExecutionsCount,1769510281089000000,1769510339098000000,161
NonBlockingReadAction.failedExecutionsCount,1769510281089000000,1769510339098000000,1
FilePageCacheLockFree.nativeBytesInUse,1769510281089000000,1769510339098000000,0
FilePageCacheLockFree.heapBytesInUse,1769510281089000000,1769510339098000000,0
FilePageCache.pageLoads,1769510281089000000,1769510339098000000,39
StorageLockContext.competingThreads.90P,1769510281089000000,1769510339098000000,0
FilePageCacheLockFree.totalPagesHandedOver,1769510281089000000,1769510339098000000,0
FilePageCache.totalPageDisposalsUs,1769510281089000000,1769510339098000000,34
FilePageCacheLockFree.totalBytesRequested,1769510281089000000,1769510339098000000,0
FilePageCacheLockFree.totalPagesWritten,1769510281089000000,1769510339098000000,0
FilePageCacheLockFree.totalPagesAllocated,1769510281089000000,1769510339098000000,0
DirectByteBufferAllocator.misses,1769510281089000000,1769510339098000000,0
FilePageCacheLockFree.housekeeperTurnsDone,1769510281089000000,1769510339098000000,0
FilePageCacheLockFree.totalPagesRequested,1769510281089000000,1769510339098000000,0
FileChannelInterruptsRetryer.totalRetriedAttempts,1769510281089000000,1769510339098000000,0
FilePageCacheLockFree.housekeeperTurnsSkipped,1769510281089000000,1769510339098000000,0
FilePageCacheLockFree.totalNativeBytesReclaimed,1769510281089000000,1769510339098000000,0
DirectByteBufferAllocator.totalSizeOfBuffersAllocatedInBytes,1769510281089000000,1769510339098000000,41967616
FilePageCache.disposedBuffers,1769510281089000000,1769510339098000000,191
FilePageCacheLockFree.totalHeapBytesAllocated,1769510281089000000,1769510339098000000,0
DirectByteBufferAllocator.hits,1769510281089000000,1769510339098000000,39
FilePageCacheLockFree.totalPagesWriteMs,1769510281089000000,1769510339098000000,0
FilePageCache.uncachedFileAccess,1769510281089000000,1769510339098000000,69
FilePageCacheLockFree.totalPagesReadMs,1769510281089000000,1769510339098000000,0
DirectByteBufferAllocator.totalSizeOfBuffersCachedInBytes,1769510281089000000,1769510339098000000,41967616
FilePageCacheLockFree.housekeeperTimeSpentMs,1769510281089000000,1769510339098000000,0
FilePageCache.maxCacheSizeInBytes,1769510281089000000,1769510339098000000,156262400
FilePageCache.maxRegisteredFiles,1769510281089000000,1769510339098000000,252
StorageLockContext.competingThreads.max,1769510281089000000,1769510339098000000,0
FilePageCacheLockFree.totalPagesReclaimed,1769510281089000000,1769510339098000000,0
FilePageCache.capacityInBytes,1769510281089000000,1769510339098000000,503316478
FilePageCache.pageLoadsAboveSizeThreshold,1769510281089000000,1769510339098000000,0
FilePageCacheLockFree.totalPageAllocationsWaited,1769510281089000000,1769510339098000000,0
FilePageCache.pageHits,1769510281089000000,1769510339098000000,0
FilePageCache.totalPageLoadsUs,1769510281089000000,1769510339098000000,50999
FilePageCacheLockFree.totalNativeBytesAllocated,1769510281089000000,1769510339098000000,0
FilePageCache.pageFastCacheHits,1769510281089000000,1769510339098000000,1359
DirectByteBufferAllocator.reclaimed,1769510281089000000,1769510339098000000,82
FilePageCacheLockFree.totalClosedStoragesReclaimed,1769510281089000000,1769510339098000000,0
DirectByteBufferAllocator.disposed,1769510281089000000,1769510339098000000,109
FilePageCacheLockFree.totalPagesRequestsMs,1769510281089000000,1769510339098000000,0
FilePageCacheLockFree.totalHeapBytesReclaimed,1769510281089000000,1769510339098000000,0
FilePageCacheLockFree.totalBytesWritten,1769510281089000000,1769510339098000000,0
FilePageCacheLockFree.totalBytesRead,1769510281089000000,1769510339098000000,0
StorageLockContext.competingThreads.avg,1769510281089000000,1769510339098000000,0.0
JVM.usedNativeBytes,1769510281089000000,1769510339098000000,395431696
JVM.totalDirectByteBuffersBytes,1769510281089000000,1769510339098000000,42386243
JVM.totalTimeToSafepointsMs,1769510281089000000,1769510339098000000,1
JVM.totalCpuTimeMs,1769510281089000000,1769510339098000000,13200
JVM.usedHeapBytes,1769510281089000000,1769510339098000000,549113656
JVM.totalTimeAtSafepointsMs,1769510281089000000,1769510339098000000,61
JVM.GC.collectionTimesMs,1769510281089000000,1769510339098000000,56
JVM.totalSafepointCount,1769510281089000000,1769510339098000000,58
JVM.maxHeapBytes,1769510281089000000,1769510339098000000,4196401152
JVM.newThreadsCount,1769510281089000000,1769510339098000000,34
JVM.GC.collections,1769510281089000000,1769510339098000000,5
OS.loadAverage,1769510281089000000,1769510339098000000,1.8818359375
JVM.maxThreadCount,1769510281089000000,1769510339098000000,143
JVM.totalBytesAllocated,1769510281089000000,1769510339098000000,644368064
JVM.threadCount,1769510281089000000,1769510339098000000,76
workspaceModel.workspaceFileIndexData.updateDirtyEntities.ms,1769510281089000000,1769510339098000000,0
workspaceModel.updates.precise.ms,1769510281089000000,1769510339098000000,1
workspaceModel.cachedValueWithParameters.calculated.count,1769510281089000000,1769510339098000000,0
workspaceModel.cachedValueWithParameters.total.get.count,1769510281089000000,1769510339098000000,0
workspaceModel.cachedValue.calculated.count,1769510281089000000,1769510339098000000,9
workspaceModel.to.snapshot.ms,1769510281089000000,1769510339098000000,0
workspaceModel.loading.total.ms,1769510281089000000,1769510339098000000,17
workspaceModel.on.changed.ms,1769510281089000000,1769510339098000000,2
workspaceModel.replace.project.model.ms,1769510281089000000,1769510339098000000,0
workspaceModel.workspaceFileIndexContributor.registerFileSets.ms,1769510281089000000,1769510339098000000,1
workspaceModel.update.unloaded.entities.ms,1769510281089000000,1769510339098000000,0
workspaceModel.workspaceFileIndexData.markDirty.ms,1769510281089000000,1769510339098000000,0
workspaceModel.workspaceFileIndexData.init.ms,1769510281089000000,1769510339098000000,1
workspaceModel.workspaceFileIndexData.getPackageName.ms,1769510281089000000,1769510339098000000,0
workspaceModel.cachedValue.clear.count,1769510281089000000,1769510339098000000,2
workspaceModel.collect.changes.ms,1769510281089000000,1769510339098000000,0
workspaceModel.init.bridges.ms,1769510281089000000,1769510339098000000,0
workspaceModel.check.recursive.update.ms,1769510281089000000,1769510339098000000,0
workspaceModel.workspaceFileIndexData.getFileInfo.ms,1769510281089000000,1769510339098000000,4
workspaceModel.workspaceFileIndexData.processFileSets.ms,1769510281089000000,1769510339098000000,0
workspaceModel.entityStorageSnapshotImpl.instances.count,1769510281089000000,1769510339098000000,12
workspaceModel.on.before.changed.ms,1769510281089000000,1769510339098000000,0
workspaceModel.cachedValueWithParameters.clear.count,1769510281089000000,1769510339098000000,0
workspaceModel.workspaceFileIndexData.onEntitiesChanged.ms,1769510281089000000,1769510339098000000,0
workspaceModel.workspaceFileIndexData.visitFileSets.ms,1769510281089000000,1769510339098000000,0
workspaceModel.workspaceFileIndexData.instances.count,1769510281089000000,1769510339098000000,1
workspaceModel.initializing.ms,1769510281089000000,1769510339098000000,0
workspaceModel.full.replace.project.model.ms,1769510281089000000,1769510339098000000,1
workspaceModel.updates.ms,1769510281089000000,1769510339098000000,2
workspaceModel.cachedValue.from.cache.count,1769510281089000000,1769510339098000000,778
workspaceModel.loading.from.cache.ms,1769510281089000000,1769510339098000000,17
workspaceModel.workspaceFileIndexData.getDirectoriesByPackageName.ms,1769510281089000000,1769510339098000000,0
workspaceModel.cachedValueWithParameters.from.cache.count,1769510281089000000,1769510339098000000,0
workspaceModel.cachedValue.total.get.count,1769510281089000000,1769510339098000000,787
workspaceModel.pre.handlers.ms,1769510281089000000,1769510339098000000,0
workspaceModel.updates.count,1769510281089000000,1769510339098000000,2
Indexing.writesQueuedMin,1769510281089000000,1769510339098000000,0
Indexes.stubs.lookups,1769510281089000000,1769510339098000000,3
Indexing.writer_0.totalTimeSpentWritingMs,1769510281089000000,1769510339098000000,0
Indexes.stubs.lookupDurationAvgMs,1769510281089000000,1769510339098000000,1.6666666666666667
Indexing.totalTimeIndexersSleptMs,1769510281089000000,1769510339098000000,0
Indexes.entries.lookupDurationAvgMs,1769510281089000000,1769510339098000000,0.875
Indexes.allKeys.lookupDuration90PMs,1769510281089000000,1769510339098000000,0.0
Indexing.cache.totalCacheEvicted,1769510281089000000,1769510339098000000,409
Indexes.entries.lookupDurationMaxMs,1769510281089000000,1769510339098000000,6.0
Indexing.writesQueuedAvg,1769510281089000000,1769510339098000000,0.0
Indexes.entries.lookups,1769510281089000000,1769510339098000000,8
Indexes.allKeys.lookupDurationMaxMs,1769510281089000000,1769510339098000000,0.0
Indexes.entries.lookupDuration90PMs,1769510281089000000,1769510339098000000,6.0
Indexing.writer_3.totalTimeSpentWritingMs,1769510281089000000,1769510339098000000,0
Indexing.writer_1.totalTimeSpentWritingMs,1769510281089000000,1769510339098000000,0
Indexing.cache.totalCacheMisses,1769510281089000000,1769510339098000000,404
Indexes.allKeys.lookups,1769510281089000000,1769510339098000000,0
Indexing.writer_2.totalTimeSpentWritingMs,1769510281089000000,1769510339098000000,0
Indexes.stubs.lookupDuration90PMs,1769510281089000000,1769510339098000000,3.0
Indexes.allKeys.lookupDurationAvgMs,1769510281089000000,1769510339098000000,0.0
Indexing.writesQueuedMax,1769510281089000000,1769510339098000000,0
Indexing.cache.totalCacheAccesses,1769510281089000000,1769510339098000000,427
Indexes.stubs.lookupDurationMaxMs,1769510281089000000,1769510339098000000,3.0
workspaceModel.load.cache.from.file.ms,1769510281089000000,1769510339098000000,17
jps.global.get.library.by.name.ms,1769510281089000000,1769510339098000000,0
workspaceModel.global.updates.count,1769510281089000000,1769510339098000000,0
workspaceModel.mutableEntityStorage.referrers.ms,1769510281089000000,1769510339098000000,0
workspaceModel.do.save.caches.ms,1769510281089000000,1769510339098000000,18
workspaceModel.global.apply.state.to.project.ms,1769510281089000000,1769510339098000000,3
workspaceModel.mutableEntityStorage.changeLog.addReplaceEventForNewChild.ms,1769510281089000000,1769510339098000000,0
jps.artifact.entities.serializer.load.entities.ms,1769510281089000000,1769510339098000000,0
jps.library.entities.serializer.load.entities.ms,1769510281089000000,1769510339098000000,0
workspaceModel.mutableEntityStorage.entities.by.source.ms,1769510281089000000,1769510339098000000,0
jps.global.handle.before.change.events.ms,1769510281089000000,1769510339098000000,0
jps.storage.jps.conf.reader.load.component.ms,1769510281089000000,1769510339098000000,0
workspaceModel.mutableEntityStorage.remove.entity.ms,1769510281089000000,1769510339098000000,0
jps.reload.project.entities.ms,1769510281089000000,1769510339098000000,0
workspaceModel.mutableEntityStorage.mutable.ext.mapping.ms,1769510281089000000,1769510339098000000,0
jps.module.dependency.index.workspace.model.listener.on.changed.ms,1769510281089000000,1769510339098000000,0
jps.project.serializers.save.ms,1769510281089000000,1769510339098000000,0
workspaceModel.mutableEntityStorage.replace.by.source.ms,1769510281089000000,1769510339098000000,2
workspaceModel.moduleManagerBridge.build.module.graph.ms,1769510281089000000,1769510339098000000,0
workspaceModel.delayed.project.synchronizer.sync.ms,1769510281089000000,1769510339098000000,12
jps.save.global.entities.ms,1769510281089000000,1769510339098000000,4
workspaceModel.moduleBridge.update.option.ms,1769510281089000000,1769510339098000000,0
workspaceModel.moduleBridge.before.changed.ms,1769510281089000000,1769510339098000000,0
jps.app.storage.content.writer.save.component.ms,1769510281089000000,1769510339098000000,1
workspaceModel.mutableEntityStorage.mutable.vfurl.index.ms,1769510281089000000,1769510339098000000,0
workspaceModel.mutableEntityStorage.modify.entity.ms,1769510281089000000,1769510339098000000,0
workspaceModel.moduleBridgeLoader.loading.modules.ms,1769510281089000000,1769510339098000000,9
workspaceModel.moduleManagerBridge.get.modules.ms,1769510281089000000,1769510339098000000,0
jps.global.initialize.library.bridges.after.loading.ms,1769510281089000000,1769510339098000000,0
workspaceModel.mutableEntityStorage.collect.changes.ms,1769510281089000000,1769510339098000000,0
workspaceModel.mutableEntityStorage.changeLog.addReplaceEventForRemovedParent.ms,1769510281089000000,1769510339098000000,0
jps.global.initialize.library.bridges.ms,1769510281089000000,1769510339098000000,0
workspaceModel.mutableEntityStorage.put.entity.ms,1769510281089000000,1769510339098000000,1
workspaceModel.mutableEntityStorage.changeLog.addReplaceEventForNewParent.ms,1769510281089000000,1769510339098000000,0
workspaceModel.moduleManagerBridge.new.nonPersistent.module.ms,1769510281089000000,1769510339098000000,0
jps.artifact.entities.serializer.save.entities.ms,1769510281089000000,1769510339098000000,0
jps.app.storage.content.reader.load.component.ms,1769510281089000000,1769510339098000000,0
workspaceModel.moduleManagerBridge.load.all.modules.ms,1769510281089000000,1769510339098000000,2
jps.facet.change.listener.before.change.events.ms,1769510281089000000,1769510339098000000,0
workspaceModel.mutableEntityStorage.entities.ms,1769510281089000000,1769510339098000000,0
workspaceModel.mutableEntityStorage.instances.count,1769510281089000000,1769510339098000000,20
workspaceModel.mutableEntityStorage.to.snapshot.ms,1769510281089000000,1769510339098000000,0
jps.load.initial.state.ms,1769510281089000000,1769510339098000000,0
workspaceModel.global.updates.ms,1769510281089000000,1769510339098000000,0
jps.apply.loaded.storage.ms,1769510281089000000,1769510339098000000,7
jps.global.get.libraries.ms,1769510281089000000,1769510339098000000,0
workspaceModel.mutableEntityStorage.resolve.ms,1769510281089000000,1769510339098000000,0
workspaceModel.moduleManagerBridge.newModule.ms,1769510281089000000,1769510339098000000,0
jps.facet.change.listener.process.change.events.ms,1769510281089000000,1769510339098000000,0
workspaceModel.moduleBridge.facet.initialization.ms,1769510281089000000,1769510339098000000,0
jps.project.serializers.load.ms,1769510281089000000,1769510339098000000,3
jps.library.entities.serializer.save.entities.ms,1769510281089000000,1769510339098000000,0
workspaceModel.load.cache.metadata.from.file.ms,1769510281089000000,1769510339098000000,5
jps.global.handle.changed.events.ms,1769510281089000000,1769510339098000000,0
workspaceModel.sync.entities.ms,1769510281089000000,1769510339098000000,0
jps.load.project.to.empty.storage.ms,1769510281089000000,1769510339098000000,5
workspaceModel.mutableEntityStorage.apply.changes.from.ms,1769510281089000000,1769510339098000000,1
workspaceModel.orphan.listener.update.ms,1769510281089000000,1769510339098000000,1
workspaceModel.moduleManagerBridge.create.module.instance.ms,1769510281089000000,1769510339098000000,0
workspaceModel.mutableEntityStorage.changeLog.addReplaceEventForRemovedChild.ms,1769510281089000000,1769510339098000000,0
workspaceModel.moduleManagerBridge.set.unloadedModules.ms,1769510281089000000,1769510339098000000,0
workspaceModel.mutableEntityStorage.add.entity.ms,1769510281089000000,1769510339098000000,3
jps.facet.change.listener.init.bridge.ms,1769510281089000000,1769510339098000000,0
workspaceModel.global.apply.state.to.project.builder.ms,1769510281089000000,1769510339098000000,2
workspaceModel.save.cache.to.file.ms,1769510281089000000,1769510339098000000,16
jps.save.changed.project.entities.ms,1769510281089000000,1769510339098000000,0
jps.global.get.library.ms,1769510281089000000,1769510339098000000,0
jps.module.iml.entities.serializer.save.entities.ms,1769510281089000000,1769510339098000000,0
jps.module.iml.entities.serializer.load.entities.ms,1769510281089000000,1769510339098000000,0
workspaceModel.moduleManagerBridge.load.module.ms,1769510281089000000,1769510339098000000,0
workspaceModel.mutableEntityStorage.has.same.entities.ms,1769510281089000000,1769510339098000000,0
VFS.fileChildByName,1769510281089000000,1769510339098000000,10798
VFS.fileByIdCache.hits,1769510281089000000,1769510339098000000,0
VFS.fileByIdCache.misses,1769510281089000000,1769510339098000000,246
VFS.invertedFileNameIndex.requests,1769510281089000000,1769510339098000000,0
cacheStateStorage.get.counter,1769510281089000000,1769510339098000000,57
cacheStateStorage.set.duration,1769510281089000000,1769510339098000000,0
cacheStateStorage.set.counter,1769510281089000000,1769510339098000000,7
cacheStateStorage.get.duration,1769510281089000000,1769510339098000000,59
