[/home/m1st/.local/share/aurorae/themes/We10XOS-dark/alldesktops.svg]
11654310506948407972=23,0,22,22
12819110048109836282=94,0,22,22
13618449133918992916=0,0,22,22
5154438865858814664=45,0,22,22
770099680235549864=69,0,22,22
Invalidelements=941817707,3680013447,49036097,2984520945,2365762774,46328225,3574560984,3214511549,2257905244,752009422,663741890,2145702310,4162639233,1430454659,1811789445,3202700266,1250600471,1351527692,2805027932,3426384539,2262887999,4120463172,1239404843,2776411430,944199704,2051913874,335365746,1805145791,2892717150,645988304,1973867955,3098475634,2243729602,4106954943,3731754823,2069928602,3316798471,3409218493,1737080504,3002524016,3993038539,129242583,370852197,282984721,673435924,1763306235,125624565,2243060160,1090862433,1340442648,1732249156,2781043229,375522028,2616158122,987440972,2610336178,2740802835,3858592694,350600881,3290099779,2675757337,1014705213,1368144381,3711616186,2665140663,3187392896,4070140557,3853545054,729423840,887662665,3371396527,3674636622,4080094169,3726094965,2496782968,2217799335,76576269,3340677482,2086767132,315311898,1528260246,3298333603,3858656838,623479170,1595104527,1758696271,220404337,996388483,2610475389,3717174318,284948125,9643044,1481852737,19323559,1002211888,2549070529,2526866053,2361837435,3910348008,3211382551,1650892829,1160693706,2999677211,2761026798,407225268,3446371901,1976019321,2648865448,2936752976,2512614262,1000967186,2586919519,1855017383,407294557,3453194714,218938417,926636563,2121478406,1875595823,2342074240,2998302012,1827630186,2137717313,991066359,1509594657,498202048
LastModified=1769102988
NaturalSize=22,22

[/home/m1st/.local/share/aurorae/themes/We10XOS-dark/close.svg]
11695787727013342328=0,56,44,28
2897477614194415189=0,28,44,28
3676991700172509139=2.34399922138806e-07,2.075461225103936e-08,44.000000535431646,28.000000360026164
5663845837365505007=44.0000007956434,6.217782484441159e-07,44.00000077126499,28.00000003002616
9941275629871511145=87.9999997956434,6.217782484441159e-07,44.00000077126499,28.00000003002616
Invalidelements=2946004463,125260311,2560873339,4224389527,3876321929,2963742920,725268536,3675348251,1801578217,88806946,1780570161,3278736252,1703839043,1790407471,2836414162,1753912365,4059490664,1241452075,2796062334,1161362388,721110123,811332063,533565749,3303470761,2326491422,2496081644,2535191954,2026740076,3911827779,3204466232,1264185338,380922492,2258915662,1041500943,2476423057,526467016,1947157087,2737413256,176993876,1904765486,1495705166,3247183686,3533758822,3330513070,117392475,2536523261,1481432375,1180946528,2965588682,2899660235,1759922230,3057521823,2624681014,2932772099,2351600994,1754570395,4230942409,1419360588,4094136189,3941307858,2385992808,1513816013,2173691086,2863955505,3649035515,769104703,335956388,2387781536,972208845,2580981837,2394942368,2366058178,3231107595,4123389679,2403284812,853964928,1533009786,3231059578,724895417,936967764,3691454029,271882083,676144497,3950485753,2290392175,3742219949,1911153160,669381326,3334854717,3952898380,1049560323,3600033667,1636701115,2576348652,4094576206,4057562332,3780310572,726651681,2713292223,907808587,611558847,497944567,2859215354,2901753003,29893130,2245480564,873002563,544359677,4173997839,4106590523,2441778828,4212515919,3104889952,2863339640,3793469529,3195869549,414131047,3983976538,307931072,728416413,1835667311,1502138172,1631194946,3577265865,3319208751,4066909736
LastModified=1769102988
NaturalSize=44,28

[/home/m1st/.local/share/aurorae/themes/We10XOS-dark/decoration.svg]
10398941294718146871=73.00003000000001,1.9999999381070666e-06,25,56.999998000000005
10523230546205525614=228.99997408235257,-157.00001000000003,17.999985417647423,50
10697949905535841759=296.9999399235465,-107.00000377058706,17.999999949394805,17.999999949394805
10930704518242069170=99.00003000000001,84.00000185999994,72,100.99999200000002
11042111966399989351=260.00003000000004,58,25,25
11164857436169139732=-9.999999974752427e-07,57.99999999999994,72.000031,25
1204721910885705741=246.99996000000002,-175.00001000000003,49.99999999999997,18
12118512236355032325=260.00003000000004,1.9999999381070666e-06,25,56.999998000000005
1234576906784294069=286.00003000000004,2.619999975195242e-06,72,57
12876582442391418082=186.999999,57.99999999999994,72.00003100000004,25
13386559243389565167=228.9999601270587,-107.00000377058706,17.999999949394805,17.999999949394805
13664097173466549890=260.00003000000004,83.99999999999994,25,100.99999200000002
13805753497404602548=73.00003000000001,83.99999999999994,25,100.99999200000002
14034652020270931831=3.000000000952241e-05,83.99999999999994,72,100.99999200000002
14477327429605685899=286.00003000000004,57.99999999999994,72.00003099999998,25
15207369666952321288=99.00003000000001,57.99999923718747,72.000031,25
15897312658480519409=296.9999399235465,-174.99997617880783,17.999999949394805,17.999999949394805
16030221786775806495=296.9999405,-157.00001000000003,17.99998541764751,50
16521001532975584694=286.00003000000004,83.99999999999994,72.00002999999992,101.00000000000006
16611738384001697688=246.99993800000001,-156.99998000000002,50.00000000000003,50
17460665332940816306=246.99996000000002,-106.99998000000002,49.99999999999997,18
1758233662045554026=73.00003000000001,58,25,25
2296912498492024071=99.00003000000001,5.239999950390484e-06,72,57
2838501831290043343=187.00003,2.619999975195242e-06,72.00000000000003,57
4712427803433890219=-10.99996999999999,-11,10,10
52204079640750526=228.9999601270587,-174.99997617880783,17.999999949394805,17.999999949394805
5987630804116684991=3.000000000952241e-05,2.619999975195242e-06,72,57
7493862540441217646=187.00000000000003,83.99999999999994,72.00003000000001,101.00000000000006
Invalidelements=208481521,1770745585,4293600416,1782538195,3385534984,2296778006,3530492185,2180738847,1914933583,2325170078,1384067918,2209016449,624392650,3063378609,4159446759,964718559,4236011896,3402066131,2464373778,2860901462,1748718935,191764129,3350987686,2684457659,2011260251,2089411986,316283949,3135645333,1003073080,3512498941,2477999015,1501332742,3404140846,1237993486,4189572546,4088148699,418054032,1409873367,119226243,1468041792,3883951006,4185268655,185277513,1648671395,4045211624,3512091837,2669499761,3399758959,2540822133,1505071493,3465636886,708889965,629737204,356204825,373375858,793592725
LastModified=1769102988
NaturalSize=171,185

[/home/m1st/.local/share/aurorae/themes/We10XOS-dark/maximize.svg]
10468909788088910377=87.999992,1.8900739e-06,44.000004000000004,27.999994
14267660922389671837=43.9999967956434,6.217782484441159e-07,44.00000077126499,28.00000003002616
3829049292924939792=-3.1656000776258963e-06,-3.9092453931743876e-06,44.000000535431646,28.000000360026164
4159048829513218455=0,55.999998000000005,44.0000021983137,28.000001999999995
7238009367618274353=0,27.999998,44.0000021983137,28.000002
Invalidelements=2500544128,3586140904,3728503934,3190459810,1003560881,1894423326,560807316,975800315,2819230637,4182789523,3744745832,3670240702,2143704082,446596188,2401630422,508117451,2370943986,125555933,1647259093,2712449285,908846584,3469213654,117739280,3381971192,3416813747,2380142611,2624070312,3015371911,1900113871,4096297131,4104160879,2356412956,328831213,2896728463,1524872736,1315003835,2132592782,389398135,59044072,1177142754,4125985060,3506522900,90641529,485921048,2176045840,3565170389,3968551449,1546764869,3661098242,885845346,816364800,1524342863,631831286,2328688233,751501778,1918941173,2514261067,2955163679,133095400,49686813,1599501627,2838326985,832938086,866956645,2540802783,3327753540,3440936402,341818121,684144572,3578742569,1156158940,2233878437,581934092,1553317089,126579765,3044675627,4128872965,3387369368,2243062819,428565437,1873376935,1248802460,1972635109,2883771598,2030159831,2893682846,3088698222,2501612318,2548877186,3804024374,4076654385,3349857090,1235953847,1816382965,4239113213,3358813877,3660545578,509009445,3031299154,4000141550,1919078730,3844819318,1005579394,3959929129,3128934350,2920260898,3812179023,404651862,147063957,1061493701,1485537267,3225093553,3925679711,762719409,1596230286,3334640518,2750909867,1015460669,1872527158,1255272710,639250812,2232469549,3081112783,3901130167,261691804,4169645814
LastModified=1769102988
NaturalSize=44,28

[/home/m1st/.local/share/aurorae/themes/We10XOS-dark/minimize.svg]
12473367865077733=-1.5656000780239765e-06,-5.709245392893081e-06,44.000000535431646,28.000000360026164
16552980649629550567=0,28,44,28
1929089272475240173=0,56,44,28
2691316571768211712=88.00000433439993,-5.71683067818185e-06,44.00000053543164,28.000000360026164
4470130229116025421=43.99999833439992,-5.71683067818185e-06,44.00000053543164,28.000000360026164
Invalidelements=118638352,2713666441,1018020505,2261857270,2641869444,4183125597,2641476719,4185670045,2806020209,1821917205,595944737,1695464841,4220445386,1565286094,1804104459,630665634,3050205462,1551317788,1063674711,1089036404,665013542,3212716521,1771822804,1798888565,3049418119,3703096871,3769780958,2320700968,74113824,1690111198,4218507820,3190781349,373767606,901333227,1518852028,821997103,627093168,1351251418,2660987736,1787537530,342026406,3439204677,4137792457,1641561277,860528423,1723863859,1242774926,1461036899,2283460825,828143290,4027893061,3982035437,1836352112,3748339081,3617735839,968571525,2403389773,3988039360,3715581698,299151488,3026816251,606700403,2036687445,3996952906,2265383322,192044791,3866490452,3757498692,626679272,1488445946,2881908480,23383543,1274305720,2534190861,3550006428,3331013508,1280666813,3862897071,3681847466,2306784003,598936221,806532292,118478319,167817114,2700239834,65152864,3281907877,2298966710,1346528917,1448207664,1771191054,3777493162,907612645,2449098534,1690811559,1155475828,2251265064,835562746,824031567,2557028104,2895387893,291304690,1326323625,988597564,885933619,1287033305,1202526040,2838693412,895207409,673806557,3682009854,3936710132,424170181,908950098,837311782,2055613524,3549423042,2757868895,427690394,872273175,1455680691,819287709,944673615,3645177389,1021947880,3593647457
LastModified=1769102988
NaturalSize=44,28

[/home/m1st/.local/share/aurorae/themes/We10XOS-dark/restore.svg]
12372981669243520507=-3.1656000776258963e-06,-3.9092453931743876e-06,44.000000535431646,28.000000360026164
12612500873939718679=0,27.999996,44.00000095367432,28.000002000000006
14451911484432019747=43.9999967956434,6.217782484441159e-07,44.00000077126499,28.00000003002616
14479824652867474939=87.9999927956434,6.217782484441159e-07,44.00000077126499,28.00000003002616
9567490257781664948=0,55.999995999999996,44.00000095367432,28.00000200000001
Invalidelements=780465202,581606398,581693381,883733627,1576825850,2884767740,264029006,2986133548,2699727439,3157961388,3565367661,1902694543,343404559,1466517292,2397796610,3011363752,190888071,2924619995,746072624,133068530,2780307096,3647574014,2813702276,3685170021,2584448295,3139332556,4207728084,1211332809,2312817071,1170094246,3086720589,16692519,75517461,1595650625,903223752,3329106094,3555421830,930182225,1638487234,216657801,579764359,1006170355,198086881,1420999146,3993782709,828579852,3126781117,2086466345,3746347898,1286118040,960576568,1260682931,1094252380,1973046702,3517947008,3049904566,3102957911,2889203442,2336018236,3720611866,1234892484,3218286055,2015948752,207305896,567433575,2914715605,2082906323,1581041766,960616031,2262863921,3857994084,4132044204,2659033030,2435525649,1573252140,3939167503,4186650510,1236948696,1956747576,3754737717,842676963,3687278391,3082727854,2246041389,483719479,1261670377,3070246344,56839221,807277159,1504832672,3809417446,340150189,180764291,2910439424,962080598,1197733786,1346925412,2918519748,1024343707,3567053848,2072298394,801117106,2225581625,1849933585,2341020873,2811238020,2072411435,2217440136,3436191316,33504188,1712550226,559863642,297825020,786041301,4096620711,2046853548,915530026,1902699617,860297233,924664566,3133182011,2657285253,2274825015,3027205601,952358021,3964312761
LastModified=1769102988
NaturalSize=44,28

[/home/m1st/.local/share/plasma/desktoptheme/We10XOS-dark/dialogs/background.svg]
11386860904516590367=21,71,8,8
11759787423914110543=71,48.000004,8,4
13139709054024301014=29,20.997917200000018,42,7.9999988327999745
13287050117796445831=29,71.00002938710998,42,7.999983412890003
14170623130473581122=163,31,42.000011,42.000011
14679438829835565143=71,29,38,42
14928105482156874732=154.9999999999996,22.999999999999616,8.000002500000448,8.000002500000434
15467179305844133185=155,30.999997620000016,8,42.000009900000265
1575499140867121716=163.00001738,73,41.99998189999468,8
15835773427036962201=7.5,2.4414062e-06,5,5
15953662534124355986=71.00000030772749,71.0000097599253,38.00000030978853,38.00000030978853
16222560656071796472=-9.000000617515992,-9.000000069713831,38.00000030978853,38.00000030978853
18071982224495314531=21.000008100000002,29.00000374000001,8.000003900000024,42.00000139999861
2102207188134548283=48,21.000002,4,7.999998099999999
2111476872661296189=205,23,8,8
2295023601036798158=71.00001100000003,28.999997769999993,7.999992700000007,42.000009900000265
2628058415337743141=155,73,8,8
287313356616507281=79,48.000004,30,4
364203473694450423=-9,48.000004,30,4
4195163973629533983=29,29.000091999999995,42,42
4617388147009203189=70.99999525000003,70.999,8.000003875499985,8.000004675599996
4731813968985915074=205.00000999999997,72.99998300000004,8.000005600000009,8.000005600000009
4743909764049536056=-9,29,38,42
5304349972702539838=29,71,42,38
5305447906688801506=70.9999997599253,-9.002170617515999,38.00000030978853,38.00000030978853
6058936375078209233=-9.000000069713831,71.00000030772749,38.00000030978853,38.00000030978853
6577025323652606144=48,-8.9999971,4,30
6619384083852661291=21,48.000004,8,4
6629203764884452622=205,30.999997620000016,8,42.000009900000265
7387051131758542167=48,71.000092,4,7.999908399999995
7730322374721850249=48,79,4,30
7999895764474312944=21,21,8,8
803496760911185791=71,20.998047,8,8.000952999999999
8713910721790549296=29,-9,42,38
9326098981405596760=163.00001738,23,41.99998189999468,8
Invalidelements=4104624185,1898193651,3899528908,2746371481,2696657306,4028426241,1870990918,1005432263,2688737161,3077843004,754979346,1237290000,2453558765,3379762983,601342584,3264842486,1308494133,3930613460,1913428970
LastModified=1769102986
NaturalSize=100,100

[/home/m1st/.local/share/plasma/desktoptheme/We10XOS-dark/solid/dialogs/background.svg]
10554627235029448709=155,73,8,8
10574924419468056650=70.999953,20.998,8.000046999999995,8.000999999999998
11513080468630669014=29,21.006400000000042,42,8.000113599999963
1179412931831679391=155,30.99999999999997,8,42.000008399999984
11900992931811361193=163,31,42,42
1203428642980112878=21,71,8,8
13114576513396680463=29,29,42,42
13233901843754184150=20.99369999999999,29,8.000300000000038,42.000008399999956
13878489282785787504=53,78.799988,4,0.20000000000000284
14652834793160802940=163,23,42.000008399999956,8
15195509623931618949=21,48,8,4
1524059632541837125=71.00161219999998,70.9996,7.999799899999999,7.999799899999999
15411637009863880232=163,73,42.000008399999956,8
15738889405768214072=78.8,53,0.20000000000000284,4
16907704956675227839=205,30.99999999999997,8,42.000008399999984
1810821400502349=71,48,8,4
18174630458660549068=205,23,8,8
4435094822033176476=21,21,8,8
474357299098643028=48,21,4,8
5006777691694015472=155.0000023,23.00000278473999,7.999999828259888,7.999999828260002
5148273523071713340=70.98899999999998,29,8.00030000000001,42.000008399999956
6158591162135505339=48,71,4,8
6223333977507274146=21.000001,53,0.1999999999999993,4
7233175659005192876=205,73,8,8
8395760805803142493=53,21,4,0.1999999999999993
8493386333184034533=7.5,2.4414e-06,5,5
9582192695126171159=29,70.98901428999994,42,8.00018571000004
Invalidelements=2229081998,423044129,1421888941,3026492512,261397000,2722705868,3608317348,3402145755,595711074,3171959606,587207281,936382088,1759332415,1595344323,2175888596
LastModified=1769102986
NaturalSize=100,100

[/home/m1st/.local/share/plasma/desktoptheme/We10XOS-dark/solid/widgets/panel-background.svg]
10509100766699656768=45,21,1.000000082740371e-08,4
10536307407224100079=44.0004,33.99998800000003,15.999600000000001,15.999599999999873
10628625076006932381=145,22,12,12
11783968259157168640=85,31,9.999993721976352e-09,4
12113323032384798374=69,8,4,9.99999905104687e-09
1245108025294126603=60,33.999985333000495,12,16.00019999999995
12694516409827883971=72,33.99998800000003,15.999599999999987,15.999599999999873
1281760902244193830=129,6,16,16
12970439165284141003=129.0004,33.99998800000003,15.999599999999987,15.999599999999873
13303248341423938568=64,44,4,6
13511721911718400366=82,26,6,4
13841392391556013884=72,6.00038799999993,15.999599999999987,15.9996000000001
15028392789942931041=59,47,4,1.000000082740371e-08
1790778630434997234=44.0004,6.00038799999993,15.999600000000001,15.9996000000001
18015589152539022423=145,33.99998400000004,12,16
18257277473638509855=157,22.000006250000013,16,12
203438594217765229=0,-1.4648e-05,5,5
2604636486669005557=72,22.000006250000013,16.000200000000007,12
2804197461645187793=43.99980000000001,22.000006250000013,16.0002,12
2823763008155481208=129.0004,21.99980759990001,15.999599999999987,12.0002
3375080154957622610=60,22,12,12
4464725301677220060=144.9999995,6.000387564999983,12,15.9996000000001
543950341669620326=44,26,6,4
635309735582045991=157,33.99998800000003,15.999599999999987,15.999599999999873
8168434306484825301=157,6,16,16
8664651083667359374=64,6.0001,4,6
9377790255250034976=60,5.999785333000091,12,16.00019999999995
Invalidelements=878679537,3170460236,3857207556,1867736809,2336361447,4091515761,133151993,1918015703,3936782560,3152593741,436931380,1326285287,239474360,2131466789,2046273407,1200496284
LastModified=1769102986
NaturalSize=173,56

[/home/m1st/.local/share/plasma/desktoptheme/We10XOS-dark/solid/widgets/tooltip.svgz]
116305978494024544=44.9999847,26,6.000015300000001,4
11695383956947147210=33,0,4,9.999999974752427e-07
11853757656095986633=18.999985000000002,44,32,6
13470614953784762079=62.999999,26,9.999999974752427e-07,4
15039832698837100764=19.000000200000002,26,6.000003799999998,4
15051729586415840481=13.000003000000001,26,9.999999992515995e-07,4
15322694156186217404=107.999968,43.999983799999995,12,12
1535143714864786140=107.999965,11.999956200000042,11.999999500000001,32.00002299999994
15478959317773351082=97,0,4,5.999977100000024
16372629599925896644=97,50,4,6.000022899999976
16376542357943955091=75.999984,11.999956200000042,32,32
16412634123201761399=63.999984999999995,26,6,4.000022899999976
16419901364924687679=51,44,6,6
16499002829903409656=90,-5.99999999622014e-05,3.9999997999999977,5.999977100000024
17301462336529066774=19.000004,12,32,32
17420464032625351195=0,0,5,5
1797529247965176008=75.999965,43.99995620000004,32,12
18025639755368173193=64,-3.799999944931187e-06,12,12
1887475912946756220=33,38,4,5.999975199999994
245087174665062311=90,50,3.9999997999999977,6.000022899999976
2943964977863515702=114.0000029,32,5.999977099999995,3.9999768999999787
3285587865817361520=75.999965,-4.379999995762773e-05,32,12
3343524568386505860=33,12,4,6.000024800000006
4350318609485338955=13,44,6,6
4825403235296448682=107.99996680000004,3.700000002027082e-05,12,12
5165841671814421168=114.00003290000001,26,5.999977099999995,3.9999768999999787
5553028046292546639=63.9999825,11.999956200000042,12.000001499999996,32.00002299999994
5696545992143087677=13.0000045,12,5.999999500000001,32
627983998851563703=51,6,6,6
7438273072799408281=18.999985000000002,6,32,6
7667354575272433347=64,32,6,4.000022899999976
7941558223174825815=13,6,6,6
7997356106226523456=50.999985,12,5.999999500000001,32
8284561570755945087=33,50,4,9.999999974752427e-07
8299885269716109631=64.00003420000007,44.00001800000007,12,12
Invalidelements=618756723,1378393224,4152426132,4045741831,874974270,2086421366,1248830680,628970432
LastModified=1769102986
NaturalSize=173,56

[/home/m1st/.local/share/plasma/desktoptheme/We10XOS-dark/translucent/dialogs/background.svg]
11711639423803024840=21,71,8,8
11738639966225670646=163,31,42.000011,42.000011
11759144080231532758=29,-9,42,38
11844277569436888306=48,79,4,30
12010945840264119658=29,20.997917200000018,42,7.9999988327999745
12319076897857420506=-9.000000617515992,-9.000000069713831,38.00000030978853,38.00000030978853
12353176377027147896=163.00001738,73,41.99998189999468,8
12699660447500929281=71.00000030772749,71.0000097599253,38.00000030978853,38.00000030978853
13480419008547083874=29,29.000091999999995,42,42
13930281642425112792=21,48.000004,8,4
14903335143563321566=48,-8.9999971,4,30
1518596510607341168=155,73,8,8
15835423960243957016=205.00000999999997,72.99998300000004,8.000005600000009,8.000005600000009
2648463831387976493=29,71.00002938710998,42,7.999983412890003
2995914933092677302=205,23,8,8
3717750291123093703=7.5,2.4414062e-06,5,5
3838346226779210405=163.00001738,23,41.99998189999468,8
3844939269449335550=205,30.999997620000016,8,42.000009900000265
5103026552166036713=48,71.000092,4,7.999908399999995
5587829329637309905=154.9999999999996,22.999999999999616,8.000002500000448,8.000002500000434
5742905280237115298=71.00001100000003,28.999997769999993,7.999992700000007,42.000009900000265
6565710317934856374=29,71,42,38
6581154941742254890=79,48.000004,30,4
679023045900526541=70.99999525000003,70.999,8.000003875499985,8.000004675599996
6817444493020014339=21.000008100000002,29.00000374000001,8.000003900000024,42.00000139999861
7255104252975951879=71,20.998047,8,8.000952999999999
7459652822164506851=71,48.000004,8,4
7758174807373724788=48,21.000002,4,7.999998099999999
777106224657355021=-9,29,38,42
84897298004260360=-9,48.000004,30,4
8676336749343257020=155,30.999997620000016,8,42.000009900000265
8706615110116119786=21,21,8,8
9117045075795721531=71,29,38,42
9698983735730999417=70.9999997599253,-9.002170617515999,38.00000030978853,38.00000030978853
9864914289203539111=-9.000000069713831,71.00000030772749,38.00000030978853,38.00000030978853
Invalidelements=527198502,1050987663,4081454866,353542243,3350726730,636669279,236029131,2456398314,1336816674,2355533119,1715464786,351107318,3409818922,2948349256,1070672741,4134147612,3008984003,1390442180,1511397370
LastModified=1769102986
NaturalSize=100,100

[/home/m1st/.local/share/plasma/desktoptheme/We10XOS-dark/translucent/widgets/background.svg]
10989451987397478958=51,25.999985,12,4
12167799561355544925=7,11.999990000000025,12,32
13272599690338428374=51,44,12,12
13805890031121785577=7,25.999985,12,4
14258734886697746812=19,11.999990000000025,32,32
15843296455818570258=33,-1.4648437e-05,4,12
15949357078205448575=51,11.999990000000025,12,32
17380251675150186842=19,43.999990000000025,32,12
2164641984620216238=51,0,12,12
3139226486134210984=19,-9.999999974752427e-06,32,12
5555861974022027844=0,-1.4648437e-05,5,5
7119962126047828359=7,44,12,12
7529905739531158930=7,0,12,12
8639689577171502127=33,43.999985,4,12
Invalidelements=2541933920,1813087679,2162402951,2709557845,1199519575,1035106950,3541057904,3102189512,1448751859
LastModified=1769102986
NaturalSize=121,56

[/home/m1st/.local/share/plasma/desktoptheme/We10XOS-dark/translucent/widgets/panel-background.svg]
10833755175252348471=120.0000044,34.000049900424074,15.999945600000018,15.99992159999988
10911204876778141087=31.99983934043717,21.999949305049793,24.00014646672475,12.000106239999997
11232744504491896614=71.99999816677762,33.99999304792195,28.000000106485345,28.000000106485352
12521920967724240937=147.99999840004682,5.999934758661993,16.000002799953165,16.000107199841068
13913682835060750941=59.99996937704614,34.00000503461615,12.000030719999998,16.00005441996177
1413391370983604670=64,47,4,3.000047700000003
14687343810038886663=44,6,16,16
15062629063030234773=64,-5.999948,4,12
15704794273897501524=59.999946454950205,-6.00017265956285,12.000106239999994,24.0001464667248
1582871038872295940=32,26.000051,12,4.000022900000001
16173106468565884065=64,50.00005,4,11.999977000000001
1747429323411249029=135.99998102499475,33.99991708671996,12.000016825005247,15.999985679917017
18304640252972106199=44,26.000051,3,4
3498904866369897497=119.9999991,6.000107899355953,15.999977000000001,15.999941999999919
369823730391095342=59.9999696149856,5.9999035454220575,12.000030719999998,16.00005441996177
3891974556010284771=148,33.99997323888806,16.00000320000001,15.99997919999987
4715952167218149073=72,34,16,16
546563654432178721=0,-1.4648437e-05,5,5
5676955241680990678=72,6,16,16
5981361998004207847=64,6.0000515,4,2.999948699999999
6322317379763190037=31.999999726737045,-5.999995154407292,28.000000106485345,28.000000106485345
6447089878467409735=135.99997,22,12.000024999999994,12.000025
6520529084085136546=31.999998766770688,33.99999304792195,28.000000106485345,28.000000106485352
6643880341883445879=76.00000219283811,22.0000024549502,24.000146466724743,12.000106240000001
6780273629515858037=72.00000503461615,22.00000061498561,16.000054419961728,12.000030719999998
767109561416562254=84.9999997,26.000051,3.000015300000001,4
7836377224768736028=59.999954,22,12.000099000000006,12.000098999999999
7865490376746322385=72.00000016677761,-5.999995154407292,28.000000106485345,28.000000106485345
8149542506267588730=44,34,16,16
834124320822937030=88,26.000051,12,3.9999769
8737489987036889268=43.99994054542213,21.99999961498561,16.00005441996172,12.000030719999998
8841755592822951331=119.99999863333639,21.999999067567273,16.000003866663604,12.00016220041676
9020583317281671042=59.999947024379374,38.00005919283808,12.000106240000001,24.0001464667248
929431086910510638=135.99998102499475,6.00022155354759,12.000016825005247,15.999838000402406
9356856920728309836=148.0000018,21.999986874842193,15.999986479975917,12.000161905110168
Invalidelements=558316820,2391164761,1063635137,1145450691,2172981743,3275300020,4189825412,4245645141,4043808442,1130193813,1940546624,1413955683,166649868,2575411680,2197644770,315901828,1483986033,469594228,1574536871,3033433322,4203682454,950291582
LastModified=1769102986
NaturalSize=173,56

[/home/m1st/.local/share/plasma/desktoptheme/We10XOS-dark/translucent/widgets/tooltip.svg]
10816745633407672593=52,5.9999995,4,5.9999771
10951105640725644655=64.000002,38.000029999999924,12,12
11823708430351893507=32.0000032999976,18.000012102082565,11.9999964,19.99995424
1224561320719219971=20,-6,24,24
13968353147631964951=69.9999997,25.999998,6.000015300000001,4
13978074007621419188=64,38,24,24
1497581318865405103=149.00000172400004,6.000016479566846,11.999999012000018,11.999998011999999
15926075286500546412=32,6,12,12
1612866710376905120=19.999995000000013,38.000015000000005,24,24
16158908710204018317=43.99996967498575,5.9999987237195,20.0000304,11.99997909999638
16231227253465171854=128.9999840449973,6.000028751125001,20.000015135002712,12.121131503093011
16238829773969017948=43.99996967498575,37.99996377628395,20.0000304,12.000022799999897
18126698335012626856=44,18,20,20
2413711317420954314=64.00002850000001,18.000049601996807,11.999984999999995,19.99995424
3168658692936689692=52,-6,4,12
3281688016111050667=63.99998300000004,-5.999987000000001,24,23.999999999999996
3721984646206861487=20.000000699999497,17.99997126169933,24.00000059999971,20.000056935030585
3782586325057126493=0,-1.4648437e-05,5,5
3795346254972716353=128.9999840449973,38.00000469132806,20.000015135002712,11.999963760008313
4128479459192546737=32.000001,38.00001999999995,12,12
5494805951800747678=20,25.999998,12,4.000022900000001
5503234090445172035=43.99999981499985,37.99997549134605,20.000000319999998,23.9999964000001
5586518623781570302=116.999994,17.99998999999991,11.999995999999996,20.000068999999996
5789647818678444179=116.99999926399994,37.999985508433156,11.99999901199999,11.999998011999999
5845145256825547496=76,25.999998,12,3.9999769
6493247405286217944=149.00000172400004,37.999985508433156,11.999999012000018,11.999998011999999
6712583210295275256=116.99999926399994,6.000016479566846,11.99999901199999,11.999998011999999
6941395251515049091=64,6,12,12
6975321028019592488=32,25.999998,6,4
8096088181442323239=43.99999981499985,-6.000116612071906,20.000000319999998,24.000026066665896
8231306092065589500=128.99998,17.999939,20.000040000000013,20.000039999999995
8237964822930208991=148.99999970000002,17.99996115208421,11.99998035999829,20.00006845503887
8563831251968460258=52,50,4,11.999977000000001
9645099358976698942=63.999998700000795,17.99999836425434,24.0000005999997,20.000056935030585
9934268861093724324=52,44,4,6.000021000000004
Invalidelements=337116440,16609024,1260582978,600446771,2626142945,2816189951,3868036020,1236651352,2041546100,1928728220,3038658448,1309354192,614037653,352872109,2894928774,2212549165,1213696146,1907195969,4090983811
LastModified=1769102986
NaturalSize=173,56

[/home/m1st/.local/share/plasma/desktoptheme/We10XOS-dark/widgets/arrows.svg]
4353606274641624468=3.4390911,6.8781819,5.819999899999999,5.8199999
LastModified=1769102986
NaturalSize=48,48

[/home/m1st/.local/share/plasma/desktoptheme/We10XOS-dark/widgets/background.svg]
11031216771928986587=0,-1.4648437e-05,5,5
12049433739603773676=7,11.999990000000025,12,32
13446579736522736486=19,11.999990000000025,32,32
13472613739658843397=7,0,12,12
15758913333747528438=19,-9.999999974752427e-06,32,12
16014136676792517933=51,11.999990000000025,12,32
2188647498919653241=19,43.999990000000025,32,12
3726496366752722806=51,44,12,12
4806127679770287475=33,43.999985,4,12
6056773006896189054=7,25.999985,12,4
6181050192781383392=7,44,12,12
6208067901159303381=33,-1.4648437e-05,4,12
7022465442211259514=51,0,12,12
7919772758082863247=51,25.999985,12,4
Invalidelements=725380545,776557511,2001519966,969585120,2466915072,3066362169,2496560022,328570728,2758867954
LastModified=1769102986
NaturalSize=121,56

[/home/m1st/.local/share/plasma/desktoptheme/We10XOS-dark/widgets/bar_meter_horizontal.svg]
10279676306007895521=10,12,3,2
1047382451442962276=14,20,2,3
11103144109786248736=17,24,3,2
11133468934339407172=14,12,2,2
11833622973240216386=17,20,3,3
12005925893121960574=14,15,2,3
12300881878874027419=6,-1.4648437e-05,6,6
13344194519254260485=14,24,2,2
13941996360981270937=17,8,3,3
14339250495173685870=0,-1.4648437e-05,4,4
16488855980409273444=10,27,3,3
17045346195396115570=17,12,3,2
18387453129287963182=14,27,2,3
3001405756334893884=17,27,3,3
5473872067629208019=10,15,3,3
562856930275261560=10,8,3,3
6277398021320724726=17,15,3,3
7015427464340754992=10,24,3,2
7427995094443006365=10,20,3,3
7578162719832910206=14,8,2,3
Invalidelements=3067648638,1574759886,1497544244,3954774301,2906392116,482125295,750962020,3394078889,3755388870,3177988212,88958549,1694153106,3632617919,212342997,1439022138,300141376,3883350932,532349105,754957540,295433954,1797568024,2064905226,2700205183,1625666465,207580998,3358075492,2787173471,2415766628,117840461,3731372403,552244749,3361297438,2976508131,2021110051,329151395,2479327013,2287253269,2273948414,2559544014
LastModified=1769102986
NaturalSize=30,30

[/home/m1st/.local/share/plasma/desktoptheme/We10XOS-dark/widgets/busywidget.svg]
15253006214380568315=59.00217,31.75,4.233300200000002,4.233300200000002
3387799275928706320=0.00017100000000169757,0,35.983002,35.983002
7864728761260019479=51.858169000000004,30.17000999999999,5.820799800000003,5.820799800000003
Invalidelements=4073569008
LastModified=1769102986
NaturalSize=136,136
busywidget=4x4,6x6,4x4,6x6,

[/home/m1st/.local/share/plasma/desktoptheme/We10XOS-dark/widgets/button.svg]
10352059477369630229=102.99999176140022,162.99990020040002,6.000029939999763,24.000004339999975
10358430044008036484=158.999996,97,6.00000399999999,6
11002899011793106426=158.99995,38,6.000041500000009,2
11057565978019712469=102.99998176140025,26.999926200400004,6.000029939999763,24.000004339999997
11409484356486812625=103.00002,37.999928,5.999977099999995,2
11446342740400260524=103,20,6.00000399999999,6
11534213273973788507=291,102.0000001,4,1.999999900000006
1154524665654234078=159,141.99994000000004,6.00000399999999,6
1175222976045745613=236,103.0000001,4,1.999999900000006
11869697228235651730=109.999997708,141.99992829860003,47.99999820000002,6.000029939999763
12031642691804865175=102.99999953,97,6.00000399999999,6
12133220602311707489=330.99998864016624,80.00006441523378,5.999960879979767,5.999960879979838
12204644659784265956=158.99996,187.99990000000003,6.00000399999999,6
12851892603605802406=242.9999999499999,80.00002538421042,31.999999679999974,5.999959500000003
133455769333702858=133,146.89999,1.999999900000006,0.09999999999999432
13481874176011606341=109.999995708,187.99990829860008,47.99999819999999,6.000029939999763
13863613141953653216=102.99997376140016,71.99999806599851,6.000029939999763,24.000001979999894
14073997153865630201=110.00004,117,48.000000000000014,23.99996999999999
14214226326570363953=133,51.999897,2,6.000101600000001
14660651728276779119=258,122,1.9999998999999775,4
14707544124979390927=278,102.0000201,4,1.999999900000006
15168436032170994421=330.999992339991,86.9999647999991,6.0000073800022165,31.999999680000002
16394503093530944265=158.99998,51.99994000000004,6.00000399999999,6
16543701241760040336=313,122,1.9999998999999775,4
16976804633848065976=109.999997708,51.99989829859999,47.99999820000002,6.000029939999763
17708752416035977087=103,156,6.00000399999999,6
17856185900465560631=110.000027708,109.99999176140022,47.99999819999999,6.000029939999763
18097709672913423491=110,96.99999829860008,47.99999819999999,6.000029939999763
18311779298311430339=133,66,2,0.09999999999999432
1975416366729609195=297.99999994999996,79.99996098329517,31.999999680000087,5.999959500000003
1987014427428532517=158.999996,65,6.00000399999999,6
2595124418018468055=102.99999815860004,141.99992829860003,6.0000039399999565,5.999999940000009
2862916883808575590=297.99999994999996,119.99996251827417,31.999999680000087,6.000040759093878
297779034442772555=103,65,6.00000399999999,6
3131257148522657842=109.999995708,155.99999176140022,47.99999819999999,6.000029939999763
3308278180864080219=275.99999844000143,86.99996680000018,6.000003880000463,31.999999680000002
3589361381810727158=110.00001,27.00002,48.00001,23.999963
3625094164728268294=290.99999966002315,79.9999920081364,5.999996559957253,5.999996559957182
3979007049669466059=158.99995829860006,26.999973953999998,6.000029939999763,23.999999100000004
4120614204344659750=275.9999890400235,80.00001441628378,5.999960879979767,5.999960879979838
4144539295907698158=163.89999,127,0.09999999999999432,2
426170073441827249=235.99996800016,119.99995527989589,6.000040000000013,6.000040000000013
4655923006712827810=133,111,1.999999900000006,0.09999999999999432
4706254243010248659=133,101.9,2,0.09999999999999432
4863279140068932772=290.999998800016,119.99990857617918,6.00000799999998,6.000007999999994
5143314386423218370=103,110,6.00000399999999,6
5326467640626392281=331.000005699983,119.99995558780972,5.999991499999965,5.999991499999993
5477802785271755463=104,128.0000001,0.09999999999999432,1.999999900000006
561043652015055272=110.000007708,19.999991761400224,47.99999819999999,6.000029939999763
5985724155417424348=236.00000496012413,80.00000893620116,6.000003459936636,6.0000034599366785
6277634611065482744=333,101.0000001,4,1.999999900000006
6438635100375729998=133,20,2,6
6497451328930461077=258,80.000023,1.9999998999999775,4
658897948474211299=163.89999,82,0.09999999999999432,2
6810597076048626358=158.99999829860008,71.99999955400054,6.000029939999763,24.000000059999962
6878440913189815297=102.99997815860003,187.99990829860008,6.0000039399999565,5.999999940000009
6927680953713520269=158.99991829860005,116.99996385399999,6.000029939999763,23.999999100000025
7043419503547030580=276.0000060001601,119.99995527989589,6.000039999999899,6.000040000000013
7131527972979255317=159.0000419014,19.99999176139994,6.000003939999971,5.999999940000009
715844155479857155=158.99991829860005,162.999947854,6.000029939999763,23.999999099999997
7445982265932782169=110.00003,72.00005,47.999999999999986,23.99995
769981989134980211=159.0000019014,109.99999176139994,6.000003939999971,5.999999940000009
7737232545053104735=104,83,0.09999999999999432,2
7738478037910321622=91,25,3,3
7971111412634148540=110.000026708,65.0000017614002,47.99999820000001,6.000029939999763
8010292840857175834=298,86.999884,32,31.999986000000007
8097752981938181161=159.0000419014,155.99999176139994,6.000003939999971,5.999999940000009
8357139726707766382=291.0000002000169,86.9999647999991,6.000008499999922,31.999999680000002
8453755699193031582=110,162.99999,48,23.999960000000016
8648694947184293653=242.9999999499999,119.99996218867085,31.999999679999974,6.000040689015151
8747023148160212932=242.99999000000003,86.999994,32,31.999976000000004
8787757194488856957=102.99998176140025,116.99999020040002,6.000029939999763,24.000004339999975
8799727361662345012=102.99997815860003,51.99989829859999,6.0000039399999565,5.999999940000009
881890162969077582=236.00000380002604,86.99996680000018,6.000006499999984,31.999999680000002
9000768251043646941=313,80,1.9999998999999775,4
Invalidelements=2492851432,4202681788,1278709463,3627702872,1926817331,3239424494,3542454904,3728125476,3218714309,3746523771,3705240685,32416490,4129828216,2003819625,3807426054,2550697207,2401961357,2865113551,2700461842,3937870357,2515180096,3412327611,4248055834,2607127463,2393900792,2509418868,203523744,3085820867,2465771220,4222809633,3265666627,3329872562,2548506074,2905355185,2687200070,495107772,3967634830,3275485315,2984424213,1715572405,84982112,1319487222,2791178812,1514338116,1568051281,3816142709,19944688,721404304,1774710960,1414716021,3546256117,3833510550,3273274089,61837797,2852725428,2142096272,1279071016,3266673110,4197551266,3148677993,2354312720,2075290055,3957303024,2003666406,222759111,544667606,1359300478,1969094910,3007225088,3666674766,1116785271,873752797,2783151996,1742775579,3967338056,369265442,1923829443,1216011399,1092684754,631502351
LastModified=1769102986
NaturalSize=220,212

[/home/m1st/.local/share/plasma/desktoptheme/We10XOS-dark/widgets/checkmarks.svg]
12153730863047265735=25,1,18,18
LastModified=1769102986
NaturalSize=50,20

[/home/m1st/.local/share/plasma/desktoptheme/We10XOS-dark/widgets/clock.svg]
10534899250845654959=30.988564806599932,90.97278681819999,17.999928003599997,63.99974401280001
2471690889115480769=-265.826,29.172500000000007,141.651,141.651
3874047219199221290=62.05511625440017,93.99812911739998,11.999963785200002,84.99974347850001
7591963532892039155=-7.0000199999999495,-6.999990000000025,214,214
9301535615767342981=-55,95,10,10
Invalidelements=1964261561,82317671,1853137224,2228011040,133026194,786965774
LastModified=1769102986
NaturalSize=200,200

[/home/m1st/.local/share/plasma/desktoptheme/We10XOS-dark/widgets/containment-controls.svg]
12726442594444054215=99,107,5,6
13035805228593456128=26.000000000000057,91.96879900000002,16,12.031199999999998
15178275161131894658=54,109.78750000000001,12.040100000000052,12.212499999999991
17297910257971095116=-10,0,5.221,5.403
3065740958725764517=63.99999999999994,91.96879900000002,16,12.031199999999998
5142536905745064=99,114,5,4
8436151456912024391=3,6,3,42
8810516799374655386=99,100,5,6
Invalidelements=4017610848,3063895480,4182023688,1423875508,2689311497,1318629489,4152498939,3051575878,2951185858,1723623336,3933248191,3419481976,2659950941,1519971944,4228508812,2944532457
LastModified=1769102986
NaturalSize=128,128

[/home/m1st/.local/share/plasma/desktoptheme/We10XOS-dark/widgets/glowbar.svg]
5571609929809342014=34,33.999999999999886,12,12.000000000000114
LastModified=1769102986
NaturalSize=56,56

[/home/m1st/.local/share/plasma/desktoptheme/We10XOS-dark/widgets/line.svg]
2132010293923678394=7.000030000000002,42,40,3
4795447745372249409=0.00019999999999953388,0.00024999999999941735,3,40
LastModified=1769102986
NaturalSize=47,45

[/home/m1st/.local/share/plasma/desktoptheme/We10XOS-dark/widgets/lineedit.svg]
10160752652729731385=44,82.0999981,0.10000000000000142,1.999999900000006
10418021509958695338=1.9670682,5,2.0329318,2.077126
10756943148403452766=43.99999600000001,57,6.00000399999999,6
11570798730588751642=176.0000019014,56.999981761399965,6.000003939999971,5.999999940000009
11790193535701843951=150,106.9,2,0.09999999999999432
12137678991953257874=120,57,6.00000399999999,6
12141597255338551027=43.99998276140025,64.09999179900053,6.000029939999763,35.99999769000004
14203333955761361203=100.00000829860005,-5.99994864140001,6.000029939999763,35.99997769
1421954424892844439=100.00002,31,6.00000399999999,6
15179698450004607980=183,81,0.09999999999999432,2
1518809777421871010=75,31,2,6.000006200000001
15394061329147487040=176.00002,100.99995999999999,6.00000399999999,6
15507736293014269506=106,82.0999981,0.09999999999999432,1.999999900000006
1590623791101121385=127.00004,64.00007,48.000000000000014,35.999922
16080529931625344929=51.00000470799999,101.09998829860001,47.99999820000001,6.000029939999763
17034910601542871705=44,11,6,1.9999999000000006
17304153615643525946=99.99998829859999,64.0999964509977,6.000029939999763,35.99999481000016
17432600772832019435=51.000017707999994,-12.999958238599788,47.9999982,6.000029939999763
1939651638190252458=51.000032,64.100072,48.00000000000001,35.999917999999994
205011198985245853=1.9670681,11,2.0329318,2.077126
2499434465785801276=44.000005999999985,-12.999959999999987,6.00000399999999,6
2667270532437940966=74,56.900002,1.999999900000006,0.10000000000000142
3748392210261782904=50.999997707999995,30.999998298600076,47.99999820000001,6.000029939999763
4651693766733771507=120,82,0.09999999999999432,2
524103121821512985=44.0000017614002,-5.999963316999995,6.000029939999763,35.999985550000005
5540412074982979352=75,-13,2,6.0000038
5583959841973558456=44.00000415860002,30.999998298600076,6.0000039399999565,5.999999940000009
5655139911647101626=74,107,2,0.09999999999999432
5668220176016067043=127.000019708,57.0000017614002,47.99999820000002,6.000029939999763
5931255297551500906=100,56.999999761400204,6.00000399999999,6
6689970141624497836=51.00003,-5.999886,48.00002,35.999922
7059679938831671615=175.99990829860008,64.0000033586,6.000029939999763,35.999977689999994
7766921899658965077=100.00001190140003,-12.999978238600022,6.0000039399999565,5.999999939999995
792690477903856947=150,56.899998,2,0.10000000000000142
8375809931352971277=100,11,5.999991399999999,2
8887136555750213749=119.99999815860004,100.99995829860006,6.0000039399999565,5.999999940000009
9055688309754820495=119.99999176140022,63.999991683000005,6.000029939999763,35.999985550000005
9111918858349020764=51.000028707999995,57.0000017614002,47.9999982,6.000029939999763
9166232000345638321=126.99999970799999,100.99995829860006,47.99999820000002,6.000029939999763
9286706540517190978=100.00000399999999,101.09998400000006,6.00000399999999,6
9893600588944752889=43.99999200000002,101.09999000000005,6.00000399999999,6
Invalidelements=3112278039,1522465981,4276894278,569098066,1947308566,1754382255,934689568,4289920289,2451509244,1301920772,738693151,1268670023,1089002932,3617351265,1801918656,3457926790,2843240595,94251277,1958094938,3371492309,1068775993,4247948457,3073356837,436113092,3045902922,3998071241,36705226,1653852345,4125808812,161873888,2738946864,2638383970,1521656101,3604576976,660356382,841059609,171542935,3031548500,2502682638,2123641139
LastModified=1769102986
NaturalSize=17,57

[/home/m1st/.local/share/plasma/desktoptheme/We10XOS-dark/widgets/listitem.svg]
10046381282406698972=75,78.00019,11.000000999999997,2.000010000000003
12010459962361245912=75,67.00021,11.000000999999997,10.999980000000008
12852477082545502435=44,121,11,2
13354016568448782460=42,107.99970222222221,2.000022069150859,2.0002977777777886
14865795876930884615=41.999702222222226,109.99976000000001,2.0002977777777744,11
15764742597162558869=49,124,2,6
16757255077431030805=73,65,2,2
16787932925203286022=73,78,2,2
17497137477539848674=58,115,4,2
18334825301645476583=42,120.99970222222221,2.000022069150859,1.9999977777777929
2667616488551936639=86,78,2,2
2965794656339455328=37,115,4,2
431314061932487138=44,110,11,11
4977635399283131303=86.000001,67.00021,2.000294333333329,10.999980000000008
5137723112401733871=55,108.00070222222222,2.0000220691508517,1.9999977777777787
5674837647026619953=44,107.99970222222221,11.001223575234775,2.0002977777777886
5982044308578630112=48,101,2,6
6617224197141828007=72.99970066666666,67,2.000299333333345,11
7592759026209578371=86,65,2,2
7628843141705835217=55,110,2.000296888888883,11
8112708710452459767=75,64.99989777777779,11.000000401939516,2.0003122222222203
8942831629577567891=55,120.99970222222221,2.0000220691508517,1.9999977777777929
9651234801669397119=10,48,2,2
Invalidelements=3405129183,4236695500,4173959368,1386216432,2099666958,2092796856,3843563757,1556346968,3336109848,2595060485,2301602046,967277263,1400888268,2423745116,472459290,3795147959,3962810240,1863545934,1663136059,26670873,2786210632,3083877737,590812038,1013155792,3394933109,1702199789,2145695008,2971540178,531948952,1391425224,2919772393,3565500385,2351167677,3668878778,1724454798
LastModified=1769102986
NaturalSize=200,200

[/home/m1st/.local/share/plasma/desktoptheme/We10XOS-dark/widgets/margins-highlight.svgz]
13151803639433867948=1,1.0125199999999381,4,4
18400576144984211726=1,5.012520000000109,4,4
8668833483981993078=10.029290000000003,1,4,4
Invalidelements=1305614247,1549827023,1955116390,938753687
LastModified=1769102986
NaturalSize=15,10

[/home/m1st/.local/share/plasma/desktoptheme/We10XOS-dark/widgets/pager.svg]
10157217417663135397=12.000009,8,1,1
10201963703856493977=9.5e-06,16,1,1
10824086568773225052=9.5e-06,8,1,1
11297888454308711119=12.000009,6,1,1
11717924207971696079=1,16,10.999977,1
11943056030528323831=1,17,11,5
12062536849267569260=9.5e-06,1,1,4.999999
12188966490637645447=1.0000095,8,10.999978499999997,0.9987519999999996
12303118355469715863=1,9,11,5
13108838717274166184=1,1,11,5
13271526046824697908=9.5e-06,0,1,1
16227296575045711978=12.000009,9.000001,1,4.999999000000001
16925972715144969981=9.5e-06,22,1,1
171419038807983513=12.000009,0,1,1
18097625333477937446=12.000009,1,1,4.999999
18383312120333333288=0,17,1,4.999998999999999
2279611926185788084=9.5e-06,6,1,1
2845650170667132570=9.5e-06,14,1,1
3073361386504125434=11.999999,17,1,4.999998999999999
3458970439991154740=12.000009,14,1,1
361690288075363849=12.000009,16,1,1
4381714183840628539=1,22,11,1.0010000000000012
4435995367252167373=9.5e-06,9.000001,1,4.999999000000001
5296607705944103531=1.0000095,0,10.9999735,1
8681841787231128872=12.000009,22,1,1
9109485534561434577=1,6,11,1
976503281142213706=1.0000095000000002,14.002497028500002,10.999978500000001,0.9997503015499998
Invalidelements=3560651059,3381893925,2740484522,1559636464,1574337522,1174788796,2712638608,4270675817,244922768,4164545931,2663716145,1388387402,1630448555,4267158670,2088469347,2904588269,2635730158,1712452684,295538796,1085344602,2998750247,1637219685,2198019841,1079278692,630689452,3969429269,3397971581,996056985,3849505927,418901134,1090502048,3745672532,3469242219,4032453559,2958364741,3005632374,3215382642,3069249980,1090419409,2388346737,2859723660,4280772375
LastModified=1769102986
NaturalSize=15,23

[/home/m1st/.local/share/plasma/desktoptheme/We10XOS-dark/widgets/panel-background.svg]
10941990792657493441=59.999946454950205,-6.00017265956285,12.000106239999994,24.0001464667248
11331228119572556081=119.99999863333639,21.999999067567273,16.000003866663604,12.00016220041676
11408409689753696089=32,26.000051,12,4.000022900000001
11430094189815124228=147.99999840004682,5.999934758661993,16.000002799953165,16.000107199841068
11483513823216543895=88,26.000051,12,3.9999769
11811506285647577645=119.9999991,6.000107899355953,15.999977000000001,15.999941999999919
12139205987258651991=135.99997,22,12.000024999999994,12.000025
12377109498711854553=44,6,16,16
12540485890121385213=72,6,16,16
13604479395001691502=44,34,16,16
14698716847954562885=64,6.0000515,4,2.999948699999999
14908470520686142869=84.9999997,26.000051,3.000015300000001,4
16236725015758198676=59.999954,22,12.000099000000006,12.000098999999999
1636363360476186531=44,26.000051,3,4
16500523391278593044=148.0000018,21.999986874842193,15.999986479975917,12.000161905110168
16739132278368627747=72,34,16,16
17487622754175698321=59.9999696149856,5.9999035454220575,12.000030719999998,16.00005441996177
18420382777760231724=59.999947024379374,38.00005919283808,12.000106240000001,24.0001464667248
2061600730266925196=64,-5.999948,4,12
2081219306370240110=135.99998102499475,33.99991708671996,12.000016825005247,15.999985679917017
2803285076933117201=120.0000044,34.000049900424074,15.999945600000018,15.99992159999988
3118953784513246882=148,33.99997323888806,16.00000320000001,15.99997919999987
3127146221250909936=43.99994054542213,21.99999961498561,16.00005441996172,12.000030719999998
3172733559604329196=71.99995016677762,-5.999968350606399,28.000000106485345,28.000000106485345
3593258449613345297=0,-1.4648437e-05,5,5
5309306046970149867=71.99999816677762,33.99999304792195,28.000000106485345,28.000000106485352
5536297741441477383=31.999998766770688,33.99999304792195,28.000000106485345,28.000000106485352
6080573091579140773=72.00000503461615,22.00000061498561,16.000054419961728,12.000030719999998
7552049803714537561=59.99996937704614,34.00000503461615,12.000030719999998,16.00005441996177
7802229113802111742=31.99983934043717,21.999949305049793,24.00014646672475,12.000106239999997
7857654204030617669=31.999999726737045,-5.999995154407292,28.000000106485345,28.000000106485345
9139558326141395241=64,47,4,3.000047700000003
9604190900714460248=64,50.00005,4,11.999977000000001
9705635192059082534=76.00000219283811,22.0000024549502,24.000146466724743,12.000106240000001
9992592921368223404=135.99998102499475,6.00022155354759,12.000016825005247,15.999838000402406
Invalidelements=835019867,28307509,1191412418,208045175,109524095,3187258746,2991334278,1433798869,3985411606,2378987379,2373181717,1796334149,2418881737,4182920399,2260944577,4202763953,2975954739,1807155168,1453641430,3680984585,3502370367,1262820162
LastModified=1769102986
NaturalSize=173,56

[/home/m1st/.local/share/plasma/desktoptheme/We10XOS-dark/widgets/plasmoidheading.svg]
10841527420610032870=19,44.000004,32,6
11299314513185923837=13,6,6,6
11396315696037439617=67,12,32,32
11548778075794914073=67,6.000003,32,6.000001
11965877853433120645=99,44.000004,6,6
13436556787842717989=51,12,6,32
1390010418215257337=99,6,6,6.000004000000001
15530001508024661590=67,44.000004,32,6
17148054864754327727=61,12,6,32
18209309432778230163=61,5.999982222222222,6,6.000017777777778
2103250869359694866=51,44.000004,6,6
2765197485890116965=13,43.999986,6,6.000017777777778
3620201450761908825=19,12,32,32
3755989283387770608=-7,-7,5,5
4256989666772315592=19,6.0000026,32,6.0000014
5037547763788622418=51,6,6,6
5565852077684897726=99,12,6,32
6302503276273796647=13,12,6,32
7551817930396252622=61,44,6,6
Invalidelements=2572361301,1968017604,741477665,3340899422,2145568195,1708138889,4207053859,3389160953,425984229,1889979096,2866357544,2621402486,306709723,2101275353,1706374472,1918449808,387526243,1832772956,677553551,446579663,613866598,493619173,1643030870,658797427,1229500651,133035785
LastModified=1769102986
NaturalSize=173,56

[/home/m1st/.local/share/plasma/desktoptheme/We10XOS-dark/widgets/radiobutton.svgz]
12815098853902322674=40,20,20,20
13867279837267677950=2,22,16,16
2224523041422984546=2,2,16,16
4408037020506746021=22,22,16,16
5708646856846636732=39,-2,22,22
6908141786696575994=27,7,6,6
8892020100446708418=2,-18,16,16
LastModified=1769102986
NaturalSize=60,40

[/home/m1st/.local/share/plasma/desktoptheme/We10XOS-dark/widgets/scrollbar.svg]
10445060258209017252=22.0000001,44.999998600000005,6.999999825,7.000001399999995
11843602293407801335=12.000000350000002,53,7.000000649999999,10
11935122797960249179=20.000000999999997,63.999998125000005,1.0000000000000036,6.999999825000003
12617028938860699244=22,20,6.999998925,10
13123774831875537843=43,20,6.999999074999998,10
13432165916977542551=21.9999991,11.99999995,6.999999825,7.000000050000001
1349458962537324328=22.000000999999997,53,6.999998925,10
13504129874077470340=32.9999995,20,7.000000499999999,10
13550341241143134767=42.99999925,11.99999995,6.999999825000003,7.000000050000001
13667558246336950665=43.00000025,45.00000095,6.999999825000003,7.000000049999997
14149772081895841529=21.9999991,30.999999475,6.999999825,6.999999825
14235620494890437759=7,12,2,2
14272180328642854437=12.000000350000002,63.999998125000005,7.000000649999999,6.999999825000003
14479553734793987091=41,11.99999995,1,7.000000050000001
14520341173643304999=0,18,14,14
15278965333841670064=11.999999350000001,30.999999475,7.000000649999999,6.999999825
15843306036258601214=20,20,1,10
16829894550945491058=41,53,1,10
17242663988751071037=32.9999995,30.999999475,7.000000499999999,6.999999825
18253753111852873112=20.000000999999997,44.999998600000005,1.0000000000000036,7.000001399999995
247122802382830335=42.99999925,30.999999475,6.999999825000003,6.999999825
2544395940511892152=33.0000005,64.000000475,7.000000499999999,6.999999825000003
3201770216866733891=33.0000005,45.00000095,7.000000499999999,7.000000049999997
3248966345721024605=41,20,1,10
3472355594362742383=20,53,1,10
4158498719727953808=32.9999995,11.99999995,7.000000499999999,7.000000050000001
421370115789943268=19.999999999999996,11.99999995,1.0000000000000036,7.000000050000001
4574878730949870742=22.0000001,63.999998125000005,6.999999825,6.999999825000003
4770571178053695862=11.999999350000001,20,7.000000649999999,10
769091700775907524=41.000001,45.00000095,1,7.000000049999997
8152643327592775167=41,30.999999475,1,6.999999825
8314065891408837426=33.0000005,53,7.000000499999999,10
8483944454577564794=12.000000350000002,44.999998600000005,7.000000649999999,7.000001399999995
8792453693428302676=19.999999999999996,30.999999475,1.0000000000000036,6.999999825
898099780500434325=41.000001,64.000000475,1,6.999999825000003
93790078108058285=11.999999350000001,11.99999995,7.000000649999999,7.000000050000001
9807788472311165809=43.000001,53,6.999999074999998,10
9814542695953753728=43.00000025,64.000000475,6.999999825000003,6.999999825000003
Invalidelements=661306239,323417883,553508308,955919760,2627106395,3070685643,1032265646,2268409621,3341924469,357985774,91028479,864377217,1237326346,1570964478,1221571126,723636096,4219799861,641136625,2389245038,3244065708,2860619080,2557087953,1798670746,1340519745,636293064,923636607,368464547,1200664419,3084363704,422788363,152885334,2897476322,4029741780,2769223167,2768838580,3153363040,4054323750,2584049652,3869009506,1239203346,3215726841,4091259505,1997280187,3263431934,1732133504,728635676,2940699933,4173443847,3867346481,3548501913,3518811477,3024504830,586060698,3614705753,2934190049,3673161084
LastModified=1769102986
NaturalSize=48,98

[/home/m1st/.local/share/plasma/desktoptheme/We10XOS-dark/widgets/slider.svg]
10915930447063184047=7,-16,1,1
11243562028262961588=25,-20,1,1
11575134648648992163=25,-16,1,1
12593176087109696092=23,-20,1,1
13456970594578595229=27,-16,1.039625000000001,1
13493530337894039521=23,-20,1,1
14334095869437931161=9,-16,1,1
15361869479382185433=38.955,-27.313000000000002,24,24
15538762184438409226=27,-20,1,1
1649085180386248858=-1,-24,2,2
16612973218930022338=25,-16,1,1
1727234078149231860=7,-18,1,1
18185316662884627169=23,-18,1,1
218455187804863814=5,-18,1,1
2213461781574120805=27,-18,1,1
2568768215562557428=23,-18,1,1
2581748421363518205=9,-19.920708,1,0.9207080000000012
356999846813083586=25,-18,1,1
381130907715991068=5,-20.019723,1,1.019722999999999
392856306637455888=27,-20,1,1
4322748772009887232=27,-18,1,1
4477493635377460621=7,-20,1,1
6627293825250145760=22.983712,-16,1.0162879999999994,1
6865383734309311866=25,-18,1,1
7668919236412735804=27,-16,1.039625000000001,1
8148450414521677790=5.112296,-16,0.8877040000000003,1
8218193619454256220=22.983712,-16,1.0162879999999994,1
8825409301884072918=0,31,24,24
8897974251430434639=25,30,24,24
9206053030831799187=9,-18,1,1
9343947516732440521=-1,-24,2,2
9395209222862111773=25,-20,1,1
9803074219069268504=50,31,24,24
Invalidelements=2934686292,1242204341,4156394324,1171494739,2182693475,1774473731,193941694,4045608966,3901917308,3392161393,707988002,1107228722,1159105600,2643187960,2439826647,2201880760,443587034,1367676550,592698645,3168724450,498569975,1482431346,3179740546,523076382,2687165753,2108055967,1366085765,3631233674,2595541621,520835516,3588299521,1710187377,3036452360,1706225471,622322678,2506400912,621813599,2944063208,2386775621,1462825956,122171507,1088266918,2268317332,3846413993,3912516911,143381224,2466351019,142988943,3849875072,2222034579,1468665876,378327920,2639769535,4171274599,3256398554,2878087788,2317569229,691626335,2510961882,199413956,2744393155,2653193441,745924146,715365314,3162170090,3995379999,133909743
LastModified=1769102986
NaturalSize=76,66

[/home/m1st/.local/share/plasma/desktoptheme/We10XOS-dark/widgets/switch.svg]
11389080302233091984=14,-9.999999761589606e-08,5,16.000000199999995
12791069785474424906=5.999999900000002,-9.999999761589606e-08,8.000000049999999,16.000000199999995
12800775539933218027=52,8,26,26
1338479814446794887=1,36,22,22
14092872609313852628=0,7.0100002,4,4
17387634837629331980=24,36,22,22
2371119895007136426=70.3846155,33.384614699999986,28.000000599999993,28.000000600000007
4677877926272661464=19.000000149999998,-9.999999761589606e-08,7.999999949999999,16.000000199999995
6586320429586815367=38,0.009999900000002171,5,15.990000199999995
8056423413887856864=7,18,38,16
8498775544747674008=29.999999900000002,0.009999900000002171,7.999999949999999,15.990000199999995
9596317800521927453=43.00000015,0.009999900000002171,7.999999949999996,15.990000199999995
Invalidelements=2394478460,971550990,2120148299,606148344,3808445118,1397911729,196171678,1416044160,2580064612,2430912212,2692300045,1694490908,3050812643,321789913,2080813269,2652341662,501360630,2470379820,889073506,1985959825,744820129,3275448306,2198262114,2224035741,3214907371,979714505,3085452422,3322640967,3199933428,2138566961,3539712926,2783255599,2398995684,2385808915,3754479731,2639154355,3438253556,1134449578,1453925362,2764606200,2371444644,1169721805,948942539,741709445,826413809,3586861772,3398848692,3616370227,3093269771,3031860291,53766767,1535270124
LastModified=1769102986
NaturalSize=98,61

[/home/m1st/.local/share/plasma/desktoptheme/We10XOS-dark/widgets/tabbar.svgz]
10004483876941394851=283,227,80,3
10878785129333560118=367,217.99998,6,5
13961245504333505867=320.24121,446,5,10
14134720416062877278=276,430.999997,80,3
14925827495576886919=363,209.99998,10,4
15299205284968487202=273,209.99998,10,4
16292558398326616975=273,213.99998,10,12
16947671383095787630=275.99997,446,80,4
17845044499550954942=-234,467,41.362885000000006,41.12067000000002
18062019920560452056=359.99997,437,6,5
18139683819744502743=273,217.99998,6,5
1997805667758297397=266,430.999997,10,3
4169308984267198695=313.75876,209.99998,5,10
5176598415651840849=275.99997,434,80,12
5675098672929478584=362.9999911740918,226.99998078,10,3.0000200000000063
6099684094696894395=283,209.99998,80,4
6212786856900807271=265.99997,446,10,4
6361936460641815280=265.99997,437,6,5
6499224194572453842=320.24121,431,5,10
6937229743908020270=356,430.999997,10,3
7015519964331685420=273.00001,226.99997000000002,10,3.000029999999981
7620042164089476548=313.75876,219.99998,5,10
8105042287456685114=355.99997,434,10,12
8324843448614291892=265.99997,434,10,12
8852693193680650949=363,213.99998,10,12
8996909285728755677=283,213.99998,80,20
9203306962968700924=355.99997,446,10,4
Invalidelements=2853634520,4178724950,1529223491,3720167335,4231495577,867965690,3223342062,448227993,3314817291,3786614883,1016242243,3368727222,991185169,1013559135,1803346291,615787998,2726980485,3784567287,1565824956,2286492752,3828889614,1159710483,2709213187,2791582972,4224890190,2376763890,1641901862,1887405487,2455092207,63280369,4040177476,1377391935,4069036220
LastModified=1769102986
NaturalSize=600,600

[/home/m1st/.local/share/plasma/desktoptheme/We10XOS-dark/widgets/tasks.svg]
10068496969132924831=67,59,4,3.0000009999999975
10105357038214624181=67,101,4,3
10789502147933078267=41,25,26,13
1083550085567230218=41,64,26,3
1108680117737027531=37,43,4,3
11177686071651954788=41,122,26,3
1155193105330096529=37,67,4,13
12382996722586849273=41,80,26,3
12847480933039412247=67,88,4,13
128897709080288022=41,85,26,3
13901383157888837770=67,43,4,3
14369174704762405267=37,106,4,3
14908821348263455695=37,25,4,13
14969376525996663420=37,101,4,3
15360550234554486592=41,22,26,3
1548447100008326191=37,80,4,3
15519683510125258004=37,122,4,3
15673285957809060418=67,67,4,13
16247351992526958972=37,88,4,13
16321517033510018389=37,38,4,3
17092701233497264966=37,59,4,3
17593338685361624655=67,122,4,3
17879156249056513797=37,109,4,13
17954747685049845021=37,22,4,3
2108153347580360483=67,46,4,13
2577849025812315187=37,64,4,3
3198410183730043895=67,80,4,3
3863059154544383843=67,109,4,13
3942279617084522522=37,85,4,3
3977566734675243900=41,46,26,13
4294812883427819904=41,59,26,3
453118556103609152=67,85,4,3
479382769451171566=41,106,26,3
4987468929064286540=41,88,26,13
5281750929435420379=67,64,4,3
5384308727580808369=41,109,26,13
5949219174515423643=41,67,26,13
5954638396947791410=67,38,4,3
6921184044153038857=67,22,4,3
7070430518775815601=41,38,26,3
7134346290494624695=67,106,4,3
8336637580698856802=41,101,26,3
8625093877686570816=67,25,4,13
8848166944565137731=156,92,11,11
9346986722574569436=37,46,4,13
9588643327690238794=41,43,26,3
Invalidelements=1401764238,3044282892,1074087659,516926875,3333305103,3528538442,1592707910,2982609310,4276913259,1663423274,2801110089,2311503743,2069274249,722397381,4221264850,1642948812,3103643061,2930113970,3305355965,2641227677,1499800070,782328338,3801861068,707381361,3020912014,1958480191,3501200760,4265341472,2822197254,3693217967,2687398408,454060770,3046916878,2448806096,2327013412,2423830739,1512662523,3990794482,200717902,280099372,1619881397,2439827575,1234117666,2765002210,1670951220,831954020,1384880328,1018125035,257044708,4231249223,876780085,946141154,4033792148,4068384991,4079047290,1288761575,387750443,934666684,475312287,2317396019,2778379176,3411061378,3029150875,2529279639,837034937,4159208794,151846487,3189954037,2352715937,230482764,3934654564,3727567464,1192939915,575699509,4035454915,3105838516,402109916,2310760766,3629993021,757936822,3542937225,2873282229,1481187946,3986304814,2208585155,4262460299,1951325304,1463487360,2642520522,2162961607,3644846466,2082428113,3351125483,2077624019,3986042472,3993261513,565397000,3691550933,661911074
LastModified=1769102986
NaturalSize=144,126

[/home/m1st/.local/share/plasma/desktoptheme/We10XOS-dark/widgets/tooltip.svg]
10019000501232192587=52,50,4,11.999977000000001
10687833181752784075=20.000017,-6.000000000000114,23.999965700000004,23.999970000000076
10730096132566386716=69.9999997,25.999998,6.000015300000001,4
10989492331434404057=149.999999472,5.999999988999953,11.000000010999997,11.000000011000001
1127844484822239616=63.99999850003751,18.000012102082565,11.999984000001255,19.99995424
11955422106685205970=117.000000517,6.000002006000109,11.000000010999983,11.000000011000001
12309806688317491284=64.0000020999985,17.999971152084186,24.00000019999996,20.00006845503887
14109100928102147218=52,-6,4,12
14466716372806633699=116.999999989,38.999999982999995,11.000000010999997,11.000000011000004
14601098604711875335=43.99999981499985,37.99997549134605,20.000000319999998,23.9999964000001
14885685516724692830=43.99996967498575,37.99996377628395,20.0000304,12.000022799999897
15249815066481289314=32,25.999998,6,4
15649425301205391844=20.000017,37.999970000000076,23.999965700000004,23.999970000000076
15856940035570901921=52,44,4,6.000021000000004
15877715526471814435=116.99999998666657,17.99998999999991,10.999996013333444,20.000068999999996
1688902334666307886=128.99998,17.999939,20.000040000000013,20.000039999999995
17897556587350740213=43.99996967498575,6.000000623716005,20.0000304,11.999977199999876
212291823233456666=52,5.9999995,4,5.9999771
2928197922125385567=0,-1.4648437e-05,5,5
3120895869829623561=20.000000699999497,17.99997126169933,24.00000059999971,20.000056935030585
4827520661954728883=149.999999472,38.999999982999995,11.000000010999997,11.000000011000004
48520414905150222=64.0000003,-6.000010000000088,23.999965700000004,23.999970000000076
4931999172458063268=20,25.999998,12,4.000022900000001
5169750367255793347=149.99999739999998,17.99996115208421,10.999983079996554,20.00006845503887
6042272733598245125=43.99999981499985,-6.000116612071906,20.000000319999998,24.000026066665896
7075663738146884808=128.9999840449973,38.999964905599995,20.000015135002712,10.999994529930746
7918767069175209621=64.00001929999999,37.99998000000005,23.999965700000004,23.999970000000076
8248489213030376154=76,25.999998,12,3.9999769
9102668091207501210=32.0000042999973,18.000012102082565,11.999995400000302,19.99995424
9894468496167920494=128.9999840449973,6.000058735255834,20.000015135002712,10.99993846999007
Invalidelements=1550745797,587049079,1582350877,2000984934,3335414631,1353068463,1675431834,80791195,1844544304,2521068387,565227874,415387991,1649981962,3357953227,3757295638,1212313305,354435452,1003029727,1563343095
LastModified=1769102986
NaturalSize=173,56

[/home/m1st/.local/share/plasma/desktoptheme/We10XOS-dark/widgets/translucentbackground.svgz]
11005016947087697844=51,5.999969999999962,6,6
13381800690657793437=18.999985000000002,43.99996999999996,32,6
1466324661136153546=19.000004,11.999969999999962,32,32
14927598245026237808=19.000000200000002,25.999969999999962,6.000003799999998,4
17578784095862365376=33,37.99996999999996,4,5.999975199999994
2824238567005112538=18.999985000000002,5.999969999999962,32,6
2890471851621402676=13,43.99996999999996,6,6
4805832040641404746=44.9999847,25.999969999999962,6.000015300000001,4
4954076754534160664=13.0000045,11.999969999999962,5.999999500000001,32
5990864559921736477=13,5.999969999999962,6,6
6858481937400544816=50.999985,11.999969999999962,5.999999500000001,32
7840426796747606789=51,43.99996999999996,6,6
9029434006980755101=33,11.999969999999962,4,6.000024800000006
9792128528512426297=0,-3.000000003794412e-05,5,5
Invalidelements=2088318237,97426954,104321012,263654644,3523663806,439977956,2850306488,1379992168
LastModified=1769102986
NaturalSize=121,56

[/home/m1st/.local/share/plasma/desktoptheme/We10XOS-dark/widgets/viewitem.svg]
10485366951165023473=105.00003,20.999997,47.999999999999986,47.99998800000001
10980995911693675812=105.00000070799999,85.99988174140003,47.99999820000002,3.9999999599999683
12331712788020569431=154.00003641,139.99995983,3.9999999599999967,3.9999999599999967
13430909867913840099=154.000030089023,15.999990510364398,4.000009548577026,4.000065720063446
13585880864136137679=17.000008138599952,91.00019999999995,3.999999960000025,48
13845856376038319478=99.99998330659452,20.999864720174386,4.000042274234886,48.0001380654256
14027106621576640815=22.000019707999996,86.0000317414,47.99999820000001,3.9999999599999683
14529675729689757938=49.929993,-90.320007,39.99999999999999,40
14879829435635039542=99.99999650999999,139.99991982999998,3.9999999599999967,3.9999999599999967
16034580205560309996=154.000010089023,69.99993939662812,4.000009548577026,4.000065720063446
16598703566815618142=99.99998851000001,85.99984993000004,3.9999999599999967,3.9999999599999967
16884803120746159986=154.00000230067297,86.00003086600009,3.9999999333269898,3.9999849333460133
17015861552139003688=153.99999678859996,91,3.999999960000025,48
17917971450099450517=22.000028,91.00004999999999,48,48
17958727961003447564=105.00003609199999,139.99990829860008,47.99999820000002,3.9999999599999683
18196664438147799919=17,140,4.0000199999999495,4
2293980153748016612=71.00000678859993,91.00019999999995,3.999999960000025,48
2426131836734962386=71,140,4,4
279975358401730420=154.0000134192,21.00000321440001,3.9999966742727793,48.0001380654256
3302625864723230419=105.00001,90.9999,48,48
5407449619355903173=71.00000211568594,85.99999965629293,3.9999999933269237,4.000216143053123
6223398276631840060=100.00000013859996,91,3.999999960000025,48
6598176604382213057=22.00004609199999,140.00005829860004,47.99999820000001,3.9999999599999683
6951913004244894483=100.000020376027,69.99993539662813,4.000009548577026,4.000065720063446
7006383417920622795=17,86,4,4
8610966904166559582=105.000024228027,69.99999141919994,48.0001380654256,3.9999966742727793
9172136289347037305=104.9999272144,16.000005906527235,48.0001380654256,3.9999966742727793
9934587671834652912=100.00000036239999,16.00000288330841,4.000009548577026,4.000065720063446
Invalidelements=507958234,1324425890,4124984413,3428487092,3919844592,1260093815,1039326285,63585777,2023167436,1357137107,1091884761,1548202449,2780344956,2882049776,1904333617,4069594357,544176102,3085020466,1374009921,2626249776,214981980,3959207884,1735323417,3427071816,1505032943,2163048201,3823029125,3502018845,2718382960,2028942647,1682612702,2198630637,1859088072,684455288,162687049,2335146003,1558794692,351737869,986352730,2442361544,3019037441,2928163935,2080491330,3243031071,3438065468,3950431598,3525484104,2083109773,1533838975,766884045,2521751527
LastModified=1769102986
NaturalSize=257,161

[/usr/share/plasma/desktoptheme/default/dialogs/background.svgz]
10311628953326003517=38,48,6,6
10518340553451593241=119,47.9999785,32.00000800000001,6.000021500000003
10636838626498386644=113,16,6,32
10794610566219139860=95,0,16,16
11021753017889833161=20,54,4,1.000000082740371e-08
11501970853204988616=20,50,4,4
11577413731955943481=76,0,2,10
11753046290611443597=113,10,6,6
12243463141702575822=0,48,6,6
12365792355972593472=6,10,32,6
12449106203908871332=119,16,32,32
12547028133167426701=20,10,4,1.000000082740371e-08
13599596505208169706=6,16,32,32
13663100851795304775=47,48,16,16
13785383951333796658=113,48,6,6
14297093523116326966=47,29,10,2
14403707269858757144=101,33,10,2
15253882747768264957=63,48,32,16
16871196248142390743=20,10,4,4
2150214213081626785=47,0,16,16
269655334051825161=119,10,31.999989999999997,6.000021
2722413632415530712=63,0,32,16
2980465091749427119=6,48,32,6
4182281592034209186=151,10,6,6
4463676969068266171=95,16,16,32
4474205810066936709=0,10,6,6
5184456830431301850=38,10,6,6
5903808107451186355=151,16,6,32
6599936820297811306=47,16,16,32
6800560031287383918=40,30,4,4
7027671626463849281=38,16,6,32
7200042616275511786=0,30,9.9999999e-09,4
7793627338769531675=0,0,5,5
7796258392201820072=0,16,6,32
8562375314936274395=95,48,16,16
8606991634580909500=0,30,4,4
961796383100806437=151,48,6,6
9924033034944129807=44,30,1.000000082740371e-08,4
9991695497471464521=76,54,2,10
Invalidelements=2754246085,1843279655,2692299446,2234836336,1030802619,109721988,3480789822,2837864770,4240573611,1792884667,2380799162,359604258,1220858564,2492057591,1774083604
LastModified=1768332826
NaturalSize=157,64

[/usr/share/plasma/desktoptheme/default/solid/dialogs/background.svgz]
10053616812563508257=151,48,6,6
10758731157885542993=-1.614502e-06,16,6,32
10798636174483990938=151,9.9999999,6,6.000000099999999
13658727856124316505=20,10,4,4
1367175622876124336=113,16,6,32
15050366716932317636=20,54.000004,4,1.000000082740371e-08
16144032534677650290=5.9999984,48,32,6
16406292952606815579=113,48,6,6
16667777545285714785=151,16,6,32
16910839992156853162=119,10,31.999989999999997,6.000021
1740294544337684856=119,16,32,32
2124417099718392554=20,50.000004,4,4
2210664630787007912=0,0,5,5
3234987509115660312=119,47.999982499999994,32.00000800000001,6.000021500000003
4368715489689282835=113,9.9999999,6,6.000000099999999
4768879907324050821=39.999996,30,4,4
5463285810862815440=0,30,9.9999999e-09,4
5907984990622469062=5.9999984,9.9999999,32,6
6084904274506734739=0,30,4,4
8526863679992829342=20,10,4,9.99999905104687e-09
92178772321339940=37.999998,16,6,32
9250140250146150130=43.999996,30,1.000000082740371e-08,4
Invalidelements=2936340590,1051228129,3934966341,4159831392,1135189227,4127004688,3629817184,1981262874,3954973063,37723005,3281312118,3060858133,3698701787,1945922551,659142636
LastModified=1768332826
NaturalSize=157,64

[/usr/share/plasma/desktoptheme/default/solid/widgets/panel-background.svgz]
10035716923872051176=95,48,16,16
10306953448959016210=63,48,32,16
11092996081342440583=0,0,5,5
11468034709719528130=80,0,2,10
11471322926264319459=0,16,6,32
11927935156189294260=47,33,10,2
12837647852999036863=38,48,6,6
12985543493353423424=38,10,6,6
13751779797914136347=47,29,10,2
13925699167547393395=95,16,16,32
13938338667646302250=6,10,32,6
14077841173489649274=44,30,1.000000082740371e-08,4
14170080036117237284=63,16,32,32
14520276542777202391=76,0,2,10
14677792268955193468=101,33,10,2
14729574312901302564=76,54,2,10
15599535831382205087=80,54,2,10
16284378557365859870=20,54,4,1.000000082740371e-08
17311850624328318876=95,0,16,16
17791543880636693760=6,16,32,32
17815938050155990480=113,10,6,6
18379520193141563957=113,16,6,32
2091080930427210405=63,0,32,16
2890385612112055784=0,48,6,6
3385963543722201320=47,0,16,16
37337181180753475=20,50,4,4
4277184819166976633=119,10,31.999989999999997,6.000021
5148721232031977810=0,30,9.9999999e-09,4
5182455988343140190=151,10,6,6
5306899819623742480=0,30,4,4
5454158112142736265=6,48,32,6
6324429468456742933=38,16,6,32
6784463605169804986=119,47.9999785,32.00000800000001,6.000021500000003
683915851275948455=151,48,6,6
715424503859417527=20,10,4,4
7294534309057262397=47,48,16,16
7371071047371992794=47,16,16,32
7768370700132998360=0,10,6,6
7792503164613834742=101,29,10,2
8322115593908218923=40,30,4,4
8393429821321694565=119,16,32,32
862940856838510333=20,10,4,9.99999905104687e-09
910558994600387038=113,48,6,6
9781715281601863369=151,16,6,32
Invalidelements=849848151,1529811638,1032499570,38961735,2814346324,2472296231,2634735851,2075803857,887841826,224020498,1655955005,4237947082,512967086,1730203488,2293443880,700923789
LastModified=1768332826
NaturalSize=157,64

[/usr/share/plasma/desktoptheme/default/solid/widgets/tooltip.svgz]
10470010373022998733=20,50,4,4
10615208435536361350=76,0,2,10
1103073510095411966=6,48,32,6
12289660083654062736=6,10,32,6
13153004283566975779=101,33,10,2
13332714946532104194=95,16,16,32
15437926560923175926=20,54,4,1.000000082740371e-08
16281637997414721040=80,54,2,10
16480893217397069831=80,0,2,10
16689209457693742436=47,16,16,32
1681868614118577584=38,16,6,32
17251574039358105872=0,0,5,5
17427311532106338013=40,30,4,4
18310277290495621394=101,29,10,2
2913805211524698485=20,10,4,4
2964199978215766033=0,16,6,32
3351678182872043774=63,48,32,16
3523414106572829051=63,0,32,16
4807792425261768=0,30,9.9999999e-09,4
4883763321023392211=44,30,1.000000082740371e-08,4
6063131399117223394=47,29,10,2
9404829545877777903=20,10,4,9.99999905104687e-09
9504242457810704532=63,16,32,32
9510144449973804022=47,33,10,2
9781884163627442102=0,30,4,4
9917468948531622704=76,54,2,10
Invalidelements=1677502304,930562998,1600929951,4107350346,2512000812,216786209,894509025,3782592899
LastModified=1768332826
NaturalSize=157,64

[/usr/share/plasma/desktoptheme/default/translucent/dialogs/background.svgz]
10192697979365423128=20,54,4,1.000000082740371e-08
10532164977991767954=151,9.999999,6,6
10651812405701808550=47.000002,15.999999,16,32
10790107625158202868=119,10,31.999989999999997,6.000021
10914108870532781242=40,29.999998,4,4.0000000000000036
11243711256514031067=101,33,10,2
11478788168814184779=151,16,6,32
11668032477700410835=63.000002,0,31.999999999999993,16
11721043666652531965=0,29.999998,9.9999999e-09,4.0000000000000036
12186466882248742215=6.000002,9.999999,32,6
16131278078737632466=38.000002,15.999999,6,32
16161358971043430732=47,28.999998,10,2
1625148350854677477=0,29.999998,4,4.0000000000000036
16387685582281650876=113,16,6,32
1787454330425215768=20,10,4,4
18387383012353324579=38.000002,9.999999,6,6
2549480066590966667=20,50,4,4
266778954892797662=76,0,2,10
3026053013948281618=47.000002,47.999999,16,16
3167775902221101522=95.000002,15.999999,16,32
3184391848430913042=119,47.9999785,32.00000800000001,6.000021500000003
3271201288326411682=20,10,4,9.99999905104687e-09
348972901556995840=0,0,5,5
3673142891182829751=2.0288086e-06,9.999999,6,6
3942245568877750442=63.000002,47.999999,31.999999999999993,16
4250729535475164238=47.000002,-9.999999992515995e-07,16,16
4480737088342111303=113,9.999999,6,6
6026851924492308926=95.000002,-9.999999992515995e-07,16,16
6303265219519735863=38.000002,47.999999,6,6
6444902958465616201=119,16,32,32
6562309271109820980=76,54,2,10
7168993053047726100=6.000002,15.999999,32,32
8081759499808106229=151,47.999999,6,6
8198234860714180333=95.000002,47.999999,16,16
8398800863248637408=44,29.999998,1.000000082740371e-08,4.0000000000000036
8895383004314862790=2.0288086e-06,47.999999,6,6
8930412281371698219=113,47.999999,6,6
908109174860565334=6.000002,47.999999,32,6
9431087716492011486=2.0288086e-06,15.999999,6,32
Invalidelements=3208876931,1455002103,1076035275,2087842485,1889519014,2131820238,2442233762,1447436235,117970513,2169426319,3103085806,2890732347,465920615,4134523718,950695245
LastModified=1768332826
NaturalSize=157,64

[/usr/share/plasma/desktoptheme/default/translucent/widgets/background.svgz]
11680395519092976201=28,61,4,14
11844888031403164290=28,19,4,14
13855774555055321258=49,49,8,4
13948183607837753707=1.00000399999999,30.999396500000046,12.000001999999995,32.000591269239976
14087967848648340498=1,49,8,4
14188713142342966870=5,8.625,5,4.375
18176880388201513117=45.000465000000005,30.999396500000046,11.999541999999991,32.000591269239976
18186138970989087649=34,19,4,8
2446169449167458164=13.00001199313462,19,32.00045120686538,11.999400000000009
3013348380402746245=34,67,4,8
3326323537540699899=1,44.062355,14,4
7648998941431848039=43,44,14,4
7781977320145952697=13.00001200692786,63.00000000000003,32.00045319307214,11.999799999999993
Invalidelements=3376647800,2457367179,3657849860,2021137946
LastModified=1768332826
NaturalSize=148,148

[/usr/share/plasma/desktoptheme/default/translucent/widgets/panel-background.svgz]
10697981094751517175=20,50,4,4
10741483790288667053=38,10,6,6
10870376255912343061=76,54,2,10
10979904209911623074=0,30,9.99999993923e-09,4
11483261694294666648=0,30,4,4
12470202739867706250=113,16,6,32
12887356233963691426=119,10,31.99999046330001,6.000020980830001
1297707642251908255=12,95,8,4
1318407514495076698=40,30,4,4
14650358209493175956=20,54,4,1.000000082740371e-08
1482966495298965542=6,16,32,32
15023909968771059913=47,0,16,16
15323366851112320703=151,16,6,32
15479180658047811015=95,48,16,16
15645618513587751639=38,16,6,32
16157388300716828108=6,48,32,6
16860784139015232722=0,0,5,5
17261101194867007477=47,48,16,16
18019867461631836992=48,95,8,4
18084099740286576651=38,48,6,6
18128575793952838836=151,10,6,6
1915654018133800746=76,0,2,10
2047517641462809947=151,48,6,6
2054656350911221365=119,47.99997854233,32.00000762939999,6.000021457670002
2123014103289684801=0,10,6,6
2735848960299415837=0,16,6,32
3056273725930827397=19,75,32,32
4027228607548470885=113,48,6,6
4043725998133604832=113,10,6,6
4349349733737751767=47,16,16,32
4915633670227789962=20,10,4,4
5303314999468313747=119,16,32,32
566340673261196452=95,16,16,32
572400664316360808=38,69,4,8
5885742027600087897=6,10,32,6
7051226486157549914=47,29,10,2
7607599732932317990=20,10,4,1.000000082740371e-08
7869542091367901618=39,105,4,8
8202338456098265522=101,33,10,2
8685814119288475754=63,48,32,16
8858038918166144795=95,0,16,16
919415920535585214=0,48,6,6
9211441333485550279=44,30,1.000000082740371e-08,4
9229802054131378622=63,0,32,16
Invalidelements=1606726805,3735876971,3159922986,2700813942,2899241834,4092818939,3917822724,661459779,2078454549,808622459,4056979140,612097064,826640543,2460428310,696656530,172354350,3914459557,3017362992,1181418282,3852693904,1089423377,883238137,1360199314,3069864557,872170968,307163548,3095476886,3655835047,373474505,1276123962,639086096,3500117295,2029489492
LastModified=1768332826
NaturalSize=157,64

[/usr/share/plasma/desktoptheme/default/translucent/widgets/tooltip.svgz]
10858322483353119878=47,16,16,32
11994625312362730646=20,50,4,4
12289116434653259772=2e-06,9.999999,6,6
13060335064041443197=20,54,4,1.000000082740371e-08
1310871808525277450=47,33,10,2
13612178360202793204=0,0,5,5
13753735664950654473=151,10,6,6
14530471030137855054=63,48,32,16
14845198211401847068=95,0,16,16
14970834189091412945=20,10,4,4
1521112960134567902=63,0,32,16
15417622409269206380=76,54,2,10
1549190768418996910=80,54,2,10
1568862531098876852=113,10,6,6
15863759477937737428=44,29.999998,1.000000082740371e-08,4.0000000000000036
16503386270810142322=6.000002,15.999999,32,32
16776122773650511145=119,16,32,32
16829208316494239808=6.000002,9.999999,32,6
17300601733545574640=80,0,2,10
17482456390777767004=101,33,10,2
17577855192791846358=95,16,16,32
17756019478546989108=113,16,6,32
17941140172256047285=151,48,6,6
1926265150781589572=0,29.999998,9.9999999e-09,4.0000000000000036
2413390687954870872=38.000002,9.999999,6,6
3129708902998396197=20,10,4,9.99999905104687e-09
3489482446332863604=119,10,31.999989999999997,6.000021
3801039394697583297=101,29,10,2
5123579100502897246=2e-06,47.999999,6,6
5712435188035315679=95,48,16,16
57770798850758810=63,16,32,32
6281253500022652256=47,29,10,2
6873329821225144563=47,0,16,16
7521989170016186067=113,48,6,6
7636008762453825646=38.000002,47.999999,6,6
7722911610021325539=38.000002,15.999999,6,32
8216967300042079950=76,0,2,10
8483395444328955374=47,48,16,16
8581974476917146251=6.000002,47.999999,32,6
8640178879000674561=0,29.999998,4,4.0000000000000036
9400610916746735216=2e-06,15.999999,6,32
9449772302023560086=151,16,6,32
9649926332796949886=119,47.9999785,32.00000800000001,6.000021500000003
9905218221944597964=40,29.999998,4,4.0000000000000036
Invalidelements=2833009833,3399990682,4141428086,2967871109,324904184,3888763014,929851301,784839618,997811726,3339577845,1412637101,1460835008,1443221016,2869559531,43506042
LastModified=1768332826
NaturalSize=157,64

[/usr/share/plasma/desktoptheme/default/weather/wind-arrows.svgz]
LastModified=1768334523
NaturalSize=88,110

[/usr/share/plasma/desktoptheme/default/widgets/arrows.svgz]
7336165116319058735=15.000004000000002,30.000002999999992,13.999992999999998,13.999995000000013
LastModified=1768332826
NaturalSize=44,44

[/usr/share/plasma/desktoptheme/default/widgets/background.svgz]
10125889578332477798=28,19,4,14
10663310285797046167=34,19,4,8
11446211882690946249=45.000012,18.99999999999997,12.000000000000007,12
12665329917905185120=49,49,8,4
13134505867526209974=45.00001,62.99939,12,12.000610000000002
13731411121047947614=28,61,4,14
14223976553147485236=1,44.062355,14,4
14872077040150773633=13.00001200692786,63.00000000000003,32.00045319307214,11.999799999999993
16744133827434083446=43,44,14,4
1699047132414207626=45.000465000000005,30.999396500000046,11.999541999999991,32.000591269239976
17433478201924397994=5,8.625,5,4.375
3185441343426533318=1.000012,18.99999999999997,12.000453,12
5141901286723687044=1,49,8,4
6915221595713519248=1.0000119999999981,62.99939,12.000453,12.000610000000002
7336308761274852226=13.00001199313462,19,32.00045120686538,11.999400000000009
874637813401569386=34,67,4,8
9117864312687618095=1.00000399999999,30.999396500000046,12.000001999999995,32.000591269239976
9670288200960707576=13.00045599999999,30.99938283906272,31.999997999999987,32.00000062694244
Invalidelements=513196158,1502742488,1071853239,834371579
LastModified=1768332826
NaturalSize=148,148

[/usr/share/plasma/desktoptheme/default/widgets/bar_meter_horizontal.svgz]
12720540813008113060=11,10,3,3
1297972130596519507=6,0,6,6
13447196581217283115=0,6,3,3
13990096142197622556=0,14,3,3
14048049501466583257=8,6,3,3
14451132793253701679=19,6,3,3
14512353541839852782=4,6,3,3
15435400461715962532=15,10,3,3
16110511731122587730=15,14,3,3
17204882408998311231=8,10,3,3
17221075672944763203=0,10,3,3
1973650074273086481=11,6,3,3
3609894504738573072=19,10,3,3
3867206613230113004=0,2,4,4
4472495854230419063=19,14,3,3
673720609233032155=4,10,3,3
6888989080913031637=8,14,3,3
7648239064135545150=15,6,3,3
8972921509568145816=4,14,3,3
9359010621242407688=11,14,3,3
Invalidelements=597213615,3465557859,3244227612,745524601,2198959286,4015891160,3204070807,1623288981,1739929580,1432599901,3840298776,2964426806,3522968893,3076738260,3967805908,3836234306,3188252070,260707744,1101076583,121844020,3531598137,2528740182,260167197,2899384184,3376440178,2287192757,1729158055,117896877,2191828698,2954442140,3290282774,2664203684,1413062010,170048136,1787489241,60693296,631104895,588076428,3111019446
LastModified=1768332826
NaturalSize=22,17

[/usr/share/plasma/desktoptheme/default/widgets/busywidget.svgz]
11765713237045334683=51.329166,279.53748,5.820833700000001,5.82083369999998
15807342608159603522=58.472801,281.12497,4.233333600000002,4.23333359999998
5083035262249620529=-3.600000010317572e-07,0,35.983334,35.98333400000001
Invalidelements=3844836138
LastModified=1768332826
NaturalSize=136,136
busywidget=6x6,4x4,6x6,4x4,6x6,4x4,6x6,4x4,

[/usr/share/plasma/desktoptheme/default/widgets/button.svgz]
10162471962565314506=244,203,18,5
10184890267127872942=202,192,6,2
10490995542975388803=252,204,2,4
10495452698166676931=182,146,18,18
1052138234016023549=208,40,3,2
1054413352091343566=236,154,2,2
10602560785784178=263,108,5,18
10642811622119865899=50,70,5,18
10902317820127683068=252,138,2,2
10995590632733005548=238,116,4,2
11666943542347293390=263,203,5,5
11775561340359355422=-12,76,3.9999999000000006,4
11890580080783248850=174,176,5,5
1192457319333052683=174,78,6,2
11943510810765154075=190,136,2,2
11950075419568289907=174,129,5.000000000000028,5
11976145018792823183=58,91,18,5
12161596792873603912=79,70,5,18
12237065313046119138=190,172,2,2
12246616950721910269=-12,192,3.9999999000000006,4
12248498839917802816=182,136,18,7
12385716013986098762=263,145.99999618000004,7,18.00000001800001
12477821131710852294=203,21,8,8
12678797464285577647=203.000000001,176,5,5
12763764412212178156=58,62,18,5
12787892996488704690=190,134,2,0.0010000000000047748
12791488540557983312=238,108,5,18
13011432363121223621=203,91,5,5
13033165974730895895=238,184,5,18
13323505138366959400=172,146,7,18
13601570607518133253=50,62,5,5
13761350022631071973=262.99999999999994,127,5.000000000000057,5
13933452797074261282=244,178,18,5
14095007025734567659=203,31.999998912499997,8,18.000001718478302
14118459523893698014=236,165,7,7
14134066097704601053=203,184,5,18
1425757703328291524=190,176,2,6
14329863357222102100=182,205,18,5
14374082690568574846=79,62,5,5
14465160397181381967=238,102,5,5
1460767513847662649=190,204,2,6
14668930481233712365=182,21,18,8
14687531785425905516=174,192,6,2
14754685973682012376=182,184,18,18
14890096465113099355=182,91,18,5
15073070061117725908=190,21,2,3
15214768874193776662=268,154,2,2
15324034053121958188=238,127,5.000000000000028,5
1567431634438757841=203,53,8,8
15692870988713897910=208,154,2,2
16579504010860109344=171,21,8,8
16646850684429230910=171,40,3,2
169768217991470142=244,138,18,7
17089807400431543381=202.99999999800002,204.99999999800002,5,5
17152553494711551457=172,136,7,7
17203371327326807173=171,32,8,18
17278057851591963759=172,167,7,7
17295355788486617469=174,205,5,5
17379286676997003505=263,138,7,7
17464643338064806193=172,154,2,2
1765488936036284309=174.00000000000003,100,4.999999999999972,5
17792285730780354342=263,102,5,5
17814160376109388218=182,129,18,5
18170388370744670114=252,170,2,2
18187851949653015712=190,58,2,3
2070444306532136403=190,90,2,6
2166694598480827803=264,116,4,2
2179387586469251157=263,165,7,7
23956198688400780=203,167.00000000051,7,7
2666321510440876370=203,146,7,18
2762897379771343335=182,53,18,7.999999999999993
3019619956280381609=171,53,8,8
320710750823760845=190,100,2,0.0010000000000047748
3415247704817512968=244,127,18,5
3963174085561311110=238,192,4,2
3992823942525902472=264,192,4,2
4127497743184584022=182,176,18,5
4137077595186112406=174,184,5,18
4147359179652839957=174,116,0.0010000000000047748,2
4501885704420627308=238,178,5,5
4554461027138975526=202,78,6,2
4617056630589819987=182,100,18,5
478169350676522027=263,184,5,18
4930907524933239249=252,102,2,4
5159720106159660432=203,62,5,5
6068896133767346565=50,91,5,5
6280727151131376688=182,62,18,5
6496402117309246598=244,108,18,18
6533903201574730671=244,165,18,7
6682358112082222708=238,203,5,5
6719063754930587859=174,62,5,5
6750879929127619=244,102,18,5
6753067998254951596=190,62,2,6
6781174932056535102=182,167,18,7
6999163473761470383=182,32,18,18
710782655535242926=58,70,18,18
7125657714495204803=252,178,2,4
7211627948410827481=244,146,18,18
7257203837375086859=236,138,7,7
7287805834610681268=203,108,5,18
7569153914261945516=236,146,7,18
781109938524935647=208,116,0.0010000000000047748,2
809693635319629508=263,178,5,5
8268388433723774453=174,108,5,18
83176311247493911=203,136,7,7
8903919010771253622=182,70,18,18
9345499126362476757=203,70,5,18
9386102010954545354=244,184,18,18
9395013928022383688=203,100,5,5.000000000000014
9409380257073515579=182,108,18,18
9512519402992601833=79,91,5,5
9513528702023720863=252,128,2,4
9593539710111336964=203,129,5,5
9838931281145998870=174,70,5,18
9865918344861165824=174,91,5,5
Invalidelements=4039151445,3187905369,2076684569,270307546,1121792242,2203081292,3089173316,3307731458,3597899827,3903774572,3348415893,502166215,2933377033,3741195344,2761135970,892185479,795507030,3030948692,2614377794,953341629,4290622865,776485674,1004128959,3669799339,2090210770,4059636163,1556313566,2996287280,984812552,1016227310,3190965429,929944703,4194997531,3652706868,2042260416,1080204016,2861940209,843992817,93221454,2859257189,2339710490,4229633561,1343962903,1369320008,4254790867,2806811621,1457522078,4126398571,4107679946,3131711421,333923892,411173923,1879931076,1769508288,1074222986,3561325054,53378615,4290938819,748984194,1518195996,817917074,1199111728,246282236,2604750841,1756275674,2559599254,2300143301,3584684503,105791219,2538349049,106883961,4130577044,1539981072,3986042537,1741427182,656514285,3690810696,3663820453,105970812,1280057028,466366061,3420940905,2369563535,1651495102,2619649136,1635768495,1866120352,3616719543,157818919,1943718461,1519856225,944701593,2352003679,234356094,1232585386,1585835022,2285301206,803808805,421549409,2696425527,3187286052
LastModified=1768332826
NaturalSize=288,224

[/usr/share/plasma/desktoptheme/default/widgets/clock.svgz]
10631756744264298402=31.00000101164622,90.99999647705567,17.99999993407026,64.00000776558309
10748437705989881669=61.999996241684336,94.00000068799342,12.00000393505021,84.99999953993908
10945094704225557941=-265.82643600000006,29.173559500000017,141.65288100000004,141.652881
18202430851610771786=-7.000030000000038,-6.999990000000025,214,214
5180711576773206445=100,70,4,2
9379234294073799755=-55,95,10,10
Invalidelements=1599548191,194584346,4002633048
LastModified=1768332826
NaturalSize=200,200

[/usr/share/plasma/desktoptheme/default/widgets/glowbar.svgz]
9882881629180431680=34,34,12,12
LastModified=1768332826
NaturalSize=56,56

[/usr/share/plasma/desktoptheme/default/widgets/line.svgz]
15223815506285461683=2,0,1,1
3151335277622374097=0,0,1,1
LastModified=1768332826
NaturalSize=3,1

[/usr/share/plasma/desktoptheme/default/widgets/lineedit.svgz]
10933912266202421695=75.00000000099999,0,5,5
11724545399938970770=40,39.9990005493,2,0.0010000000474974513
12049564539875925749=40,110,2,0.0010000000474974513
12664436259611523431=75,65,5,5
12734585302836703371=4.999994476540735,105.0000000001,70.00000400000947,5
12752494386454769434=80,94,0.0010000000474974513,2
12862592337595291245=75.0000000011,5.000000000044999,5,20.00000000005
13088083088981020081=-9.999894245993346e-10,105.0000000001,5,5
13967952621808439363=4.999994476540735,80,70.00000400000945,5
14072620969059767182=8,88,64,14
14090607671681462563=4.999994476540735,65.0000000001,69.9999969523904,5
15412464908580937092=40,70,2,0.0010000000474974513
16020565539919851938=0,14,6,1.9999999000000006
1605775704650885039=0,65.0000000001,5,5
17019697483414676653=40,0,2,6
1823624402254071843=8,8,64,14
2262406874626687427=0,44.999999999844995,5,20.00000000005
2326725762625908948=0,-4,2.03293180466,2.07712602615
2438488526613937754=-0.0010000000475,94,0.0010000000475,2
2447589820249435119=-5.000018177270249e-10,84.99999999984499,5,20.000000000050008
2880871378958296579=4.999994477540739,40,69.9999969523904,5
3811257454715096511=80,54,0.0010000000474974513,2
3892673157515666751=74,14,6,2
3950322536644822133=75.00000000040001,84.99999999984499,5,20.000000000050008
407207014205812308=75.0000000011,44.999999999844995,5,20.00000000005
4455643543714593870=0,40,5,5
4743067326810996102=-0.0010000000475,54,0.0010000000475,2
483404872067110474=75,80,5,5
510158247262067945=0,5.000000000044999,5,20.00000000005
5339243220764364991=40,24,2,6
5902320174365589560=0,0,5,5
6089583342944957411=75,25,5,5
7511551404145003581=4.999994476540735,25.000000000100002,70.00000400000945,5
8036407718633598581=4.999994477540739,0,69.9999969523904,5
8258254353273827453=0,25.000000000100002,5,5
8417108945809550495=4,-4,2.0329318046600005,2.07712602615
8791968082466439000=75.00000000099999,40,5,5
8917069235124821950=40,79.9990005493,2,0.0010000000474974513
9352761764435299110=-9.999894245993346e-10,80,5,5
9375988205687352632=75,105,5,5
9496493046534805776=8,48,64,14
Invalidelements=1661901450,2660208787,1340613760,3827948926,989880228,764670976,758243092,3766388891,1094756001,3639130489,1478731153,362358114,1419133383,2171307601,759234046,1704900511,3069024014,112208184,2635262332,424448977,1624598452,3601277262,377615708,2225843154,2966112999,1083098977,376266143,1150772929,4281697652,2047155875,3416727208,2703735311,4104325504,2236478572,3640163011,3968756906,522590436,1353205688,2822704226
LastModified=1768332826
NaturalSize=80,30

[/usr/share/plasma/desktoptheme/default/widgets/listitem.svgz]
1000288268626651288=71.00000000000001,18.38379822222222,2.000036926144631,2.0003447777777765
12454999962814662974=57.999623,5.383812922222221,2.000036926144645,2.0003447777777783
13359241905481419779=38,58,6,2
13404593745238501036=24,53.000345,10.999999000000003,11.000000000000007
15195553346681368550=21.999924000000004,51.00000022222222,2.0000360691508483,2.0003447777777836
15419411910908531400=58,18.38379822222222,2.000036926144645,2.0003447777777765
15804598472512046199=28,44,2,6
16301153450281478817=22.000002222222214,53.00033500000001,2.000297777777785,11
17012259314153207140=34.999964,51.000345222222215,2.000036069150859,1.9999997777777807
1857350145485559706=24,64,11,2
229788338732764272=29,67,2,6
3069627805587848298=57.99970222222221,7.3841427,2.0002977777777886,11.0000053
3159248440441683936=59.9997,7.3841577,10.999998999999995,11.000005300000002
4987239515938760560=17,58,6,2
5100115948865499557=34.999964,64.00000022222221,2.000036069150859,1.9999997777777878
5999918737056224271=71.00000000000001,5.383812922222221,2.000036926144631,2.0003447777777783
648343544202771871=23.999959999999998,51.00000022222222,11.00126257523478,2.0003447777777836
731535702742885473=70.9997,7.3841577,2.000296888888883,11.000005300000002
8010261981930246808=21.999964000000002,64.00000022222221,2.0000360691508554,1.9999997777777878
8172719496078255710=35,53.000345,2.000296888888883,11.000000000000007
8452639333549524521=-10,-10,2.0329318,2.077126
9778836230852619513=59.99965999999999,5.383812922222221,11.001528480661094,2.0003447777777783
9882316171974370011=60,18.384143,11,2
Invalidelements=1601754493,676133016,1247294272,3906888232,1596788381,4094929941,1500182867,3175918655,3597715729,2807465956,3462482482,3899536822,3568971925,720935525,3348496611,1197209401,1704336419,3878847563,2981491358,2075027914,1160744147,3799840333,3758746860,3795063727,1939886868,1806547238,106057403,3575678018,96319793,149988839,639433899,1580152681,146387102,396420955,3371326094
LastModified=1768332826
NaturalSize=128,300

[/usr/share/plasma/desktoptheme/default/widgets/margins-highlight.svgz]
11232611717979461302=10.029290000000003,1,4,4
3788430242760087629=1,1.0125199999999381,4,4
9154866300545198243=1,5.012520000000109,4,4
Invalidelements=1756107162,3117634021,1030971481,2263977622
LastModified=1768332826
NaturalSize=15,10

[/usr/share/plasma/desktoptheme/default/widgets/pager.svgz]
10849943826995481570=1.1607215,1.2080072,1.0000000000000002,0.9941440799999999
12456024497989500417=-13,25,10,1
12472701525304032110=-13,9,10,1
12676022360400645958=-3,1.9999998,1,6.999999999999999
1441443540489417858=-13,13,10,1
15810865084192319659=-13,26,10,7
16227794063178555746=-14,14,1,7
2312380811132815043=-14,1.9999998,1,6.999999999999999
4073558248549632197=-3,14,1,7
6010112179260556996=-13,14,10,7
6091259744603242846=-14,26,1,7
8192835679708107650=-13,1.9999998,10,6.999999999999999
9414670974306296665=-3,26,1,7
9465462636089330074=-13,21,10,1
9646661761378035440=-13,0.99999982,10,1
980108068480701397=-13,33,10,1
Invalidelements=1900192256,498723629,1188608865,2738563613,3162729361,3563161640,332741105,2546138395,3564126783,1002142174,3300085141,1115363506,2607858794,1132574245,2350573008,2454898504,1092504156,2717730667,3191053145,1788900734,378589697,1738046507,2954971832,2611934137,3625681958,1860308875,4146294330,2326670830,955626219,2765235204,3464798105,3859799899,541548905,3699946956,1336804613,1712085830,2698153395,3952969358
LastModified=1768332826
NaturalSize=50,50

[/usr/share/plasma/desktoptheme/default/widgets/panel-background.svgz]
10368132541891623102=151,48,6,6
10728224523271766246=119,10,31.999989999999997,6.000021
10900719453260026976=20,10,4,9.99999905104687e-09
11341161001560741274=76,0,2,10
11414575685314917449=0,30,9.9999999e-09,4
11427341734361990772=119,16,32,32
11633624682855404644=101,33,10,2
11664268347049953044=63,0,32,16
11923044080838758710=38,10,6,6
12003764328888134049=47,16,16,32
12052997178323192105=0,16,6,32
12613974428844344475=47,0,16,16
12664252702498976512=0,0,5,5
12857094350077422935=6,10,32,6
1314123264087193175=113,16,6,32
13202031847337691152=151,10,6,6
13961791835052132263=20,10,4,4
1407464286322231811=20,54,4,1.000000082740371e-08
15234773200895857110=95,16,16,32
16034947879886486975=76,54,2,10
16072594444685784974=38,48,6,6
16224623051101944683=39,105,4,8
16574912091206405022=95,0,16,16
16764681291231916649=38,69,4,8
17212298300071424180=12,95,8,4
17509803483049573944=113,10,6,6
17774044786687345218=6,16,32,32
17894923472543138447=47,29,10,2
18199539218092025037=0,10,6,6
2801316936354944050=6,48,32,6
3091044174385339366=0,30,4,4
3368944298154312918=0,48,6,6
3531336122502456056=151,16,6,32
3634277235291381665=95,48,16,16
4879537649574859159=119,47.9999785,32.00000800000001,6.000021500000003
5637838673467827007=40,30,4,4
574531020943044942=47,48,16,16
6212610695837668044=20,50,4,4
8095908281674584489=48,95,8,4
8430122564000763989=63,48,32,16
8502153759936589800=19,75,32,32
9017714940788854928=44,30,1.000000082740371e-08,4
9033575310032158811=113,48,6,6
9055528938831523733=38,16,6,32
Invalidelements=3636315219,1109950028,1103538093,345133346,1199476003,3388329395,3905626639,1146718614,2394747316,2447764387,3461518578,3476836013,1159812102,1609233492,2286838490,1164645588,1115410228,2194566334,2692341148,3873822769,2501212922,3268272398,4275208395,1447522848,1456973776,3748119272,1147287389,1963000613,2398355962
LastModified=1768332826
NaturalSize=157,64

[/usr/share/plasma/desktoptheme/default/widgets/plasmoidheading.svgz]
10284783702025112778=99,6,6,6
11627138193776880319=19,12,32,32
11674059799375659213=13,6,6,6
14563940020279721565=19,44,32,6
16006383827428221168=99,44,6,6
16024929292945549837=13,12,6,32
180861022126886384=19,6,32,6
3018931325007809344=67,12,32,32
4197904504874482251=67,6,32,6
5394335628381582052=51,44,6,6
5551926266994675578=-7,-7,5,5
5554940889056062405=61,12,6,32
6153865217079543168=61,44,6,6
6311735690968670162=51,6,6,6
675686587849232918=67,44,32,6
7536777476999763784=99,12,6,32
9157702102333860160=61,6,6,6
9769587285370831650=13,44,6,6
9853046724083326635=51,12,6,32
Invalidelements=990796262,4269570147,1138745067,3482533653,2671130154,1202448488,1898840929,754785333,1942998298,3482492683,376744744,437173218,1982254041,941826669,1207555956,2640553261,3009957092,2157495777,2776046121,2037336886,2924966209,639154329,677382098,2985404836,2290250651,3133228047
LastModified=1768332826
NaturalSize=173,56

[/usr/share/plasma/desktoptheme/default/widgets/radiobutton.svgz]
11202402202233410108=2,-18,16,16
16247918118341444505=2,2,16,16
17150291622775413613=2,22,16,16
1782219380119769307=22,22,16,16
38385061256822380=27,7,6,6
9278268973369377556=40,20,20,20
9381707863797629236=39,-2,22,22
LastModified=1768332826
NaturalSize=60,40

[/usr/share/plasma/desktoptheme/default/widgets/scrollbar.svgz]
10462742518503653218=10,17,3,6
10634680368672396509=6,14,3,3
10908089044054169703=31,14,3,3
110437100984491026=-32.8756103516,46.7764358521,2,2
11616979261594235775=39,14,3,3
12131874441288269279=35,6,3,3
12686248273411891729=35,25,3,6
1380185649423481955=31,39,3,3
14896767273630487270=31,35,3,3
15640465640094157722=39,31,3,3
1610848190583585740=35,31,3,3
16175404850043394007=35,10,3,3
16245676299351654213=6,6,3,3
16490885459906926921=6,10,3,3
16501324882587865145=35,14,3,3
1675029483678980721=39,39,3,3
17693395315978567448=31,31,3,3
18001310433618754960=42,35,6,3
18233939166601308561=14,6,3,3
2045438062403609053=17,10,6,3
21974089101599829=52,4,6,6
2861849011547592963=14,14,3,3
2882976186194153583=35,17,3,6
3122233163722804405=25,10,6,3
4222424586634401595=46,-2,2,2
4738201373199374154=35,35,3,3
4983388515949300254=25,35,6,3
5034025895276236584=10,14,3,3
6089020222026939858=31,6,3,3
6317598661071734567=10,0,3,6
6863060697441195472=35,0,3,6
7069785069574916406=35,39,3,3
7175319263560949291=39,6,3,3
7350134940912409876=10,6,3,3
7644945370724470033=10,10,3,3
8061457254910104734=0,10,6,3
877934553400546023=39,10,3,3
9279305318356507356=14,10,3,3
9442127033325967230=31,10,3,3
9504103932615414382=39,35,3,3
9719959953702191528=35,42,3,6
9923963328431027500=42,10,6,3
Invalidelements=2043683437,2314581311,2609598192,1503186573,1210645815,1886332649,1442524516,4036884442,599821912,166004237,743465158,1377047402,752362824,1488822646,142838012,2794660512,3724925136,4004076726,314979998,4283333573,2079562291,202132153,647000309,3811585569,796671022,118559553,2964201425,605341068,2056187576,2060972461,3771321666
LastModified=1768332826
NaturalSize=48,48

[/usr/share/plasma/desktoptheme/default/widgets/slider.svgz]
10364311508815230627=7,32,3,3
10565249573749208220=7,11,3,3
10814208145528729267=15,32,3,3
1113781499276526186=11,15,3,3
11197032278733520180=7,40,3,3
11554945195592487202=11,40,3,3
11713152507368430595=15,40,3,3
12006405578932584527=95,97,26,26
12710918388149504668=7,36,3,3
13047080801711460025=7,36,3,3
1312994347150087097=7,7,3,3
14145068712798954057=11,36,3,3
14313338220553089496=15,40,3,3
17160261247260064860=11,40,3,3
17242598671620717450=66,98,24,24
17470842967656672280=2.2599621,4.6594176,2.0329318,2.077126
17900678779705258616=2.2599621,4.6594176,2.0329318,2.077126
1810650869795049730=7,32,3,3
3020142670719179709=15,7,3,3
3245522369310306733=11,7,3,3
3355111087583711370=15,36,3,3
3504251921944776284=40,100.000001,20,19.999999000000003
3954327396602998658=11,32,3,3
5139023660860030000=42,6,20,20
5474392231353959990=15,11,3,3
5661106144593181866=7,40,3,3
5739877169403917716=11,36,3,3
6356650990015546844=6.999999999967999,99.99999999956,19.999999999920007,19.999999999919993
6673348347861375430=15,36,3,3
7636277517720090431=15,32,3,3
7813504401622857391=7,15,3,3
8584893034655377777=15,15,3,3
9596461443790319757=11,32,3,3
9978439628125655715=11,11,3,3
Invalidelements=1656263988,140033783,2608574015,3341353241,2413267007,1926228446,1002767589,1022887939,1651860654,2004047292,1503685811,4162036384,3986153297,2860358898,1650323163,1669536575,1167582353,2638152470,3493935030,3791241570,550718334,4242528979,4006885443,891905070,1479016081,4232563245,1312595942,2918260696,4149036583,563632280,528681590,3915945898,489329086,1425870418,1690346534,990529640,2990801584,2810149148,1696121213,520719511,470670132,3430644191,1089577384,2282766527,191327758,2165164486,769196663,2135008172,1923744316,2997328502,4165676296,3477599745,410858114,1681292723,2570330246,3591451979,229106057,1814534132,176050577,996755263,1829943127,1259353234,2752133461,3064525433,2944015163,2470442775
LastModified=1768332826
NaturalSize=128,128

[/usr/share/plasma/desktoptheme/default/widgets/switch.svgz]
11569393408837389455=0,7.0100002,4,4
11607450149122639230=14,-9.999999761589606e-08,5,16.000000199999995
1215678210073382575=19.000000149999998,-9.999999761589606e-08,7.999999949999999,16.000000199999995
14775072560669784981=52,8,26,26
14911672473382104298=29.999999900000002,0.009999900000002171,7.999999949999999,15.990000199999995
15255743832501431635=38,0.009999900000002171,5,15.990000199999995
2277769992893138934=1,36,22,22
3759190067103410673=70.3846155,33.384614699999986,28.000000599999993,28.000000600000007
5690486321861365139=5.999999900000002,-9.999999761589606e-08,8.000000049999999,16.000000199999995
5889735594490217263=43.00000015,0.009999900000002171,7.999999949999996,15.990000199999995
6975851252753203506=7,18,38,16
Invalidelements=422076006,3486500490,3475734506,1708036291,272303757,770624886,3534408859,2760989170,2711271878,4125877117,3296555565,3867253739,1949381383,2853732542,2457591830,118354191,3097642381,1092855303,78047862,2440296335,4211103080,2353807353,2845960445,3821124144,1761100231,2038879486,4242275760,2322253758,1239714392,2502085139,1130218519,3721093410,2416229753,3724923652,3943960086,563432283,1245658136,2378612995,602211792,201477913,784854606,1835155920,334361792,2130152995,4241067953,674546742,2001286168,1902641523,1809295863,3978908286,2796195280,1462208744
LastModified=1768332826
NaturalSize=51,59

[/usr/share/plasma/desktoptheme/default/widgets/tabbar.svgz]
10236041687398694746=273,210.36218,10,4
1059851067919263784=266.00001,431.36216,10,3.0000051999999755
1075355140343464141=363,210.36218,10,4
12625763773785438429=273,218.36218,6,5
13018244388794197021=273,214.36218,10,12
13451980277936109198=276,434.36215,80,12
13800327025357483834=356,431.36216,10.000009999999975,3.0000051999999755
1536452704122176791=360,437.36215,6,5
15607805535818704975=363,214.36218,10,12
15724932605203156330=363,227.36218,10,3.000005200000004
1584892411338095967=273,227.36217000000002,10,3.0000051999999755
18242750106342399609=266,446.36215,10,4
18390124656197595117=266,437.36215,6,5
18440708658514209053=283,214.362182617,80,20
3242502659329102570=356,446.36215,10,4
3718164135883507236=313.758758545,220.362182617,5,10
4449554191481941884=320.241241455,431.3621521,5,10
5205798882199425313=313.758758545,210.362182617,5,10
5713446664919245922=356,434.36215,10,12
6062958073391296659=320.241241455,446.3621521,5,10
6542412169170740099=276,446.36215,80,4
6689581879506472669=367,218.36218,6,5
6697358031045204639=-233.82362,467.12659,41.362885000000006,41.12067000000002
672255529246595207=283,227.36217000000002,80,3
7946237462955211719=283,210.36218,80,4
8089777790462905304=266,434.36215,10,12
9177838500766335180=276.00001,431.36216,80,3
Invalidelements=561677412,4091783849,4233610680,2602283031,2451409348,2635261346,2055193571,2376355039,1274000438,3294058798,356902561,3383838801,1627632133,620209910,2198039209,29228643,3297220023,1416074771,3472319489,2261616490,1928913928,1375732898,4169225858,2617155687,2467650363,1933159712,1653258179,2945173287,3976687054,1216741187,2362019119,1523986618,3977486021
LastModified=1768332826
NaturalSize=744,1052

[/usr/share/plasma/desktoptheme/default/widgets/tasks.svgz]
10120492138574275802=2,51,4,4
10286478862600729642=31,38,4,3
10309666455391362384=1,37.999999,4,3
10348878592963773606=1,4,4,13
10504332045658034606=5,42.999998000000005,26,3
10715456232480455917=16,58,4,4
10964016774469818861=31,21.9999995,4,2.999998999999999
11208673678038788630=1,58.999998,4,3
11318387131373448684=31,100.999995,4,3
13045101451302324046=31,108.999992,4,13
13866721478431614654=31,66.999993,4,13
13906203251170454153=1,17,4,3
14228034508685150764=1,22,4,3
15192600656292762092=31,63.999994,4,2.999994000000001
1552851692138301901=5,63.999998000000005,26,3
15850237227067738990=1,85,4,2.999989999999997
15888534353982211036=5,58.999997,26,3
15926193102454632429=31,45.999997,4,13
16016193959251582160=4.9999998,87.999994,25.99999992,13.000000000000014
16029726082522686440=31,106,4,2.999989999999997
16251923190236237503=16,43,4,4
16295760453626811914=5,21.999999000000003,26,3.000001000000001
16359452329835153656=155.99999540000002,92.00000024444182,10.999999799999983,10.999999800005142
16545066831660248408=4.9999998,108.99999,25.99999992,13
17077924964622809742=1,43.0000012,4,3.0000003999999976
17397633023661214297=1,25,4,13
17516637707802693396=1,121.99999,4,3
2380954571893524565=31,79.999995,4,3
2534784278357655147=5,100.999993,26,3
2848439091169905620=1,106,4,2.999989999999997
2958029751736823308=5,121.999992,26,3
3274545743040724582=5,79.999993,26,3
3298944067361225963=1,79.999994,4,3
3599383171878501606=5,17,26,3
3968432241171884439=5,37.999998,26,3
3987175009081786959=31,58.999999,4,3
405321025788737793=1,64.000002,4,2.999994000000001
436057492914166858=1,87.99999,4,13
4460872053249975255=31,1,4,3
4481876587754925185=31,84.999995,4,2.999989999999997
4932640111934218653=1,66.999994,4,13
5068591590540969439=31,24.999997999999998,4,13
5266037706649937348=5,1,26,3
5556411044688429372=4.9999998,24.999999000000003,25.99999992,13
6099645805171418478=1,1,4,3
6369721926229254975=30,51,4,4
6384551354361778518=31,4,4,13
6765291913513974238=4.9999998,66.999994,25.99999992,13
7341216117761588211=31,87.999993,4,13
7349461196449887709=1,100.999994,4,3
7626326502226718346=5,85,26,3
789728956703397703=4.9999998,3.9999999999999996,25.99999992,13
8765716165122459388=31,42.99999880000001,4,3.0000003999999976
8815545251727733424=4.9999998,45.999998,25.99999992,13
8856583684801005911=31,17,4,3
911994209739358535=31,121.999997,4,3
9176233064821924344=1,45.999998000000005,4,13
941470712212643572=5,106,26,2.999988000000002
9435933463703047460=1,109,4,13
Invalidelements=2870455693,2074263944,1739917467,2205218732,1274698157,401587799,3228411386,3399114897,3420511935,4047874952,3465213649,3961435606,388050042,2085252079,3280820306,238378704,1802571606,2716238697,3960960084,2577139477,4046117286,468612802,2920831143,4075604178,3927517804,309913321,2100549881,2172778815,2244871026,408184289,3011994544,3572108910,1494925570,151279373,239201246,2585771570,750540684,2108027218,1789588504,4216264342,877051372,3400276070,1829008530,3599539285,3628838160,3656439875,2136976844,284012133,2377214728,1348698834,1425802174,18285939,209687343,1604515156,2690459703,1259859241,1784822228,1380408199,2690667094,1602804112,3735191383,686650171,905016526,3347282347,1024055492,2295421465,1895265639,2988361455,291837858,3494180886,257664319,462275050,2689904816,4068488710,3098703443,119231223,2858090579,1090640030,2670277592,2785921752,1313374497,119914557,3173575518,2513022538,3965920407,2840386749,128772229,2083758731,1719652213,1660854532,2478225411,4242063187,2219883589,1982142978,1857671957,667544863,1056978329,2298609053,3536990621,617424870,1373135658,36875990,4127138132,1827715916,77634884,20525756,4275256275
LastModified=1768332826
NaturalSize=144,126

[/usr/share/plasma/desktoptheme/default/widgets/tooltip.svgz]
10023003822918756776=38,48,6,6
1038648268521146771=101,33,10,2
10513942143766628405=47,16,16,32
12655631142538902403=20,10,4,9.99999905104687e-09
13073452209599871533=0,0,5,5
13297320679105453071=6,16,32,32
13393868042995472771=44,30,1.000000082740371e-08,4
13744844183485809614=47,48,16,16
1375495016560004106=40,30,4,4
13804362826607772995=47,33,10,2
14456109115276019061=80,0,2,10
14944989850377067024=63,0,32,16
15168967679267243994=20,54,4,1.000000082740371e-08
15711447268460759238=80,54,2,10
16474963303398095953=20,10,4,4
16576669751025824584=95,16,16,32
17470456376742556633=76,0,2,10
18131573977965677243=76,54,2,10
2197466734449257420=0,30,9.9999999e-09,4
3240978990347698387=95,0,16,16
3294891268551968429=0,10,6,6
332895938023625843=0,48,6,6
5474591722461903605=0,16,6,32
6013093776141933374=38,16,6,32
6235360908558941273=20,50,4,4
6451430495400044959=0,30,4,4
8069175750658049346=6,10,32,6
8164583250834651697=38,10,6,6
8171926301649125916=6,48,32,6
8239426717472688658=95,48,16,16
8445046698636556439=47,0,16,16
8776655214899030653=47,29,10,2
9129229696897204375=63,48,32,16
9513801247206459881=101,29,10,2
9686245631970885043=63,16,32,32
Invalidelements=777648163,3728311217,1473242567,1716439173,337845240,3991582954,1806335192,944340672
LastModified=1768332826
NaturalSize=157,64

[/usr/share/plasma/desktoptheme/default/widgets/viewitem.svgz]
10167666653873947871=46.000001134563206,139.9999999999999,46.00000051134879,5
10540948305637614791=92.00000000000006,89,5,5
1319275206539268801=128,16,46,46
13368476688564080829=122.99998900407996,16.00000712040037,4.999999828570566,45.99999906752248
13668366946407970471=173.9999809521609,16.00006545878432,4.999999917600576,45.99999666264239
14662567626467237454=122.99998900407996,11.000001567431184,4.999999828570566,5.000000249922209
16379539311901632120=49.928560000000004,-90.32326999999998,40,40
18008881124467768011=46.00000085385358,89,46.021998799519196,5
1802601326483631462=41,89,5,5
189978517858535929=46,94,46,46
222935559970997272=41,93.99999217607524,5,46.0000200743998
2805610023940488099=92,140,5,5
3272478975264737377=122.99998900407996,61.99999685862883,4.999999828570566,5.000000399871965
4017961169391564526=173.99999862367352,61.99999996715184,4.999998041428569,5.00000208486415
5018042853423451403=174.0000023912245,11.000028081746905,4.99999998749999,4.9998939653550565
5922384540622158288=127.99999835589199,62.000001838628805,46.00000051134879,5.000000399871965
6028513798131368860=92.00000000000006,94.0000013150609,5,46.000016066661374
8341022377171015093=41,140,5,5
9389316721925743001=127.999999970142,11.000028081746905,45.99999843089921,5.00000025164195
Invalidelements=3335675498,541359446,841267327,183626537,1968204874,4085395339,2322049608,435510543,1288283000,2427200461,2045538936,3823943344,2478069993,548399870,2022963236,1616506201,791885810,1450862273,494562302,2258239308,979349327,2118866785,2080749859,3261215061,74617485,2026161612,3042217162,1856648061,633481050,3516525796,366803914,2696625459,2872800224,2658976585,1336963591,2314388240,2579351006,1391029094,3867283433
LastModified=1768332826
NaturalSize=257,161

[/usr/share/plasma/desktoptheme/oxygen/widgets/background.svgz]
12533937677658339551=21.999941413824,28,5.000058586175999,12
12557332370608366246=22,21.997819,5,5
12943303885527869016=10,22.000000167559996,11,5.000000032440003
15438612942936955367=10,10,11,11
15817355468135194279=22,10,5.000013999999993,11
16397710098808248013=28,22.000000167559996,11,5.000000032440003
2462439668694811053=28,28.000000303260002,11,11.999999996739994
4339852175824138681=1,1,5,4.375
5198411242655671125=10,28.000000303260002,11,11.999999996739994
9723550291988027121=28,10,11,11
Invalidelements=1848782009,2738723464,1280071920,4245763895,74094231,2001774596,4168139610,2872063405,3843468273,2310912123,445732584,2328221085
LastModified=1768332973
NaturalSize=48,48

[/usr/share/plasma/desktoptheme/oxygen/widgets/clock.svgz]
15257202628000907081=117.81798,119.03405000000001,14.127093000000002,13.583742999999998
16245298048837392184=120.4159998,109.52500099999999,9.215000200000006,102.635
16545615061142163456=125,100,4,2
7777069074630117482=119.8739999,108.20499,10.2810001,84.43800399999999
788299836166008747=0,0,250,250
9083101632618252195=123,123,4,4
9185198915604013277=-9.8290442e-09,6.2951663e-08,250,250
Invalidelements=4227043069,505343528,2625895203
LastModified=1768332973
NaturalSize=250,250
